pmon_snapshot(pid,sm,mem,enc,dec,command) - sampled every 1s
#Date        Time         gpu         pid   type     sm    mem    enc    dec    jpg    ofa     fb   ccpm    command 
#YYYYMMDD    HH:MM:SS     Idx           #    C/G      %      %      %      %      %      %     MB     MB    name 
 20260414    10:38:53       0          -     -      -      -      -      -      -      -      -      -    -              
 20260414    10:38:53       1          -     -      -      -      -      -      -      -      -      -    -              
 20260414    10:38:54       0          -     -      -      -      -      -      -      -      -      -    -              
 20260414    10:38:54       1          -     -      -      -      -      -      -      -      -      -    -              
 20260414    10:38:55       0          -     -      -      -      -      -      -      -      -      -    -              
 20260414    10:38:55       1          -     -      -      -      -      -      -      -      -      -    -              
 20260414    10:38:56       0          -     -      -      -      -      -      -      -      -      -    -              
 20260414    10:38:56       1          -     -      -      -      -      -      -      -      -      -    -              
 20260414    10:38:58       0          -     -      -      -      -      -      -      -      -      -    -              
 20260414    10:38:58       1          -     -      -      -      -      -      -      -      -      -    -              
 20260414    10:38:59       0          -     -      -      -      -      -      -      -      -      -    -              
 20260414    10:38:59       1          -     -      -      -      -      -      -      -      -      -    -              
 20260414    10:39:00       0          -     -      -      -      -      -      -      -      -      -    -              
 20260414    10:39:00       1          -     -      -      -      -      -      -      -      -      -    -              
 20260414    10:39:01       0          -     -      -      -      -      -      -      -      -      -    -              
 20260414    10:39:01       1          -     -      -      -      -      -      -      -      -      -    -              
 20260414    10:39:02       0          -     -      -      -      -      -      -      -      -      -    -              
 20260414    10:39:02       1          -     -      -      -      -      -      -      -      -      -    -              
 20260414    10:39:03       0          -     -      -      -      -      -      -      -      -      -    -              
 20260414    10:39:03       1          -     -      -      -      -      -      -      -      -      -    -              
 20260414    10:39:04       0          -     -      -      -      -      -      -      -      -      -    -              
 20260414    10:39:04       1          -     -      -      -      -      -      -      -      -      -    -              
 20260414    10:39:05       0          -     -      -      -      -      -      -      -      -      -    -              
 20260414    10:39:05       1          -     -      -      -      -      -      -      -      -      -    -              
 20260414    10:39:06       0          -     -      -      -      -      -      -      -      -      -    -              
 20260414    10:39:06       1          -     -      -      -      -      -      -      -      -      -    -              
 20260414    10:39:07       0    1119772     C      2      0      -      -      -      -    308      0    python         
 20260414    10:39:07       1    1119773     C      2      0      -      -      -      -    308      0    python         
 20260414    10:39:08       0    1119772     C      0      0      -      -      -      -    314      0    python         
 20260414    10:39:08       1    1119773     C      0      0      -      -      -      -    314      0    python         
 20260414    10:39:09       0    1119772     C      4      2      -      -      -      -   1364      0    python         
 20260414    10:39:09       1    1119773     C      6      4      -      -      -      -   1364      0    python         
 20260414    10:39:10       0    1119772     C     32     25      -      -      -      -   1364      0    python         
 20260414    10:39:10       1    1119773     C     35     27      -      -      -      -   1364      0    python         
 20260414    10:39:11       0    1119772     C     47     37      -      -      -      -   1364      0    python         
 20260414    10:39:11       1    1119773     C     49     39      -      -      -      -   1364      0    python         
 20260414    10:39:13       0    1119772     C     44     35      -      -      -      -   1364      0    python         
 20260414    10:39:13       1    1119773     C     44     35      -      -      -      -   1364      0    python         
 20260414    10:39:14       0    1119772     C     50     40      -      -      -      -   1364      0    python         
 20260414    10:39:14       1    1119773     C     48     38      -      -      -      -   1364      0    python         
 20260414    10:39:15       0    1119772     C     55     43      -      -      -      -   1364      0    python         
 20260414    10:39:15       1    1119773     C     49     39      -      -      -      -   1364      0    python         
 20260414    10:39:16       0    1119772     C     48     38      -      -      -      -   1364      0    python         
 20260414    10:39:16       1    1119773     C     47     37      -      -      -      -   1364      0    python         
#Date        Time         gpu         pid   type     sm    mem    enc    dec    jpg    ofa     fb   ccpm    command 
#YYYYMMDD    HH:MM:SS     Idx           #    C/G      %      %      %      %      %      %     MB     MB    name 
 20260414    10:39:17       0    1119772     C     50     40      -      -      -      -   1364      0    python         
 20260414    10:39:17       1    1119773     C     49     38      -      -      -      -   1364      0    python         
 20260414    10:39:18       0    1119772     C     49     39      -      -      -      -   1364      0    python         
 20260414    10:39:18       1    1119773     C     53     41      -      -      -      -   1364      0    python         
 20260414    10:39:19       0    1119772     C     50     39      -      -      -      -   1364      0    python         
 20260414    10:39:19       1    1119773     C     52     41      -      -      -      -   1364      0    python         
 20260414    10:39:20       0    1119772     C     41     33      -      -      -      -   2102      0    python         
 20260414    10:39:20       1    1119773     C     41     33      -      -      -      -   2102      0    python         
 20260414    10:39:21       0    1119772     C     41     33      -      -      -      -   2102      0    python         
 20260414    10:39:21       1    1119773     C     42     33      -      -      -      -   2102      0    python         
 20260414    10:39:22       0    1119772     C     46     37      -      -      -      -   2102      0    python         
 20260414    10:39:22       1    1119773     C     49     39      -      -      -      -   2102      0    python         
 20260414    10:39:23       0    1119772     C     44     34      -      -      -      -   2102      0    python         
 20260414    10:39:23       1    1119773     C     46     36      -      -      -      -   2102      0    python         
 20260414    10:39:24       0    1119772     C     43     34      -      -      -      -   2102      0    python         
 20260414    10:39:24       1    1119773     C     46     36      -      -      -      -   2102      0    python         
 20260414    10:39:25       0    1119772     C     47     37      -      -      -      -   2102      0    python         
 20260414    10:39:25       1    1119773     C     52     41      -      -      -      -   2102      0    python         
 20260414    10:39:27       0    1119772     C     47     37      -      -      -      -   2102      0    python         
 20260414    10:39:27       1    1119773     C     47     36      -      -      -      -   2102      0    python         
 20260414    10:39:28       0    1119772     C     48     38      -      -      -      -   2102      0    python         
 20260414    10:39:28       1    1119773     C     51     40      -      -      -      -   2102      0    python         
 20260414    10:39:29       0    1119772     C     47     37      -      -      -      -   2102      0    python         
 20260414    10:39:29       1    1119773     C     49     38      -      -      -      -   2102      0    python         
 20260414    10:39:30       0    1119772     C     53     42      -      -      -      -   2102      0    python         
 20260414    10:39:30       1    1119773     C     47     37      -      -      -      -   2104      0    python         
 20260414    10:39:31       0    1119772     C     40     32      -      -      -      -   2104      0    python         
 20260414    10:39:31       1    1119773     C     45     37      -      -      -      -   2104      0    python         
 20260414    10:39:32       0    1119772     C     45     35      -      -      -      -   2104      0    python         
 20260414    10:39:32       1    1119773     C     48     37      -      -      -      -   2104      0    python         
 20260414    10:39:33       0    1119772     C     48     38      -      -      -      -   2104      0    python         
 20260414    10:39:33       1    1119773     C     52     41      -      -      -      -   2104      0    python         
 20260414    10:39:34       0    1119772     C     46     36      -      -      -      -   2104      0    python         
 20260414    10:39:34       1    1119773     C     49     38      -      -      -      -   2104      0    python         
 20260414    10:39:35       0    1119772     C     47     37      -      -      -      -   2104      0    python         
 20260414    10:39:35       1    1119773     C     50     39      -      -      -      -   2104      0    python         
 20260414    10:39:36       0    1119772     C     47     37      -      -      -      -   2104      0    python         
 20260414    10:39:36       1    1119773     C     51     40      -      -      -      -   2104      0    python         
 20260414    10:39:37       0    1119772     C     48     38      -      -      -      -   2104      0    python         
 20260414    10:39:37       1    1119773     C     53     41      -      -      -      -   2104      0    python         
 20260414    10:39:38       0    1119772     C     49     39      -      -      -      -   2104      0    python         
 20260414    10:39:38       1    1119773     C     54     42      -      -      -      -   2104      0    python         
 20260414    10:39:39       0    1119772     C     49     38      -      -      -      -   2104      0    python         
 20260414    10:39:39       1    1119773     C     53     42      -      -      -      -   2104      0    python         
#Date        Time         gpu         pid   type     sm    mem    enc    dec    jpg    ofa     fb   ccpm    command 
#YYYYMMDD    HH:MM:SS     Idx           #    C/G      %      %      %      %      %      %     MB     MB    name 
 20260414    10:39:40       0    1119772     C     46     36      -      -      -      -   2104      0    python         
 20260414    10:39:40       1    1119773     C     46     37      -      -      -      -   2104      0    python         
 20260414    10:39:41       0    1119772     C     44     35      -      -      -      -   2104      0    python         
 20260414    10:39:41       1    1119773     C     45     35      -      -      -      -   2104      0    python         
 20260414    10:39:43       0    1119772     C     46     36      -      -      -      -   2104      0    python         
 20260414    10:39:43       1    1119773     C     48     38      -      -      -      -   2104      0    python         
 20260414    10:39:44       0    1119772     C     48     37      -      -      -      -   2104      0    python         
 20260414    10:39:44       1    1119773     C     48     38      -      -      -      -   2104      0    python         
 20260414    10:39:45       0    1119772     C     48     38      -      -      -      -   2104      0    python         
 20260414    10:39:45       1    1119773     C     50     39      -      -      -      -   2104      0    python         
 20260414    10:39:46       0    1119772     C     50     40      -      -      -      -   2104      0    python         
 20260414    10:39:46       1    1119773     C     49     39      -      -      -      -   2104      0    python         
 20260414    10:39:47       0    1119772     C     48     38      -      -      -      -   2104      0    python         
 20260414    10:39:47       1    1119773     C     52     41      -      -      -      -   2104      0    python         
 20260414    10:39:48       0    1119772     C     46     36      -      -      -      -   2104      0    python         
 20260414    10:39:48       1    1119773     C     47     37      -      -      -      -   2104      0    python         
 20260414    10:39:49       0    1119772     C     45     35      -      -      -      -   2104      0    python         
 20260414    10:39:49       1    1119773     C     47     36      -      -      -      -   2104      0    python         
 20260414    10:39:50       0    1119772     C     46     36      -      -      -      -   2104      0    python         
 20260414    10:39:50       1    1119773     C     42     32      -      -      -      -   2104      0    python         
 20260414    10:39:51       0    1119772     C     42     33      -      -      -      -   2104      0    python         
 20260414    10:39:51       1    1119773     C     39     31      -      -      -      -   2104      0    python         
 20260414    10:39:52       0    1119772     C     40     32      -      -      -      -   2104      0    python         
 20260414    10:39:52       1    1119773     C     39     32      -      -      -      -   2104      0    python         
 20260414    10:39:53       0    1119772     C     45     36      -      -      -      -   2104      0    python         
 20260414    10:39:53       1    1119773     C     46     36      -      -      -      -   2104      0    python         
 20260414    10:39:55       0    1119772     C     51     40      -      -      -      -   2104      0    python         
 20260414    10:39:55       1    1119773     C     47     37      -      -      -      -   2104      0    python         
 20260414    10:39:56       0    1119772     C     49     39      -      -      -      -   2104      0    python         
 20260414    10:39:56       1    1119773     C     46     36      -      -      -      -   2104      0    python         
 20260414    10:39:57       0    1119772     C     45     36      -      -      -      -   2104      0    python         
 20260414    10:39:57       1    1119773     C     45     35      -      -      -      -   2104      0    python         
 20260414    10:39:58       0    1119772     C     45     36      -      -      -      -   2104      0    python         
 20260414    10:39:58       1    1119773     C     44     35      -      -      -      -   2104      0    python         
 20260414    10:39:59       0    1119772     C     44     35      -      -      -      -   2104      0    python         
 20260414    10:39:59       1    1119773     C     43     34      -      -      -      -   2104      0    python         
 20260414    10:40:00       0    1119772     C     45     36      -      -      -      -   2104      0    python         
 20260414    10:40:00       1    1119773     C     45     35      -      -      -      -   2104      0    python         
 20260414    10:40:01       0    1119772     C     47     37      -      -      -      -   2104      0    python         
 20260414    10:40:01       1    1119773     C     45     36      -      -      -      -   2104      0    python         
 20260414    10:40:02       0    1119772     C     49     39      -      -      -      -   2104      0    python         
 20260414    10:40:02       1    1119773     C     46     37      -      -      -      -   2104      0    python         
 20260414    10:40:03       0    1119772     C     48     38      -      -      -      -   2104      0    python         
 20260414    10:40:03       1    1119773     C     47     38      -      -      -      -   2104      0    python         
#Date        Time         gpu         pid   type     sm    mem    enc    dec    jpg    ofa     fb   ccpm    command 
#YYYYMMDD    HH:MM:SS     Idx           #    C/G      %      %      %      %      %      %     MB     MB    name 
 20260414    10:40:04       0    1119772     C     43     35      -      -      -      -   2104      0    python         
 20260414    10:40:04       1    1119773     C     53     41      -      -      -      -   2104      0    python         
 20260414    10:40:05       0    1119772     C     49     39      -      -      -      -   2104      0    python         
 20260414    10:40:05       1    1119773     C     51     40      -      -      -      -   2104      0    python         
 20260414    10:40:06       0    1119772     C     50     39      -      -      -      -   2104      0    python         
 20260414    10:40:06       1    1119773     C     52     41      -      -      -      -   2104      0    python         
 20260414    10:40:07       0    1119772     C     49     39      -      -      -      -   2104      0    python         
 20260414    10:40:07       1    1119773     C     52     40      -      -      -      -   2104      0    python         
 20260414    10:40:08       0    1119772     C     50     39      -      -      -      -   2104      0    python         
 20260414    10:40:08       1    1119773     C     51     40      -      -      -      -   2104      0    python         
 20260414    10:40:09       0    1119772     C     50     39      -      -      -      -   2104      0    python         
 20260414    10:40:09       1    1119773     C     52     40      -      -      -      -   2104      0    python         
 20260414    10:40:10       0    1119772     C     50     40      -      -      -      -   2104      0    python         
 20260414    10:40:10       1    1119773     C     51     40      -      -      -      -   2104      0    python         
 20260414    10:40:11       0    1119772     C     54     42      -      -      -      -   2104      0    python         
 20260414    10:40:11       1    1119773     C     50     40      -      -      -      -   2104      0    python         
 20260414    10:40:12       0    1119772     C     52     40      -      -      -      -   2104      0    python         
 20260414    10:40:12       1    1119773     C     42     34      -      -      -      -   2104      0    python         
 20260414    10:40:14       0    1119772     C     36     29      -      -      -      -   2104      0    python         
 20260414    10:40:14       1    1119773     C     44     34      -      -      -      -   2104      0    python         
 20260414    10:40:15       0    1119772     C     52     41      -      -      -      -   2104      0    python         
 20260414    10:40:15       1    1119773     C     48     38      -      -      -      -   2104      0    python         
 20260414    10:40:16       0    1119772     C     52     41      -      -      -      -   2104      0    python         
 20260414    10:40:16       1    1119773     C     48     38      -      -      -      -   2104      0    python         
 20260414    10:40:17       0    1119772     C     55     43      -      -      -      -   2104      0    python         
 20260414    10:40:17       1    1119773     C     49     38      -      -      -      -   2104      0    python         
 20260414    10:40:18       0    1119772     C     50     40      -      -      -      -   2104      0    python         
 20260414    10:40:18       1    1119773     C     47     37      -      -      -      -   2104      0    python         
 20260414    10:40:19       0    1119772     C     46     37      -      -      -      -   2104      0    python         
 20260414    10:40:19       1    1119773     C     45     36      -      -      -      -   2104      0    python         
 20260414    10:40:20       0    1119772     C     48     37      -      -      -      -   2104      0    python         
 20260414    10:40:20       1    1119773     C     46     36      -      -      -      -   2104      0    python         
 20260414    10:40:21       0    1119772     C     47     37      -      -      -      -   2104      0    python         
 20260414    10:40:21       1    1119773     C     45     36      -      -      -      -   2104      0    python         
 20260414    10:40:22       0    1119772     C     46     36      -      -      -      -   2104      0    python         
 20260414    10:40:22       1    1119773     C     45     35      -      -      -      -   2104      0    python         
 20260414    10:40:23       0    1119772     C     50     39      -      -      -      -   2104      0    python         
 20260414    10:40:23       1    1119773     C     46     37      -      -      -      -   2124      0    python         
 20260414    10:40:24       0    1119772     C     47     38      -      -      -      -   2124      0    python         
 20260414    10:40:24       1    1119773     C     43     35      -      -      -      -   2124      0    python         
 20260414    10:40:25       0    1119772     C     50     39      -      -      -      -   2124      0    python         
 20260414    10:40:25       1    1119773     C     46     36      -      -      -      -   2124      0    python         
 20260414    10:40:26       0    1119772     C     46     36      -      -      -      -   2124      0    python         
 20260414    10:40:26       1    1119773     C     45     35      -      -      -      -   2124      0    python         
#Date        Time         gpu         pid   type     sm    mem    enc    dec    jpg    ofa     fb   ccpm    command 
#YYYYMMDD    HH:MM:SS     Idx           #    C/G      %      %      %      %      %      %     MB     MB    name 
 20260414    10:40:27       0    1119772     C     46     36      -      -      -      -   2124      0    python         
 20260414    10:40:27       1    1119773     C     44     35      -      -      -      -   2124      0    python         
 20260414    10:40:29       0    1119772     C     51     40      -      -      -      -   2124      0    python         
 20260414    10:40:29       1    1119773     C     47     37      -      -      -      -   2124      0    python         
 20260414    10:40:30       0    1119772     C     49     38      -      -      -      -   2124      0    python         
 20260414    10:40:30       1    1119773     C     46     36      -      -      -      -   2124      0    python         
 20260414    10:40:31       0    1119772     C     45     36      -      -      -      -   2124      0    python         
 20260414    10:40:31       1    1119773     C     44     35      -      -      -      -   2124      0    python         
 20260414    10:40:32       0    1119772     C     44     35      -      -      -      -   2124      0    python         
 20260414    10:40:32       1    1119773     C     44     35      -      -      -      -   2124      0    python         
 20260414    10:40:33       0    1119772     C     45     35      -      -      -      -   2124      0    python         
 20260414    10:40:33       1    1119773     C     44     35      -      -      -      -   2124      0    python         
 20260414    10:40:34       0    1119772     C     46     37      -      -      -      -   2124      0    python         
 20260414    10:40:34       1    1119773     C     51     40      -      -      -      -   2124      0    python         
 20260414    10:40:35       0    1119772     C     42     34      -      -      -      -   2124      0    python         
 20260414    10:40:35       1    1119773     C     43     35      -      -      -      -   2124      0    python         
 20260414    10:40:36       0    1119772     C     48     38      -      -      -      -   2124      0    python         
 20260414    10:40:36       1    1119773     C     45     35      -      -      -      -   2124      0    python         
 20260414    10:40:37       0    1119772     C     52     41      -      -      -      -   2124      0    python         
 20260414    10:40:37       1    1119773     C     51     40      -      -      -      -   2124      0    python         
 20260414    10:40:38       0    1119772     C     49     38      -      -      -      -   2124      0    python         
 20260414    10:40:38       1    1119773     C     53     41      -      -      -      -   2124      0    python         
 20260414    10:40:39       0    1119772     C     49     39      -      -      -      -   2124      0    python         
 20260414    10:40:39       1    1119773     C     51     40      -      -      -      -   2124      0    python         
 20260414    10:40:40       0    1119772     C     50     39      -      -      -      -   2124      0    python         
 20260414    10:40:40       1    1119773     C     52     41      -      -      -      -   2124      0    python         
 20260414    10:40:41       0    1119772     C     50     39      -      -      -      -   2124      0    python         
 20260414    10:40:41       1    1119773     C     53     42      -      -      -      -   2124      0    python         
 20260414    10:40:42       0    1119772     C     48     38      -      -      -      -   2124      0    python         
 20260414    10:40:42       1    1119773     C     51     40      -      -      -      -   2124      0    python         
 20260414    10:40:44       0    1119772     C     48     37      -      -      -      -   2124      0    python         
 20260414    10:40:44       1    1119773     C     46     36      -      -      -      -   2124      0    python         
 20260414    10:40:45       0    1119772     C     52     41      -      -      -      -   2124      0    python         
 20260414    10:40:45       1    1119773     C     46     37      -      -      -      -   2124      0    python         
 20260414    10:40:46       0    1119772     C     38     31      -      -      -      -   2124      0    python         
 20260414    10:40:46       1    1119773     C     42     33      -      -      -      -   2124      0    python         
 20260414    10:40:47       0    1119772     C     41     33      -      -      -      -   2124      0    python         
 20260414    10:40:47       1    1119773     C     41     32      -      -      -      -   2124      0    python         
 20260414    10:40:48       0    1119772     C     51     40      -      -      -      -   2124      0    python         
 20260414    10:40:48       1    1119773     C     47     37      -      -      -      -   2124      0    python         
 20260414    10:40:49       0    1119772     C     52     41      -      -      -      -   2124      0    python         
 20260414    10:40:49       1    1119773     C     47     37      -      -      -      -   2124      0    python         
 20260414    10:40:50       0    1119772     C     45     36      -      -      -      -   2124      0    python         
 20260414    10:40:50       1    1119773     C     44     35      -      -      -      -   2124      0    python         
#Date        Time         gpu         pid   type     sm    mem    enc    dec    jpg    ofa     fb   ccpm    command 
#YYYYMMDD    HH:MM:SS     Idx           #    C/G      %      %      %      %      %      %     MB     MB    name 
 20260414    10:40:51       0    1119772     C     46     36      -      -      -      -   2124      0    python         
 20260414    10:40:51       1    1119773     C     45     35      -      -      -      -   2124      0    python         
 20260414    10:40:52       0    1119772     C     44     35      -      -      -      -   2124      0    python         
 20260414    10:40:52       1    1119773     C     44     35      -      -      -      -   2124      0    python         
 20260414    10:40:53       0    1119772     C     46     36      -      -      -      -   2124      0    python         
 20260414    10:40:53       1    1119773     C     45     35      -      -      -      -   2124      0    python         
 20260414    10:40:54       0    1119772     C     50     39      -      -      -      -   2124      0    python         
 20260414    10:40:54       1    1119773     C     48     37      -      -      -      -   2124      0    python         
 20260414    10:40:55       0    1119772     C     52     41      -      -      -      -   2124      0    python         
 20260414    10:40:55       1    1119773     C     48     38      -      -      -      -   2124      0    python         
 20260414    10:40:56       0    1119772     C     47     37      -      -      -      -   2124      0    python         
 20260414    10:40:56       1    1119773     C     42     34      -      -      -      -   2124      0    python         
 20260414    10:40:57       0    1119772     C     46     36      -      -      -      -   2124      0    python         
 20260414    10:40:57       1    1119773     C     42     34      -      -      -      -   2124      0    python         
 20260414    10:40:58       0    1119772     C     48     38      -      -      -      -   2124      0    python         
 20260414    10:40:58       1    1119773     C     46     36      -      -      -      -   2124      0    python         
 20260414    10:41:00       0    1119772     C     47     36      -      -      -      -   2124      0    python         
 20260414    10:41:00       1    1119773     C     46     36      -      -      -      -   2124      0    python         
 20260414    10:41:01       0    1119772     C     50     39      -      -      -      -   2124      0    python         
 20260414    10:41:01       1    1119773     C     47     37      -      -      -      -   2124      0    python         
 20260414    10:41:02       0    1119772     C     48     38      -      -      -      -   2124      0    python         
 20260414    10:41:02       1    1119773     C     48     38      -      -      -      -   2124      0    python         
 20260414    10:41:03       0    1119772     C     46     37      -      -      -      -   2124      0    python         
 20260414    10:41:03       1    1119773     C     45     35      -      -      -      -   2124      0    python         
 20260414    10:41:04       0    1119772     C     49     38      -      -      -      -   2124      0    python         
 20260414    10:41:04       1    1119773     C     46     36      -      -      -      -   2124      0    python         
 20260414    10:41:05       0    1119772     C     54     42      -      -      -      -   2124      0    python         
 20260414    10:41:05       1    1119773     C     48     38      -      -      -      -   2124      0    python         
 20260414    10:41:06       0    1119772     C     53     42      -      -      -      -   2124      0    python         
 20260414    10:41:06       1    1119773     C     49     38      -      -      -      -   2124      0    python         
 20260414    10:41:07       0    1119772     C     43     35      -      -      -      -   2124      0    python         
 20260414    10:41:07       1    1119773     C     44     36      -      -      -      -   2124      0    python         
 20260414    10:41:08       0    1119772     C     46     36      -      -      -      -   2124      0    python         
 20260414    10:41:08       1    1119773     C     43     34      -      -      -      -   2124      0    python         
 20260414    10:41:09       0    1119772     C     45     36      -      -      -      -   2124      0    python         
 20260414    10:41:09       1    1119773     C     46     36      -      -      -      -   2124      0    python         
 20260414    10:41:10       0    1119772     C     46     36      -      -      -      -   2124      0    python         
 20260414    10:41:10       1    1119773     C     47     37      -      -      -      -   2124      0    python         
 20260414    10:41:11       0    1119772     C     45     36      -      -      -      -   2124      0    python         
 20260414    10:41:11       1    1119773     C     46     36      -      -      -      -   2124      0    python         
 20260414    10:41:12       0    1119772     C     48     38      -      -      -      -   2124      0    python         
 20260414    10:41:12       1    1119773     C     48     38      -      -      -      -   2124      0    python         
 20260414    10:41:13       0    1119772     C     48     38      -      -      -      -   2124      0    python         
 20260414    10:41:13       1    1119773     C     52     41      -      -      -      -   2124      0    python         
#Date        Time         gpu         pid   type     sm    mem    enc    dec    jpg    ofa     fb   ccpm    command 
#YYYYMMDD    HH:MM:SS     Idx           #    C/G      %      %      %      %      %      %     MB     MB    name 
 20260414    10:41:14       0    1119772     C     46     36      -      -      -      -   2124      0    python         
 20260414    10:41:14       1    1119773     C     41     32      -      -      -      -   2124      0    python         
 20260414    10:41:16       0    1119772     C     45     35      -      -      -      -   2124      0    python         
 20260414    10:41:16       1    1119773     C     44     35      -      -      -      -   2124      0    python         
 20260414    10:41:17       0    1119772     C     44     35      -      -      -      -   2124      0    python         
 20260414    10:41:17       1    1119773     C     45     35      -      -      -      -   2124      0    python         
 20260414    10:41:18       0    1119772     C     43     35      -      -      -      -   2124      0    python         
 20260414    10:41:18       1    1119773     C     46     37      -      -      -      -   2124      0    python         
 20260414    10:41:19       0    1119772     C     47     36      -      -      -      -   2124      0    python         
 20260414    10:41:19       1    1119773     C     43     34      -      -      -      -   2124      0    python         
 20260414    10:41:20       0    1119772     C     47     37      -      -      -      -   2124      0    python         
 20260414    10:41:20       1    1119773     C     47     37      -      -      -      -   2124      0    python         
 20260414    10:41:21       0    1119772     C     46     36      -      -      -      -   2124      0    python         
 20260414    10:41:21       1    1119773     C     44     35      -      -      -      -   2124      0    python         
 20260414    10:41:22       0    1119772     C     45     35      -      -      -      -   2124      0    python         
 20260414    10:41:22       1    1119773     C     44     35      -      -      -      -   2124      0    python         
 20260414    10:41:23       0    1119772     C     48     38      -      -      -      -   2124      0    python         
 20260414    10:41:23       1    1119773     C     49     38      -      -      -      -   2124      0    python         
 20260414    10:41:24       0    1119772     C     50     39      -      -      -      -   2124      0    python         
 20260414    10:41:24       1    1119773     C     51     40      -      -      -      -   2124      0    python         
 20260414    10:41:25       0    1119772     C     49     38      -      -      -      -   2124      0    python         
 20260414    10:41:25       1    1119773     C     52     41      -      -      -      -   2124      0    python         
 20260414    10:41:26       0    1119772     C     50     39      -      -      -      -   2124      0    python         
 20260414    10:41:26       1    1119773     C     48     38      -      -      -      -   2124      0    python         
 20260414    10:41:27       0    1119772     C     53     41      -      -      -      -   2124      0    python         
 20260414    10:41:27       1    1119773     C     48     38      -      -      -      -   2124      0    python         
 20260414    10:41:28       0    1119772     C     50     40      -      -      -      -   2144      0    python         
 20260414    10:41:28       1    1119773     C     47     37      -      -      -      -   2144      0    python         
 20260414    10:41:29       0    1119772     C     45     36      -      -      -      -   2144      0    python         
 20260414    10:41:29       1    1119773     C     43     34      -      -      -      -   2144      0    python         
 20260414    10:41:31       0    1119772     C     44     35      -      -      -      -   2144      0    python         
 20260414    10:41:31       1    1119773     C     44     35      -      -      -      -   2144      0    python         
 20260414    10:41:32       0    1119772     C     43     34      -      -      -      -   2144      0    python         
 20260414    10:41:32       1    1119773     C     44     34      -      -      -      -   2144      0    python         
 20260414    10:41:33       0    1119772     C     44     35      -      -      -      -   2144      0    python         
 20260414    10:41:33       1    1119773     C     43     34      -      -      -      -   2144      0    python         
 20260414    10:41:34       0    1119772     C     46     36      -      -      -      -   2144      0    python         
 20260414    10:41:34       1    1119773     C     46     36      -      -      -      -   2144      0    python         
 20260414    10:41:35       0    1119772     C     49     39      -      -      -      -   2144      0    python         
 20260414    10:41:35       1    1119773     C     52     41      -      -      -      -   2144      0    python         
 20260414    10:41:36       0    1119772     C     50     39      -      -      -      -   2144      0    python         
 20260414    10:41:36       1    1119773     C     52     41      -      -      -      -   2144      0    python         
 20260414    10:41:37       0    1119772     C     55     43      -      -      -      -   2144      0    python         
 20260414    10:41:37       1    1119773     C     48     38      -      -      -      -   2144      0    python         
#Date        Time         gpu         pid   type     sm    mem    enc    dec    jpg    ofa     fb   ccpm    command 
#YYYYMMDD    HH:MM:SS     Idx           #    C/G      %      %      %      %      %      %     MB     MB    name 
 20260414    10:41:38       0    1119772     C     54     42      -      -      -      -   2144      0    python         
 20260414    10:41:38       1    1119773     C     48     38      -      -      -      -   2144      0    python         
 20260414    10:41:39       0    1119772     C     44     36      -      -      -      -   2144      0    python         
 20260414    10:41:39       1    1119773     C     46     36      -      -      -      -   2144      0    python         
 20260414    10:41:40       0    1119772     C     46     36      -      -      -      -   2144      0    python         
 20260414    10:41:40       1    1119773     C     41     33      -      -      -      -   2144      0    python         
 20260414    10:41:41       0    1119772     C     48     37      -      -      -      -   2144      0    python         
 20260414    10:41:41       1    1119773     C     46     37      -      -      -      -   2144      0    python         
 20260414    10:41:42       0    1119772     C     46     36      -      -      -      -   2144      0    python         
 20260414    10:41:42       1    1119773     C     47     37      -      -      -      -   2144      0    python         
 20260414    10:41:43       0    1119772     C     44     35      -      -      -      -   2144      0    python         
 20260414    10:41:43       1    1119773     C     44     35      -      -      -      -   2144      0    python         
 20260414    10:41:44       0    1119772     C     44     35      -      -      -      -   2144      0    python         
 20260414    10:41:44       1    1119773     C     44     35      -      -      -      -   2144      0    python         
 20260414    10:41:46       0    1119772     C     43     34      -      -      -      -   2144      0    python         
 20260414    10:41:46       1    1119773     C     44     35      -      -      -      -   2144      0    python         
 20260414    10:41:47       0    1119772     C     44     35      -      -      -      -   2144      0    python         
 20260414    10:41:47       1    1119773     C     44     35      -      -      -      -   2144      0    python         
 20260414    10:41:48       0    1119772     C     43     34      -      -      -      -   2144      0    python         
 20260414    10:41:48       1    1119773     C     44     35      -      -      -      -   2144      0    python         
 20260414    10:41:49       0    1119772     C     45     35      -      -      -      -   2144      0    python         
 20260414    10:41:49       1    1119773     C     45     35      -      -      -      -   2144      0    python         
 20260414    10:41:50       0    1119772     C     44     36      -      -      -      -   2144      0    python         
 20260414    10:41:50       1    1119773     C     46     36      -      -      -      -   2144      0    python         
 20260414    10:41:51       0    1119772     C     48     38      -      -      -      -   2144      0    python         
 20260414    10:41:51       1    1119773     C     46     37      -      -      -      -   2144      0    python         
 20260414    10:41:52       0    1119772     C     53     41      -      -      -      -   2144      0    python         
 20260414    10:41:52       1    1119773     C     45     36      -      -      -      -   2144      0    python         
 20260414    10:41:53       0    1119772     C     50     40      -      -      -      -   2144      0    python         
 20260414    10:41:53       1    1119773     C     47     37      -      -      -      -   2144      0    python         
 20260414    10:41:54       0    1119772     C     48     38      -      -      -      -   2144      0    python         
 20260414    10:41:54       1    1119773     C     46     37      -      -      -      -   2144      0    python         
 20260414    10:41:55       0    1119772     C     49     39      -      -      -      -   2144      0    python         
 20260414    10:41:55       1    1119773     C     51     40      -      -      -      -   2144      0    python         
 20260414    10:41:56       0    1119772     C     51     40      -      -      -      -   2144      0    python         
 20260414    10:41:56       1    1119773     C     51     41      -      -      -      -   2144      0    python         
 20260414    10:41:57       0    1119772     C     51     40      -      -      -      -   2144      0    python         
 20260414    10:41:57       1    1119773     C     51     40      -      -      -      -   2144      0    python         
 20260414    10:41:58       0    1119772     C     49     39      -      -      -      -   2144      0    python         
 20260414    10:41:58       1    1119773     C     54     43      -      -      -      -   2144      0    python         
 20260414    10:41:59       0    1119772     C     49     38      -      -      -      -   2144      0    python         
 20260414    10:41:59       1    1119773     C     53     42      -      -      -      -   2144      0    python         
 20260414    10:42:00       0    1119772     C     43     34      -      -      -      -   2144      0    python         
 20260414    10:42:00       1    1119773     C     46     36      -      -      -      -   2144      0    python         
#Date        Time         gpu         pid   type     sm    mem    enc    dec    jpg    ofa     fb   ccpm    command 
#YYYYMMDD    HH:MM:SS     Idx           #    C/G      %      %      %      %      %      %     MB     MB    name 
 20260414    10:42:02       0    1119772     C     50     40      -      -      -      -   2144      0    python         
 20260414    10:42:02       1    1119773     C     46     37      -      -      -      -   2144      0    python         
 20260414    10:42:03       0    1119772     C     49     38      -      -      -      -   2144      0    python         
 20260414    10:42:03       1    1119773     C     54     43      -      -      -      -   2144      0    python         
 20260414    10:42:04       0    1119772     C     49     38      -      -      -      -   2144      0    python         
 20260414    10:42:04       1    1119773     C     54     43      -      -      -      -   2144      0    python         
 20260414    10:42:05       0    1119772     C     49     38      -      -      -      -   2144      0    python         
 20260414    10:42:05       1    1119773     C     54     43      -      -      -      -   2144      0    python         
 20260414    10:42:06       0    1119772     C     48     38      -      -      -      -   2144      0    python         
 20260414    10:42:06       1    1119773     C     53     42      -      -      -      -   2144      0    python         
 20260414    10:42:07       0    1119772     C     49     38      -      -      -      -   2144      0    python         
 20260414    10:42:07       1    1119773     C     54     42      -      -      -      -   2144      0    python         
 20260414    10:42:08       0    1119772     C     49     38      -      -      -      -   2144      0    python         
 20260414    10:42:08       1    1119773     C     55     43      -      -      -      -   2144      0    python         
 20260414    10:42:09       0    1119772     C     48     38      -      -      -      -   2144      0    python         
 20260414    10:42:09       1    1119773     C     51     40      -      -      -      -   2144      0    python         
 20260414    10:42:10       0    1119772     C     45     35      -      -      -      -   2144      0    python         
 20260414    10:42:10       1    1119773     C     43     34      -      -      -      -   2144      0    python         
 20260414    10:42:11       0    1119772     C     44     36      -      -      -      -   2144      0    python         
 20260414    10:42:11       1    1119773     C     38     31      -      -      -      -   2144      0    python         
 20260414    10:42:12       0    1119772     C     45     36      -      -      -      -   2144      0    python         
 20260414    10:42:12       1    1119773     C     40     32      -      -      -      -   2144      0    python         
 20260414    10:42:13       0    1119772     C     45     36      -      -      -      -   2144      0    python         
 20260414    10:42:13       1    1119773     C     44     35      -      -      -      -   2144      0    python         
 20260414    10:42:14       0    1119772     C     45     35      -      -      -      -   2144      0    python         
 20260414    10:42:14       1    1119773     C     45     35      -      -      -      -   2144      0    python         
 20260414    10:42:15       0    1119772     C     46     36      -      -      -      -   2144      0    python         
 20260414    10:42:15       1    1119773     C     49     38      -      -      -      -   2144      0    python         
 20260414    10:42:17       0    1119772     C     49     39      -      -      -      -   2144      0    python         
 20260414    10:42:17       1    1119773     C     55     43      -      -      -      -   2144      0    python         
 20260414    10:42:18       0    1119772     C     52     40      -      -      -      -   2144      0    python         
 20260414    10:42:18       1    1119773     C     48     37      -      -      -      -   2144      0    python         
 20260414    10:42:19       0    1119772     C     55     43      -      -      -      -   2144      0    python         
 20260414    10:42:19       1    1119773     C     49     38      -      -      -      -   2144      0    python         
 20260414    10:42:20       0    1119772     C     49     38      -      -      -      -   2144      0    python         
 20260414    10:42:20       1    1119773     C     46     36      -      -      -      -   2144      0    python         
 20260414    10:42:21       0    1119772     C     48     38      -      -      -      -   2144      0    python         
 20260414    10:42:21       1    1119773     C     50     39      -      -      -      -   2144      0    python         
 20260414    10:42:22       0    1119772     C     47     38      -      -      -      -   2144      0    python         
 20260414    10:42:22       1    1119773     C     47     38      -      -      -      -   2144      0    python         
 20260414    10:42:23       0    1119772     C     49     38      -      -      -      -   2144      0    python         
 20260414    10:42:23       1    1119773     C     50     40      -      -      -      -   2144      0    python         
 20260414    10:42:24       0    1119772     C     47     37      -      -      -      -   2144      0    python         
 20260414    10:42:24       1    1119773     C     51     40      -      -      -      -   2144      0    python         
#Date        Time         gpu         pid   type     sm    mem    enc    dec    jpg    ofa     fb   ccpm    command 
#YYYYMMDD    HH:MM:SS     Idx           #    C/G      %      %      %      %      %      %     MB     MB    name 
 20260414    10:42:25       0    1119772     C     45     36      -      -      -      -   2144      0    python         
 20260414    10:42:25       1    1119773     C     47     37      -      -      -      -   2144      0    python         
 20260414    10:42:26       0    1119772     C     46     36      -      -      -      -   2144      0    python         
 20260414    10:42:26       1    1119773     C     47     37      -      -      -      -   2144      0    python         
 20260414    10:42:27       0    1119772     C     49     38      -      -      -      -   2144      0    python         
 20260414    10:42:27       1    1119773     C     52     41      -      -      -      -   2144      0    python         
 20260414    10:42:28       0    1119772     C     51     40      -      -      -      -   2144      0    python         
 20260414    10:42:28       1    1119773     C     52     41      -      -      -      -   2144      0    python         
 20260414    10:42:29       0    1119772     C     51     40      -      -      -      -   2144      0    python         
 20260414    10:42:29       1    1119773     C     48     38      -      -      -      -   2144      0    python         
 20260414    10:42:30       0    1119772     C     48     38      -      -      -      -   2144      0    python         
 20260414    10:42:30       1    1119773     C     51     40      -      -      -      -   2144      0    python         
 20260414    10:42:31       0    1119772     C     47     37      -      -      -      -   2144      0    python         
 20260414    10:42:31       1    1119773     C     51     40      -      -      -      -   2144      0    python         
 20260414    10:42:33       0    1119772     C     44     35      -      -      -      -   2144      0    python         
 20260414    10:42:33       1    1119773     C     44     36      -      -      -      -   2144      0    python         
 20260414    10:42:34       0    1119772     C     50     39      -      -      -      -   2144      0    python         
 20260414    10:42:34       1    1119773     C     53     42      -      -      -      -   2144      0    python         
 20260414    10:42:35       0    1119772     C     49     39      -      -      -      -   2144      0    python         
 20260414    10:42:35       1    1119773     C     55     43      -      -      -      -   2144      0    python         
 20260414    10:42:36       0    1119772     C     49     38      -      -      -      -   2144      0    python         
 20260414    10:42:36       1    1119773     C     54     43      -      -      -      -   2144      0    python         
 20260414    10:42:37       0    1119772     C     44     34      -      -      -      -   2144      0    python         
 20260414    10:42:37       1    1119773     C     48     38      -      -      -      -   2144      0    python         
 20260414    10:42:38       0    1119772     C     53     42      -      -      -      -   2144      0    python         
 20260414    10:42:38       1    1119773     C     50     39      -      -      -      -   2144      0    python         
 20260414    10:42:39       0    1119772     C     53     42      -      -      -      -   2144      0    python         
 20260414    10:42:39       1    1119773     C     47     37      -      -      -      -   2144      0    python         
 20260414    10:42:40       0    1119772     C     49     38      -      -      -      -   2144      0    python         
 20260414    10:42:40       1    1119773     C     49     38      -      -      -      -   2144      0    python         
 20260414    10:42:41       0    1119772     C     46     36      -      -      -      -   2144      0    python         
 20260414    10:42:41       1    1119773     C     48     38      -      -      -      -   2144      0    python         
 20260414    10:42:42       0    1119772     C     46     37      -      -      -      -   2144      0    python         
 20260414    10:42:42       1    1119773     C     44     35      -      -      -      -   5544      0    python         
 20260414    10:42:43       0    1119772     C     46     40      -      -      -      -   6384      0    python         
 20260414    10:42:43       1    1119773     C     46     40      -      -      -      -   6384      0    python         
 20260414    10:42:44       0    1119772     C     61     54      -      -      -      -   6384      0    python         
 20260414    10:42:44       1    1119773     C     62     54      -      -      -      -   6384      0    python         
 20260414    10:42:45       0    1119772     C     67     59      -      -      -      -   6384      0    python         
 20260414    10:42:45       1    1119773     C     62     54      -      -      -      -   6384      0    python         
 20260414    10:42:46       0    1119772     C     67     58      -      -      -      -   6384      0    python         
 20260414    10:42:46       1    1119773     C     63     56      -      -      -      -   6384      0    python         
 20260414    10:42:48       0    1119772     C     65     57      -      -      -      -   6384      0    python         
 20260414    10:42:48       1    1119773     C     61     53      -      -      -      -   6384      0    python         
#Date        Time         gpu         pid   type     sm    mem    enc    dec    jpg    ofa     fb   ccpm    command 
#YYYYMMDD    HH:MM:SS     Idx           #    C/G      %      %      %      %      %      %     MB     MB    name 
 20260414    10:42:49       0    1119772     C     66     57      -      -      -      -   6384      0    python         
 20260414    10:42:49       1    1119773     C     62     54      -      -      -      -   6384      0    python         
 20260414    10:42:50       0    1119772     C     63     54      -      -      -      -   6384      0    python         
 20260414    10:42:50       1    1119773     C     62     54      -      -      -      -   6384      0    python         
 20260414    10:42:51       0    1119772     C     62     54      -      -      -      -   6384      0    python         
 20260414    10:42:51       1    1119773     C     63     54      -      -      -      -   6384      0    python         
 20260414    10:42:52       0    1119772     C     65     57      -      -      -      -   6384      0    python         
 20260414    10:42:52       1    1119773     C     65     57      -      -      -      -   6384      0    python         
 20260414    10:42:53       0    1119772     C     67     59      -      -      -      -   6384      0    python         
 20260414    10:42:53       1    1119773     C     62     54      -      -      -      -   6384      0    python         
 20260414    10:42:54       0    1119772     C     68     59      -      -      -      -   6384      0    python         
 20260414    10:42:54       1    1119773     C     62     55      -      -      -      -   6384      0    python         
 20260414    10:42:55       0    1119772     C     68     60      -      -      -      -   6384      0    python         
 20260414    10:42:55       1    1119773     C     62     54      -      -      -      -   6384      0    python         
 20260414    10:42:56       0    1119772     C     68     60      -      -      -      -   6384      0    python         
 20260414    10:42:56       1    1119773     C     61     53      -      -      -      -   6384      0    python         
 20260414    10:42:57       0    1119772     C     68     60      -      -      -      -   6384      0    python         
 20260414    10:42:57       1    1119773     C     62     55      -      -      -      -   6384      0    python         
 20260414    10:42:58       0    1119772     C     65     57      -      -      -      -   6384      0    python         
 20260414    10:42:58       1    1119773     C     62     55      -      -      -      -   6384      0    python         
 20260414    10:42:59       0    1119772     C     63     55      -      -      -      -   6384      0    python         
 20260414    10:42:59       1    1119773     C     66     58      -      -      -      -   6384      0    python         
 20260414    10:43:00       0    1119772     C     63     55      -      -      -      -   6384      0    python         
 20260414    10:43:00       1    1119773     C     66     58      -      -      -      -   6384      0    python         
 20260414    10:43:01       0    1119772     C     65     57      -      -      -      -   6384      0    python         
 20260414    10:43:01       1    1119773     C     64     56      -      -      -      -   6384      0    python         
 20260414    10:43:03       0    1119772     C     67     59      -      -      -      -   6384      0    python         
 20260414    10:43:03       1    1119773     C     60     52      -      -      -      -   6384      0    python         
 20260414    10:43:04       0    1119772     C     66     58      -      -      -      -   6384      0    python         
 20260414    10:43:04       1    1119773     C     62     55      -      -      -      -   6384      0    python         
 20260414    10:43:05       0    1119772     C     68     60      -      -      -      -   6384      0    python         
 20260414    10:43:05       1    1119773     C     60     53      -      -      -      -   6384      0    python         
 20260414    10:43:06       0    1119772     C     68     61      -      -      -      -   6384      0    python         
 20260414    10:43:06       1    1119773     C     62     55      -      -      -      -   6384      0    python         
 20260414    10:43:07       0    1119772     C     69     62      -      -      -      -   6384      0    python         
 20260414    10:43:07       1    1119773     C     59     52      -      -      -      -   6384      0    python         
 20260414    10:43:08       0    1119772     C     68     60      -      -      -      -   6384      0    python         
 20260414    10:43:08       1    1119773     C     61     53      -      -      -      -   6384      0    python         
 20260414    10:43:09       0    1119772     C     68     60      -      -      -      -   6384      0    python         
 20260414    10:43:09       1    1119773     C     61     53      -      -      -      -   6384      0    python         
 20260414    10:43:10       0    1119772     C     69     60      -      -      -      -   6384      0    python         
 20260414    10:43:10       1    1119773     C     61     53      -      -      -      -   6384      0    python         
 20260414    10:43:11       0    1119772     C     68     60      -      -      -      -   6384      0    python         
 20260414    10:43:11       1    1119773     C     60     53      -      -      -      -   6384      0    python         
#Date        Time         gpu         pid   type     sm    mem    enc    dec    jpg    ofa     fb   ccpm    command 
#YYYYMMDD    HH:MM:SS     Idx           #    C/G      %      %      %      %      %      %     MB     MB    name 
 20260414    10:43:12       0    1119772     C     67     59      -      -      -      -   6384      0    python         
 20260414    10:43:12       1    1119773     C     60     51      -      -      -      -   6384      0    python         
 20260414    10:43:13       0    1119772     C     62     54      -      -      -      -   6384      0    python         
 20260414    10:43:13       1    1119773     C     60     52      -      -      -      -   6384      0    python         
 20260414    10:43:14       0    1119772     C     60     53      -      -      -      -   6384      0    python         
 20260414    10:43:14       1    1119773     C     63     56      -      -      -      -   6384      0    python         
 20260414    10:43:15       0    1119772     C     61     54      -      -      -      -   6384      0    python         
 20260414    10:43:15       1    1119773     C     63     55      -      -      -      -   6384      0    python         
 20260414    10:43:16       0    1119772     C     62     54      -      -      -      -   6384      0    python         
 20260414    10:43:16       1    1119773     C     65     57      -      -      -      -   6384      0    python         
 20260414    10:43:17       0    1119772     C     63     56      -      -      -      -   6384      0    python         
 20260414    10:43:17       1    1119773     C     67     59      -      -      -      -   6384      0    python         
 20260414    10:43:19       0    1119772     C     62     55      -      -      -      -   6384      0    python         
 20260414    10:43:19       1    1119773     C     65     57      -      -      -      -   6384      0    python         
 20260414    10:43:20       0    1119772     C     68     60      -      -      -      -   6384      0    python         
 20260414    10:43:20       1    1119773     C     62     53      -      -      -      -   6384      0    python         
 20260414    10:43:21       0    1119772     C     66     58      -      -      -      -   6384      0    python         
 20260414    10:43:21       1    1119773     C     63     56      -      -      -      -   6384      0    python         
 20260414    10:43:22       0    1119772     C     67     59      -      -      -      -   6384      0    python         
 20260414    10:43:22       1    1119773     C     62     55      -      -      -      -   6384      0    python         
 20260414    10:43:23       0    1119772     C     64     57      -      -      -      -   6384      0    python         
 20260414    10:43:23       1    1119773     C     60     53      -      -      -      -   6384      0    python         
 20260414    10:43:24       0    1119772     C     62     54      -      -      -      -   6384      0    python         
 20260414    10:43:24       1    1119773     C     58     51      -      -      -      -   6384      0    python         
 20260414    10:43:25       0    1119772     C     61     53      -      -      -      -   6384      0    python         
 20260414    10:43:25       1    1119773     C     58     51      -      -      -      -   6384      0    python         
 20260414    10:43:26       0    1119772     C     61     53      -      -      -      -   6384      0    python         
 20260414    10:43:26       1    1119773     C     58     51      -      -      -      -   6384      0    python         
 20260414    10:43:27       0    1119772     C     59     52      -      -      -      -   6384      0    python         
 20260414    10:43:27       1    1119773     C     59     51      -      -      -      -   6384      0    python         
 20260414    10:43:28       0    1119772     C     59     51      -      -      -      -   6384      0    python         
 20260414    10:43:28       1    1119773     C     59     53      -      -      -      -   6384      0    python         
 20260414    10:43:29       0    1119772     C     60     54      -      -      -      -   6384      0    python         
 20260414    10:43:29       1    1119773     C     58     51      -      -      -      -   6384      0    python         
 20260414    10:43:30       0    1119772     C     52     45      -      -      -      -   6444      0    python         
 20260414    10:43:30       1    1119773     C     57     50      -      -      -      -   6384      0    python         
 20260414    10:43:31       0    1119772     C     56     49      -      -      -      -   6444      0    python         
 20260414    10:43:31       1    1119773     C     57     49      -      -      -      -   6384      0    python         
 20260414    10:43:32       0    1119772     C     62     55      -      -      -      -   6444      0    python         
 20260414    10:43:32       1    1119773     C     54     47      -      -      -      -   6444      0    python         
 20260414    10:43:34       0    1119772     C     66     58      -      -      -      -   6444      0    python         
 20260414    10:43:34       1    1119773     C     61     53      -      -      -      -   6444      0    python         
 20260414    10:43:35       0    1119772     C     66     58      -      -      -      -   6444      0    python         
 20260414    10:43:35       1    1119773     C     60     53      -      -      -      -   6444      0    python         
#Date        Time         gpu         pid   type     sm    mem    enc    dec    jpg    ofa     fb   ccpm    command 
#YYYYMMDD    HH:MM:SS     Idx           #    C/G      %      %      %      %      %      %     MB     MB    name 
 20260414    10:43:36       0    1119772     C     58     51      -      -      -      -   6444      0    python         
 20260414    10:43:36       1    1119773     C     59     51      -      -      -      -   6444      0    python         
 20260414    10:43:37       0    1119772     C     57     50      -      -      -      -   6444      0    python         
 20260414    10:43:37       1    1119773     C     60     52      -      -      -      -   6444      0    python         
 20260414    10:43:38       0    1119772     C     62     54      -      -      -      -   6444      0    python         
 20260414    10:43:38       1    1119773     C     62     54      -      -      -      -   6444      0    python         
 20260414    10:43:39       0    1119772     C     68     60      -      -      -      -   6444      0    python         
 20260414    10:43:39       1    1119773     C     60     53      -      -      -      -   6444      0    python         
 20260414    10:43:40       0    1119772     C     66     58      -      -      -      -   6444      0    python         
 20260414    10:43:40       1    1119773     C     61     53      -      -      -      -   6444      0    python         
 20260414    10:43:41       0    1119772     C     63     55      -      -      -      -   6444      0    python         
 20260414    10:43:41       1    1119773     C     65     57      -      -      -      -   6444      0    python         
 20260414    10:43:42       0    1119772     C     63     55      -      -      -      -   6444      0    python         
 20260414    10:43:42       1    1119773     C     67     59      -      -      -      -   6444      0    python         
 20260414    10:43:43       0    1119772     C     64     56      -      -      -      -   6444      0    python         
 20260414    10:43:43       1    1119773     C     65     58      -      -      -      -   6444      0    python         
 20260414    10:43:44       0    1119772     C     62     55      -      -      -      -   6444      0    python         
 20260414    10:43:44       1    1119773     C     65     57      -      -      -      -   6444      0    python         
 20260414    10:43:45       0    1119772     C     60     53      -      -      -      -   6444      0    python         
 20260414    10:43:45       1    1119773     C     65     58      -      -      -      -   6444      0    python         
 20260414    10:43:46       0    1119772     C     59     52      -      -      -      -   6444      0    python         
 20260414    10:43:46       1    1119773     C     63     55      -      -      -      -   6444      0    python         
 20260414    10:43:47       0    1119772     C     58     51      -      -      -      -   6444      0    python         
 20260414    10:43:47       1    1119773     C     60     54      -      -      -      -   6444      0    python         
 20260414    10:43:49       0    1119772     C     58     50      -      -      -      -   6444      0    python         
 20260414    10:43:49       1    1119773     C     62     54      -      -      -      -   6444      0    python         
 20260414    10:43:50       0    1119772     C     61     53      -      -      -      -   6444      0    python         
 20260414    10:43:50       1    1119773     C     65     57      -      -      -      -   6444      0    python         
 20260414    10:43:51       0    1119772     C     60     52      -      -      -      -   6444      0    python         
 20260414    10:43:51       1    1119773     C     68     59      -      -      -      -   6444      0    python         
 20260414    10:43:52       0    1119772     C     63     56      -      -      -      -   6444      0    python         
 20260414    10:43:52       1    1119773     C     66     58      -      -      -      -   6444      0    python         
 20260414    10:43:53       0    1119772     C     63     56      -      -      -      -   6444      0    python         
 20260414    10:43:53       1    1119773     C     67     59      -      -      -      -   6444      0    python         
 20260414    10:43:54       0    1119772     C     61     53      -      -      -      -   6444      0    python         
 20260414    10:43:54       1    1119773     C     67     59      -      -      -      -   6444      0    python         
 20260414    10:43:55       0    1119772     C     63     55      -      -      -      -   6444      0    python         
 20260414    10:43:55       1    1119773     C     67     59      -      -      -      -   6444      0    python         
 20260414    10:43:56       0    1119772     C     62     54      -      -      -      -   6444      0    python         
 20260414    10:43:56       1    1119773     C     68     59      -      -      -      -   6444      0    python         
 20260414    10:43:57       0    1119772     C     63     56      -      -      -      -   6444      0    python         
 20260414    10:43:57       1    1119773     C     67     58      -      -      -      -   6444      0    python         
 20260414    10:43:58       0    1119772     C     62     55      -      -      -      -   6444      0    python         
 20260414    10:43:58       1    1119773     C     67     59      -      -      -      -   6444      0    python         
#Date        Time         gpu         pid   type     sm    mem    enc    dec    jpg    ofa     fb   ccpm    command 
#YYYYMMDD    HH:MM:SS     Idx           #    C/G      %      %      %      %      %      %     MB     MB    name 
 20260414    10:43:59       0    1119772     C     61     54      -      -      -      -   6444      0    python         
 20260414    10:43:59       1    1119773     C     67     59      -      -      -      -   6444      0    python         
 20260414    10:44:00       0    1119772     C     65     57      -      -      -      -   6444      0    python         
 20260414    10:44:00       1    1119773     C     65     57      -      -      -      -   6444      0    python         
 20260414    10:44:01       0    1119772     C     64     56      -      -      -      -   6444      0    python         
 20260414    10:44:01       1    1119773     C     60     53      -      -      -      -   6444      0    python         
 20260414    10:44:02       0    1119772     C     62     54      -      -      -      -   6444      0    python         
 20260414    10:44:02       1    1119773     C     63     55      -      -      -      -   6444      0    python         
 20260414    10:44:04       0    1119772     C     63     56      -      -      -      -   6444      0    python         
 20260414    10:44:04       1    1119773     C     67     59      -      -      -      -   6444      0    python         
 20260414    10:44:05       0    1119772     C     60     52      -      -      -      -   6444      0    python         
 20260414    10:44:05       1    1119773     C     67     59      -      -      -      -   6444      0    python         
 20260414    10:44:06       0    1119772     C     63     54      -      -      -      -   6444      0    python         
 20260414    10:44:06       1    1119773     C     61     53      -      -      -      -   6444      0    python         
 20260414    10:44:07       0    1119772     C     62     54      -      -      -      -   6444      0    python         
 20260414    10:44:07       1    1119773     C     59     51      -      -      -      -   6444      0    python         
 20260414    10:44:08       0    1119772     C     64     56      -      -      -      -   6444      0    python         
 20260414    10:44:08       1    1119773     C     60     52      -      -      -      -   6444      0    python         
 20260414    10:44:09       0    1119772     C     67     58      -      -      -      -   6444      0    python         
 20260414    10:44:09       1    1119773     C     63     56      -      -      -      -   6444      0    python         
 20260414    10:44:10       0    1119772     C     68     60      -      -      -      -   6444      0    python         
 20260414    10:44:10       1    1119773     C     62     55      -      -      -      -   6444      0    python         
 20260414    10:44:11       0    1119772     C     63     56      -      -      -      -   6444      0    python         
 20260414    10:44:11       1    1119773     C     61     53      -      -      -      -   6444      0    python         
 20260414    10:44:12       0    1119772     C     60     53      -      -      -      -   6444      0    python         
 20260414    10:44:12       1    1119773     C     64     56      -      -      -      -   6444      0    python         
 20260414    10:44:13       0    1119772     C     58     50      -      -      -      -   6444      0    python         
 20260414    10:44:13       1    1119773     C     61     54      -      -      -      -   6444      0    python         
 20260414    10:44:14       0    1119772     C     60     52      -      -      -      -   6444      0    python         
 20260414    10:44:14       1    1119773     C     61     54      -      -      -      -   6444      0    python         
 20260414    10:44:15       0    1119772     C     59     52      -      -      -      -   6444      0    python         
 20260414    10:44:15       1    1119773     C     61     54      -      -      -      -   6444      0    python         
 20260414    10:44:16       0    1119772     C     60     52      -      -      -      -   6444      0    python         
 20260414    10:44:16       1    1119773     C     63     55      -      -      -      -   6444      0    python         
 20260414    10:44:17       0    1119772     C     65     57      -      -      -      -   6444      0    python         
 20260414    10:44:17       1    1119773     C     64     57      -      -      -      -   6444      0    python         
 20260414    10:44:18       0    1119772     C     65     57      -      -      -      -   6444      0    python         
 20260414    10:44:18       1    1119773     C     60     52      -      -      -      -   6444      0    python         
 20260414    10:44:20       0    1119772     C     48     42      -      -      -      -   6444      0    python         
 20260414    10:44:20       1    1119773     C     63     55      -      -      -      -   6444      0    python         
 20260414    10:44:21       0    1119772     C     63     56      -      -      -      -   6444      0    python         
 20260414    10:44:21       1    1119773     C     59     51      -      -      -      -   6444      0    python         
 20260414    10:44:22       0    1119772     C     64     57      -      -      -      -   6444      0    python         
 20260414    10:44:22       1    1119773     C     64     57      -      -      -      -   6444      0    python         
#Date        Time         gpu         pid   type     sm    mem    enc    dec    jpg    ofa     fb   ccpm    command 
#YYYYMMDD    HH:MM:SS     Idx           #    C/G      %      %      %      %      %      %     MB     MB    name 
 20260414    10:44:23       0    1119772     C     59     52      -      -      -      -   6444      0    python         
 20260414    10:44:23       1    1119773     C     62     55      -      -      -      -   6444      0    python         
 20260414    10:44:24       0    1119772     C     61     53      -      -      -      -   6444      0    python         
 20260414    10:44:24       1    1119773     C     65     57      -      -      -      -   6444      0    python         
 20260414    10:44:25       0    1119772     C     62     55      -      -      -      -   6444      0    python         
 20260414    10:44:25       1    1119773     C     65     57      -      -      -      -   6444      0    python         
 20260414    10:44:26       0    1119772     C     59     52      -      -      -      -   6444      0    python         
 20260414    10:44:26       1    1119773     C     63     55      -      -      -      -   6444      0    python         
 20260414    10:44:27       0    1119772     C     60     52      -      -      -      -   6444      0    python         
 20260414    10:44:27       1    1119773     C     65     57      -      -      -      -   6444      0    python         
 20260414    10:44:28       0    1119772     C     62     54      -      -      -      -   6444      0    python         
 20260414    10:44:28       1    1119773     C     65     57      -      -      -      -   6444      0    python         
 20260414    10:44:29       0    1119772     C     61     53      -      -      -      -   6444      0    python         
 20260414    10:44:29       1    1119773     C     68     60      -      -      -      -   6444      0    python         
 20260414    10:44:30       0    1119772     C     63     56      -      -      -      -   6444      0    python         
 20260414    10:44:30       1    1119773     C     67     59      -      -      -      -   6444      0    python         
 20260414    10:44:31       0    1119772     C     63     56      -      -      -      -   6444      0    python         
 20260414    10:44:31       1    1119773     C     67     58      -      -      -      -   6444      0    python         
 20260414    10:44:32       0    1119772     C     62     54      -      -      -      -   6444      0    python         
 20260414    10:44:32       1    1119773     C     67     58      -      -      -      -   6444      0    python         
 20260414    10:44:33       0    1119772     C     64     56      -      -      -      -   6444      0    python         
 20260414    10:44:33       1    1119773     C     68     60      -      -      -      -   6444      0    python         
 20260414    10:44:35       0    1119772     C     61     53      -      -      -      -   6444      0    python         
 20260414    10:44:35       1    1119773     C     63     54      -      -      -      -   6444      0    python         
 20260414    10:44:36       0    1119772     C     61     53      -      -      -      -   6444      0    python         
 20260414    10:44:36       1    1119773     C     66     59      -      -      -      -   6444      0    python         
 20260414    10:44:37       0    1119772     C     63     56      -      -      -      -   6444      0    python         
 20260414    10:44:37       1    1119773     C     70     62      -      -      -      -   6444      0    python         
 20260414    10:44:38       0    1119772     C     62     54      -      -      -      -   6444      0    python         
 20260414    10:44:38       1    1119773     C     70     63      -      -      -      -   6444      0    python         
 20260414    10:44:39       0    1119772     C     63     56      -      -      -      -   6444      0    python         
 20260414    10:44:39       1    1119773     C     68     60      -      -      -      -   6444      0    python         
 20260414    10:44:40       0    1119772     C     61     53      -      -      -      -   6444      0    python         
 20260414    10:44:40       1    1119773     C     68     60      -      -      -      -   6444      0    python         
 20260414    10:44:41       0    1119772     C     61     53      -      -      -      -   6444      0    python         
 20260414    10:44:41       1    1119773     C     68     59      -      -      -      -   6444      0    python         
 20260414    10:44:42       0    1119772     C     62     55      -      -      -      -   6444      0    python         
 20260414    10:44:42       1    1119773     C     65     57      -      -      -      -   6444      0    python         
 20260414    10:44:43       0    1119772     C     62     54      -      -      -      -   6444      0    python         
 20260414    10:44:43       1    1119773     C     58     51      -      -      -      -   6444      0    python         
 20260414    10:44:44       0    1119772     C     64     56      -      -      -      -   6444      0    python         
 20260414    10:44:44       1    1119773     C     60     53      -      -      -      -   6444      0    python         
 20260414    10:44:45       0    1119772     C     62     55      -      -      -      -   6444      0    python         
 20260414    10:44:45       1    1119773     C     58     50      -      -      -      -   6444      0    python         
#Date        Time         gpu         pid   type     sm    mem    enc    dec    jpg    ofa     fb   ccpm    command 
#YYYYMMDD    HH:MM:SS     Idx           #    C/G      %      %      %      %      %      %     MB     MB    name 
 20260414    10:44:46       0    1119772     C     62     54      -      -      -      -   6444      0    python         
 20260414    10:44:46       1    1119773     C     60     53      -      -      -      -   6444      0    python         
 20260414    10:44:47       0    1119772     C     63     55      -      -      -      -   6444      0    python         
 20260414    10:44:47       1    1119773     C     64     56      -      -      -      -   6444      0    python         
 20260414    10:44:48       0    1119772     C     62     54      -      -      -      -   6444      0    python         
 20260414    10:44:48       1    1119773     C     66     58      -      -      -      -   6444      0    python         
 20260414    10:44:50       0    1119772     C     63     56      -      -      -      -   6444      0    python         
 20260414    10:44:50       1    1119773     C     68     59      -      -      -      -   6444      0    python         
 20260414    10:44:51       0    1119772     C     60     53      -      -      -      -   6444      0    python         
 20260414    10:44:51       1    1119773     C     68     60      -      -      -      -   6444      0    python         
 20260414    10:44:52       0    1119772     C     61     54      -      -      -      -   6444      0    python         
 20260414    10:44:52       1    1119773     C     66     58      -      -      -      -   6444      0    python         
 20260414    10:44:53       0    1119772     C     58     51      -      -      -      -   6444      0    python         
 20260414    10:44:53       1    1119773     C     61     53      -      -      -      -   6444      0    python         
 20260414    10:44:54       0    1119772     C     58     52      -      -      -      -   6444      0    python         
 20260414    10:44:54       1    1119773     C     61     54      -      -      -      -   6444      0    python         
 20260414    10:44:55       0    1119772     C     58     50      -      -      -      -   6444      0    python         
 20260414    10:44:55       1    1119773     C     61     53      -      -      -      -   6444      0    python         
 20260414    10:44:56       0    1119772     C     58     51      -      -      -      -   6444      0    python         
 20260414    10:44:56       1    1119773     C     62     54      -      -      -      -   6444      0    python         
 20260414    10:44:57       0    1119772     C     59     52      -      -      -      -   6444      0    python         
 20260414    10:44:57       1    1119773     C     61     53      -      -      -      -   6444      0    python         
 20260414    10:44:58       0    1119772     C     60     53      -      -      -      -   6444      0    python         
 20260414    10:44:58       1    1119773     C     64     56      -      -      -      -   6444      0    python         
 20260414    10:44:59       0    1119772     C     65     57      -      -      -      -   6444      0    python         
 20260414    10:44:59       1    1119773     C     62     54      -      -      -      -   6444      0    python         
 20260414    10:45:00       0    1119772     C     68     60      -      -      -      -   6444      0    python         
 20260414    10:45:00       1    1119773     C     61     54      -      -      -      -   6444      0    python         
 20260414    10:45:01       0    1119772     C     68     60      -      -      -      -   6444      0    python         
 20260414    10:45:01       1    1119773     C     63     55      -      -      -      -   6444      0    python         
 20260414    10:45:02       0    1119772     C     68     60      -      -      -      -   6444      0    python         
 20260414    10:45:02       1    1119773     C     63     55      -      -      -      -   6444      0    python         
 20260414    10:45:03       0    1119772     C     68     59      -      -      -      -   6444      0    python         
 20260414    10:45:03       1    1119773     C     63     56      -      -      -      -   6444      0    python         
 20260414    10:45:05       0    1119772     C     68     60      -      -      -      -   6444      0    python         
 20260414    10:45:05       1    1119773     C     60     52      -      -      -      -   6444      0    python         
 20260414    10:45:06       0    1119772     C     68     60      -      -      -      -   6444      0    python         
 20260414    10:45:06       1    1119773     C     64     56      -      -      -      -   6444      0    python         
 20260414    10:45:07       0    1119772     C     66     57      -      -      -      -   6444      0    python         
 20260414    10:45:07       1    1119773     C     63     55      -      -      -      -   6444      0    python         
 20260414    10:45:08       0    1119772     C     59     51      -      -      -      -   6444      0    python         
 20260414    10:45:08       1    1119773     C     58     51      -      -      -      -   6446      0    python         
 20260414    10:45:09       0    1119772     C     61     54      -      -      -      -   6464      0    python         
 20260414    10:45:09       1    1119773     C     52     45      -      -      -      -   6466      0    python         
#Date        Time         gpu         pid   type     sm    mem    enc    dec    jpg    ofa     fb   ccpm    command 
#YYYYMMDD    HH:MM:SS     Idx           #    C/G      %      %      %      %      %      %     MB     MB    name 
 20260414    10:45:10       0    1119772     C     65     57      -      -      -      -   6464      0    python         
 20260414    10:45:10       1    1119773     C     62     55      -      -      -      -   6466      0    python         
 20260414    10:45:11       0    1119772     C     67     58      -      -      -      -   6464      0    python         
 20260414    10:45:11       1    1119773     C     60     53      -      -      -      -   6466      0    python         
 20260414    10:45:12       0    1119772     C     66     58      -      -      -      -   6464      0    python         
 20260414    10:45:12       1    1119773     C     61     53      -      -      -      -   6466      0    python         
 20260414    10:45:13       0    1119772     C     61     53      -      -      -      -   6464      0    python         
 20260414    10:45:13       1    1119773     C     60     53      -      -      -      -   6466      0    python         
 20260414    10:45:14       0    1119772     C     59     52      -      -      -      -   6464      0    python         
 20260414    10:45:14       1    1119773     C     60     54      -      -      -      -   6466      0    python         
 20260414    10:45:15       0    1119772     C     60     52      -      -      -      -   6464      0    python         
 20260414    10:45:15       1    1119773     C     57     50      -      -      -      -   6466      0    python         
 20260414    10:45:16       0    1119772     C     60     53      -      -      -      -   6464      0    python         
 20260414    10:45:16       1    1119773     C     58     51      -      -      -      -   6466      0    python         
 20260414    10:45:17       0    1119772     C     62     54      -      -      -      -   6464      0    python         
 20260414    10:45:17       1    1119773     C     59     52      -      -      -      -   6466      0    python         
 20260414    10:45:18       0    1119772     C     66     58      -      -      -      -   6464      0    python         
 20260414    10:45:18       1    1119773     C     59     51      -      -      -      -   6466      0    python         
 20260414    10:45:19       0    1119772     C     67     58      -      -      -      -   6464      0    python         
 20260414    10:45:19       1    1119773     C     63     56      -      -      -      -   6466      0    python         
 20260414    10:45:21       0    1119772     C     68     60      -      -      -      -   6464      0    python         
 20260414    10:45:21       1    1119773     C     63     56      -      -      -      -   6466      0    python         
 20260414    10:45:22       0    1119772     C     67     59      -      -      -      -   6464      0    python         
 20260414    10:45:22       1    1119773     C     59     52      -      -      -      -   6466      0    python         
 20260414    10:45:23       0    1119772     C     68     61      -      -      -      -   6464      0    python         
 20260414    10:45:23       1    1119773     C     63     55      -      -      -      -   6466      0    python         
 20260414    10:45:24       0    1119772     C     65     57      -      -      -      -   6464      0    python         
 20260414    10:45:24       1    1119773     C     60     53      -      -      -      -   6466      0    python         
 20260414    10:45:25       0    1119772     C     67     59      -      -      -      -   6464      0    python         
 20260414    10:45:25       1    1119773     C     63     56      -      -      -      -   6466      0    python         
 20260414    10:45:26       0    1119772     C     64     57      -      -      -      -   6464      0    python         
 20260414    10:45:26       1    1119773     C     59     52      -      -      -      -   6466      0    python         
 20260414    10:45:27       0    1119772     C     61     53      -      -      -      -   6464      0    python         
 20260414    10:45:27       1    1119773     C     59     52      -      -      -      -   6466      0    python         
 20260414    10:45:28       0    1119772     C     64     55      -      -      -      -   6464      0    python         
 20260414    10:45:28       1    1119773     C     63     56      -      -      -      -   6466      0    python         
 20260414    10:45:29       0    1119772     C     67     58      -      -      -      -   6464      0    python         
 20260414    10:45:29       1    1119773     C     60     53      -      -      -      -   6466      0    python         
 20260414    10:45:30       0    1119772     C     67     58      -      -      -      -   6464      0    python         
 20260414    10:45:30       1    1119773     C     60     53      -      -      -      -   6466      0    python         
 20260414    10:45:31       0    1119772     C     67     58      -      -      -      -   6464      0    python         
 20260414    10:45:31       1    1119773     C     61     53      -      -      -      -   6466      0    python         
 20260414    10:45:32       0    1119772     C     67     59      -      -      -      -   6464      0    python         
 20260414    10:45:32       1    1119773     C     62     54      -      -      -      -   6466      0    python         
#Date        Time         gpu         pid   type     sm    mem    enc    dec    jpg    ofa     fb   ccpm    command 
#YYYYMMDD    HH:MM:SS     Idx           #    C/G      %      %      %      %      %      %     MB     MB    name 
 20260414    10:45:33       0    1119772     C     69     61      -      -      -      -   6464      0    python         
 20260414    10:45:33       1    1119773     C     61     53      -      -      -      -   6466      0    python         
 20260414    10:45:34       0    1119772     C     66     58      -      -      -      -   6464      0    python         
 20260414    10:45:34       1    1119773     C     62     54      -      -      -      -   6466      0    python         
 20260414    10:45:36       0    1119772     C     61     54      -      -      -      -   6464      0    python         
 20260414    10:45:36       1    1119773     C     69     61      -      -      -      -   6466      0    python         
 20260414    10:45:37       0    1119772     C     61     53      -      -      -      -   6464      0    python         
 20260414    10:45:37       1    1119773     C     68     59      -      -      -      -   6466      0    python         
 20260414    10:45:38       0    1119772     C     64     57      -      -      -      -   6464      0    python         
 20260414    10:45:38       1    1119773     C     68     59      -      -      -      -   6466      0    python         
 20260414    10:45:39       0    1119772     C     63     56      -      -      -      -   6464      0    python         
 20260414    10:45:39       1    1119773     C     66     57      -      -      -      -   6466      0    python         
 20260414    10:45:40       0    1119772     C     64     56      -      -      -      -   6464      0    python         
 20260414    10:45:40       1    1119773     C     68     59      -      -      -      -   6466      0    python         
 20260414    10:45:41       0    1119772     C     62     55      -      -      -      -   6464      0    python         
 20260414    10:45:41       1    1119773     C     67     58      -      -      -      -   6466      0    python         
 20260414    10:45:42       0    1119772     C     61     54      -      -      -      -   6464      0    python         
 20260414    10:45:42       1    1119773     C     67     58      -      -      -      -   6466      0    python         
 20260414    10:45:43       0    1119772     C     62     55      -      -      -      -   6464      0    python         
 20260414    10:45:43       1    1119773     C     67     58      -      -      -      -   6466      0    python         
 20260414    10:45:44       0    1119772     C     62     55      -      -      -      -   6464      0    python         
 20260414    10:45:44       1    1119773     C     66     58      -      -      -      -   6466      0    python         
 20260414    10:45:45       0    1119772     C     62     54      -      -      -      -   6464      0    python         
 20260414    10:45:45       1    1119773     C     67     59      -      -      -      -   6466      0    python         
 20260414    10:45:46       0    1119772     C     61     54      -      -      -      -   6464      0    python         
 20260414    10:45:46       1    1119773     C     66     58      -      -      -      -   6466      0    python         
 20260414    10:45:47       0    1119772     C     66     58      -      -      -      -   6464      0    python         
 20260414    10:45:47       1    1119773     C     64     56      -      -      -      -   6466      0    python         
 20260414    10:45:48       0    1119772     C     67     59      -      -      -      -   6464      0    python         
 20260414    10:45:48       1    1119773     C     61     54      -      -      -      -   6466      0    python         
 20260414    10:45:49       0    1119772     C     63     56      -      -      -      -   6464      0    python         
 20260414    10:45:49       1    1119773     C     65     58      -      -      -      -   6466      0    python         
 20260414    10:45:51       0    1119772     C     64     57      -      -      -      -   6464      0    python         
 20260414    10:45:51       1    1119773     C     66     58      -      -      -      -   6466      0    python         
 20260414    10:45:52       0    1119772     C     67     58      -      -      -      -   6464      0    python         
 20260414    10:45:52       1    1119773     C     60     52      -      -      -      -   6466      0    python         
 20260414    10:45:53       0    1119772     C     68     60      -      -      -      -   6464      0    python         
 20260414    10:45:53       1    1119773     C     63     55      -      -      -      -   6466      0    python         
 20260414    10:45:54       0    1119772     C     65     56      -      -      -      -   6464      0    python         
 20260414    10:45:54       1    1119773     C     61     53      -      -      -      -   6466      0    python         
 20260414    10:45:55       0    1119772     C     65     57      -      -      -      -   6464      0    python         
 20260414    10:45:55       1    1119773     C     63     56      -      -      -      -   6466      0    python         
 20260414    10:45:56       0    1119772     C     62     54      -      -      -      -   6464      0    python         
 20260414    10:45:56       1    1119773     C     61     54      -      -      -      -   6466      0    python         
#Date        Time         gpu         pid   type     sm    mem    enc    dec    jpg    ofa     fb   ccpm    command 
#YYYYMMDD    HH:MM:SS     Idx           #    C/G      %      %      %      %      %      %     MB     MB    name 
 20260414    10:45:57       0    1119772     C     64     56      -      -      -      -   6464      0    python         
 20260414    10:45:57       1    1119773     C     52     44      -      -      -      -   6466      0    python         
 20260414    10:45:58       0    1119772     C     60     54      -      -      -      -   6464      0    python         
 20260414    10:45:58       1    1119773     C     57     50      -      -      -      -   6466      0    python         
 20260414    10:45:59       0    1119772     C     61     53      -      -      -      -   6464      0    python         
 20260414    10:45:59       1    1119773     C     65     56      -      -      -      -   6466      0    python         
 20260414    10:46:00       0    1119772     C     63     55      -      -      -      -   6464      0    python         
 20260414    10:46:00       1    1119773     C     64     56      -      -      -      -   6466      0    python         
 20260414    10:46:01       0    1119772     C     61     53      -      -      -      -   6464      0    python         
 20260414    10:46:01       1    1119773     C     67     59      -      -      -      -   6466      0    python         
 20260414    10:46:02       0    1119772     C     63     56      -      -      -      -   6464      0    python         
 20260414    10:46:02       1    1119773     C     64     57      -      -      -      -   6466      0    python         
