timestamp,index,memory.used(MiB),util.gpu(%),util.mem(%),temp(C),power(W)
2026/04/14 10:46:05.497, 0, 0, 0, 0, 43, 42.60
2026/04/14 10:46:05.500, 1, 0, 0, 0, 45, 45.46
2026/04/14 10:46:06.505, 0, 0, 0, 0, 43, 42.41
2026/04/14 10:46:06.508, 1, 0, 0, 0, 45, 45.17
2026/04/14 10:46:07.511, 0, 0, 0, 0, 42, 26.89
2026/04/14 10:46:07.516, 1, 0, 0, 0, 43, 28.22
2026/04/14 10:46:08.518, 0, 0, 0, 0, 41, 26.79
2026/04/14 10:46:08.521, 1, 0, 0, 0, 43, 28.12
2026/04/14 10:46:09.525, 0, 4, 0, 0, 41, 26.59
2026/04/14 10:46:09.528, 1, 4, 0, 0, 42, 27.63
2026/04/14 10:46:10.531, 0, 0, 0, 0, 41, 25.91
2026/04/14 10:46:10.534, 1, 0, 0, 0, 42, 27.43
2026/04/14 10:46:11.541, 0, 0, 0, 0, 41, 25.91
2026/04/14 10:46:11.548, 1, 0, 0, 0, 42, 27.33
2026/04/14 10:46:12.551, 0, 0, 0, 0, 40, 25.81
2026/04/14 10:46:12.554, 1, 0, 0, 0, 41, 27.33
2026/04/14 10:46:13.557, 0, 0, 0, 0, 40, 25.72
2026/04/14 10:46:13.559, 1, 0, 0, 0, 41, 27.24
2026/04/14 10:46:14.569, 0, 0, 0, 0, 40, 25.72
2026/04/14 10:46:14.576, 1, 0, 0, 0, 41, 27.14
2026/04/14 10:46:15.578, 0, 0, 0, 0, 40, 25.52
2026/04/14 10:46:15.581, 1, 0, 0, 0, 41, 27.04
2026/04/14 10:46:16.585, 0, 4, 0, 0, 39, 25.52
2026/04/14 10:46:16.588, 1, 4, 0, 0, 40, 27.04
2026/04/14 10:46:17.596, 0, 4, 0, 0, 39, 25.52
2026/04/14 10:46:17.602, 1, 4, 0, 0, 40, 26.94
2026/04/14 10:46:18.604, 0, 62, 0, 0, 39, 33.88
2026/04/14 10:46:18.607, 1, 4, 0, 0, 40, 26.94
2026/04/14 10:46:19.611, 0, 660, 0, 0, 39, 38.93
2026/04/14 10:46:19.614, 1, 4, 0, 0, 40, 26.94
2026/04/14 10:46:20.617, 0, 1368, 47, 36, 41, 72.40
2026/04/14 10:46:20.619, 1, 4, 0, 0, 40, 26.84
2026/04/14 10:46:21.622, 0, 1368, 49, 39, 41, 80.68
2026/04/14 10:46:21.625, 1, 4, 0, 0, 39, 26.74
2026/04/14 10:46:22.632, 0, 1368, 52, 41, 42, 109.54
2026/04/14 10:46:22.635, 1, 4, 0, 0, 39, 26.63
2026/04/14 10:46:23.638, 0, 1368, 54, 42, 42, 89.22
2026/04/14 10:46:23.641, 1, 4, 0, 0, 39, 26.64
2026/04/14 10:46:24.644, 0, 1368, 52, 42, 42, 73.17
2026/04/14 10:46:24.646, 1, 4, 0, 0, 39, 26.64
2026/04/14 10:46:25.649, 0, 1368, 49, 38, 42, 90.13
2026/04/14 10:46:25.652, 1, 4, 0, 0, 39, 26.64
2026/04/14 10:46:26.655, 0, 1368, 52, 42, 42, 108.74
2026/04/14 10:46:26.660, 1, 4, 0, 0, 39, 26.64
2026/04/14 10:46:27.667, 0, 1368, 52, 40, 42, 88.20
2026/04/14 10:46:27.670, 1, 4, 0, 0, 38, 26.54
2026/04/14 10:46:28.672, 0, 1368, 54, 43, 42, 79.99
2026/04/14 10:46:28.675, 1, 4, 0, 0, 38, 26.44
2026/04/14 10:46:29.679, 0, 2106, 51, 45, 42, 99.14
2026/04/14 10:46:29.682, 1, 4, 0, 0, 38, 26.44
2026/04/14 10:46:30.684, 0, 2106, 51, 40, 42, 79.95
2026/04/14 10:46:30.688, 1, 4, 0, 0, 38, 26.44
2026/04/14 10:46:31.691, 0, 2106, 48, 37, 42, 109.90
2026/04/14 10:46:31.694, 1, 4, 0, 0, 38, 26.35
2026/04/14 10:46:32.697, 0, 2106, 49, 39, 42, 109.81
2026/04/14 10:46:32.699, 1, 4, 0, 0, 38, 26.25
2026/04/14 10:46:33.704, 0, 2106, 52, 41, 42, 76.36
2026/04/14 10:46:33.706, 1, 4, 0, 0, 37, 26.35
2026/04/14 10:46:34.710, 0, 2106, 53, 42, 42, 85.10
2026/04/14 10:46:34.712, 1, 4, 0, 0, 37, 26.24
2026/04/14 10:46:35.715, 0, 2106, 53, 42, 42, 111.16
2026/04/14 10:46:35.720, 1, 4, 0, 0, 37, 26.25
2026/04/14 10:46:36.722, 0, 2106, 55, 43, 42, 82.40
2026/04/14 10:46:36.725, 1, 4, 0, 0, 37, 26.15
2026/04/14 10:46:37.729, 0, 2106, 55, 44, 42, 112.58
2026/04/14 10:46:37.732, 1, 4, 0, 0, 37, 26.15
2026/04/14 10:46:38.735, 0, 2106, 56, 43, 42, 82.72
2026/04/14 10:46:38.738, 1, 4, 0, 0, 37, 26.15
2026/04/14 10:46:39.742, 0, 2108, 51, 44, 42, 113.14
2026/04/14 10:46:39.745, 1, 4, 0, 0, 37, 26.15
2026/04/14 10:46:40.748, 0, 2108, 55, 43, 43, 74.80
2026/04/14 10:46:40.751, 1, 4, 0, 0, 37, 26.15
2026/04/14 10:46:41.760, 0, 2108, 54, 42, 43, 114.22
2026/04/14 10:46:41.763, 1, 4, 0, 0, 36, 26.15
2026/04/14 10:46:42.766, 0, 2108, 55, 45, 42, 82.72
2026/04/14 10:46:42.769, 1, 4, 0, 0, 36, 26.06
2026/04/14 10:46:43.777, 0, 2108, 57, 44, 43, 110.25
2026/04/14 10:46:43.782, 1, 4, 0, 0, 36, 25.96
2026/04/14 10:46:44.787, 0, 2108, 54, 43, 43, 103.02
2026/04/14 10:46:44.790, 1, 4, 0, 0, 36, 26.06
2026/04/14 10:46:45.797, 0, 2108, 58, 45, 43, 97.62
2026/04/14 10:46:45.800, 1, 4, 0, 0, 36, 25.96
2026/04/14 10:46:46.808, 0, 2108, 53, 42, 43, 84.14
2026/04/14 10:46:46.811, 1, 4, 0, 0, 36, 25.86
2026/04/14 10:46:47.820, 0, 2108, 59, 47, 43, 76.16
2026/04/14 10:46:47.823, 1, 4, 0, 0, 36, 25.96
2026/04/14 10:46:48.831, 0, 2108, 51, 44, 43, 82.50
2026/04/14 10:46:48.835, 1, 4, 0, 0, 36, 25.76
2026/04/14 10:46:49.841, 0, 2108, 57, 45, 43, 75.00
2026/04/14 10:46:49.844, 1, 4, 0, 0, 35, 25.86
2026/04/14 10:46:50.848, 0, 2108, 54, 43, 43, 113.95
2026/04/14 10:46:50.850, 1, 4, 0, 0, 35, 25.76
2026/04/14 10:46:51.853, 0, 2108, 55, 43, 43, 74.82
2026/04/14 10:46:51.856, 1, 4, 0, 0, 35, 25.76
2026/04/14 10:46:52.859, 0, 2108, 56, 44, 43, 115.35
2026/04/14 10:46:52.864, 1, 4, 0, 0, 35, 25.76
2026/04/14 10:46:53.868, 0, 2108, 54, 42, 43, 72.97
2026/04/14 10:46:53.871, 1, 4, 0, 0, 35, 25.76
2026/04/14 10:46:54.880, 0, 2108, 56, 44, 43, 113.33
2026/04/14 10:46:54.882, 1, 4, 0, 0, 35, 25.76
2026/04/14 10:46:55.885, 0, 2108, 54, 43, 43, 80.85
2026/04/14 10:46:55.888, 1, 4, 0, 0, 35, 25.76
2026/04/14 10:46:56.891, 0, 2108, 58, 45, 43, 117.02
2026/04/14 10:46:56.893, 1, 4, 0, 0, 35, 25.76
2026/04/14 10:46:57.898, 0, 2108, 55, 44, 43, 71.92
2026/04/14 10:46:57.901, 1, 4, 0, 0, 35, 25.67
2026/04/14 10:46:58.909, 0, 2108, 56, 43, 43, 113.66
2026/04/14 10:46:58.911, 1, 4, 0, 0, 34, 25.67
2026/04/14 10:46:59.915, 0, 2108, 56, 44, 43, 71.71
2026/04/14 10:46:59.920, 1, 4, 0, 0, 34, 25.67
2026/04/14 10:47:00.923, 0, 2108, 54, 42, 43, 115.84
2026/04/14 10:47:00.926, 1, 4, 0, 0, 34, 25.67
2026/04/14 10:47:01.930, 0, 2108, 56, 44, 43, 70.64
2026/04/14 10:47:01.933, 1, 4, 0, 0, 34, 25.67
2026/04/14 10:47:02.939, 0, 2108, 54, 43, 43, 114.59
2026/04/14 10:47:02.941, 1, 4, 0, 0, 34, 25.47
2026/04/14 10:47:03.944, 0, 2108, 58, 46, 43, 75.17
2026/04/14 10:47:03.949, 1, 4, 0, 0, 34, 25.57
2026/04/14 10:47:04.952, 0, 2108, 54, 43, 43, 115.36
2026/04/14 10:47:04.955, 1, 4, 0, 0, 34, 25.57
2026/04/14 10:47:05.958, 0, 2108, 59, 47, 43, 74.33
2026/04/14 10:47:05.960, 1, 4, 0, 0, 34, 25.47
2026/04/14 10:47:06.968, 0, 2108, 52, 40, 43, 103.24
2026/04/14 10:47:06.971, 1, 4, 0, 0, 34, 25.57
2026/04/14 10:47:07.974, 0, 2108, 42, 35, 43, 81.33
2026/04/14 10:47:07.978, 1, 4, 0, 0, 34, 25.47
2026/04/14 10:47:08.981, 0, 2108, 45, 35, 43, 91.08
2026/04/14 10:47:08.984, 1, 4, 0, 0, 34, 25.47
2026/04/14 10:47:09.986, 0, 2108, 51, 41, 43, 93.47
2026/04/14 10:47:09.989, 1, 4, 0, 0, 33, 25.47
2026/04/14 10:47:10.998, 0, 2108, 50, 39, 43, 108.24
2026/04/14 10:47:11.001, 1, 4, 0, 0, 33, 25.47
2026/04/14 10:47:12.004, 0, 2108, 53, 43, 43, 71.91
2026/04/14 10:47:12.007, 1, 4, 0, 0, 33, 25.38
2026/04/14 10:47:13.011, 0, 2108, 50, 39, 43, 104.60
2026/04/14 10:47:13.013, 1, 4, 0, 0, 33, 25.27
2026/04/14 10:47:14.016, 0, 2108, 51, 42, 43, 109.96
2026/04/14 10:47:14.019, 1, 4, 0, 0, 33, 25.37
2026/04/14 10:47:15.027, 0, 2108, 46, 35, 43, 91.14
2026/04/14 10:47:15.030, 1, 4, 0, 0, 33, 25.47
2026/04/14 10:47:16.033, 0, 2108, 49, 39, 43, 104.11
2026/04/14 10:47:16.036, 1, 4, 0, 0, 33, 25.47
2026/04/14 10:47:17.039, 0, 2108, 52, 42, 43, 109.47
2026/04/14 10:47:17.042, 1, 4, 0, 0, 33, 25.37
2026/04/14 10:47:18.045, 0, 2108, 47, 39, 43, 70.64
2026/04/14 10:47:18.048, 1, 4, 0, 0, 33, 25.27
2026/04/14 10:47:19.056, 0, 2108, 52, 42, 43, 91.02
2026/04/14 10:47:19.062, 1, 4, 0, 0, 33, 25.37
2026/04/14 10:47:20.065, 0, 2108, 48, 37, 43, 110.45
2026/04/14 10:47:20.068, 1, 4, 0, 0, 33, 25.37
2026/04/14 10:47:21.071, 0, 2108, 51, 41, 43, 96.10
2026/04/14 10:47:21.073, 1, 4, 0, 0, 33, 25.28
2026/04/14 10:47:22.082, 0, 2108, 52, 42, 43, 76.93
2026/04/14 10:47:22.085, 1, 4, 0, 0, 33, 25.27
2026/04/14 10:47:23.088, 0, 2108, 53, 41, 43, 89.71
2026/04/14 10:47:23.092, 1, 4, 0, 0, 33, 25.37
2026/04/14 10:47:24.097, 0, 2108, 54, 43, 43, 110.19
2026/04/14 10:47:24.100, 1, 4, 0, 0, 33, 25.47
2026/04/14 10:47:25.103, 0, 2108, 47, 36, 43, 96.46
2026/04/14 10:47:25.106, 1, 4, 0, 0, 32, 25.47
2026/04/14 10:47:26.109, 0, 2108, 49, 40, 43, 68.13
2026/04/14 10:47:26.111, 1, 4, 0, 0, 32, 25.38
2026/04/14 10:47:27.114, 0, 2108, 50, 40, 43, 84.01
2026/04/14 10:47:27.117, 1, 4, 0, 0, 32, 25.38
2026/04/14 10:47:28.125, 0, 2128, 48, 41, 43, 69.14
2026/04/14 10:47:28.128, 1, 4, 0, 0, 32, 25.38
2026/04/14 10:47:29.141, 0, 2128, 49, 37, 43, 95.20
2026/04/14 10:47:29.147, 1, 4, 0, 0, 32, 25.37
2026/04/14 10:47:30.149, 0, 2128, 54, 43, 43, 111.22
2026/04/14 10:47:30.152, 1, 4, 0, 0, 32, 25.37
2026/04/14 10:47:31.155, 0, 2128, 56, 44, 43, 86.76
2026/04/14 10:47:31.158, 1, 4, 0, 0, 32, 25.36
2026/04/14 10:47:32.161, 0, 2128, 54, 42, 43, 112.79
2026/04/14 10:47:32.163, 1, 4, 0, 0, 32, 25.37
2026/04/14 10:47:33.166, 0, 2128, 57, 45, 43, 85.39
2026/04/14 10:47:33.169, 1, 4, 0, 0, 32, 25.27
2026/04/14 10:47:34.177, 0, 2128, 54, 43, 44, 108.71
2026/04/14 10:47:34.180, 1, 4, 0, 0, 32, 25.37
2026/04/14 10:47:35.183, 0, 2128, 58, 46, 43, 103.54
2026/04/14 10:47:35.186, 1, 4, 0, 0, 32, 25.38
2026/04/14 10:47:36.190, 0, 2128, 54, 43, 43, 109.71
2026/04/14 10:47:36.193, 1, 4, 0, 0, 32, 25.37
2026/04/14 10:47:37.197, 0, 2128, 54, 44, 43, 77.15
2026/04/14 10:47:37.199, 1, 4, 0, 0, 32, 25.27
2026/04/14 10:47:38.202, 0, 2128, 55, 44, 43, 110.16
2026/04/14 10:47:38.206, 1, 4, 0, 0, 32, 25.27
2026/04/14 10:47:39.209, 0, 2128, 56, 44, 43, 86.67
2026/04/14 10:47:39.211, 1, 4, 0, 0, 32, 25.27
2026/04/14 10:47:40.214, 0, 2128, 56, 43, 44, 113.21
2026/04/14 10:47:40.217, 1, 4, 0, 0, 32, 25.18
2026/04/14 10:47:41.220, 0, 2128, 57, 45, 44, 84.24
2026/04/14 10:47:41.223, 1, 4, 0, 0, 32, 25.27
2026/04/14 10:47:42.225, 0, 2128, 54, 43, 44, 113.95
2026/04/14 10:47:42.230, 1, 4, 0, 0, 32, 25.27
2026/04/14 10:47:43.241, 0, 2128, 57, 45, 43, 86.97
2026/04/14 10:47:43.246, 1, 4, 0, 0, 31, 25.08
2026/04/14 10:47:44.250, 0, 2128, 52, 42, 43, 111.07
2026/04/14 10:47:44.253, 1, 4, 0, 0, 31, 25.27
2026/04/14 10:47:45.255, 0, 2128, 51, 40, 43, 95.99
2026/04/14 10:47:45.258, 1, 4, 0, 0, 31, 25.18
2026/04/14 10:47:46.262, 0, 2128, 47, 36, 43, 111.45
2026/04/14 10:47:46.265, 1, 4, 0, 0, 31, 25.27
2026/04/14 10:47:47.269, 0, 2128, 45, 34, 43, 81.27
2026/04/14 10:47:47.271, 1, 4, 0, 0, 31, 25.18
2026/04/14 10:47:48.274, 0, 2128, 50, 40, 43, 110.14
2026/04/14 10:47:48.284, 1, 4, 0, 0, 31, 25.08
2026/04/14 10:47:49.290, 0, 2128, 47, 37, 43, 105.12
2026/04/14 10:47:49.292, 1, 4, 0, 0, 31, 25.18
2026/04/14 10:47:50.301, 0, 2128, 49, 39, 43, 89.16
2026/04/14 10:47:50.303, 1, 4, 0, 0, 31, 25.08
2026/04/14 10:47:51.310, 0, 2128, 48, 38, 43, 77.88
2026/04/14 10:47:51.313, 1, 4, 0, 0, 31, 25.27
2026/04/14 10:47:52.320, 0, 2128, 49, 38, 43, 66.13
2026/04/14 10:47:52.324, 1, 4, 0, 0, 31, 25.18
2026/04/14 10:47:53.331, 0, 2128, 52, 42, 43, 93.38
2026/04/14 10:47:53.333, 1, 4, 0, 0, 31, 25.18
2026/04/14 10:47:54.341, 0, 2128, 54, 43, 43, 77.30
2026/04/14 10:47:54.345, 1, 4, 0, 0, 31, 25.08
2026/04/14 10:47:55.353, 0, 2128, 52, 42, 43, 79.92
2026/04/14 10:47:55.355, 1, 4, 0, 0, 31, 24.98
2026/04/14 10:47:56.362, 0, 2128, 52, 41, 43, 111.53
2026/04/14 10:47:56.365, 1, 4, 0, 0, 31, 24.98
2026/04/14 10:47:57.372, 0, 2128, 49, 43, 43, 86.55
2026/04/14 10:47:57.375, 1, 4, 0, 0, 31, 25.08
2026/04/14 10:47:58.378, 0, 2128, 48, 36, 43, 87.23
2026/04/14 10:47:58.381, 1, 4, 0, 0, 31, 25.08
2026/04/14 10:47:59.384, 0, 2128, 50, 41, 43, 110.07
2026/04/14 10:47:59.387, 1, 4, 0, 0, 31, 24.98
2026/04/14 10:48:00.390, 0, 2128, 51, 41, 43, 102.73
2026/04/14 10:48:00.393, 1, 4, 0, 0, 31, 25.08
2026/04/14 10:48:01.401, 0, 2128, 50, 38, 43, 68.05
2026/04/14 10:48:01.404, 1, 4, 0, 0, 31, 25.08
2026/04/14 10:48:02.407, 0, 2128, 52, 42, 43, 85.47
2026/04/14 10:48:02.410, 1, 4, 0, 0, 31, 25.08
2026/04/14 10:48:03.413, 0, 2128, 49, 37, 43, 108.28
2026/04/14 10:48:03.415, 1, 4, 0, 0, 31, 25.08
2026/04/14 10:48:04.418, 0, 2128, 50, 40, 43, 103.67
2026/04/14 10:48:04.421, 1, 4, 0, 0, 31, 24.99
2026/04/14 10:48:05.429, 0, 2128, 52, 42, 43, 68.17
2026/04/14 10:48:05.433, 1, 4, 0, 0, 31, 25.08
2026/04/14 10:48:06.436, 0, 2128, 52, 40, 43, 82.69
2026/04/14 10:48:06.439, 1, 4, 0, 0, 31, 24.98
2026/04/14 10:48:07.442, 0, 2128, 51, 45, 43, 82.51
2026/04/14 10:48:07.445, 1, 4, 0, 0, 31, 25.08
2026/04/14 10:48:08.449, 0, 2128, 48, 37, 43, 104.14
2026/04/14 10:48:08.451, 1, 4, 0, 0, 30, 24.99
2026/04/14 10:48:09.458, 0, 2128, 49, 39, 43, 70.57
2026/04/14 10:48:09.464, 1, 4, 0, 0, 30, 25.08
2026/04/14 10:48:10.468, 0, 2128, 51, 41, 43, 78.48
2026/04/14 10:48:10.471, 1, 4, 0, 0, 30, 24.98
2026/04/14 10:48:11.473, 0, 2128, 52, 41, 43, 88.12
2026/04/14 10:48:11.476, 1, 4, 0, 0, 30, 24.99
2026/04/14 10:48:12.484, 0, 2128, 53, 42, 43, 110.86
2026/04/14 10:48:12.487, 1, 4, 0, 0, 30, 24.98
2026/04/14 10:48:13.490, 0, 2128, 53, 43, 43, 86.99
2026/04/14 10:48:13.493, 1, 4, 0, 0, 30, 24.99
2026/04/14 10:48:14.496, 0, 2128, 32, 25, 43, 111.80
2026/04/14 10:48:14.499, 1, 4, 0, 0, 30, 24.99
2026/04/14 10:48:15.503, 0, 2128, 52, 40, 43, 105.84
2026/04/14 10:48:15.505, 1, 4, 0, 0, 30, 24.98
2026/04/14 10:48:16.513, 0, 2128, 52, 42, 43, 68.56
2026/04/14 10:48:16.516, 1, 4, 0, 0, 30, 24.99
2026/04/14 10:48:17.520, 0, 2128, 43, 34, 43, 73.19
2026/04/14 10:48:17.523, 1, 4, 0, 0, 30, 25.08
2026/04/14 10:48:18.525, 0, 2128, 52, 41, 43, 110.14
2026/04/14 10:48:18.528, 1, 4, 0, 0, 30, 24.99
2026/04/14 10:48:19.532, 0, 2128, 53, 41, 43, 76.26
2026/04/14 10:48:19.535, 1, 4, 0, 0, 30, 24.99
2026/04/14 10:48:20.540, 0, 2128, 54, 43, 43, 80.78
2026/04/14 10:48:20.543, 1, 4, 0, 0, 30, 24.99
2026/04/14 10:48:21.547, 0, 2128, 50, 39, 43, 80.31
2026/04/14 10:48:21.551, 1, 4, 0, 0, 30, 24.98
2026/04/14 10:48:22.554, 0, 2128, 50, 39, 43, 112.26
2026/04/14 10:48:22.557, 1, 4, 0, 0, 30, 24.98
2026/04/14 10:48:23.560, 0, 2128, 52, 42, 43, 99.27
2026/04/14 10:48:23.562, 1, 4, 0, 0, 30, 24.99
2026/04/14 10:48:24.565, 0, 2128, 52, 40, 43, 68.62
2026/04/14 10:48:24.568, 1, 4, 0, 0, 30, 24.99
2026/04/14 10:48:25.576, 0, 2128, 53, 42, 43, 96.36
2026/04/14 10:48:25.579, 1, 4, 0, 0, 30, 24.89
2026/04/14 10:48:26.583, 0, 2128, 54, 43, 43, 109.16
2026/04/14 10:48:26.586, 1, 4, 0, 0, 30, 24.89
2026/04/14 10:48:27.590, 0, 2128, 52, 42, 43, 100.53
2026/04/14 10:48:27.592, 1, 4, 0, 0, 30, 24.89
2026/04/14 10:48:28.595, 0, 2148, 51, 41, 43, 72.42
2026/04/14 10:48:28.598, 1, 4, 0, 0, 30, 24.89
2026/04/14 10:48:29.605, 0, 2148, 51, 41, 43, 73.94
2026/04/14 10:48:29.608, 1, 4, 0, 0, 30, 24.98
2026/04/14 10:48:30.611, 0, 2148, 47, 37, 43, 75.59
2026/04/14 10:48:30.615, 1, 4, 0, 0, 30, 24.99
2026/04/14 10:48:31.618, 0, 2148, 48, 37, 43, 106.13
2026/04/14 10:48:31.621, 1, 4, 0, 0, 30, 24.89
2026/04/14 10:48:32.625, 0, 2148, 52, 42, 43, 109.62
2026/04/14 10:48:32.628, 1, 4, 0, 0, 30, 24.98
2026/04/14 10:48:33.633, 0, 2148, 50, 39, 43, 79.91
2026/04/14 10:48:33.637, 1, 4, 0, 0, 30, 24.89
2026/04/14 10:48:34.640, 0, 2148, 49, 40, 43, 77.30
2026/04/14 10:48:34.643, 1, 4, 0, 0, 30, 24.89
2026/04/14 10:48:35.646, 0, 2148, 48, 37, 43, 73.17
2026/04/14 10:48:35.649, 1, 4, 0, 0, 30, 24.89
2026/04/14 10:48:36.651, 0, 2148, 53, 42, 43, 104.22
2026/04/14 10:48:36.654, 1, 4, 0, 0, 30, 24.89
2026/04/14 10:48:37.664, 0, 2148, 50, 39, 43, 111.55
2026/04/14 10:48:37.667, 1, 4, 0, 0, 30, 24.98
2026/04/14 10:48:38.670, 0, 2148, 48, 38, 43, 84.33
2026/04/14 10:48:38.672, 1, 4, 0, 0, 30, 24.99
2026/04/14 10:48:39.675, 0, 2148, 48, 37, 43, 75.97
2026/04/14 10:48:39.678, 1, 4, 0, 0, 30, 24.89
2026/04/14 10:48:40.681, 0, 2148, 52, 42, 43, 75.30
2026/04/14 10:48:40.684, 1, 4, 0, 0, 30, 24.89
2026/04/14 10:48:41.688, 0, 2148, 50, 40, 43, 104.73
2026/04/14 10:48:41.693, 1, 4, 0, 0, 30, 24.89
2026/04/14 10:48:42.701, 0, 2148, 50, 38, 43, 110.62
2026/04/14 10:48:42.704, 1, 4, 0, 0, 30, 24.79
2026/04/14 10:48:43.707, 0, 2148, 50, 41, 43, 80.10
2026/04/14 10:48:43.710, 1, 4, 0, 0, 30, 24.79
2026/04/14 10:48:44.714, 0, 2148, 46, 35, 43, 82.04
2026/04/14 10:48:44.717, 1, 4, 0, 0, 30, 24.89
2026/04/14 10:48:45.721, 0, 2148, 52, 42, 43, 64.96
2026/04/14 10:48:45.723, 1, 4, 0, 0, 29, 24.89
2026/04/14 10:48:46.726, 0, 2148, 50, 38, 43, 101.11
2026/04/14 10:48:46.729, 1, 4, 0, 0, 30, 24.89
2026/04/14 10:48:47.732, 0, 2148, 51, 41, 43, 110.35
2026/04/14 10:48:47.735, 1, 4, 0, 0, 30, 24.89
2026/04/14 10:48:48.737, 0, 2148, 44, 37, 43, 80.99
2026/04/14 10:48:48.740, 1, 4, 0, 0, 29, 24.79
2026/04/14 10:48:49.744, 0, 2148, 46, 35, 43, 71.81
2026/04/14 10:48:49.747, 1, 4, 0, 0, 29, 24.89
2026/04/14 10:48:50.750, 0, 2148, 52, 42, 43, 75.59
2026/04/14 10:48:50.754, 1, 4, 0, 0, 29, 24.89
2026/04/14 10:48:51.756, 0, 2148, 52, 42, 43, 104.07
2026/04/14 10:48:51.759, 1, 4, 0, 0, 29, 24.89
2026/04/14 10:48:52.763, 0, 2148, 51, 41, 43, 108.52
2026/04/14 10:48:52.766, 1, 4, 0, 0, 29, 24.89
2026/04/14 10:48:53.776, 0, 2148, 49, 38, 43, 86.12
2026/04/14 10:48:53.778, 1, 4, 0, 0, 29, 24.79
2026/04/14 10:48:54.781, 0, 2148, 47, 36, 43, 99.12
2026/04/14 10:48:54.789, 1, 4, 0, 0, 29, 24.89
2026/04/14 10:48:55.792, 0, 2148, 46, 35, 43, 70.55
2026/04/14 10:48:55.795, 1, 4, 0, 0, 29, 24.89
2026/04/14 10:48:56.798, 0, 2148, 46, 36, 43, 85.79
2026/04/14 10:48:56.801, 1, 4, 0, 0, 29, 24.80
2026/04/14 10:48:57.805, 0, 2148, 47, 36, 43, 105.36
2026/04/14 10:48:57.810, 1, 4, 0, 0, 29, 24.79
2026/04/14 10:48:58.815, 0, 2148, 45, 36, 43, 79.03
2026/04/14 10:48:58.817, 1, 4, 0, 0, 29, 24.89
2026/04/14 10:48:59.823, 0, 2148, 51, 41, 43, 111.95
2026/04/14 10:48:59.826, 1, 4, 0, 0, 29, 24.79
2026/04/14 10:49:00.833, 0, 2148, 49, 37, 43, 85.82
2026/04/14 10:49:00.835, 1, 4, 0, 0, 29, 24.89
2026/04/14 10:49:01.844, 0, 2148, 52, 42, 43, 81.54
2026/04/14 10:49:01.846, 1, 4, 0, 0, 29, 24.79
2026/04/14 10:49:02.854, 0, 2148, 50, 40, 43, 82.21
2026/04/14 10:49:02.857, 1, 4, 0, 0, 29, 24.69
2026/04/14 10:49:03.864, 0, 2148, 48, 38, 43, 79.99
2026/04/14 10:49:03.867, 1, 4, 0, 0, 29, 24.79
2026/04/14 10:49:04.870, 0, 2148, 48, 37, 43, 68.16
2026/04/14 10:49:04.873, 1, 4, 0, 0, 29, 24.80
2026/04/14 10:49:05.877, 0, 2148, 52, 42, 43, 114.93
2026/04/14 10:49:05.880, 1, 4, 0, 0, 29, 24.69
2026/04/14 10:49:06.884, 0, 2148, 54, 42, 43, 113.84
2026/04/14 10:49:06.886, 1, 4, 0, 0, 29, 24.79
2026/04/14 10:49:07.895, 0, 2148, 57, 45, 43, 82.33
2026/04/14 10:49:07.898, 1, 4, 0, 0, 29, 24.89
2026/04/14 10:49:08.902, 0, 2148, 52, 42, 43, 74.81
2026/04/14 10:49:08.904, 1, 4, 0, 0, 29, 24.79
2026/04/14 10:49:09.908, 0, 2148, 58, 45, 43, 100.84
2026/04/14 10:49:09.911, 1, 4, 0, 0, 29, 24.79
2026/04/14 10:49:10.914, 0, 2148, 54, 43, 44, 110.66
2026/04/14 10:49:10.916, 1, 4, 0, 0, 29, 24.79
2026/04/14 10:49:11.923, 0, 2148, 59, 48, 43, 101.99
2026/04/14 10:49:11.926, 1, 4, 0, 0, 29, 24.79
2026/04/14 10:49:12.929, 0, 2148, 55, 44, 43, 110.69
2026/04/14 10:49:12.932, 1, 4, 0, 0, 29, 24.69
2026/04/14 10:49:13.935, 0, 2148, 57, 45, 43, 87.12
2026/04/14 10:49:13.938, 1, 4, 0, 0, 29, 24.79
2026/04/14 10:49:14.940, 0, 2148, 56, 44, 43, 111.63
2026/04/14 10:49:14.943, 1, 4, 0, 0, 29, 24.79
2026/04/14 10:49:15.952, 0, 2148, 54, 42, 43, 92.08
2026/04/14 10:49:15.955, 1, 4, 0, 0, 29, 24.79
2026/04/14 10:49:16.958, 0, 2148, 56, 44, 43, 88.98
2026/04/14 10:49:16.961, 1, 4, 0, 0, 29, 24.79
2026/04/14 10:49:17.963, 0, 2148, 58, 47, 43, 114.51
2026/04/14 10:49:17.966, 1, 4, 0, 0, 29, 24.79
2026/04/14 10:49:18.969, 0, 2148, 54, 43, 43, 83.19
2026/04/14 10:49:18.972, 1, 4, 0, 0, 29, 24.79
2026/04/14 10:49:19.974, 0, 2148, 59, 47, 43, 116.28
2026/04/14 10:49:19.977, 1, 4, 0, 0, 29, 24.69
2026/04/14 10:49:20.986, 0, 2148, 54, 43, 43, 84.88
2026/04/14 10:49:20.988, 1, 4, 0, 0, 29, 24.79
2026/04/14 10:49:21.991, 0, 2148, 59, 47, 44, 112.51
2026/04/14 10:49:21.995, 1, 4, 0, 0, 29, 24.79
2026/04/14 10:49:22.998, 0, 2148, 54, 43, 44, 84.26
2026/04/14 10:49:23.001, 1, 4, 0, 0, 29, 24.79
2026/04/14 10:49:24.004, 0, 2148, 56, 44, 44, 114.04
2026/04/14 10:49:24.006, 1, 4, 0, 0, 29, 24.79
2026/04/14 10:49:25.015, 0, 2148, 55, 43, 43, 95.83
2026/04/14 10:49:25.018, 1, 4, 0, 0, 29, 24.69
2026/04/14 10:49:26.022, 0, 2148, 55, 43, 43, 106.84
2026/04/14 10:49:26.025, 1, 4, 0, 0, 29, 24.69
2026/04/14 10:49:27.028, 0, 2148, 54, 43, 43, 89.58
2026/04/14 10:49:27.030, 1, 4, 0, 0, 29, 24.89
2026/04/14 10:49:28.034, 0, 2148, 50, 44, 43, 76.75
2026/04/14 10:49:28.040, 1, 4, 0, 0, 29, 24.69
2026/04/14 10:49:29.044, 0, 2148, 50, 40, 43, 113.68
2026/04/14 10:49:29.047, 1, 4, 0, 0, 29, 24.69
2026/04/14 10:49:30.050, 0, 2148, 52, 42, 44, 112.15
2026/04/14 10:49:30.053, 1, 4, 0, 0, 29, 24.69
2026/04/14 10:49:31.055, 0, 2148, 52, 42, 43, 106.38
2026/04/14 10:49:31.058, 1, 4, 0, 0, 29, 24.59
2026/04/14 10:49:32.061, 0, 2148, 52, 41, 43, 94.71
2026/04/14 10:49:32.064, 1, 4, 0, 0, 29, 24.70
2026/04/14 10:49:33.072, 0, 2148, 52, 42, 43, 110.47
2026/04/14 10:49:33.075, 1, 4, 0, 0, 29, 24.89
2026/04/14 10:49:34.079, 0, 2148, 52, 40, 43, 111.61
2026/04/14 10:49:34.082, 1, 4, 0, 0, 29, 24.69
2026/04/14 10:49:35.086, 0, 2148, 50, 38, 43, 108.63
2026/04/14 10:49:35.089, 1, 4, 0, 0, 29, 24.69
2026/04/14 10:49:36.097, 0, 2148, 50, 38, 43, 99.01
2026/04/14 10:49:36.100, 1, 4, 0, 0, 29, 24.79
2026/04/14 10:49:37.104, 0, 2148, 51, 42, 43, 113.00
2026/04/14 10:49:37.107, 1, 4, 0, 0, 29, 24.69
2026/04/14 10:49:38.110, 0, 2148, 49, 41, 43, 83.61
2026/04/14 10:49:38.113, 1, 4, 0, 0, 29, 24.69
2026/04/14 10:49:39.116, 0, 6388, 63, 52, 43, 73.56
2026/04/14 10:49:39.119, 1, 4, 0, 0, 29, 24.69
2026/04/14 10:49:40.125, 0, 6388, 67, 59, 44, 105.00
2026/04/14 10:49:40.129, 1, 4, 0, 0, 29, 24.69
2026/04/14 10:49:41.133, 0, 6388, 75, 75, 44, 161.61
2026/04/14 10:49:41.137, 1, 4, 0, 0, 29, 24.78
2026/04/14 10:49:42.140, 0, 6388, 61, 55, 44, 109.71
2026/04/14 10:49:42.143, 1, 4, 0, 0, 29, 24.69
2026/04/14 10:49:43.151, 0, 6388, 60, 56, 44, 68.81
2026/04/14 10:49:43.154, 1, 4, 0, 0, 29, 24.69
2026/04/14 10:49:44.157, 0, 6388, 49, 35, 44, 99.62
2026/04/14 10:49:44.160, 1, 4, 0, 0, 29, 24.69
2026/04/14 10:49:45.164, 0, 6388, 66, 56, 44, 60.82
2026/04/14 10:49:45.166, 1, 4, 0, 0, 29, 24.79
2026/04/14 10:49:46.176, 0, 6388, 69, 60, 44, 72.20
2026/04/14 10:49:46.179, 1, 4, 0, 0, 29, 24.60
2026/04/14 10:49:47.183, 0, 6388, 80, 74, 44, 107.82
2026/04/14 10:49:47.186, 1, 4, 0, 0, 29, 24.79
2026/04/14 10:49:48.189, 0, 6388, 77, 74, 44, 86.32
2026/04/14 10:49:48.192, 1, 4, 0, 0, 29, 24.70
2026/04/14 10:49:49.196, 0, 6388, 60, 54, 44, 112.48
2026/04/14 10:49:49.199, 1, 4, 0, 0, 29, 24.69
2026/04/14 10:49:50.202, 0, 6388, 59, 53, 44, 100.39
2026/04/14 10:49:50.205, 1, 4, 0, 0, 29, 24.69
2026/04/14 10:49:51.209, 0, 6388, 54, 40, 44, 115.50
2026/04/14 10:49:51.212, 1, 4, 0, 0, 29, 24.69
2026/04/14 10:49:52.220, 0, 6388, 57, 45, 44, 116.85
2026/04/14 10:49:52.222, 1, 4, 0, 0, 29, 24.69
2026/04/14 10:49:53.225, 0, 6388, 58, 45, 44, 119.29
2026/04/14 10:49:53.228, 1, 4, 0, 0, 28, 24.59
2026/04/14 10:49:54.231, 0, 6388, 59, 46, 44, 117.61
2026/04/14 10:49:54.233, 1, 4, 0, 0, 29, 24.69
2026/04/14 10:49:55.237, 0, 6388, 57, 44, 44, 118.97
2026/04/14 10:49:55.239, 1, 4, 0, 0, 29, 24.69
2026/04/14 10:49:56.242, 0, 6388, 54, 42, 44, 117.80
2026/04/14 10:49:56.245, 1, 4, 0, 0, 29, 24.59
2026/04/14 10:49:57.248, 0, 6388, 48, 35, 44, 107.84
2026/04/14 10:49:57.250, 1, 4, 0, 0, 28, 24.69
2026/04/14 10:49:58.253, 0, 6388, 53, 40, 44, 109.17
2026/04/14 10:49:58.256, 1, 4, 0, 0, 28, 24.69
2026/04/14 10:49:59.259, 0, 6388, 56, 47, 44, 111.20
2026/04/14 10:49:59.261, 1, 4, 0, 0, 29, 24.69
2026/04/14 10:50:00.264, 0, 6388, 74, 63, 44, 111.64
2026/04/14 10:50:00.270, 1, 4, 0, 0, 28, 24.69
2026/04/14 10:50:01.274, 0, 6388, 72, 61, 44, 116.21
2026/04/14 10:50:01.277, 1, 4, 0, 0, 28, 24.69
2026/04/14 10:50:02.281, 0, 6388, 75, 65, 44, 115.71
2026/04/14 10:50:02.283, 1, 4, 0, 0, 28, 24.69
2026/04/14 10:50:03.287, 0, 6388, 67, 56, 44, 82.82
2026/04/14 10:50:03.290, 1, 4, 0, 0, 28, 24.70
2026/04/14 10:50:04.293, 0, 6388, 57, 42, 44, 87.69
2026/04/14 10:50:04.296, 1, 4, 0, 0, 28, 24.69
2026/04/14 10:50:05.300, 0, 6388, 58, 48, 44, 108.14
2026/04/14 10:50:05.305, 1, 4, 0, 0, 28, 24.59
2026/04/14 10:50:06.309, 0, 6388, 61, 55, 44, 114.32
2026/04/14 10:50:06.312, 1, 4, 0, 0, 28, 24.59
2026/04/14 10:50:07.316, 0, 6388, 65, 58, 45, 112.40
2026/04/14 10:50:07.319, 1, 4, 0, 0, 28, 24.59
2026/04/14 10:50:08.323, 0, 6388, 62, 56, 45, 139.08
2026/04/14 10:50:08.326, 1, 4, 0, 0, 28, 24.68
2026/04/14 10:50:09.330, 0, 6388, 60, 53, 45, 166.07
2026/04/14 10:50:09.333, 1, 4, 0, 0, 28, 24.68
2026/04/14 10:50:10.339, 0, 6388, 67, 61, 45, 117.82
2026/04/14 10:50:10.341, 1, 4, 0, 0, 28, 24.69
2026/04/14 10:50:11.346, 0, 6388, 68, 62, 45, 79.92
2026/04/14 10:50:11.349, 1, 4, 0, 0, 28, 24.70
2026/04/14 10:50:12.352, 0, 6388, 73, 69, 45, 110.11
2026/04/14 10:50:12.355, 1, 4, 0, 0, 28, 24.69
2026/04/14 10:50:13.359, 0, 6388, 79, 75, 45, 98.20
2026/04/14 10:50:13.362, 1, 4, 0, 0, 28, 24.59
2026/04/14 10:50:14.366, 0, 6388, 82, 80, 45, 75.94
2026/04/14 10:50:14.369, 1, 4, 0, 0, 28, 24.69
2026/04/14 10:50:15.375, 0, 6388, 82, 78, 45, 75.98
2026/04/14 10:50:15.378, 1, 4, 0, 0, 28, 24.60
2026/04/14 10:50:16.382, 0, 6388, 81, 74, 44, 65.06
2026/04/14 10:50:16.384, 1, 4, 0, 0, 28, 24.60
2026/04/14 10:50:17.388, 0, 6388, 75, 65, 44, 120.74
2026/04/14 10:50:17.391, 1, 4, 0, 0, 28, 24.59
2026/04/14 10:50:18.395, 0, 6388, 71, 61, 45, 103.88
2026/04/14 10:50:18.398, 1, 4, 0, 0, 28, 24.69
2026/04/14 10:50:19.405, 0, 6388, 76, 66, 45, 100.00
2026/04/14 10:50:19.409, 1, 4, 0, 0, 28, 24.59
2026/04/14 10:50:20.413, 0, 6388, 75, 65, 45, 121.20
2026/04/14 10:50:20.416, 1, 4, 0, 0, 28, 24.69
2026/04/14 10:50:21.420, 0, 6388, 70, 59, 45, 69.53
2026/04/14 10:50:21.422, 1, 4, 0, 0, 28, 24.59
2026/04/14 10:50:22.432, 0, 6388, 68, 56, 45, 103.34
2026/04/14 10:50:22.434, 1, 4, 0, 0, 28, 24.69
2026/04/14 10:50:23.438, 0, 6388, 63, 50, 45, 108.55
2026/04/14 10:50:23.441, 1, 4, 0, 0, 28, 24.49
2026/04/14 10:50:24.445, 0, 6388, 60, 47, 45, 81.67
2026/04/14 10:50:24.447, 1, 4, 0, 0, 28, 24.60
2026/04/14 10:50:25.451, 0, 6448, 73, 62, 45, 101.10
2026/04/14 10:50:25.454, 1, 4, 0, 0, 28, 24.59
2026/04/14 10:50:26.461, 0, 6448, 71, 60, 45, 119.19
2026/04/14 10:50:26.463, 1, 4, 0, 0, 28, 24.69
2026/04/14 10:50:27.467, 0, 6448, 77, 67, 45, 74.92
2026/04/14 10:50:27.470, 1, 4, 0, 0, 28, 24.60
2026/04/14 10:50:28.473, 0, 6448, 72, 61, 45, 97.06
2026/04/14 10:50:28.476, 1, 4, 0, 0, 28, 24.59
2026/04/14 10:50:29.480, 0, 6448, 69, 58, 45, 111.18
2026/04/14 10:50:29.483, 1, 4, 0, 0, 28, 24.59
2026/04/14 10:50:30.490, 0, 6448, 73, 69, 45, 114.49
2026/04/14 10:50:30.493, 1, 4, 0, 0, 28, 24.49
2026/04/14 10:50:31.497, 0, 6448, 79, 76, 45, 112.30
2026/04/14 10:50:31.500, 1, 4, 0, 0, 28, 24.59
2026/04/14 10:50:32.504, 0, 6448, 81, 79, 45, 157.01
2026/04/14 10:50:32.509, 1, 4, 0, 0, 28, 24.68
2026/04/14 10:50:33.517, 0, 6448, 81, 78, 46, 138.98
2026/04/14 10:50:33.520, 1, 4, 0, 0, 28, 24.69
2026/04/14 10:50:34.525, 0, 6448, 80, 73, 46, 87.26
2026/04/14 10:50:34.527, 1, 4, 0, 0, 28, 24.59
2026/04/14 10:50:35.530, 0, 6448, 75, 64, 45, 111.79
2026/04/14 10:50:35.533, 1, 4, 0, 0, 28, 24.59
2026/04/14 10:50:36.536, 0, 6448, 71, 60, 45, 106.83
2026/04/14 10:50:36.539, 1, 4, 0, 0, 28, 24.59
2026/04/14 10:50:37.547, 0, 6448, 76, 67, 45, 82.58
2026/04/14 10:50:37.550, 1, 4, 0, 0, 28, 24.59
2026/04/14 10:50:38.554, 0, 6448, 75, 65, 45, 77.69
2026/04/14 10:50:38.557, 1, 4, 0, 0, 28, 24.59
2026/04/14 10:50:39.561, 0, 6448, 70, 59, 45, 64.96
2026/04/14 10:50:39.565, 1, 4, 0, 0, 28, 24.69
2026/04/14 10:50:40.574, 0, 6448, 67, 56, 45, 113.17
2026/04/14 10:50:40.577, 1, 4, 0, 0, 28, 24.59
2026/04/14 10:50:41.581, 0, 6448, 61, 48, 45, 102.12
2026/04/14 10:50:41.584, 1, 4, 0, 0, 28, 24.59
2026/04/14 10:50:42.586, 0, 6448, 57, 42, 45, 111.49
2026/04/14 10:50:42.591, 1, 4, 0, 0, 28, 24.59
2026/04/14 10:50:43.601, 0, 6448, 56, 42, 45, 80.97
2026/04/14 10:50:43.604, 1, 4, 0, 0, 28, 24.59
2026/04/14 10:50:44.608, 0, 6448, 57, 47, 45, 96.17
2026/04/14 10:50:44.610, 1, 4, 0, 0, 28, 24.59
2026/04/14 10:50:45.613, 0, 6448, 61, 55, 45, 111.91
2026/04/14 10:50:45.618, 1, 4, 0, 0, 28, 24.59
2026/04/14 10:50:46.621, 0, 6448, 65, 59, 45, 111.61
2026/04/14 10:50:46.623, 1, 4, 0, 0, 28, 24.69
2026/04/14 10:50:47.632, 0, 6448, 59, 52, 45, 115.91
2026/04/14 10:50:47.635, 1, 4, 0, 0, 28, 24.58
2026/04/14 10:50:48.638, 0, 6448, 63, 57, 46, 157.00
2026/04/14 10:50:48.641, 1, 4, 0, 0, 28, 24.58
2026/04/14 10:50:49.645, 0, 6448, 68, 63, 46, 127.73
2026/04/14 10:50:49.647, 1, 4, 0, 0, 28, 24.69
2026/04/14 10:50:50.650, 0, 6448, 73, 69, 46, 80.71
2026/04/14 10:50:50.653, 1, 4, 0, 0, 28, 24.59
2026/04/14 10:50:51.655, 0, 6448, 80, 76, 46, 110.68
2026/04/14 10:50:51.658, 1, 4, 0, 0, 28, 24.59
2026/04/14 10:50:52.669, 0, 6448, 82, 80, 46, 73.17
2026/04/14 10:50:52.673, 1, 4, 0, 0, 28, 24.59
2026/04/14 10:50:53.677, 0, 6448, 81, 77, 45, 97.81
2026/04/14 10:50:53.680, 1, 4, 0, 0, 28, 24.50
2026/04/14 10:50:54.684, 0, 6448, 79, 70, 45, 63.82
2026/04/14 10:50:54.687, 1, 4, 0, 0, 28, 24.59
2026/04/14 10:50:55.690, 0, 6448, 73, 62, 45, 116.70
2026/04/14 10:50:55.692, 1, 4, 0, 0, 28, 24.69
2026/04/14 10:50:56.696, 0, 6448, 73, 62, 45, 104.13
2026/04/14 10:50:56.702, 1, 4, 0, 0, 28, 24.59
2026/04/14 10:50:57.709, 0, 6448, 77, 67, 45, 108.04
2026/04/14 10:50:57.712, 1, 4, 0, 0, 28, 24.59
2026/04/14 10:50:58.715, 0, 6448, 70, 60, 45, 103.09
2026/04/14 10:50:58.717, 1, 4, 0, 0, 28, 24.59
2026/04/14 10:50:59.720, 0, 6448, 66, 55, 45, 65.74
2026/04/14 10:50:59.723, 1, 4, 0, 0, 28, 24.60
2026/04/14 10:51:00.726, 0, 6448, 68, 59, 45, 104.52
2026/04/14 10:51:00.731, 1, 4, 0, 0, 28, 24.59
2026/04/14 10:51:01.734, 0, 6448, 76, 73, 45, 81.85
2026/04/14 10:51:01.738, 1, 4, 0, 0, 28, 24.59
2026/04/14 10:51:02.742, 0, 6448, 65, 61, 46, 105.31
2026/04/14 10:51:02.747, 1, 4, 0, 0, 28, 24.59
2026/04/14 10:51:03.757, 0, 6448, 55, 50, 45, 163.22
2026/04/14 10:51:03.760, 1, 4, 0, 0, 28, 24.58
2026/04/14 10:51:04.764, 0, 6448, 51, 43, 45, 111.43
2026/04/14 10:51:04.767, 1, 4, 0, 0, 28, 24.59
2026/04/14 10:51:05.771, 0, 6448, 49, 35, 45, 63.15
2026/04/14 10:51:05.774, 1, 4, 0, 0, 28, 24.60
2026/04/14 10:51:06.777, 0, 6448, 63, 52, 45, 100.88
2026/04/14 10:51:06.780, 1, 4, 0, 0, 28, 24.59
2026/04/14 10:51:07.783, 0, 6448, 73, 65, 45, 62.66
2026/04/14 10:51:07.788, 1, 4, 0, 0, 28, 24.60
2026/04/14 10:51:08.791, 0, 6448, 72, 62, 45, 74.53
2026/04/14 10:51:08.793, 1, 4, 0, 0, 28, 24.60
2026/04/14 10:51:09.797, 0, 6448, 83, 80, 45, 58.97
2026/04/14 10:51:09.802, 1, 4, 0, 0, 28, 24.49
2026/04/14 10:51:10.813, 0, 6448, 53, 48, 45, 82.72
2026/04/14 10:51:10.815, 1, 4, 0, 0, 28, 24.59
2026/04/14 10:51:11.822, 0, 6448, 45, 32, 45, 106.17
2026/04/14 10:51:11.825, 1, 4, 0, 0, 28, 24.59
2026/04/14 10:51:12.832, 0, 6448, 63, 52, 45, 72.39
2026/04/14 10:51:12.835, 1, 4, 0, 0, 28, 24.60
2026/04/14 10:51:13.843, 0, 6448, 70, 61, 45, 93.21
2026/04/14 10:51:13.846, 1, 4, 0, 0, 28, 24.50
2026/04/14 10:51:14.853, 0, 6448, 82, 81, 46, 77.80
2026/04/14 10:51:14.856, 1, 4, 0, 0, 28, 24.59
2026/04/14 10:51:15.861, 0, 6448, 68, 63, 45, 151.49
2026/04/14 10:51:15.864, 1, 4, 0, 0, 28, 24.68
2026/04/14 10:51:16.874, 0, 6448, 60, 55, 45, 111.34
2026/04/14 10:51:16.879, 1, 4, 0, 0, 28, 24.59
2026/04/14 10:51:17.883, 0, 6448, 46, 35, 45, 81.46
2026/04/14 10:51:17.886, 1, 4, 0, 0, 28, 24.60
2026/04/14 10:51:18.889, 0, 6448, 52, 39, 45, 102.33
2026/04/14 10:51:18.892, 1, 4, 0, 0, 28, 24.59
2026/04/14 10:51:19.895, 0, 6448, 71, 62, 45, 70.37
2026/04/14 10:51:19.897, 1, 4, 0, 0, 28, 24.59
2026/04/14 10:51:20.900, 0, 6448, 81, 77, 45, 109.27
2026/04/14 10:51:20.903, 1, 4, 0, 0, 28, 24.59
2026/04/14 10:51:21.907, 0, 6448, 67, 63, 46, 141.49
2026/04/14 10:51:21.911, 1, 4, 0, 0, 28, 24.59
2026/04/14 10:51:22.918, 0, 6448, 59, 55, 45, 111.14
2026/04/14 10:51:22.921, 1, 4, 0, 0, 28, 24.59
2026/04/14 10:51:23.923, 0, 6448, 61, 56, 45, 112.34
2026/04/14 10:51:23.926, 1, 4, 0, 0, 28, 24.59
2026/04/14 10:51:24.929, 0, 6448, 63, 57, 45, 112.38
2026/04/14 10:51:24.932, 1, 4, 0, 0, 28, 24.59
2026/04/14 10:51:25.935, 0, 6448, 64, 58, 46, 114.66
2026/04/14 10:51:25.940, 1, 4, 0, 0, 28, 24.59
2026/04/14 10:51:26.948, 0, 6448, 61, 54, 46, 169.42
2026/04/14 10:51:26.951, 1, 4, 0, 0, 28, 24.58
2026/04/14 10:51:27.955, 0, 6448, 67, 62, 46, 108.65
2026/04/14 10:51:27.957, 1, 4, 0, 0, 28, 24.59
2026/04/14 10:51:28.961, 0, 6448, 72, 68, 46, 65.45
2026/04/14 10:51:28.964, 1, 4, 0, 0, 28, 24.59
2026/04/14 10:51:29.968, 0, 6448, 79, 77, 46, 109.52
2026/04/14 10:51:29.971, 1, 4, 0, 0, 28, 24.60
2026/04/14 10:51:30.980, 0, 6448, 72, 69, 46, 90.78
2026/04/14 10:51:30.982, 1, 4, 0, 0, 28, 24.59
2026/04/14 10:51:31.986, 0, 6448, 59, 52, 46, 159.52
2026/04/14 10:51:31.989, 1, 4, 0, 0, 28, 24.58
2026/04/14 10:51:32.993, 0, 6448, 53, 43, 46, 114.41
2026/04/14 10:51:32.998, 1, 4, 0, 0, 28, 24.58
2026/04/14 10:51:34.008, 0, 6448, 57, 49, 46, 148.18
2026/04/14 10:51:34.012, 1, 4, 0, 0, 28, 24.68
2026/04/14 10:51:35.016, 0, 6448, 64, 58, 46, 146.86
2026/04/14 10:51:35.019, 1, 4, 0, 0, 28, 24.59
2026/04/14 10:51:36.023, 0, 6448, 60, 53, 46, 84.56
2026/04/14 10:51:36.026, 1, 4, 0, 0, 28, 24.60
2026/04/14 10:51:37.036, 0, 6448, 67, 62, 46, 110.32
2026/04/14 10:51:37.039, 1, 4, 0, 0, 28, 24.59
2026/04/14 10:51:38.041, 0, 6448, 72, 67, 46, 68.82
2026/04/14 10:51:38.044, 1, 4, 0, 0, 28, 24.50
2026/04/14 10:51:39.047, 0, 6448, 79, 76, 46, 97.31
2026/04/14 10:51:39.049, 1, 4, 0, 0, 28, 24.59
2026/04/14 10:51:40.052, 0, 6448, 86, 84, 46, 63.03
2026/04/14 10:51:40.056, 1, 4, 0, 0, 28, 24.60
2026/04/14 10:51:41.066, 0, 6448, 86, 82, 46, 114.76
2026/04/14 10:51:41.068, 1, 4, 0, 0, 28, 24.59
2026/04/14 10:51:42.073, 0, 6448, 80, 72, 46, 101.63
2026/04/14 10:51:42.076, 1, 4, 0, 0, 28, 24.59
2026/04/14 10:51:43.080, 0, 6448, 73, 62, 46, 124.07
2026/04/14 10:51:43.083, 1, 4, 0, 0, 28, 24.59
2026/04/14 10:51:44.091, 0, 6448, 62, 54, 46, 103.55
2026/04/14 10:51:44.094, 1, 4, 0, 0, 28, 24.59
2026/04/14 10:51:45.097, 0, 6448, 68, 63, 46, 109.71
2026/04/14 10:51:45.100, 1, 4, 0, 0, 28, 24.59
2026/04/14 10:51:46.103, 0, 6448, 73, 68, 46, 114.61
2026/04/14 10:51:46.106, 1, 4, 0, 0, 28, 24.59
2026/04/14 10:51:47.110, 0, 6448, 80, 78, 46, 123.75
2026/04/14 10:51:47.113, 1, 4, 0, 0, 28, 24.59
2026/04/14 10:51:48.121, 0, 6448, 86, 84, 46, 167.31
2026/04/14 10:51:48.123, 1, 4, 0, 0, 28, 24.58
2026/04/14 10:51:49.127, 0, 6448, 85, 81, 47, 90.61
2026/04/14 10:51:49.130, 1, 4, 0, 0, 28, 24.59
2026/04/14 10:51:50.134, 0, 6448, 78, 68, 46, 81.00
2026/04/14 10:51:50.136, 1, 4, 0, 0, 28, 24.59
2026/04/14 10:51:51.145, 0, 6448, 72, 61, 46, 89.51
2026/04/14 10:51:51.148, 1, 4, 0, 0, 28, 24.60
2026/04/14 10:51:52.152, 0, 6448, 76, 66, 46, 80.20
2026/04/14 10:51:52.155, 1, 4, 0, 0, 28, 24.60
2026/04/14 10:51:53.158, 0, 6448, 67, 55, 46, 74.89
2026/04/14 10:51:53.161, 1, 4, 0, 0, 28, 24.59
2026/04/14 10:51:54.172, 0, 6448, 63, 50, 46, 116.50
2026/04/14 10:51:54.174, 1, 4, 0, 0, 28, 24.59
2026/04/14 10:51:55.179, 0, 6448, 55, 41, 46, 104.13
2026/04/14 10:51:55.181, 1, 4, 0, 0, 28, 24.59
2026/04/14 10:51:56.185, 0, 6448, 52, 36, 46, 105.00
2026/04/14 10:51:56.188, 1, 4, 0, 0, 28, 24.59
2026/04/14 10:51:57.199, 0, 6470, 72, 61, 46, 95.84
2026/04/14 10:51:57.202, 1, 4, 0, 0, 28, 24.59
2026/04/14 10:51:58.205, 0, 6470, 75, 65, 46, 63.05
2026/04/14 10:51:58.208, 1, 4, 0, 0, 28, 24.59
2026/04/14 10:51:59.212, 0, 6470, 68, 56, 46, 122.61
2026/04/14 10:51:59.215, 1, 4, 0, 0, 28, 24.59
2026/04/14 10:52:00.224, 0, 6470, 64, 51, 46, 101.82
2026/04/14 10:52:00.228, 1, 4, 0, 0, 28, 24.59
2026/04/14 10:52:01.231, 0, 6470, 55, 41, 46, 121.93
2026/04/14 10:52:01.234, 1, 4, 0, 0, 28, 24.58
2026/04/14 10:52:02.238, 0, 6470, 53, 37, 46, 89.46
2026/04/14 10:52:02.241, 1, 4, 0, 0, 28, 24.59
2026/04/14 10:52:03.244, 0, 6470, 54, 43, 46, 109.71
2026/04/14 10:52:03.247, 1, 4, 0, 0, 28, 24.49
2026/04/14 10:52:04.251, 0, 6470, 61, 54, 46, 114.89
2026/04/14 10:52:04.256, 1, 4, 0, 0, 28, 24.49
2026/04/14 10:52:05.265, 0, 6470, 66, 59, 46, 135.70
2026/04/14 10:52:05.268, 1, 4, 0, 0, 28, 24.69
2026/04/14 10:52:06.272, 0, 6470, 61, 54, 47, 162.15
2026/04/14 10:52:06.275, 1, 4, 0, 0, 28, 24.68
2026/04/14 10:52:07.279, 0, 6470, 69, 64, 47, 89.45
2026/04/14 10:52:07.284, 1, 4, 0, 0, 28, 24.50
2026/04/14 10:52:08.288, 0, 6470, 73, 68, 46, 84.95
2026/04/14 10:52:08.291, 1, 4, 0, 0, 28, 24.49
2026/04/14 10:52:09.293, 0, 6470, 83, 81, 46, 108.87
2026/04/14 10:52:09.297, 1, 4, 0, 0, 28, 24.60
2026/04/14 10:52:10.301, 0, 6470, 85, 82, 46, 76.16
2026/04/14 10:52:10.308, 1, 4, 0, 0, 28, 24.59
2026/04/14 10:52:11.313, 0, 6470, 79, 77, 46, 57.43
2026/04/14 10:52:11.316, 1, 4, 0, 0, 28, 24.59
2026/04/14 10:52:12.320, 0, 6470, 62, 58, 46, 160.22
2026/04/14 10:52:12.324, 1, 4, 0, 0, 28, 24.49
2026/04/14 10:52:13.328, 0, 6470, 55, 50, 46, 108.84
2026/04/14 10:52:13.331, 1, 4, 0, 0, 28, 24.49
2026/04/14 10:52:14.334, 0, 6470, 56, 50, 46, 80.70
2026/04/14 10:52:14.337, 1, 4, 0, 0, 28, 24.59
2026/04/14 10:52:15.341, 0, 6470, 45, 32, 46, 103.94
2026/04/14 10:52:15.344, 1, 4, 0, 0, 28, 24.59
2026/04/14 10:52:16.348, 0, 6470, 79, 76, 46, 72.20
2026/04/14 10:52:16.350, 1, 4, 0, 0, 28, 24.60
2026/04/14 10:52:17.354, 0, 6470, 68, 63, 46, 93.36
2026/04/14 10:52:17.358, 1, 4, 0, 0, 28, 24.69
2026/04/14 10:52:18.361, 0, 6470, 59, 52, 46, 80.10
2026/04/14 10:52:18.364, 1, 4, 0, 0, 28, 24.59
2026/04/14 10:52:19.368, 0, 6470, 59, 55, 46, 154.79
2026/04/14 10:52:19.373, 1, 4, 0, 0, 28, 24.59
2026/04/14 10:52:20.377, 0, 6470, 44, 31, 46, 112.50
2026/04/14 10:52:20.380, 1, 4, 0, 0, 28, 24.59
2026/04/14 10:52:21.388, 0, 6470, 59, 47, 46, 81.94
2026/04/14 10:52:21.391, 1, 4, 0, 0, 28, 24.59
2026/04/14 10:52:22.398, 0, 6470, 71, 61, 46, 100.39
2026/04/14 10:52:22.401, 1, 4, 0, 0, 28, 24.59
2026/04/14 10:52:23.409, 0, 6470, 80, 73, 46, 97.04
2026/04/14 10:52:23.412, 1, 4, 0, 0, 28, 24.59
2026/04/14 10:52:24.419, 0, 6470, 78, 76, 46, 94.99
2026/04/14 10:52:24.425, 1, 4, 0, 0, 28, 24.59
2026/04/14 10:52:25.429, 0, 6470, 62, 57, 46, 107.25
2026/04/14 10:52:25.432, 1, 4, 0, 0, 28, 24.59
2026/04/14 10:52:26.435, 0, 6470, 52, 45, 46, 114.88
2026/04/14 10:52:26.438, 1, 4, 0, 0, 28, 24.59
2026/04/14 10:52:27.442, 0, 6470, 52, 44, 46, 122.52
2026/04/14 10:52:27.445, 1, 4, 0, 0, 28, 24.69
2026/04/14 10:52:28.454, 0, 6470, 78, 70, 47, 96.63
2026/04/14 10:52:28.457, 1, 4, 0, 0, 28, 24.69
2026/04/14 10:52:29.460, 0, 6470, 73, 70, 46, 110.29
2026/04/14 10:52:29.463, 1, 4, 0, 0, 28, 24.49
2026/04/14 10:52:30.468, 0, 6470, 57, 51, 46, 83.26
2026/04/14 10:52:30.471, 1, 4, 0, 0, 28, 24.49
2026/04/14 10:52:31.480, 0, 6470, 43, 31, 46, 101.53
2026/04/14 10:52:31.483, 1, 4, 0, 0, 28, 24.59
2026/04/14 10:52:32.487, 0, 6470, 58, 46, 46, 69.78
2026/04/14 10:52:32.489, 1, 4, 0, 0, 28, 24.50
2026/04/14 10:52:33.493, 0, 6470, 68, 59, 46, 110.64
2026/04/14 10:52:33.496, 1, 4, 0, 0, 28, 24.59
2026/04/14 10:52:34.506, 0, 6470, 82, 82, 46, 94.21
2026/04/14 10:52:34.511, 1, 4, 0, 0, 28, 24.60
2026/04/14 10:52:35.514, 0, 6470, 65, 61, 46, 112.69
2026/04/14 10:52:35.516, 1, 4, 0, 0, 28, 24.59
2026/04/14 10:52:36.519, 0, 6470, 56, 50, 46, 78.55
2026/04/14 10:52:36.522, 1, 4, 0, 0, 28, 24.59
2026/04/14 10:52:37.530, 0, 6470, 47, 33, 46, 104.15
2026/04/14 10:52:37.533, 1, 4, 0, 0, 28, 24.59
2026/04/14 10:52:38.537, 0, 6470, 68, 57, 46, 70.87
2026/04/14 10:52:38.543, 1, 4, 0, 0, 28, 24.50
2026/04/14 10:52:39.546, 0, 6470, 77, 69, 46, 109.19
2026/04/14 10:52:39.549, 1, 4, 0, 0, 28, 24.59
2026/04/14 10:52:40.557, 0, 6470, 75, 73, 46, 125.97
2026/04/14 10:52:40.559, 1, 4, 0, 0, 28, 24.59
2026/04/14 10:52:41.564, 0, 6470, 56, 51, 46, 109.42
2026/04/14 10:52:41.567, 1, 4, 0, 0, 28, 24.59
2026/04/14 10:52:42.569, 0, 6470, 43, 31, 46, 80.14
2026/04/14 10:52:42.572, 1, 4, 0, 0, 28, 24.50
2026/04/14 10:52:43.575, 0, 6470, 57, 45, 46, 109.98
2026/04/14 10:52:43.578, 1, 4, 0, 0, 28, 24.59
2026/04/14 10:52:44.586, 0, 6470, 58, 53, 46, 123.10
2026/04/14 10:52:44.588, 1, 4, 0, 0, 28, 24.49
2026/04/14 10:52:45.593, 0, 6470, 48, 40, 46, 108.97
2026/04/14 10:52:45.599, 1, 4, 0, 0, 28, 24.49
2026/04/14 10:52:46.609, 0, 6470, 55, 46, 46, 113.75
2026/04/14 10:52:46.612, 1, 4, 0, 0, 28, 24.69
2026/04/14 10:52:47.616, 0, 6470, 63, 56, 46, 114.61
2026/04/14 10:52:47.619, 1, 4, 0, 0, 28, 24.69
2026/04/14 10:52:48.623, 0, 6470, 50, 40, 46, 106.36
2026/04/14 10:52:48.626, 1, 4, 0, 0, 28, 24.59
2026/04/14 10:52:49.635, 0, 6470, 52, 39, 46, 89.96
2026/04/14 10:52:49.638, 1, 4, 0, 0, 28, 24.59
2026/04/14 10:52:50.642, 0, 6470, 69, 60, 46, 104.62
2026/04/14 10:52:50.645, 1, 4, 0, 0, 28, 24.49
2026/04/14 10:52:51.648, 0, 6470, 77, 69, 46, 74.81
2026/04/14 10:52:51.652, 1, 4, 0, 0, 28, 24.50
2026/04/14 10:52:52.662, 0, 6470, 82, 80, 46, 77.21
2026/04/14 10:52:52.665, 1, 4, 0, 0, 28, 24.50
2026/04/14 10:52:53.669, 0, 6470, 67, 62, 46, 67.61
2026/04/14 10:52:53.672, 1, 4, 0, 0, 28, 24.60
2026/04/14 10:52:54.675, 0, 6470, 62, 57, 46, 159.15
2026/04/14 10:52:54.678, 1, 4, 0, 0, 28, 24.58
2026/04/14 10:52:55.688, 0, 6470, 42, 29, 46, 109.29
2026/04/14 10:52:55.691, 1, 4, 0, 0, 28, 24.59
2026/04/14 10:52:56.694, 0, 6470, 59, 47, 46, 100.33
2026/04/14 10:52:56.696, 1, 4, 0, 0, 28, 24.59
2026/04/14 10:52:57.700, 0, 6470, 70, 61, 46, 113.60
2026/04/14 10:52:57.705, 1, 4, 0, 0, 28, 24.59
2026/04/14 10:52:58.707, 0, 6470, 85, 83, 46, 73.85
2026/04/14 10:52:58.710, 1, 4, 0, 0, 28, 24.59
2026/04/14 10:52:59.717, 0, 6470, 81, 80, 46, 86.08
2026/04/14 10:52:59.720, 1, 4, 0, 0, 28, 24.59
2026/04/14 10:53:00.723, 0, 6470, 61, 56, 46, 91.95
2026/04/14 10:53:00.725, 1, 4, 0, 0, 28, 24.59
2026/04/14 10:53:01.729, 0, 6470, 51, 44, 46, 163.68
2026/04/14 10:53:01.734, 1, 4, 0, 0, 28, 24.58
2026/04/14 10:53:02.736, 0, 6470, 51, 37, 46, 111.04
2026/04/14 10:53:02.739, 1, 4, 0, 0, 28, 24.59
2026/04/14 10:53:03.748, 0, 6470, 72, 63, 46, 115.69
2026/04/14 10:53:03.750, 1, 4, 0, 0, 28, 24.59
2026/04/14 10:53:04.753, 0, 6470, 81, 76, 45, 116.50
2026/04/14 10:53:04.756, 1, 4, 0, 0, 28, 24.69
2026/04/14 10:53:05.760, 0, 6470, 58, 47, 46, 73.15
2026/04/14 10:53:05.762, 1, 4, 0, 0, 28, 24.59
2026/04/14 10:53:06.766, 0, 6470, 69, 60, 46, 59.18
2026/04/14 10:53:06.769, 1, 4, 0, 0, 28, 24.50
2026/04/14 10:53:07.772, 0, 6470, 82, 82, 46, 144.83
2026/04/14 10:53:07.774, 1, 4, 0, 0, 28, 24.58
2026/04/14 10:53:08.777, 0, 6470, 65, 61, 46, 106.07
2026/04/14 10:53:08.780, 1, 4, 0, 0, 28, 24.49
2026/04/14 10:53:09.784, 0, 6470, 55, 49, 46, 104.75
2026/04/14 10:53:09.786, 1, 4, 0, 0, 28, 24.49
2026/04/14 10:53:10.794, 0, 6470, 48, 34, 45, 79.48
2026/04/14 10:53:10.797, 1, 4, 0, 0, 28, 24.69
2026/04/14 10:53:11.800, 0, 6470, 70, 60, 46, 62.64
2026/04/14 10:53:11.803, 1, 4, 0, 0, 28, 24.50
2026/04/14 10:53:12.807, 0, 6470, 72, 62, 46, 111.03
2026/04/14 10:53:12.809, 1, 4, 0, 0, 28, 24.49
2026/04/14 10:53:13.813, 0, 6470, 72, 62, 46, 116.45
2026/04/14 10:53:13.816, 1, 4, 0, 0, 28, 24.69
2026/04/14 10:53:14.819, 0, 6470, 75, 64, 46, 110.55
2026/04/14 10:53:14.823, 1, 4, 0, 0, 28, 24.49
2026/04/14 10:53:15.825, 0, 6470, 75, 64, 46, 112.68
2026/04/14 10:53:15.829, 1, 4, 0, 0, 28, 24.59
2026/04/14 10:53:16.832, 0, 6470, 72, 62, 46, 115.17
2026/04/14 10:53:16.837, 1, 4, 0, 0, 28, 24.59
2026/04/14 10:53:17.847, 0, 6470, 74, 64, 46, 72.14
2026/04/14 10:53:17.851, 1, 4, 0, 0, 28, 24.59
2026/04/14 10:53:18.854, 0, 6470, 69, 59, 46, 61.67
2026/04/14 10:53:18.857, 1, 4, 0, 0, 28, 24.50
2026/04/14 10:53:19.861, 0, 6470, 71, 67, 46, 54.71
2026/04/14 10:53:19.864, 1, 4, 0, 0, 28, 24.50
2026/04/14 10:53:20.867, 0, 6470, 77, 75, 46, 77.59
2026/04/14 10:53:20.870, 1, 4, 0, 0, 28, 24.59
2026/04/14 10:53:21.874, 0, 6470, 86, 83, 46, 81.36
2026/04/14 10:53:21.877, 1, 4, 0, 0, 28, 24.49
2026/04/14 10:53:22.879, 0, 6470, 85, 80, 46, 87.14
2026/04/14 10:53:22.885, 1, 4, 0, 0, 28, 24.49
2026/04/14 10:53:23.895, 0, 6470, 74, 64, 46, 65.83
2026/04/14 10:53:23.898, 1, 4, 0, 0, 28, 24.60
2026/04/14 10:53:24.903, 0, 6470, 76, 66, 46, 64.77
2026/04/14 10:53:24.906, 1, 4, 0, 0, 28, 24.69
2026/04/14 10:53:25.915, 0, 6470, 72, 61, 46, 71.76
2026/04/14 10:53:25.917, 1, 4, 0, 0, 28, 24.59
2026/04/14 10:53:26.924, 0, 6470, 68, 56, 46, 116.02
2026/04/14 10:53:26.926, 1, 4, 0, 0, 28, 24.59
2026/04/14 10:53:27.933, 0, 6470, 66, 54, 46, 113.06
2026/04/14 10:53:27.936, 1, 4, 0, 0, 28, 24.59
2026/04/14 10:53:28.943, 0, 6470, 66, 54, 46, 104.54
2026/04/14 10:53:28.946, 1, 4, 0, 0, 28, 24.59
2026/04/14 10:53:29.952, 0, 6470, 65, 53, 46, 101.53
2026/04/14 10:53:29.955, 1, 4, 0, 0, 28, 24.59
2026/04/14 10:53:30.963, 0, 6470, 65, 53, 46, 101.07
2026/04/14 10:53:30.966, 1, 4, 0, 0, 28, 24.59
2026/04/14 10:53:31.971, 0, 6470, 73, 70, 46, 66.52
2026/04/14 10:53:31.974, 1, 4, 0, 0, 28, 24.59
2026/04/14 10:53:32.978, 0, 6470, 69, 66, 47, 75.21
2026/04/14 10:53:32.980, 1, 4, 0, 0, 28, 24.50
2026/04/14 10:53:33.983, 0, 6470, 72, 68, 46, 64.11
2026/04/14 10:53:33.986, 1, 4, 0, 0, 28, 24.59
2026/04/14 10:53:34.990, 0, 6470, 74, 70, 46, 105.55
2026/04/14 10:53:34.994, 1, 4, 0, 0, 28, 24.59
2026/04/14 10:53:36.000, 0, 6470, 76, 73, 46, 89.55
2026/04/14 10:53:36.003, 1, 4, 0, 0, 28, 24.69
2026/04/14 10:53:37.006, 0, 6470, 57, 51, 46, 162.71
2026/04/14 10:53:37.009, 1, 4, 0, 0, 28, 24.68
2026/04/14 10:53:38.012, 0, 6470, 42, 29, 46, 109.81
2026/04/14 10:53:38.015, 1, 4, 0, 0, 28, 24.49
2026/04/14 10:53:39.018, 0, 6470, 53, 38, 46, 106.65
2026/04/14 10:53:39.020, 1, 4, 0, 0, 28, 24.59
2026/04/14 10:53:40.030, 0, 6470, 53, 38, 46, 111.55
2026/04/14 10:53:40.032, 1, 4, 0, 0, 28, 24.59
2026/04/14 10:53:41.035, 0, 6470, 54, 43, 46, 115.67
2026/04/14 10:53:41.039, 1, 4, 0, 0, 28, 24.49
2026/04/14 10:53:42.041, 0, 6470, 61, 56, 46, 155.89
2026/04/14 10:53:42.044, 1, 4, 0, 0, 28, 24.58
2026/04/14 10:53:43.047, 0, 6470, 49, 40, 46, 113.25
2026/04/14 10:53:43.050, 1, 4, 0, 0, 28, 24.49
2026/04/14 10:53:44.059, 0, 6470, 51, 37, 46, 107.68
2026/04/14 10:53:44.062, 1, 4, 0, 0, 28, 24.59
2026/04/14 10:53:45.064, 0, 6470, 69, 59, 46, 108.62
2026/04/14 10:53:45.067, 1, 4, 0, 0, 28, 24.69
2026/04/14 10:53:46.070, 0, 6470, 72, 61, 46, 102.70
2026/04/14 10:53:46.073, 1, 4, 0, 0, 28, 24.49
2026/04/14 10:53:47.075, 0, 6470, 70, 61, 46, 110.95
2026/04/14 10:53:47.078, 1, 4, 0, 0, 28, 24.59
2026/04/14 10:53:48.088, 0, 6470, 82, 81, 46, 71.82
2026/04/14 10:53:48.091, 1, 4, 0, 0, 28, 24.50
2026/04/14 10:53:49.094, 0, 6470, 68, 65, 46, 78.37
2026/04/14 10:53:49.096, 1, 4, 0, 0, 28, 24.50
2026/04/14 10:53:50.099, 0, 6470, 60, 55, 47, 87.64
2026/04/14 10:53:50.102, 1, 4, 0, 0, 28, 24.60
2026/04/14 10:53:51.105, 0, 6470, 42, 30, 46, 115.26
2026/04/14 10:53:51.107, 1, 4, 0, 0, 28, 24.59
2026/04/14 10:53:52.110, 0, 6470, 60, 48, 46, 85.03
2026/04/14 10:53:52.114, 1, 4, 0, 0, 28, 24.59
2026/04/14 10:53:53.121, 0, 6470, 69, 60, 46, 100.10
2026/04/14 10:53:53.124, 1, 4, 0, 0, 28, 24.59
2026/04/14 10:53:54.128, 0, 6470, 82, 82, 46, 64.19
2026/04/14 10:53:54.131, 1, 4, 0, 0, 28, 24.49
2026/04/14 10:53:55.133, 0, 6470, 68, 63, 46, 62.07
2026/04/14 10:53:55.136, 1, 4, 0, 0, 28, 24.50
2026/04/14 10:53:56.139, 0, 6470, 69, 60, 46, 61.88
2026/04/14 10:53:56.143, 1, 4, 0, 0, 28, 24.59
2026/04/14 10:53:57.151, 0, 6470, 82, 80, 46, 166.37
2026/04/14 10:53:57.153, 1, 4, 0, 0, 28, 24.58
2026/04/14 10:53:58.156, 0, 6470, 71, 67, 46, 108.98
2026/04/14 10:53:58.159, 1, 4, 0, 0, 28, 24.49
2026/04/14 10:53:59.163, 0, 6470, 57, 51, 46, 99.41
2026/04/14 10:53:59.166, 1, 4, 0, 0, 28, 24.49
2026/04/14 10:54:00.176, 0, 6470, 45, 34, 46, 100.88
2026/04/14 10:54:00.181, 1, 4, 0, 0, 28, 24.59
2026/04/14 10:54:01.183, 0, 6470, 56, 44, 46, 62.37
2026/04/14 10:54:01.186, 1, 4, 0, 0, 28, 24.50
2026/04/14 10:54:02.189, 0, 6470, 72, 64, 46, 65.84
2026/04/14 10:54:02.192, 1, 4, 0, 0, 28, 24.59
2026/04/14 10:54:03.201, 0, 6470, 79, 73, 46, 61.59
2026/04/14 10:54:03.204, 1, 4, 0, 0, 28, 24.50
2026/04/14 10:54:04.207, 0, 6470, 74, 72, 46, 159.65
2026/04/14 10:54:04.210, 1, 4, 0, 0, 28, 24.49
2026/04/14 10:54:05.213, 0, 6470, 57, 52, 46, 110.39
2026/04/14 10:54:05.216, 1, 4, 0, 0, 28, 24.49
2026/04/14 10:54:06.219, 0, 6470, 51, 43, 46, 97.12
2026/04/14 10:54:06.222, 1, 4, 0, 0, 28, 24.59
2026/04/14 10:54:07.230, 0, 6470, 48, 34, 46, 102.88
2026/04/14 10:54:07.233, 1, 4, 0, 0, 28, 24.49
2026/04/14 10:54:08.237, 0, 6470, 64, 53, 46, 61.98
2026/04/14 10:54:08.239, 1, 4, 0, 0, 28, 24.50
2026/04/14 10:54:09.242, 0, 6470, 70, 61, 46, 67.38
2026/04/14 10:54:09.245, 1, 4, 0, 0, 28, 24.50
2026/04/14 10:54:10.248, 0, 6470, 82, 80, 46, 65.06
2026/04/14 10:54:10.250, 1, 4, 0, 0, 28, 24.59
2026/04/14 10:54:11.259, 0, 6470, 69, 66, 46, 159.17
2026/04/14 10:54:11.261, 1, 4, 0, 0, 28, 24.58
2026/04/14 10:54:12.264, 0, 6470, 58, 52, 46, 112.60
2026/04/14 10:54:12.267, 1, 4, 0, 0, 28, 24.49
2026/04/14 10:54:13.270, 0, 6470, 48, 37, 46, 83.48
2026/04/14 10:54:13.272, 1, 4, 0, 0, 28, 24.59
2026/04/14 10:54:14.275, 0, 6470, 53, 40, 46, 101.30
2026/04/14 10:54:14.278, 1, 4, 0, 0, 28, 24.59
2026/04/14 10:54:15.287, 0, 6470, 69, 60, 46, 68.05
2026/04/14 10:54:15.289, 1, 4, 0, 0, 28, 24.59
2026/04/14 10:54:16.293, 0, 6470, 72, 62, 46, 70.75
2026/04/14 10:54:16.296, 1, 4, 0, 0, 28, 24.59
2026/04/14 10:54:17.298, 0, 6470, 82, 81, 46, 103.25
2026/04/14 10:54:17.301, 1, 4, 0, 0, 28, 24.59
2026/04/14 10:54:18.305, 0, 6470, 68, 63, 47, 131.88
2026/04/14 10:54:18.308, 1, 4, 0, 0, 28, 24.69
2026/04/14 10:54:19.312, 0, 6470, 45, 37, 46, 79.44
2026/04/14 10:54:19.314, 1, 4, 0, 0, 28, 24.59
2026/04/14 10:54:20.318, 0, 6470, 72, 63, 46, 62.17
2026/04/14 10:54:20.323, 1, 4, 0, 0, 28, 24.50
2026/04/14 10:54:21.327, 0, 6470, 80, 75, 46, 69.90
2026/04/14 10:54:21.330, 1, 4, 0, 0, 28, 24.60
2026/04/14 10:54:22.341, 0, 6470, 69, 66, 47, 76.08
2026/04/14 10:54:22.343, 1, 4, 0, 0, 28, 24.59
2026/04/14 10:54:23.347, 0, 6470, 58, 52, 46, 129.58
2026/04/14 10:54:23.350, 1, 4, 0, 0, 28, 24.49
2026/04/14 10:54:24.354, 0, 6470, 44, 32, 46, 104.06
2026/04/14 10:54:24.357, 1, 4, 0, 0, 28, 24.59
2026/04/14 10:54:25.361, 0, 6470, 54, 41, 46, 100.00
2026/04/14 10:54:25.368, 1, 4, 0, 0, 28, 24.59
2026/04/14 10:54:26.371, 0, 6470, 68, 58, 46, 59.85
2026/04/14 10:54:26.374, 1, 4, 0, 0, 28, 24.60
2026/04/14 10:54:27.378, 0, 6470, 70, 60, 46, 78.48
2026/04/14 10:54:27.381, 1, 4, 0, 0, 28, 24.50
2026/04/14 10:54:28.390, 0, 6470, 82, 79, 46, 78.95
2026/04/14 10:54:28.393, 1, 4, 0, 0, 28, 24.50
2026/04/14 10:54:29.397, 0, 6470, 73, 71, 46, 112.03
2026/04/14 10:54:29.399, 1, 4, 0, 0, 28, 24.59
2026/04/14 10:54:30.403, 0, 6470, 63, 50, 46, 112.96
2026/04/14 10:54:30.406, 1, 4, 0, 0, 28, 24.59
2026/04/14 10:54:31.410, 0, 6470, 54, 40, 46, 137.42
2026/04/14 10:54:31.413, 1, 4, 0, 0, 28, 24.58
2026/04/14 10:54:32.418, 0, 6470, 63, 56, 46, 168.87
2026/04/14 10:54:32.421, 1, 4, 0, 0, 28, 24.59
2026/04/14 10:54:33.429, 0, 6470, 61, 55, 46, 85.78
2026/04/14 10:54:33.432, 1, 4, 0, 0, 28, 24.60
2026/04/14 10:54:34.440, 0, 6470, 70, 65, 46, 110.29
2026/04/14 10:54:34.442, 1, 4, 0, 0, 28, 24.59
2026/04/14 10:54:35.450, 0, 6470, 73, 69, 46, 69.43
2026/04/14 10:54:35.453, 1, 4, 0, 0, 28, 24.59
2026/04/14 10:54:36.460, 0, 6470, 81, 79, 46, 79.95
2026/04/14 10:54:36.465, 1, 4, 0, 0, 28, 24.59
2026/04/14 10:54:37.472, 0, 6470, 85, 84, 46, 73.99
2026/04/14 10:54:37.475, 1, 4, 0, 0, 28, 24.59
2026/04/14 10:54:38.480, 0, 6470, 84, 80, 46, 109.81
2026/04/14 10:54:38.483, 1, 4, 0, 0, 28, 24.59
2026/04/14 10:54:39.487, 0, 6470, 77, 68, 46, 100.88
2026/04/14 10:54:39.492, 1, 4, 0, 0, 28, 24.59
2026/04/14 10:54:40.496, 0, 6470, 72, 62, 46, 118.71
2026/04/14 10:54:40.499, 1, 4, 0, 0, 28, 24.59
2026/04/14 10:54:41.503, 0, 6470, 61, 55, 46, 102.83
2026/04/14 10:54:41.505, 1, 4, 0, 0, 28, 24.49
2026/04/14 10:54:42.513, 0, 6470, 71, 66, 46, 113.27
2026/04/14 10:54:42.515, 1, 4, 0, 0, 28, 24.59
2026/04/14 10:54:43.518, 0, 6470, 74, 70, 46, 113.41
2026/04/14 10:54:43.522, 1, 4, 0, 0, 28, 24.49
2026/04/14 10:54:44.526, 0, 6470, 83, 81, 46, 155.49
2026/04/14 10:54:44.529, 1, 4, 0, 0, 28, 24.59
2026/04/14 10:54:45.540, 0, 6470, 86, 84, 47, 128.80
2026/04/14 10:54:45.543, 1, 4, 0, 0, 28, 24.59
2026/04/14 10:54:46.546, 0, 6470, 84, 78, 46, 73.65
2026/04/14 10:54:46.549, 1, 4, 0, 0, 28, 24.50
2026/04/14 10:54:47.553, 0, 6470, 76, 65, 46, 113.57
2026/04/14 10:54:47.555, 1, 4, 0, 0, 28, 24.59
2026/04/14 10:54:48.566, 0, 6470, 74, 64, 46, 72.40
2026/04/14 10:54:48.569, 1, 4, 0, 0, 28, 24.49
2026/04/14 10:54:49.573, 0, 6470, 73, 63, 46, 74.72
2026/04/14 10:54:49.576, 1, 4, 0, 0, 28, 24.50
2026/04/14 10:54:50.580, 0, 6470, 67, 55, 46, 88.48
2026/04/14 10:54:50.583, 1, 4, 0, 0, 28, 24.49
2026/04/14 10:54:51.591, 0, 6470, 60, 46, 46, 105.39
2026/04/14 10:54:51.594, 1, 4, 0, 0, 28, 24.59
2026/04/14 10:54:52.598, 0, 6470, 53, 38, 46, 100.49
2026/04/14 10:54:52.601, 1, 4, 0, 0, 28, 24.59
2026/04/14 10:54:53.605, 0, 6470, 53, 40, 46, 89.93
2026/04/14 10:54:53.608, 1, 4, 0, 0, 28, 24.50
2026/04/14 10:54:54.617, 0, 6470, 58, 50, 46, 111.24
2026/04/14 10:54:54.620, 1, 4, 0, 0, 28, 24.59
2026/04/14 10:54:55.624, 0, 6470, 65, 58, 46, 111.47
2026/04/14 10:54:55.626, 1, 4, 0, 0, 28, 24.59
2026/04/14 10:54:56.629, 0, 6470, 60, 53, 46, 115.15
2026/04/14 10:54:56.634, 1, 4, 0, 0, 28, 24.59
2026/04/14 10:54:57.644, 0, 6470, 69, 64, 47, 173.44
2026/04/14 10:54:57.646, 1, 4, 0, 0, 28, 24.58
2026/04/14 10:54:58.649, 0, 6470, 73, 69, 47, 87.80
2026/04/14 10:54:58.652, 1, 4, 0, 0, 28, 24.49
2026/04/14 10:54:59.655, 0, 6470, 82, 80, 47, 106.52
2026/04/14 10:54:59.660, 1, 4, 0, 0, 28, 24.59
2026/04/14 10:55:00.670, 0, 6470, 86, 84, 46, 71.64
2026/04/14 10:55:00.672, 1, 4, 0, 0, 28, 24.50
2026/04/14 10:55:01.676, 0, 6470, 84, 79, 46, 103.09
2026/04/14 10:55:01.679, 1, 4, 0, 0, 28, 24.59
2026/04/14 10:55:02.682, 0, 6470, 77, 67, 46, 64.56
2026/04/14 10:55:02.687, 1, 4, 0, 0, 28, 24.59
2026/04/14 10:55:03.695, 0, 6470, 73, 62, 46, 111.82
2026/04/14 10:55:03.698, 1, 4, 0, 0, 28, 24.49
2026/04/14 10:55:04.701, 0, 6470, 74, 64, 46, 101.46
2026/04/14 10:55:04.704, 1, 4, 0, 0, 28, 24.49
2026/04/14 10:55:05.708, 0, 6470, 85, 83, 46, 67.79
2026/04/14 10:55:05.710, 1, 4, 0, 0, 28, 24.60
2026/04/14 10:55:06.713, 0, 6470, 86, 84, 46, 94.08
2026/04/14 10:55:06.716, 1, 4, 0, 0, 28, 24.59
2026/04/14 10:55:07.724, 0, 6470, 83, 76, 46, 64.48
2026/04/14 10:55:07.726, 1, 4, 0, 0, 28, 24.59
2026/04/14 10:55:08.729, 0, 6470, 74, 63, 46, 113.45
2026/04/14 10:55:08.732, 1, 4, 0, 0, 28, 24.59
2026/04/14 10:55:09.736, 0, 6470, 71, 66, 46, 108.81
2026/04/14 10:55:09.738, 1, 4, 0, 0, 28, 24.49
2026/04/14 10:55:10.741, 0, 6470, 76, 73, 46, 74.64
2026/04/14 10:55:10.745, 1, 4, 0, 0, 28, 24.59
2026/04/14 10:55:11.752, 0, 6470, 84, 83, 46, 94.47
2026/04/14 10:55:11.755, 1, 4, 0, 0, 28, 24.59
2026/04/14 10:55:12.758, 0, 6470, 85, 82, 46, 64.09
2026/04/14 10:55:12.760, 1, 4, 0, 0, 28, 24.50
2026/04/14 10:55:13.764, 0, 6470, 80, 73, 46, 116.06
2026/04/14 10:55:13.767, 1, 4, 0, 0, 28, 24.50
2026/04/14 10:55:14.770, 0, 6470, 73, 62, 46, 101.84
2026/04/14 10:55:14.774, 1, 4, 0, 0, 28, 24.59
2026/04/14 10:55:15.781, 0, 6470, 77, 67, 46, 122.34
2026/04/14 10:55:15.784, 1, 4, 0, 0, 28, 24.69
2026/04/14 10:55:16.787, 0, 6470, 70, 59, 47, 102.36
2026/04/14 10:55:16.790, 1, 4, 0, 0, 28, 24.49
2026/04/14 10:55:17.794, 0, 6470, 66, 54, 46, 111.04
2026/04/14 10:55:17.796, 1, 4, 0, 0, 28, 24.59
2026/04/14 10:55:18.800, 0, 6470, 57, 43, 46, 115.05
2026/04/14 10:55:18.804, 1, 4, 0, 0, 28, 24.59
2026/04/14 10:55:19.811, 0, 6470, 53, 38, 46, 151.56
2026/04/14 10:55:19.813, 1, 4, 0, 0, 28, 24.48
2026/04/14 10:55:20.816, 0, 6470, 54, 43, 47, 153.64
2026/04/14 10:55:20.819, 1, 4, 0, 0, 28, 24.49
2026/04/14 10:55:21.823, 0, 6470, 61, 54, 47, 86.02
2026/04/14 10:55:21.825, 1, 4, 0, 0, 28, 24.50
2026/04/14 10:55:22.828, 0, 6470, 74, 63, 46, 108.94
2026/04/14 10:55:22.833, 1, 4, 0, 0, 28, 24.59
2026/04/14 10:55:23.837, 0, 6470, 74, 64, 47, 73.27
2026/04/14 10:55:23.839, 1, 4, 0, 0, 28, 24.59
2026/04/14 10:55:24.848, 0, 6470, 67, 56, 46, 88.49
2026/04/14 10:55:24.851, 1, 4, 0, 0, 28, 24.59
2026/04/14 10:55:25.855, 0, 6470, 61, 48, 46, 64.96
2026/04/14 10:55:25.858, 1, 4, 0, 0, 28, 24.49
2026/04/14 10:55:26.861, 0, 6470, 54, 38, 47, 112.46
2026/04/14 10:55:26.864, 1, 4, 0, 0, 28, 24.59
2026/04/14 10:55:27.867, 0, 6470, 53, 40, 46, 101.64
2026/04/14 10:55:27.870, 1, 4, 0, 0, 28, 24.59
2026/04/14 10:55:28.873, 0, 6470, 57, 48, 46, 125.14
2026/04/14 10:55:28.875, 1, 4, 0, 0, 28, 24.49
2026/04/14 10:55:29.879, 0, 6470, 65, 58, 46, 96.85
2026/04/14 10:55:29.882, 1, 4, 0, 0, 28, 24.59
2026/04/14 10:55:30.885, 0, 6470, 62, 56, 46, 108.24
2026/04/14 10:55:30.887, 1, 4, 0, 0, 28, 24.59
2026/04/14 10:55:31.891, 0, 6470, 72, 67, 47, 114.41
2026/04/14 10:55:31.894, 1, 4, 0, 0, 28, 24.59
2026/04/14 10:55:32.897, 0, 6470, 54, 39, 46, 129.11
2026/04/14 10:55:32.900, 1, 4, 0, 0, 28, 24.68
2026/04/14 10:55:33.903, 0, 6470, 56, 47, 47, 160.47
2026/04/14 10:55:33.905, 1, 4, 0, 0, 28, 24.58
2026/04/14 10:55:34.908, 0, 6470, 63, 56, 47, 93.08
2026/04/14 10:55:34.911, 1, 4, 0, 0, 28, 24.59
2026/04/14 10:55:35.914, 0, 6470, 73, 68, 47, 80.28
2026/04/14 10:55:35.916, 1, 4, 0, 0, 28, 24.49
2026/04/14 10:55:36.919, 0, 6470, 86, 83, 47, 116.68
2026/04/14 10:55:36.922, 1, 4, 0, 0, 28, 24.49
2026/04/14 10:55:37.926, 0, 6470, 78, 69, 47, 69.88
2026/04/14 10:55:37.929, 1, 4, 0, 0, 28, 24.60
2026/04/14 10:55:38.931, 0, 6470, 75, 65, 46, 74.04
2026/04/14 10:55:38.940, 1, 4, 0, 0, 28, 24.50
2026/04/14 10:55:39.943, 0, 6470, 64, 51, 46, 99.33
2026/04/14 10:55:39.946, 1, 4, 0, 0, 28, 24.59
2026/04/14 10:55:40.949, 0, 6470, 54, 38, 47, 106.17
2026/04/14 10:55:40.952, 1, 4, 0, 0, 28, 24.59
2026/04/14 10:55:41.955, 0, 6470, 54, 41, 46, 100.76
2026/04/14 10:55:41.958, 1, 4, 0, 0, 28, 24.59
2026/04/14 10:55:42.964, 0, 6470, 59, 51, 46, 86.56
2026/04/14 10:55:42.969, 1, 4, 0, 0, 28, 24.59
2026/04/14 10:55:43.975, 0, 6470, 65, 59, 46, 110.31
2026/04/14 10:55:43.977, 1, 4, 0, 0, 28, 24.49
2026/04/14 10:55:44.980, 0, 6470, 61, 55, 47, 116.00
2026/04/14 10:55:44.983, 1, 4, 0, 0, 28, 24.59
2026/04/14 10:55:45.986, 0, 6470, 71, 67, 46, 120.57
2026/04/14 10:55:45.988, 1, 4, 0, 0, 28, 24.58
2026/04/14 10:55:46.998, 0, 6470, 76, 73, 47, 162.49
2026/04/14 10:55:47.001, 1, 4, 0, 0, 28, 24.59
2026/04/14 10:55:48.004, 0, 6470, 85, 83, 47, 85.71
2026/04/14 10:55:48.007, 1, 4, 0, 0, 28, 24.59
2026/04/14 10:55:49.009, 0, 6470, 85, 82, 47, 106.89
2026/04/14 10:55:49.012, 1, 4, 0, 0, 28, 24.59
2026/04/14 10:55:50.020, 0, 6470, 80, 71, 47, 63.71
2026/04/14 10:55:50.025, 1, 4, 0, 0, 28, 24.59
2026/04/14 10:55:51.028, 0, 6470, 70, 66, 46, 170.00
2026/04/14 10:55:51.031, 1, 4, 0, 0, 28, 24.59
2026/04/14 10:55:52.034, 0, 6470, 75, 71, 47, 101.09
2026/04/14 10:55:52.036, 1, 4, 0, 0, 28, 24.50
2026/04/14 10:55:53.040, 0, 6470, 84, 82, 46, 82.36
2026/04/14 10:55:53.042, 1, 4, 0, 0, 28, 24.58
2026/04/14 10:55:54.045, 0, 6470, 86, 84, 47, 102.49
2026/04/14 10:55:54.048, 1, 4, 0, 0, 28, 24.59
2026/04/14 10:55:55.056, 0, 6470, 82, 75, 46, 82.24
2026/04/14 10:55:55.059, 1, 4, 0, 0, 28, 24.50
2026/04/14 10:55:56.062, 0, 6470, 73, 63, 46, 67.94
2026/04/14 10:55:56.064, 1, 4, 0, 0, 28, 24.50
2026/04/14 10:55:57.068, 0, 6470, 77, 67, 46, 117.28
2026/04/14 10:55:57.071, 1, 4, 0, 0, 28, 24.59
2026/04/14 10:55:58.075, 0, 6470, 69, 57, 46, 103.47
2026/04/14 10:55:58.077, 1, 4, 0, 0, 28, 24.59
2026/04/14 10:55:59.085, 0, 6470, 65, 52, 46, 125.00
2026/04/14 10:55:59.088, 1, 4, 0, 0, 28, 24.59
2026/04/14 10:56:00.091, 0, 6470, 55, 41, 47, 96.64
2026/04/14 10:56:00.094, 1, 4, 0, 0, 28, 24.49
2026/04/14 10:56:01.096, 0, 6470, 53, 39, 47, 113.62
2026/04/14 10:56:01.101, 1, 4, 0, 0, 28, 24.50
2026/04/14 10:56:02.103, 0, 6470, 56, 47, 47, 113.70
2026/04/14 10:56:02.106, 1, 4, 0, 0, 28, 24.49
2026/04/14 10:56:03.114, 0, 6470, 64, 57, 47, 151.56
2026/04/14 10:56:03.117, 1, 4, 0, 0, 28, 24.58
2026/04/14 10:56:04.120, 0, 6470, 60, 53, 47, 141.24
2026/04/14 10:56:04.122, 1, 4, 0, 0, 28, 24.59
2026/04/14 10:56:05.125, 0, 6470, 69, 64, 47, 77.90
2026/04/14 10:56:05.128, 1, 4, 0, 0, 28, 24.60
2026/04/14 10:56:06.131, 0, 6470, 73, 70, 47, 113.75
2026/04/14 10:56:06.133, 1, 4, 0, 0, 28, 24.49
2026/04/14 10:56:07.136, 0, 6470, 83, 81, 47, 67.97
2026/04/14 10:56:07.139, 1, 4, 0, 0, 28, 24.59
2026/04/14 10:56:08.147, 0, 6470, 86, 84, 46, 76.16
2026/04/14 10:56:08.150, 1, 4, 0, 0, 28, 24.50
2026/04/14 10:56:09.152, 0, 6470, 82, 75, 46, 88.46
2026/04/14 10:56:09.155, 1, 4, 0, 0, 28, 24.59
2026/04/14 10:56:10.158, 0, 6470, 73, 62, 46, 107.10
2026/04/14 10:56:10.161, 1, 4, 0, 0, 28, 24.59
2026/04/14 10:56:11.164, 0, 6470, 77, 67, 46, 100.66
2026/04/14 10:56:11.167, 1, 4, 0, 0, 28, 24.59
2026/04/14 10:56:12.174, 0, 6470, 69, 58, 46, 86.07
2026/04/14 10:56:12.177, 1, 4, 0, 0, 28, 24.50
2026/04/14 10:56:13.180, 0, 6470, 65, 53, 46, 106.94
2026/04/14 10:56:13.183, 1, 4, 0, 0, 28, 24.59
2026/04/14 10:56:14.186, 0, 6470, 56, 42, 47, 114.05
2026/04/14 10:56:14.189, 1, 4, 0, 0, 28, 24.49
2026/04/14 10:56:15.192, 0, 6470, 53, 38, 47, 113.54
2026/04/14 10:56:15.195, 1, 4, 0, 0, 28, 24.68
2026/04/14 10:56:16.203, 0, 6470, 55, 45, 47, 163.65
2026/04/14 10:56:16.206, 1, 4, 0, 0, 28, 24.58
2026/04/14 10:56:17.209, 0, 6470, 62, 56, 47, 90.90
2026/04/14 10:56:17.212, 1, 4, 0, 0, 28, 24.50
2026/04/14 10:56:18.215, 0, 6470, 61, 55, 47, 95.89
2026/04/14 10:56:18.218, 1, 4, 0, 0, 28, 24.59
2026/04/14 10:56:19.220, 0, 6470, 67, 62, 47, 93.20
2026/04/14 10:56:19.223, 1, 4, 0, 0, 28, 24.59
2026/04/14 10:56:20.232, 0, 6470, 72, 68, 46, 96.68
2026/04/14 10:56:20.235, 1, 4, 0, 0, 28, 24.59
2026/04/14 10:56:21.238, 0, 6470, 82, 80, 46, 64.39
2026/04/14 10:56:21.243, 1, 4, 0, 0, 28, 24.50
2026/04/14 10:56:22.245, 0, 6470, 85, 84, 46, 115.82
2026/04/14 10:56:22.248, 1, 4, 0, 0, 28, 24.50
2026/04/14 10:56:23.251, 0, 6470, 82, 74, 47, 101.55
2026/04/14 10:56:23.254, 1, 4, 0, 0, 28, 24.49
2026/04/14 10:56:24.260, 0, 6470, 65, 58, 46, 105.14
2026/04/14 10:56:24.266, 1, 4, 0, 0, 28, 24.50
2026/04/14 10:56:25.269, 0, 6470, 62, 55, 47, 107.68
2026/04/14 10:56:25.272, 1, 4, 0, 0, 28, 24.49
2026/04/14 10:56:26.275, 0, 6470, 72, 68, 47, 114.18
2026/04/14 10:56:26.277, 1, 4, 0, 0, 28, 24.59
2026/04/14 10:56:27.287, 0, 6470, 77, 74, 47, 139.90
2026/04/14 10:56:27.292, 1, 4, 0, 0, 28, 24.49
2026/04/14 10:56:28.296, 0, 6470, 86, 84, 47, 164.80
2026/04/14 10:56:28.298, 1, 4, 0, 0, 28, 24.68
2026/04/14 10:56:29.301, 0, 6470, 86, 81, 47, 87.46
2026/04/14 10:56:29.304, 1, 4, 0, 0, 28, 24.59
2026/04/14 10:56:30.307, 0, 6470, 78, 69, 47, 107.64
2026/04/14 10:56:30.310, 1, 4, 0, 0, 28, 24.49
2026/04/14 10:56:31.312, 0, 6470, 73, 62, 47, 84.48
2026/04/14 10:56:31.315, 1, 4, 0, 0, 28, 24.50
2026/04/14 10:56:32.318, 0, 6470, 76, 66, 47, 101.29
2026/04/14 10:56:32.323, 1, 4, 0, 0, 28, 24.50
2026/04/14 10:56:33.330, 0, 6470, 67, 56, 46, 64.83
2026/04/14 10:56:33.334, 1, 4, 0, 0, 28, 24.49
2026/04/14 10:56:34.338, 0, 6470, 61, 48, 46, 109.40
2026/04/14 10:56:34.341, 1, 4, 0, 0, 28, 24.49
2026/04/14 10:56:35.345, 0, 6470, 52, 45, 46, 77.04
2026/04/14 10:56:35.350, 1, 4, 0, 0, 28, 24.50
2026/04/14 10:56:36.353, 0, 6470, 72, 62, 46, 79.32
2026/04/14 10:56:36.356, 1, 4, 0, 0, 28, 24.50
2026/04/14 10:56:37.359, 0, 6470, 74, 64, 46, 71.27
2026/04/14 10:56:37.362, 1, 4, 0, 0, 28, 24.50
2026/04/14 10:56:38.366, 0, 6470, 65, 52, 46, 112.62
2026/04/14 10:56:38.369, 1, 4, 0, 0, 28, 24.49
2026/04/14 10:56:39.372, 0, 6470, 54, 38, 47, 104.62
2026/04/14 10:56:39.375, 1, 4, 0, 0, 28, 24.50
2026/04/14 10:56:40.386, 0, 6470, 58, 50, 46, 125.43
2026/04/14 10:56:40.389, 1, 4, 0, 0, 28, 24.49
2026/04/14 10:56:41.393, 0, 6470, 76, 66, 47, 96.72
2026/04/14 10:56:41.395, 1, 4, 0, 0, 28, 24.59
2026/04/14 10:56:42.399, 0, 6470, 67, 55, 47, 109.96
2026/04/14 10:56:42.402, 1, 4, 0, 0, 28, 24.49
2026/04/14 10:56:43.406, 0, 6470, 54, 38, 47, 111.57
2026/04/14 10:56:43.409, 1, 4, 0, 0, 28, 24.49
2026/04/14 10:56:44.413, 0, 6470, 63, 56, 47, 159.40
2026/04/14 10:56:44.416, 1, 4, 0, 0, 28, 24.58
2026/04/14 10:56:45.419, 0, 6470, 67, 61, 47, 125.64
2026/04/14 10:56:45.422, 1, 4, 0, 0, 28, 24.49
2026/04/14 10:56:46.426, 0, 6470, 79, 77, 47, 67.88
2026/04/14 10:56:46.428, 1, 4, 0, 0, 28, 24.59
2026/04/14 10:56:47.436, 0, 6470, 86, 83, 47, 100.08
2026/04/14 10:56:47.439, 1, 4, 0, 0, 28, 24.69
2026/04/14 10:56:48.447, 0, 6470, 79, 71, 46, 85.50
2026/04/14 10:56:48.450, 1, 4, 0, 0, 28, 24.50
2026/04/14 10:56:49.457, 0, 6470, 73, 62, 47, 65.24
2026/04/14 10:56:49.460, 1, 4, 0, 0, 28, 24.59
2026/04/14 10:56:50.469, 0, 6470, 75, 65, 47, 107.81
2026/04/14 10:56:50.473, 1, 4, 0, 0, 28, 24.49
2026/04/14 10:56:51.480, 0, 6470, 67, 56, 46, 108.97
2026/04/14 10:56:51.483, 1, 4, 0, 0, 28, 24.49
2026/04/14 10:56:52.489, 0, 6470, 60, 47, 46, 89.35
2026/04/14 10:56:52.493, 1, 4, 0, 0, 28, 24.59
2026/04/14 10:56:53.497, 0, 6470, 53, 38, 47, 111.30
2026/04/14 10:56:53.500, 1, 4, 0, 0, 28, 24.59
2026/04/14 10:56:54.504, 0, 6470, 53, 42, 47, 111.90
2026/04/14 10:56:54.507, 1, 4, 0, 0, 28, 24.59
2026/04/14 10:56:55.516, 0, 6470, 61, 55, 47, 150.61
2026/04/14 10:56:55.519, 1, 4, 0, 0, 28, 24.49
2026/04/14 10:56:56.522, 0, 6470, 63, 57, 47, 126.35
2026/04/14 10:56:56.527, 1, 4, 0, 0, 28, 24.49
2026/04/14 10:56:57.530, 0, 6470, 65, 59, 47, 66.52
2026/04/14 10:56:57.533, 1, 4, 0, 0, 28, 24.49
2026/04/14 10:56:58.542, 0, 6470, 72, 68, 47, 96.33
2026/04/14 10:56:58.545, 1, 4, 0, 0, 28, 24.50
2026/04/14 10:56:59.548, 0, 6470, 80, 77, 47, 84.10
2026/04/14 10:56:59.554, 1, 4, 0, 0, 28, 24.49
2026/04/14 10:57:00.558, 0, 6470, 86, 84, 46, 63.60
2026/04/14 10:57:00.560, 1, 4, 0, 0, 28, 24.50
2026/04/14 10:57:01.569, 0, 6470, 84, 78, 47, 110.39
2026/04/14 10:57:01.572, 1, 4, 0, 0, 28, 24.49
2026/04/14 10:57:02.575, 0, 6470, 75, 64, 47, 101.46
2026/04/14 10:57:02.578, 1, 4, 0, 0, 28, 24.49
2026/04/14 10:57:03.581, 0, 6470, 76, 66, 47, 104.88
2026/04/14 10:57:03.584, 1, 4, 0, 0, 28, 24.50
2026/04/14 10:57:04.587, 0, 6470, 70, 59, 47, 108.74
2026/04/14 10:57:04.590, 1, 4, 0, 0, 28, 24.59
2026/04/14 10:57:05.598, 0, 6470, 65, 53, 47, 113.50
2026/04/14 10:57:05.601, 1, 4, 0, 0, 28, 24.49
2026/04/14 10:57:06.605, 0, 6470, 56, 42, 47, 115.63
2026/04/14 10:57:06.608, 1, 4, 0, 0, 28, 24.59
2026/04/14 10:57:07.610, 0, 6470, 54, 39, 47, 164.37
2026/04/14 10:57:07.614, 1, 4, 0, 0, 28, 24.49
2026/04/14 10:57:08.624, 0, 6470, 80, 72, 47, 85.92
2026/04/14 10:57:08.628, 1, 4, 0, 0, 28, 24.50
2026/04/14 10:57:09.632, 0, 6470, 72, 62, 47, 112.78
2026/04/14 10:57:09.635, 1, 4, 0, 0, 28, 24.58
2026/04/14 10:57:10.637, 0, 6470, 76, 66, 47, 69.72
2026/04/14 10:57:10.641, 1, 4, 0, 0, 28, 24.50
2026/04/14 10:57:11.649, 0, 6470, 68, 56, 47, 75.67
2026/04/14 10:57:11.652, 1, 4, 0, 0, 28, 24.50
2026/04/14 10:57:12.656, 0, 6470, 61, 49, 46, 94.50
2026/04/14 10:57:12.658, 1, 4, 0, 0, 28, 24.59
2026/04/14 10:57:13.662, 0, 6470, 53, 38, 46, 105.58
2026/04/14 10:57:13.665, 1, 4, 0, 0, 28, 24.49
2026/04/14 10:57:14.668, 0, 6470, 53, 41, 47, 104.66
2026/04/14 10:57:14.671, 1, 4, 0, 0, 28, 24.59
2026/04/14 10:57:15.680, 0, 6470, 60, 53, 47, 88.84
2026/04/14 10:57:15.683, 1, 4, 0, 0, 28, 24.49
2026/04/14 10:57:16.685, 0, 6470, 64, 58, 47, 111.12
2026/04/14 10:57:16.688, 1, 4, 0, 0, 28, 24.50
2026/04/14 10:57:17.692, 0, 6470, 64, 58, 47, 115.13
2026/04/14 10:57:17.698, 1, 4, 0, 0, 28, 24.59
2026/04/14 10:57:18.706, 0, 6470, 72, 68, 47, 163.67
2026/04/14 10:57:18.709, 1, 4, 0, 0, 28, 24.48
2026/04/14 10:57:19.711, 0, 6470, 80, 77, 47, 122.20
2026/04/14 10:57:19.714, 1, 4, 0, 0, 28, 24.49
2026/04/14 10:57:20.717, 0, 6470, 51, 36, 46, 109.40
2026/04/14 10:57:20.719, 1, 4, 0, 0, 28, 24.49
2026/04/14 10:57:21.723, 0, 6470, 59, 47, 46, 89.22
2026/04/14 10:57:21.727, 1, 4, 0, 0, 28, 24.59
2026/04/14 10:57:22.734, 0, 6470, 70, 61, 47, 65.62
2026/04/14 10:57:22.737, 1, 4, 0, 0, 28, 24.59
2026/04/14 10:57:23.740, 0, 6470, 82, 80, 47, 79.92
2026/04/14 10:57:23.743, 1, 4, 0, 0, 28, 24.59
2026/04/14 10:57:24.746, 0, 6470, 62, 57, 47, 135.27
2026/04/14 10:57:24.748, 1, 4, 0, 0, 28, 24.58
2026/04/14 10:57:25.752, 0, 6470, 54, 47, 46, 107.86
2026/04/14 10:57:25.756, 1, 4, 0, 0, 28, 24.59
2026/04/14 10:57:26.763, 0, 6470, 47, 34, 46, 114.69
2026/04/14 10:57:26.765, 1, 4, 0, 0, 28, 24.69
2026/04/14 10:57:27.768, 0, 6470, 67, 57, 46, 98.36
2026/04/14 10:57:27.771, 1, 4, 0, 0, 28, 24.59
2026/04/14 10:57:28.774, 0, 6470, 73, 64, 46, 68.43
2026/04/14 10:57:28.777, 1, 4, 0, 0, 28, 24.49
2026/04/14 10:57:29.780, 0, 6470, 81, 79, 46, 73.00
2026/04/14 10:57:29.786, 1, 4, 0, 0, 28, 24.49
2026/04/14 10:57:30.792, 0, 6470, 62, 57, 46, 163.96
2026/04/14 10:57:30.795, 1, 4, 0, 0, 28, 24.59
2026/04/14 10:57:31.798, 0, 6470, 54, 48, 46, 111.62
2026/04/14 10:57:31.801, 1, 4, 0, 0, 28, 24.59
2026/04/14 10:57:32.804, 0, 6470, 46, 32, 46, 86.93
2026/04/14 10:57:32.806, 1, 4, 0, 0, 28, 24.59
2026/04/14 10:57:33.809, 0, 6470, 65, 55, 46, 105.88
2026/04/14 10:57:33.815, 1, 4, 0, 0, 28, 24.59
2026/04/14 10:57:34.824, 0, 6470, 72, 62, 46, 70.11
2026/04/14 10:57:34.827, 1, 4, 0, 0, 28, 24.59
2026/04/14 10:57:35.829, 0, 6470, 82, 80, 46, 99.85
2026/04/14 10:57:35.832, 1, 4, 0, 0, 28, 24.49
2026/04/14 10:57:36.835, 0, 6470, 62, 57, 47, 96.47
2026/04/14 10:57:36.838, 1, 4, 0, 0, 28, 24.59
2026/04/14 10:57:37.842, 0, 6470, 54, 47, 46, 112.48
2026/04/14 10:57:37.844, 1, 4, 0, 0, 28, 24.49
2026/04/14 10:57:38.847, 0, 6470, 47, 34, 46, 100.33
2026/04/14 10:57:38.850, 1, 4, 0, 0, 28, 24.49
2026/04/14 10:57:39.853, 0, 6470, 67, 57, 46, 101.17
2026/04/14 10:57:39.856, 1, 4, 0, 0, 28, 24.49
2026/04/14 10:57:40.859, 0, 6470, 74, 64, 46, 60.53
2026/04/14 10:57:40.861, 1, 4, 0, 0, 28, 24.50
2026/04/14 10:57:41.864, 0, 6470, 81, 79, 46, 76.27
2026/04/14 10:57:41.867, 1, 4, 0, 0, 28, 24.50
2026/04/14 10:57:42.870, 0, 6470, 61, 56, 46, 81.65
2026/04/14 10:57:42.874, 1, 4, 0, 0, 28, 24.50
2026/04/14 10:57:43.883, 0, 6470, 54, 47, 46, 144.50
2026/04/14 10:57:43.885, 1, 4, 0, 0, 28, 24.68
2026/04/14 10:57:44.888, 0, 6470, 45, 32, 46, 106.65
2026/04/14 10:57:44.891, 1, 4, 0, 0, 28, 24.59
2026/04/14 10:57:45.895, 0, 6470, 60, 48, 46, 122.59
2026/04/14 10:57:45.900, 1, 4, 0, 0, 28, 24.49
2026/04/14 10:57:46.903, 0, 6470, 71, 62, 46, 113.87
2026/04/14 10:57:46.906, 1, 4, 0, 0, 28, 24.49
2026/04/14 10:57:47.909, 0, 6470, 74, 66, 46, 76.16
2026/04/14 10:57:47.912, 1, 4, 0, 0, 28, 24.50
2026/04/14 10:57:48.915, 0, 6470, 82, 81, 46, 92.95
2026/04/14 10:57:48.917, 1, 4, 0, 0, 28, 24.59
2026/04/14 10:57:49.921, 0, 6470, 74, 71, 47, 169.33
2026/04/14 10:57:49.924, 1, 4, 0, 0, 28, 24.68
2026/04/14 10:57:50.928, 0, 6470, 65, 60, 46, 111.86
2026/04/14 10:57:50.937, 1, 4, 0, 0, 28, 24.49
2026/04/14 10:57:51.942, 0, 6470, 58, 52, 46, 88.19
2026/04/14 10:57:51.944, 1, 4, 0, 0, 28, 24.59
2026/04/14 10:57:52.954, 0, 6470, 53, 45, 46, 100.88
2026/04/14 10:57:52.956, 1, 4, 0, 0, 28, 24.49
2026/04/14 10:57:53.962, 0, 6470, 83, 81, 46, 61.75
2026/04/14 10:57:53.965, 1, 4, 0, 0, 28, 24.59
2026/04/14 10:57:54.973, 0, 6470, 68, 64, 46, 60.82
2026/04/14 10:57:54.976, 1, 4, 0, 0, 28, 24.49
2026/04/14 10:57:55.983, 0, 6470, 69, 60, 47, 59.45
2026/04/14 10:57:55.986, 1, 4, 0, 0, 28, 24.59
2026/04/14 10:57:56.994, 0, 6470, 82, 82, 46, 160.42
2026/04/14 10:57:56.997, 1, 4, 0, 0, 28, 24.58
2026/04/14 10:57:58.004, 0, 6470, 67, 62, 46, 113.07
2026/04/14 10:57:58.008, 1, 4, 0, 0, 28, 24.59
2026/04/14 10:57:59.014, 0, 6470, 60, 56, 46, 79.93
2026/04/14 10:57:59.017, 1, 4, 0, 0, 28, 24.49
2026/04/14 10:58:00.023, 0, 6470, 43, 30, 46, 103.18
2026/04/14 10:58:00.026, 1, 4, 0, 0, 28, 24.49
2026/04/14 10:58:01.029, 0, 6470, 59, 47, 46, 70.56
2026/04/14 10:58:01.032, 1, 4, 0, 0, 28, 24.60
2026/04/14 10:58:02.035, 0, 6470, 68, 59, 46, 88.29
2026/04/14 10:58:02.040, 1, 4, 0, 0, 28, 24.50
2026/04/14 10:58:03.048, 0, 6470, 82, 81, 47, 79.73
2026/04/14 10:58:03.050, 1, 4, 0, 0, 28, 24.50
2026/04/14 10:58:04.053, 0, 6470, 67, 62, 46, 138.96
2026/04/14 10:58:04.056, 1, 4, 0, 0, 28, 24.49
2026/04/14 10:58:05.059, 0, 6470, 59, 54, 46, 109.30
2026/04/14 10:58:05.062, 1, 4, 0, 0, 28, 24.50
2026/04/14 10:58:06.066, 0, 6470, 42, 29, 46, 114.33
2026/04/14 10:58:06.070, 1, 4, 0, 0, 28, 24.49
2026/04/14 10:58:07.077, 0, 6470, 57, 46, 46, 112.81
2026/04/14 10:58:07.079, 1, 4, 0, 0, 28, 24.59
2026/04/14 10:58:08.082, 0, 6470, 70, 60, 46, 76.91
2026/04/14 10:58:08.085, 1, 4, 0, 0, 28, 24.50
2026/04/14 10:58:09.089, 0, 6470, 53, 49, 46, 105.68
2026/04/14 10:58:09.092, 1, 4, 0, 0, 28, 24.59
2026/04/14 10:58:10.094, 0, 6470, 45, 32, 46, 100.29
2026/04/14 10:58:10.099, 1, 4, 0, 0, 28, 24.59
2026/04/14 10:58:11.105, 0, 6470, 64, 53, 46, 86.29
2026/04/14 10:58:11.108, 1, 4, 0, 0, 28, 24.59
2026/04/14 10:58:12.111, 0, 6470, 72, 62, 46, 64.36
2026/04/14 10:58:12.113, 1, 4, 0, 0, 28, 24.50
2026/04/14 10:58:13.116, 0, 6470, 82, 81, 46, 59.08
2026/04/14 10:58:13.119, 1, 4, 0, 0, 28, 24.49
2026/04/14 10:58:14.123, 0, 6470, 66, 61, 46, 162.11
2026/04/14 10:58:14.128, 1, 4, 0, 0, 28, 24.68
2026/04/14 10:58:15.136, 0, 6470, 59, 55, 46, 109.29
2026/04/14 10:58:15.140, 1, 4, 0, 0, 28, 24.49
2026/04/14 10:58:16.143, 0, 6470, 43, 31, 46, 78.35
2026/04/14 10:58:16.146, 1, 4, 0, 0, 28, 24.50
2026/04/14 10:58:17.149, 0, 6470, 61, 50, 46, 105.58
2026/04/14 10:58:17.151, 1, 4, 0, 0, 28, 24.50
2026/04/14 10:58:18.154, 0, 6470, 70, 61, 46, 71.52
2026/04/14 10:58:18.157, 1, 4, 0, 0, 28, 24.50
2026/04/14 10:58:19.166, 0, 6470, 82, 81, 46, 95.52
2026/04/14 10:58:19.169, 1, 4, 0, 0, 28, 24.59
2026/04/14 10:58:20.172, 0, 6470, 66, 61, 47, 91.31
2026/04/14 10:58:20.175, 1, 4, 0, 0, 28, 24.50
2026/04/14 10:58:21.177, 0, 6470, 60, 55, 46, 111.78
2026/04/14 10:58:21.180, 1, 4, 0, 0, 28, 24.49
2026/04/14 10:58:22.184, 0, 6470, 42, 29, 46, 99.62
2026/04/14 10:58:22.187, 1, 4, 0, 0, 28, 24.49
2026/04/14 10:58:23.196, 0, 6470, 59, 48, 46, 100.29
2026/04/14 10:58:23.198, 1, 4, 0, 0, 28, 24.49
2026/04/14 10:58:24.202, 0, 6470, 68, 60, 46, 75.14
2026/04/14 10:58:24.205, 1, 4, 0, 0, 28, 24.59
2026/04/14 10:58:25.209, 0, 6470, 83, 82, 46, 65.33
2026/04/14 10:58:25.214, 1, 4, 0, 0, 28, 24.49
2026/04/14 10:58:26.223, 0, 6470, 67, 62, 46, 103.31
2026/04/14 10:58:26.226, 1, 4, 0, 0, 28, 24.59
2026/04/14 10:58:27.229, 0, 6470, 60, 56, 47, 163.38
2026/04/14 10:58:27.232, 1, 4, 0, 0, 28, 24.49
2026/04/14 10:58:28.234, 0, 6470, 43, 30, 46, 113.23
2026/04/14 10:58:28.237, 1, 4, 0, 0, 28, 24.49
2026/04/14 10:58:29.240, 0, 6470, 59, 47, 46, 80.10
2026/04/14 10:58:29.243, 1, 4, 0, 0, 28, 24.59
2026/04/14 10:58:30.251, 0, 6470, 69, 59, 46, 102.81
2026/04/14 10:58:30.254, 1, 4, 0, 0, 28, 24.50
2026/04/14 10:58:31.257, 0, 6470, 82, 79, 46, 66.32
2026/04/14 10:58:31.260, 1, 4, 0, 0, 28, 24.60
2026/04/14 10:58:32.264, 0, 6470, 69, 66, 46, 77.23
2026/04/14 10:58:32.270, 1, 4, 0, 0, 28, 24.50
2026/04/14 10:58:33.277, 0, 6470, 58, 52, 47, 77.43
2026/04/14 10:58:33.280, 1, 4, 0, 0, 28, 24.59
2026/04/14 10:58:34.283, 0, 6470, 44, 32, 46, 145.61
2026/04/14 10:58:34.286, 1, 4, 0, 0, 28, 24.58
2026/04/14 10:58:35.290, 0, 6470, 57, 45, 46, 110.06
2026/04/14 10:58:35.293, 1, 4, 0, 0, 28, 24.49
2026/04/14 10:58:36.303, 0, 6470, 71, 62, 46, 79.53
2026/04/14 10:58:36.305, 1, 4, 0, 0, 28, 24.59
2026/04/14 10:58:37.310, 0, 6470, 54, 46, 46, 100.88
2026/04/14 10:58:37.312, 1, 4, 0, 0, 28, 24.49
2026/04/14 10:58:38.316, 0, 6470, 45, 32, 46, 95.89
2026/04/14 10:58:38.319, 1, 4, 0, 0, 28, 24.58
2026/04/14 10:58:39.329, 0, 6470, 60, 48, 46, 84.45
2026/04/14 10:58:39.332, 1, 4, 0, 0, 28, 24.59
2026/04/14 10:58:40.336, 0, 6470, 70, 60, 46, 105.41
2026/04/14 10:58:40.339, 1, 4, 0, 0, 28, 24.50
2026/04/14 10:58:41.343, 0, 6470, 81, 75, 46, 79.66
2026/04/14 10:58:41.346, 1, 4, 0, 0, 28, 24.50
2026/04/14 10:58:42.355, 0, 6470, 76, 74, 46, 149.22
2026/04/14 10:58:42.358, 1, 4, 0, 0, 28, 24.58
2026/04/14 10:58:43.362, 0, 6470, 61, 56, 46, 111.03
2026/04/14 10:58:43.364, 1, 4, 0, 0, 28, 24.59
2026/04/14 10:58:44.368, 0, 6470, 60, 55, 46, 80.96
2026/04/14 10:58:44.371, 1, 4, 0, 0, 28, 24.49
2026/04/14 10:58:45.375, 0, 6470, 45, 32, 46, 100.29
2026/04/14 10:58:45.378, 1, 4, 0, 0, 28, 24.49
2026/04/14 10:58:46.382, 0, 6470, 55, 42, 46, 121.05
2026/04/14 10:58:46.384, 1, 4, 0, 0, 28, 24.59
2026/04/14 10:58:47.388, 0, 6470, 68, 58, 46, 76.07
2026/04/14 10:58:47.391, 1, 4, 0, 0, 28, 24.50
2026/04/14 10:58:48.400, 0, 6470, 71, 62, 46, 73.28
2026/04/14 10:58:48.403, 1, 4, 0, 0, 28, 24.50
2026/04/14 10:58:49.407, 0, 6470, 83, 80, 46, 67.56
2026/04/14 10:58:49.412, 1, 4, 0, 0, 28, 24.59
2026/04/14 10:58:50.415, 0, 6470, 75, 73, 47, 130.38
2026/04/14 10:58:50.418, 1, 4, 0, 0, 28, 24.59
2026/04/14 10:58:51.422, 0, 6470, 66, 61, 46, 115.94
2026/04/14 10:58:51.424, 1, 4, 0, 0, 28, 24.58
2026/04/14 10:58:52.428, 0, 6470, 59, 53, 46, 112.49
2026/04/14 10:58:52.431, 1, 4, 0, 0, 28, 24.49
2026/04/14 10:58:53.435, 0, 6470, 60, 54, 46, 81.67
2026/04/14 10:58:53.438, 1, 4, 0, 0, 28, 24.59
2026/04/14 10:58:54.449, 0, 6470, 53, 44, 46, 99.87
2026/04/14 10:58:54.452, 1, 4, 0, 0, 28, 24.59
2026/04/14 10:58:55.456, 0, 6470, 82, 77, 46, 114.78
2026/04/14 10:58:55.459, 1, 4, 0, 0, 28, 24.59
2026/04/14 10:58:56.462, 0, 6470, 82, 81, 46, 75.19
2026/04/14 10:58:56.465, 1, 4, 0, 0, 28, 24.50
2026/04/14 10:58:57.469, 0, 6470, 50, 44, 46, 113.25
2026/04/14 10:58:57.472, 1, 4, 0, 0, 28, 24.49
2026/04/14 10:58:58.476, 0, 6470, 44, 31, 46, 107.78
2026/04/14 10:58:58.480, 1, 4, 0, 0, 28, 24.59
2026/04/14 10:58:59.484, 0, 6470, 47, 34, 46, 95.07
2026/04/14 10:58:59.487, 1, 4, 0, 0, 28, 24.60
2026/04/14 10:59:00.491, 0, 6470, 56, 44, 46, 101.73
2026/04/14 10:59:00.494, 1, 4, 0, 0, 28, 24.59
2026/04/14 10:59:01.500, 0, 6470, 62, 51, 46, 70.62
2026/04/14 10:59:01.504, 1, 4, 0, 0, 28, 24.49
2026/04/14 10:59:02.510, 0, 6470, 68, 59, 46, 76.33
2026/04/14 10:59:02.513, 1, 4, 0, 0, 28, 24.59
2026/04/14 10:59:03.522, 0, 6470, 82, 79, 46, 110.87
2026/04/14 10:59:03.525, 1, 4, 0, 0, 28, 24.50
2026/04/14 10:59:04.534, 0, 6470, 72, 69, 46, 78.93
2026/04/14 10:59:04.536, 1, 4, 0, 0, 28, 24.60
2026/04/14 10:59:05.544, 0, 6470, 56, 51, 46, 151.93
2026/04/14 10:59:05.548, 1, 4, 0, 0, 28, 24.58
2026/04/14 10:59:06.552, 0, 6470, 47, 37, 46, 109.05
2026/04/14 10:59:06.556, 1, 4, 0, 0, 28, 24.59
2026/04/14 10:59:07.560, 0, 6470, 54, 41, 46, 121.84
2026/04/14 10:59:07.562, 1, 4, 0, 0, 28, 24.49
2026/04/14 10:59:08.566, 0, 6470, 72, 63, 46, 119.06
2026/04/14 10:59:08.569, 1, 4, 0, 0, 28, 24.49
2026/04/14 10:59:09.578, 0, 6470, 79, 72, 46, 82.05
2026/04/14 10:59:09.582, 1, 4, 0, 0, 28, 24.50
2026/04/14 10:59:10.586, 0, 6470, 77, 75, 46, 109.15
2026/04/14 10:59:10.589, 1, 4, 0, 0, 28, 24.49
2026/04/14 10:59:11.593, 0, 6470, 58, 52, 46, 113.85
2026/04/14 10:59:11.595, 1, 4, 0, 0, 28, 24.50
2026/04/14 10:59:12.605, 0, 6470, 51, 43, 46, 113.02
2026/04/14 10:59:12.610, 1, 4, 0, 0, 28, 24.49
2026/04/14 10:59:13.613, 0, 6470, 49, 35, 46, 103.86
2026/04/14 10:59:13.616, 1, 4, 0, 0, 28, 24.59
2026/04/14 10:59:14.620, 0, 6470, 68, 59, 46, 100.29
2026/04/14 10:59:14.623, 1, 4, 0, 0, 28, 24.58
2026/04/14 10:59:15.631, 0, 6470, 74, 65, 45, 97.91
2026/04/14 10:59:15.636, 1, 4, 0, 0, 28, 24.59
2026/04/14 10:59:16.640, 0, 6470, 80, 78, 46, 70.73
2026/04/14 10:59:16.643, 1, 4, 0, 0, 28, 24.50
2026/04/14 10:59:17.646, 0, 6470, 62, 57, 46, 83.08
2026/04/14 10:59:17.649, 1, 4, 0, 0, 28, 24.49
2026/04/14 10:59:18.658, 0, 6470, 54, 48, 46, 163.43
2026/04/14 10:59:18.661, 1, 4, 0, 0, 28, 24.49
2026/04/14 10:59:19.665, 0, 6470, 47, 33, 46, 111.92
2026/04/14 10:59:19.667, 1, 4, 0, 0, 28, 24.49
2026/04/14 10:59:20.671, 0, 6470, 65, 54, 46, 80.08
2026/04/14 10:59:20.674, 1, 4, 0, 0, 28, 24.49
2026/04/14 10:59:21.683, 0, 6470, 72, 62, 46, 125.87
2026/04/14 10:59:21.686, 1, 4, 0, 0, 28, 24.49
2026/04/14 10:59:22.691, 0, 6470, 63, 58, 46, 88.14
2026/04/14 10:59:22.694, 1, 4, 0, 0, 28, 24.49
2026/04/14 10:59:23.698, 0, 6470, 64, 58, 46, 109.35
2026/04/14 10:59:23.701, 1, 4, 0, 0, 28, 24.49
2026/04/14 10:59:24.711, 0, 6470, 73, 68, 46, 112.30
2026/04/14 10:59:24.714, 1, 4, 0, 0, 28, 24.49
2026/04/14 10:59:25.718, 0, 6470, 80, 77, 46, 154.41
2026/04/14 10:59:25.721, 1, 4, 0, 0, 28, 24.58
2026/04/14 10:59:26.725, 0, 6470, 86, 84, 47, 142.72
2026/04/14 10:59:26.728, 1, 4, 0, 0, 28, 24.50
2026/04/14 10:59:27.737, 0, 6470, 84, 77, 46, 67.45
2026/04/14 10:59:27.740, 1, 4, 0, 0, 28, 24.49
2026/04/14 10:59:28.744, 0, 6470, 80, 74, 46, 63.82
2026/04/14 10:59:28.748, 1, 4, 0, 0, 28, 24.50
2026/04/14 10:59:29.751, 0, 6470, 76, 74, 46, 155.92
2026/04/14 10:59:29.754, 1, 4, 0, 0, 28, 24.58
2026/04/14 10:59:30.764, 0, 6470, 57, 52, 46, 111.59
2026/04/14 10:59:30.766, 1, 4, 0, 0, 28, 24.59
2026/04/14 10:59:31.770, 0, 6470, 50, 41, 46, 77.89
2026/04/14 10:59:31.775, 1, 4, 0, 0, 28, 24.59
2026/04/14 10:59:32.779, 0, 6470, 51, 37, 46, 103.18
2026/04/14 10:59:32.782, 1, 4, 0, 0, 28, 24.50
2026/04/14 10:59:33.789, 0, 6470, 63, 52, 46, 62.16
2026/04/14 10:59:33.792, 1, 4, 0, 0, 28, 24.49
2026/04/14 10:59:34.796, 0, 6470, 68, 59, 46, 82.22
2026/04/14 10:59:34.802, 1, 4, 0, 0, 28, 24.40
2026/04/14 10:59:35.806, 0, 6470, 81, 76, 46, 109.28
2026/04/14 10:59:35.810, 1, 4, 0, 0, 28, 24.59
2026/04/14 10:59:36.815, 0, 6470, 79, 76, 46, 79.52
2026/04/14 10:59:36.818, 1, 4, 0, 0, 28, 24.50
2026/04/14 10:59:37.822, 0, 6470, 66, 61, 46, 158.49
2026/04/14 10:59:37.825, 1, 4, 0, 0, 28, 24.58
2026/04/14 10:59:38.829, 0, 6470, 62, 57, 46, 111.04
2026/04/14 10:59:38.832, 1, 4, 0, 0, 28, 24.59
2026/04/14 10:59:39.836, 0, 6470, 46, 34, 46, 99.72
2026/04/14 10:59:39.838, 1, 4, 0, 0, 28, 24.59
2026/04/14 10:59:40.845, 0, 6470, 53, 40, 46, 119.64
2026/04/14 10:59:40.847, 1, 4, 0, 0, 28, 24.49
2026/04/14 10:59:41.851, 0, 6470, 68, 57, 46, 112.01
2026/04/14 10:59:41.854, 1, 4, 0, 0, 28, 24.49
2026/04/14 10:59:42.858, 0, 6470, 72, 62, 46, 74.51
2026/04/14 10:59:42.861, 1, 4, 0, 0, 28, 24.60
2026/04/14 10:59:43.865, 0, 6470, 83, 81, 46, 100.51
2026/04/14 10:59:43.867, 1, 4, 0, 0, 28, 24.50
2026/04/14 10:59:44.874, 0, 6470, 49, 41, 46, 103.57
2026/04/14 10:59:44.877, 1, 4, 0, 0, 28, 24.59
2026/04/14 10:59:45.881, 0, 6470, 56, 43, 46, 117.06
2026/04/14 10:59:45.884, 1, 4, 0, 0, 28, 24.59
2026/04/14 10:59:46.887, 0, 6470, 71, 62, 46, 108.26
2026/04/14 10:59:46.890, 1, 4, 0, 0, 28, 24.59
2026/04/14 10:59:47.894, 0, 6470, 78, 71, 46, 84.27
2026/04/14 10:59:47.897, 1, 4, 0, 0, 28, 24.59
2026/04/14 10:59:48.905, 0, 6470, 76, 74, 46, 110.31
2026/04/14 10:59:48.907, 1, 4, 0, 0, 28, 24.59
2026/04/14 10:59:49.911, 0, 6470, 56, 51, 46, 142.96
2026/04/14 10:59:49.914, 1, 4, 0, 0, 28, 24.50
2026/04/14 10:59:50.918, 0, 6470, 48, 39, 46, 110.87
2026/04/14 10:59:50.920, 1, 4, 0, 0, 28, 24.49
2026/04/14 10:59:51.924, 0, 6470, 48, 34, 46, 106.63
2026/04/14 10:59:51.927, 1, 4, 0, 0, 28, 24.49
2026/04/14 10:59:52.931, 0, 6470, 55, 41, 46, 112.25
2026/04/14 10:59:52.934, 1, 4, 0, 0, 28, 24.59
2026/04/14 10:59:53.938, 0, 6470, 54, 38, 46, 115.34
2026/04/14 10:59:53.941, 1, 4, 0, 0, 28, 24.49
2026/04/14 10:59:54.951, 0, 6470, 56, 46, 46, 156.59
2026/04/14 10:59:54.954, 1, 4, 0, 0, 28, 24.58
2026/04/14 10:59:55.958, 0, 6470, 64, 57, 47, 102.14
2026/04/14 10:59:55.961, 1, 4, 0, 0, 28, 24.59
2026/04/14 10:59:56.965, 0, 6470, 61, 54, 46, 99.53
2026/04/14 10:59:56.967, 1, 4, 0, 0, 28, 24.59
2026/04/14 10:59:57.971, 0, 6470, 71, 67, 46, 85.55
2026/04/14 10:59:57.974, 1, 4, 0, 0, 28, 24.41
2026/04/14 10:59:58.978, 0, 6470, 79, 76, 46, 102.42
2026/04/14 10:59:58.981, 1, 4, 0, 0, 28, 24.59
2026/04/14 10:59:59.985, 0, 6470, 83, 82, 46, 93.54
2026/04/14 10:59:59.987, 1, 4, 0, 0, 28, 24.50
2026/04/14 11:00:00.991, 0, 6470, 86, 82, 46, 72.59
2026/04/14 11:00:00.994, 1, 4, 0, 0, 28, 24.50
2026/04/14 11:00:02.003, 0, 6470, 76, 66, 46, 71.91
2026/04/14 11:00:02.006, 1, 4, 0, 0, 28, 24.59
2026/04/14 11:00:03.010, 0, 6470, 76, 66, 46, 122.92
2026/04/14 11:00:03.013, 1, 4, 0, 0, 28, 24.49
2026/04/14 11:00:04.017, 0, 6470, 69, 58, 46, 114.14
2026/04/14 11:00:04.020, 1, 4, 0, 0, 28, 24.49
2026/04/14 11:00:05.024, 0, 6470, 61, 48, 46, 106.26
2026/04/14 11:00:05.027, 1, 4, 0, 0, 28, 24.49
2026/04/14 11:00:06.030, 0, 6470, 51, 36, 46, 102.21
2026/04/14 11:00:06.034, 1, 4, 0, 0, 28, 24.50
2026/04/14 11:00:07.037, 0, 6470, 53, 43, 46, 103.18
2026/04/14 11:00:07.043, 1, 4, 0, 0, 28, 24.49
2026/04/14 11:00:08.047, 0, 6470, 62, 56, 46, 127.44
2026/04/14 11:00:08.050, 1, 4, 0, 0, 28, 24.50
2026/04/14 11:00:09.054, 0, 6470, 60, 54, 46, 102.00
2026/04/14 11:00:09.058, 1, 4, 0, 0, 28, 24.50
2026/04/14 11:00:10.066, 0, 6470, 60, 53, 46, 93.26
2026/04/14 11:00:10.068, 1, 4, 0, 0, 28, 24.50
2026/04/14 11:00:11.075, 0, 6470, 60, 54, 46, 110.45
2026/04/14 11:00:11.078, 1, 4, 0, 0, 28, 24.59
2026/04/14 11:00:12.085, 0, 6470, 64, 58, 46, 112.11
2026/04/14 11:00:12.088, 1, 4, 0, 0, 28, 24.59
2026/04/14 11:00:13.094, 0, 6470, 69, 65, 46, 111.97
2026/04/14 11:00:13.097, 1, 4, 0, 0, 28, 24.49
2026/04/14 11:00:14.101, 0, 6470, 69, 65, 46, 114.88
2026/04/14 11:00:14.104, 1, 4, 0, 0, 28, 24.59
2026/04/14 11:00:15.108, 0, 6470, 71, 66, 46, 116.15
2026/04/14 11:00:15.110, 1, 4, 0, 0, 28, 24.49
2026/04/14 11:00:16.114, 0, 6470, 72, 68, 46, 155.49
2026/04/14 11:00:16.117, 1, 4, 0, 0, 28, 24.58
2026/04/14 11:00:17.127, 0, 6470, 76, 73, 47, 165.77
2026/04/14 11:00:17.129, 1, 4, 0, 0, 28, 24.58
2026/04/14 11:00:18.133, 0, 6470, 77, 74, 46, 161.38
2026/04/14 11:00:18.136, 1, 4, 0, 0, 28, 24.40
2026/04/14 11:00:19.140, 0, 6470, 79, 77, 47, 124.04
2026/04/14 11:00:19.142, 1, 4, 0, 0, 28, 24.50
2026/04/14 11:00:20.153, 0, 6470, 84, 82, 46, 82.35
2026/04/14 11:00:20.155, 1, 4, 0, 0, 28, 24.50
2026/04/14 11:00:21.159, 0, 6470, 85, 83, 47, 101.01
2026/04/14 11:00:21.162, 1, 4, 0, 0, 28, 24.59
2026/04/14 11:00:22.166, 0, 6470, 86, 83, 46, 113.22
2026/04/14 11:00:22.168, 1, 4, 0, 0, 28, 24.60
2026/04/14 11:00:23.178, 0, 6470, 85, 82, 46, 85.42
2026/04/14 11:00:23.181, 1, 4, 0, 0, 28, 24.50
2026/04/14 11:00:24.185, 0, 6470, 82, 76, 46, 63.59
2026/04/14 11:00:24.188, 1, 4, 0, 0, 28, 24.59
2026/04/14 11:00:25.192, 0, 6470, 79, 70, 46, 84.05
2026/04/14 11:00:25.195, 1, 4, 0, 0, 28, 24.49
2026/04/14 11:00:26.199, 0, 6470, 75, 64, 46, 72.68
2026/04/14 11:00:26.203, 1, 4, 0, 0, 28, 24.60
2026/04/14 11:00:27.208, 0, 6470, 72, 62, 46, 66.03
2026/04/14 11:00:27.211, 1, 4, 0, 0, 28, 24.60
2026/04/14 11:00:28.215, 0, 6470, 72, 62, 46, 63.62
2026/04/14 11:00:28.217, 1, 4, 0, 0, 28, 24.50
2026/04/14 11:00:29.222, 0, 6470, 74, 64, 46, 116.60
2026/04/14 11:00:29.224, 1, 4, 0, 0, 28, 24.49
2026/04/14 11:00:30.228, 0, 6470, 77, 67, 46, 111.04
2026/04/14 11:00:30.232, 1, 4, 0, 0, 28, 24.49
2026/04/14 11:00:31.239, 0, 6470, 66, 61, 47, 89.85
2026/04/14 11:00:31.242, 1, 4, 0, 0, 28, 24.59
2026/04/14 11:00:32.246, 0, 6470, 67, 62, 46, 88.57
2026/04/14 11:00:32.248, 1, 4, 0, 0, 28, 24.50
2026/04/14 11:00:33.252, 0, 6470, 59, 53, 46, 166.61
2026/04/14 11:00:33.258, 1, 4, 0, 0, 28, 24.49
2026/04/14 11:00:34.266, 0, 6470, 43, 30, 46, 112.20
2026/04/14 11:00:34.269, 1, 4, 0, 0, 28, 24.59
2026/04/14 11:00:35.273, 0, 6470, 57, 45, 46, 95.15
2026/04/14 11:00:35.276, 1, 4, 0, 0, 28, 24.50
2026/04/14 11:00:36.279, 0, 6470, 69, 60, 46, 106.13
2026/04/14 11:00:36.285, 1, 4, 0, 0, 28, 24.59
2026/04/14 11:00:37.292, 0, 6470, 82, 78, 46, 70.75
2026/04/14 11:00:37.295, 1, 4, 0, 0, 28, 24.50
2026/04/14 11:00:38.299, 0, 6470, 69, 66, 46, 101.25
2026/04/14 11:00:38.301, 1, 4, 0, 0, 28, 24.59
2026/04/14 11:00:39.305, 0, 6470, 58, 52, 47, 92.56
2026/04/14 11:00:39.308, 1, 4, 0, 0, 28, 24.59
2026/04/14 11:00:40.319, 0, 6470, 43, 31, 46, 135.26
2026/04/14 11:00:40.321, 1, 4, 0, 0, 28, 24.58
2026/04/14 11:00:41.325, 0, 6470, 52, 39, 46, 108.97
2026/04/14 11:00:41.328, 1, 4, 0, 0, 28, 24.59
2026/04/14 11:00:42.332, 0, 6470, 71, 63, 46, 126.25
2026/04/14 11:00:42.335, 1, 4, 0, 0, 28, 24.59
2026/04/14 11:00:43.345, 0, 6470, 79, 72, 46, 110.72
2026/04/14 11:00:43.348, 1, 4, 0, 0, 28, 24.49
2026/04/14 11:00:44.352, 0, 6470, 56, 43, 46, 85.81
2026/04/14 11:00:44.354, 1, 4, 0, 0, 28, 24.59
2026/04/14 11:00:45.358, 0, 6470, 72, 64, 46, 108.98
2026/04/14 11:00:45.361, 1, 4, 0, 0, 28, 24.50
2026/04/14 11:00:46.371, 0, 6470, 81, 76, 47, 96.70
2026/04/14 11:00:46.374, 1, 4, 0, 0, 28, 24.60
2026/04/14 11:00:47.378, 0, 6470, 74, 71, 46, 112.36
2026/04/14 11:00:47.381, 1, 4, 0, 0, 28, 24.59
2026/04/14 11:00:48.384, 0, 6470, 57, 51, 46, 102.99
2026/04/14 11:00:48.387, 1, 4, 0, 0, 28, 24.49
2026/04/14 11:00:49.398, 0, 6470, 51, 41, 46, 111.23
2026/04/14 11:00:49.400, 1, 4, 0, 0, 28, 24.49
2026/04/14 11:00:50.405, 0, 6470, 49, 35, 46, 118.49
2026/04/14 11:00:50.408, 1, 4, 0, 0, 28, 24.49
2026/04/14 11:00:51.411, 0, 6470, 68, 58, 46, 81.75
2026/04/14 11:00:51.414, 1, 4, 0, 0, 28, 24.49
2026/04/14 11:00:52.424, 0, 6470, 74, 65, 46, 109.54
2026/04/14 11:00:52.426, 1, 4, 0, 0, 28, 24.59
2026/04/14 11:00:53.430, 0, 6470, 82, 81, 47, 128.42
2026/04/14 11:00:53.433, 1, 4, 0, 0, 28, 24.49
2026/04/14 11:00:54.437, 0, 6470, 64, 59, 46, 110.27
2026/04/14 11:00:54.440, 1, 4, 0, 0, 28, 24.49
2026/04/14 11:00:55.443, 0, 6470, 57, 51, 46, 99.71
2026/04/14 11:00:55.446, 1, 4, 0, 0, 28, 24.49
2026/04/14 11:00:56.450, 0, 6470, 44, 31, 46, 100.68
2026/04/14 11:00:56.454, 1, 4, 0, 0, 28, 24.49
2026/04/14 11:00:57.464, 0, 6470, 62, 51, 46, 70.76
2026/04/14 11:00:57.467, 1, 4, 0, 0, 28, 24.49
2026/04/14 11:00:58.472, 0, 6470, 70, 61, 46, 65.82
2026/04/14 11:00:58.477, 1, 4, 0, 0, 28, 24.59
2026/04/14 11:00:59.481, 0, 6470, 82, 81, 46, 63.89
2026/04/14 11:00:59.483, 1, 4, 0, 0, 28, 24.49
2026/04/14 11:01:00.487, 0, 6470, 66, 61, 46, 158.49
2026/04/14 11:01:00.490, 1, 4, 0, 0, 28, 24.59
2026/04/14 11:01:01.500, 0, 6470, 60, 56, 46, 112.77
2026/04/14 11:01:01.503, 1, 4, 0, 0, 28, 24.59
2026/04/14 11:01:02.507, 0, 6470, 43, 30, 46, 78.18
2026/04/14 11:01:02.510, 1, 4, 0, 0, 28, 24.50
2026/04/14 11:01:03.513, 0, 6470, 59, 48, 46, 102.99
2026/04/14 11:01:03.516, 1, 4, 0, 0, 28, 24.49
2026/04/14 11:01:04.520, 0, 6470, 68, 59, 46, 67.77
2026/04/14 11:01:04.522, 1, 4, 0, 0, 28, 24.50
2026/04/14 11:01:05.526, 0, 6470, 82, 81, 46, 92.68
2026/04/14 11:01:05.529, 1, 4, 0, 0, 28, 24.50
2026/04/14 11:01:06.532, 0, 6470, 70, 67, 47, 80.61
2026/04/14 11:01:06.535, 1, 4, 0, 0, 28, 24.60
2026/04/14 11:01:07.539, 0, 6470, 58, 52, 46, 116.88
2026/04/14 11:01:07.542, 1, 4, 0, 0, 28, 24.58
2026/04/14 11:01:08.546, 0, 6470, 59, 55, 46, 108.15
2026/04/14 11:01:08.550, 1, 4, 0, 0, 28, 24.59
2026/04/14 11:01:09.561, 0, 6470, 45, 34, 46, 123.36
2026/04/14 11:01:09.564, 1, 4, 0, 0, 28, 24.68
2026/04/14 11:01:10.568, 0, 6470, 47, 34, 46, 121.65
2026/04/14 11:01:10.571, 1, 4, 0, 0, 28, 24.59
2026/04/14 11:01:11.575, 0, 6470, 59, 47, 46, 91.08
2026/04/14 11:01:11.578, 1, 4, 0, 0, 28, 24.59
2026/04/14 11:01:12.582, 0, 6470, 60, 55, 46, 104.63
2026/04/14 11:01:12.585, 1, 4, 0, 0, 28, 24.59
2026/04/14 11:01:13.588, 0, 6470, 60, 55, 46, 143.73
2026/04/14 11:01:13.590, 1, 4, 0, 0, 28, 24.59
2026/04/14 11:01:14.599, 0, 6470, 47, 38, 46, 111.82
2026/04/14 11:01:14.601, 1, 4, 0, 0, 28, 24.59
2026/04/14 11:01:15.610, 0, 6470, 47, 34, 46, 100.14
2026/04/14 11:01:15.613, 1, 4, 0, 0, 28, 24.49
2026/04/14 11:01:16.619, 0, 6470, 66, 55, 46, 100.39
2026/04/14 11:01:16.625, 1, 4, 0, 0, 28, 24.69
2026/04/14 11:01:17.628, 0, 6470, 72, 62, 46, 79.70
2026/04/14 11:01:17.631, 1, 4, 0, 0, 28, 24.59
2026/04/14 11:01:18.634, 0, 6470, 82, 82, 46, 62.75
2026/04/14 11:01:18.637, 1, 4, 0, 0, 28, 24.59
2026/04/14 11:01:19.644, 0, 6470, 16, 14, 45, 58.59
2026/04/14 11:01:19.646, 1, 4, 0, 0, 28, 24.60
2026/04/14 11:01:20.652, 0, 6470, 74, 71, 46, 68.85
2026/04/14 11:01:20.655, 1, 4, 0, 0, 28, 24.50
2026/04/14 11:01:21.659, 0, 6470, 56, 51, 46, 78.67
2026/04/14 11:01:21.661, 1, 4, 0, 0, 28, 24.50
2026/04/14 11:01:22.664, 0, 6470, 46, 36, 46, 137.27
2026/04/14 11:01:22.667, 1, 4, 0, 0, 28, 24.49
2026/04/14 11:01:23.670, 0, 6470, 54, 41, 46, 106.75
2026/04/14 11:01:23.672, 1, 4, 0, 0, 28, 24.59
2026/04/14 11:01:24.681, 0, 6470, 72, 63, 46, 120.10
2026/04/14 11:01:24.684, 1, 4, 0, 0, 28, 24.58
2026/04/14 11:01:25.688, 0, 6470, 79, 72, 46, 119.71
2026/04/14 11:01:25.691, 1, 4, 0, 0, 28, 24.59
2026/04/14 11:01:26.694, 0, 6470, 76, 73, 46, 81.17
2026/04/14 11:01:26.696, 1, 4, 0, 0, 28, 24.59
2026/04/14 11:01:27.699, 0, 6470, 57, 52, 46, 101.81
2026/04/14 11:01:27.704, 1, 4, 0, 0, 28, 24.59
2026/04/14 11:01:28.711, 0, 6470, 80, 75, 46, 130.16
2026/04/14 11:01:28.714, 1, 4, 0, 0, 28, 24.50
2026/04/14 11:01:29.718, 0, 6470, 75, 72, 46, 112.88
2026/04/14 11:01:29.721, 1, 4, 0, 0, 28, 24.59
2026/04/14 11:01:30.725, 0, 6470, 57, 51, 46, 96.02
2026/04/14 11:01:30.728, 1, 4, 0, 0, 28, 24.49
2026/04/14 11:01:31.731, 0, 6470, 49, 40, 46, 100.97
2026/04/14 11:01:31.734, 1, 4, 0, 0, 28, 24.59
2026/04/14 11:01:32.741, 0, 6470, 51, 37, 46, 60.62
2026/04/14 11:01:32.744, 1, 4, 0, 0, 28, 24.50
2026/04/14 11:01:33.748, 0, 6470, 70, 60, 46, 63.99
2026/04/14 11:01:33.751, 1, 4, 0, 0, 28, 24.50
2026/04/14 11:01:34.753, 0, 6470, 75, 67, 47, 73.34
2026/04/14 11:01:34.756, 1, 4, 0, 0, 28, 24.50
2026/04/14 11:01:35.759, 0, 6470, 77, 75, 46, 136.13
2026/04/14 11:01:35.762, 1, 4, 0, 0, 28, 24.48
2026/04/14 11:01:36.772, 0, 6470, 58, 52, 46, 110.08
2026/04/14 11:01:36.775, 1, 4, 0, 0, 28, 24.59
2026/04/14 11:01:37.779, 0, 6470, 51, 43, 46, 123.83
2026/04/14 11:01:37.782, 1, 4, 0, 0, 28, 24.69
2026/04/14 11:01:38.785, 0, 6470, 51, 37, 45, 119.23
2026/04/14 11:01:38.787, 1, 4, 0, 0, 28, 24.49
2026/04/14 11:01:39.790, 0, 6470, 57, 43, 46, 107.78
2026/04/14 11:01:39.793, 1, 4, 0, 0, 28, 24.49
2026/04/14 11:01:40.801, 0, 6470, 54, 38, 46, 109.81
2026/04/14 11:01:40.804, 1, 4, 0, 0, 28, 24.59
2026/04/14 11:01:41.808, 0, 6470, 56, 46, 46, 87.61
2026/04/14 11:01:41.811, 1, 4, 0, 0, 28, 24.59
2026/04/14 11:01:42.813, 0, 6470, 64, 57, 46, 108.55
2026/04/14 11:01:42.816, 1, 4, 0, 0, 28, 24.59
2026/04/14 11:01:43.819, 0, 6470, 62, 54, 46, 112.96
2026/04/14 11:01:43.822, 1, 4, 0, 0, 28, 24.59
2026/04/14 11:01:44.830, 0, 6470, 71, 66, 46, 150.03
2026/04/14 11:01:44.833, 1, 4, 0, 0, 28, 24.48
2026/04/14 11:01:45.837, 0, 6470, 76, 73, 47, 132.94
2026/04/14 11:01:45.840, 1, 4, 0, 0, 28, 24.59
2026/04/14 11:01:46.843, 0, 6470, 85, 83, 46, 67.57
2026/04/14 11:01:46.846, 1, 4, 0, 0, 28, 24.50
2026/04/14 11:01:47.849, 0, 6470, 85, 81, 46, 113.58
2026/04/14 11:01:47.852, 1, 4, 0, 0, 28, 24.50
2026/04/14 11:01:48.860, 0, 6470, 77, 68, 46, 82.00
2026/04/14 11:01:48.863, 1, 4, 0, 0, 28, 24.49
2026/04/14 11:01:49.868, 0, 6470, 73, 63, 46, 64.10
2026/04/14 11:01:49.871, 1, 4, 0, 0, 28, 24.60
2026/04/14 11:01:50.873, 0, 6470, 71, 61, 46, 114.22
2026/04/14 11:01:50.876, 1, 4, 0, 0, 28, 24.59
2026/04/14 11:01:51.879, 0, 6470, 65, 53, 46, 101.07
2026/04/14 11:01:51.882, 1, 4, 0, 0, 28, 24.59
2026/04/14 11:01:52.891, 0, 6470, 56, 41, 46, 88.69
2026/04/14 11:01:52.893, 1, 4, 0, 0, 28, 24.60
2026/04/14 11:01:53.897, 0, 6470, 54, 40, 46, 110.25
2026/04/14 11:01:53.900, 1, 4, 0, 0, 28, 24.59
2026/04/14 11:01:54.903, 0, 6470, 57, 48, 46, 114.25
2026/04/14 11:01:54.905, 1, 4, 0, 0, 28, 24.49
2026/04/14 11:01:55.908, 0, 6470, 65, 58, 46, 139.06
2026/04/14 11:01:55.911, 1, 4, 0, 0, 28, 24.49
2026/04/14 11:01:56.915, 0, 6470, 62, 55, 46, 163.94
2026/04/14 11:01:56.919, 1, 4, 0, 0, 28, 24.59
2026/04/14 11:01:57.926, 0, 6470, 72, 68, 47, 76.36
2026/04/14 11:01:57.929, 1, 4, 0, 0, 28, 24.50
2026/04/14 11:01:58.932, 0, 6470, 78, 74, 46, 111.54
2026/04/14 11:01:58.935, 1, 4, 0, 0, 28, 24.59
2026/04/14 11:01:59.939, 0, 6470, 86, 84, 46, 70.93
2026/04/14 11:01:59.942, 1, 4, 0, 0, 28, 24.50
2026/04/14 11:02:00.945, 0, 6470, 85, 81, 46, 75.01
2026/04/14 11:02:00.948, 1, 4, 0, 0, 28, 24.59
2026/04/14 11:02:01.958, 0, 6470, 77, 66, 46, 121.34
2026/04/14 11:02:01.960, 1, 4, 0, 0, 28, 24.59
2026/04/14 11:02:02.964, 0, 6470, 75, 65, 46, 101.55
2026/04/14 11:02:02.967, 1, 4, 0, 0, 28, 24.59
2026/04/14 11:02:03.971, 0, 6470, 71, 60, 46, 118.73
2026/04/14 11:02:03.976, 1, 4, 0, 0, 28, 24.59
2026/04/14 11:02:04.980, 0, 6470, 65, 53, 46, 106.50
2026/04/14 11:02:04.982, 1, 4, 0, 0, 28, 24.49
2026/04/14 11:02:05.992, 0, 6470, 49, 43, 46, 72.16
2026/04/14 11:02:05.995, 1, 4, 0, 0, 28, 24.60
2026/04/14 11:02:06.999, 0, 6470, 85, 83, 46, 61.76
2026/04/14 11:02:07.002, 1, 4, 0, 0, 28, 24.50
2026/04/14 11:02:08.006, 0, 6470, 84, 81, 46, 83.08
2026/04/14 11:02:08.008, 1, 4, 0, 0, 28, 24.59
2026/04/14 11:02:09.012, 0, 6470, 84, 78, 46, 120.93
2026/04/14 11:02:09.015, 1, 4, 0, 0, 28, 24.59
2026/04/14 11:02:10.019, 0, 6470, 80, 73, 46, 107.71
2026/04/14 11:02:10.022, 1, 4, 0, 0, 28, 24.59
2026/04/14 11:02:11.026, 0, 6470, 78, 68, 46, 102.70
2026/04/14 11:02:11.031, 1, 4, 0, 0, 28, 24.59
2026/04/14 11:02:12.042, 0, 6470, 74, 63, 46, 109.06
2026/04/14 11:02:12.045, 1, 4, 0, 0, 28, 24.49
2026/04/14 11:02:13.049, 0, 6470, 77, 67, 46, 89.06
2026/04/14 11:02:13.052, 1, 4, 0, 0, 28, 24.59
2026/04/14 11:02:14.056, 0, 6470, 67, 56, 46, 110.48
2026/04/14 11:02:14.061, 1, 4, 0, 0, 28, 24.49
2026/04/14 11:02:15.065, 0, 6470, 54, 39, 46, 112.05
2026/04/14 11:02:15.068, 1, 4, 0, 0, 28, 24.59
2026/04/14 11:02:16.072, 0, 6470, 61, 54, 47, 159.27
2026/04/14 11:02:16.074, 1, 4, 0, 0, 28, 24.58
2026/04/14 11:02:17.085, 0, 6470, 62, 55, 47, 89.43
2026/04/14 11:02:17.087, 1, 4, 0, 0, 28, 24.50
2026/04/14 11:02:18.091, 0, 6470, 73, 69, 47, 108.80
2026/04/14 11:02:18.094, 1, 4, 0, 0, 28, 24.59
2026/04/14 11:02:19.098, 0, 6470, 86, 84, 47, 66.88
2026/04/14 11:02:19.104, 1, 4, 0, 0, 28, 24.59
2026/04/14 11:02:20.108, 0, 6470, 79, 70, 46, 74.53
2026/04/14 11:02:20.111, 1, 4, 0, 0, 28, 24.59
2026/04/14 11:02:21.115, 0, 6470, 74, 63, 46, 116.17
2026/04/14 11:02:21.118, 1, 4, 0, 0, 28, 24.59
2026/04/14 11:02:22.122, 0, 6470, 60, 47, 46, 102.40
2026/04/14 11:02:22.125, 1, 4, 0, 0, 28, 24.50
2026/04/14 11:02:23.132, 0, 6470, 53, 38, 47, 118.81
2026/04/14 11:02:23.135, 1, 4, 0, 0, 28, 24.50
2026/04/14 11:02:24.142, 0, 6470, 55, 46, 46, 107.47
2026/04/14 11:02:24.144, 1, 4, 0, 0, 28, 24.59
2026/04/14 11:02:25.152, 0, 6470, 64, 57, 46, 113.65
2026/04/14 11:02:25.157, 1, 4, 0, 0, 28, 24.49
2026/04/14 11:02:26.163, 0, 6470, 59, 53, 46, 141.65
2026/04/14 11:02:26.166, 1, 4, 0, 0, 28, 24.48
2026/04/14 11:02:27.173, 0, 6470, 64, 58, 47, 161.03
2026/04/14 11:02:27.177, 1, 4, 0, 0, 28, 24.58
2026/04/14 11:02:28.181, 0, 6470, 69, 65, 47, 122.21
2026/04/14 11:02:28.185, 1, 4, 0, 0, 28, 24.50
2026/04/14 11:02:29.189, 0, 6470, 71, 67, 47, 87.99
2026/04/14 11:02:29.192, 1, 4, 0, 0, 28, 24.50
2026/04/14 11:02:30.201, 0, 6470, 73, 69, 46, 97.17
2026/04/14 11:02:30.203, 1, 4, 0, 0, 28, 24.49
2026/04/14 11:02:31.207, 0, 6470, 75, 71, 47, 108.22
2026/04/14 11:02:31.213, 1, 4, 0, 0, 28, 24.59
2026/04/14 11:02:32.216, 0, 6470, 78, 75, 47, 116.54
2026/04/14 11:02:32.219, 1, 4, 0, 0, 28, 24.50
2026/04/14 11:02:33.228, 0, 6470, 81, 79, 47, 71.46
2026/04/14 11:02:33.231, 1, 4, 0, 0, 28, 24.59
2026/04/14 11:02:34.235, 0, 6470, 85, 83, 47, 77.11
2026/04/14 11:02:34.240, 1, 4, 0, 0, 28, 24.59
2026/04/14 11:02:35.244, 0, 6470, 85, 84, 46, 93.21
2026/04/14 11:02:35.246, 1, 4, 0, 0, 28, 24.59
2026/04/14 11:02:36.256, 0, 6470, 86, 84, 46, 72.37
2026/04/14 11:02:36.259, 1, 4, 0, 0, 28, 24.50
2026/04/14 11:02:37.263, 0, 6470, 85, 82, 46, 63.12
2026/04/14 11:02:37.267, 1, 4, 0, 0, 28, 24.60
2026/04/14 11:02:38.272, 0, 6470, 84, 78, 46, 107.47
2026/04/14 11:02:38.274, 1, 4, 0, 0, 28, 24.59
2026/04/14 11:02:39.284, 0, 6470, 80, 72, 46, 107.78
2026/04/14 11:02:39.287, 1, 4, 0, 0, 28, 24.59
2026/04/14 11:02:40.291, 0, 6470, 79, 71, 46, 105.39
2026/04/14 11:02:40.295, 1, 4, 0, 0, 28, 24.59
2026/04/14 11:02:41.299, 0, 6470, 74, 65, 46, 115.09
2026/04/14 11:02:41.301, 1, 4, 0, 0, 28, 24.50
2026/04/14 11:02:42.305, 0, 6470, 80, 78, 46, 98.88
2026/04/14 11:02:42.308, 1, 4, 0, 0, 28, 24.50
2026/04/14 11:02:43.315, 0, 6470, 62, 57, 46, 108.97
2026/04/14 11:02:43.318, 1, 4, 0, 0, 28, 24.59
2026/04/14 11:02:44.321, 0, 6470, 55, 48, 47, 115.81
2026/04/14 11:02:44.325, 1, 4, 0, 0, 28, 24.49
2026/04/14 11:02:45.328, 0, 6470, 47, 33, 46, 109.44
2026/04/14 11:02:45.331, 1, 4, 0, 0, 28, 24.49
2026/04/14 11:02:46.335, 0, 6470, 59, 53, 46, 98.99
2026/04/14 11:02:46.338, 1, 4, 0, 0, 28, 24.49
2026/04/14 11:02:47.347, 0, 6470, 52, 45, 46, 100.57
2026/04/14 11:02:47.352, 1, 4, 0, 0, 28, 24.59
2026/04/14 11:02:48.356, 0, 6470, 49, 35, 46, 70.74
2026/04/14 11:02:48.359, 1, 4, 0, 0, 28, 24.59
2026/04/14 11:02:49.363, 0, 6470, 68, 57, 46, 60.71
2026/04/14 11:02:49.366, 1, 4, 0, 0, 28, 24.59
2026/04/14 11:02:50.375, 0, 6470, 73, 64, 46, 96.52
2026/04/14 11:02:50.380, 1, 4, 0, 0, 28, 24.50
2026/04/14 11:02:51.383, 0, 6470, 82, 81, 47, 171.34
2026/04/14 11:02:51.386, 1, 4, 0, 0, 28, 24.59
2026/04/14 11:02:52.390, 0, 6470, 58, 46, 46, 60.24
2026/04/14 11:02:52.393, 1, 4, 0, 0, 28, 24.60
2026/04/14 11:02:53.400, 0, 6470, 70, 60, 46, 64.87
2026/04/14 11:02:53.403, 1, 4, 0, 0, 28, 24.50
2026/04/14 11:02:54.408, 0, 6470, 82, 78, 46, 70.09
2026/04/14 11:02:54.410, 1, 4, 0, 0, 28, 24.50
2026/04/14 11:02:55.414, 0, 6470, 69, 66, 47, 149.08
2026/04/14 11:02:55.417, 1, 4, 0, 0, 28, 24.49
2026/04/14 11:02:56.427, 0, 6470, 58, 52, 46, 111.04
2026/04/14 11:02:56.430, 1, 4, 0, 0, 28, 24.49
2026/04/14 11:02:57.434, 0, 6470, 44, 33, 46, 98.62
2026/04/14 11:02:57.437, 1, 4, 0, 0, 28, 24.49
2026/04/14 11:02:58.441, 0, 6470, 56, 43, 46, 108.00
2026/04/14 11:02:58.445, 1, 4, 0, 0, 28, 24.59
2026/04/14 11:02:59.453, 0, 6470, 72, 64, 46, 69.81
2026/04/14 11:02:59.456, 1, 4, 0, 0, 28, 24.60
2026/04/14 11:03:00.460, 0, 6470, 79, 72, 46, 90.69
2026/04/14 11:03:00.463, 1, 4, 0, 0, 28, 24.59
2026/04/14 11:03:01.466, 0, 6470, 75, 73, 46, 80.41
2026/04/14 11:03:01.469, 1, 4, 0, 0, 28, 24.50
2026/04/14 11:03:02.480, 0, 6470, 57, 52, 46, 135.74
2026/04/14 11:03:02.482, 1, 4, 0, 0, 28, 24.58
2026/04/14 11:03:03.486, 0, 6470, 52, 43, 46, 105.57
2026/04/14 11:03:03.489, 1, 4, 0, 0, 28, 24.49
2026/04/14 11:03:04.493, 0, 6470, 50, 36, 46, 121.32
2026/04/14 11:03:04.498, 1, 4, 0, 0, 28, 24.60
2026/04/14 11:03:05.505, 0, 6470, 68, 58, 46, 109.90
2026/04/14 11:03:05.508, 1, 4, 0, 0, 28, 24.49
2026/04/14 11:03:06.512, 0, 6470, 72, 62, 46, 83.59
2026/04/14 11:03:06.514, 1, 4, 0, 0, 28, 24.59
2026/04/14 11:03:07.518, 0, 6470, 82, 81, 46, 110.29
2026/04/14 11:03:07.521, 1, 4, 0, 0, 28, 24.59
2026/04/14 11:03:08.531, 0, 6470, 64, 59, 47, 93.52
2026/04/14 11:03:08.535, 1, 4, 0, 0, 28, 24.59
2026/04/14 11:03:09.539, 0, 6470, 57, 52, 46, 114.41
2026/04/14 11:03:09.541, 1, 4, 0, 0, 28, 24.59
2026/04/14 11:03:10.545, 0, 6470, 44, 31, 46, 104.71
2026/04/14 11:03:10.548, 1, 4, 0, 0, 28, 24.59
2026/04/14 11:03:11.560, 0, 6470, 62, 50, 46, 118.08
2026/04/14 11:03:11.563, 1, 4, 0, 0, 28, 24.49
2026/04/14 11:03:12.567, 0, 6470, 70, 61, 46, 113.55
2026/04/14 11:03:12.570, 1, 4, 0, 0, 28, 24.59
2026/04/14 11:03:13.573, 0, 6470, 82, 81, 46, 85.97
2026/04/14 11:03:13.579, 1, 4, 0, 0, 28, 24.59
2026/04/14 11:03:14.582, 0, 6470, 66, 61, 46, 104.39
2026/04/14 11:03:14.585, 1, 4, 0, 0, 28, 24.49
2026/04/14 11:03:15.588, 0, 6470, 60, 55, 47, 157.44
2026/04/14 11:03:15.591, 1, 4, 0, 0, 28, 24.59
2026/04/14 11:03:16.594, 0, 6470, 42, 29, 46, 109.58
2026/04/14 11:03:16.597, 1, 4, 0, 0, 28, 24.59
2026/04/14 11:03:17.601, 0, 6470, 58, 46, 46, 85.10
2026/04/14 11:03:17.604, 1, 4, 0, 0, 28, 24.59
2026/04/14 11:03:18.615, 0, 6470, 69, 59, 46, 100.95
2026/04/14 11:03:18.617, 1, 4, 0, 0, 28, 24.59
2026/04/14 11:03:19.622, 0, 6470, 82, 77, 46, 60.52
2026/04/14 11:03:19.624, 1, 4, 0, 0, 28, 24.50
2026/04/14 11:03:20.628, 0, 6470, 76, 74, 46, 60.42
2026/04/14 11:03:20.632, 1, 4, 0, 0, 28, 24.60
2026/04/14 11:03:21.636, 0, 6470, 64, 59, 46, 61.39
2026/04/14 11:03:21.639, 1, 4, 0, 0, 28, 24.61
2026/04/14 11:03:22.643, 0, 6470, 60, 55, 47, 152.13
2026/04/14 11:03:22.646, 1, 4, 0, 0, 28, 24.58
2026/04/14 11:03:23.649, 0, 6470, 50, 41, 46, 112.94
2026/04/14 11:03:23.655, 1, 4, 0, 0, 28, 24.59
2026/04/14 11:03:24.664, 0, 6470, 44, 31, 46, 80.22
2026/04/14 11:03:24.667, 1, 4, 0, 0, 28, 24.50
2026/04/14 11:03:25.671, 0, 6470, 57, 45, 46, 104.15
2026/04/14 11:03:25.674, 1, 4, 0, 0, 28, 24.59
2026/04/14 11:03:26.678, 0, 6470, 67, 57, 46, 70.17
2026/04/14 11:03:26.681, 1, 4, 0, 0, 28, 24.60
2026/04/14 11:03:27.686, 0, 6470, 67, 58, 46, 85.73
2026/04/14 11:03:27.689, 1, 4, 0, 0, 28, 24.50
2026/04/14 11:03:28.696, 0, 6470, 79, 73, 46, 81.15
2026/04/14 11:03:28.698, 1, 4, 0, 0, 28, 24.59
2026/04/14 11:03:29.706, 0, 6470, 78, 76, 46, 150.50
2026/04/14 11:03:29.709, 1, 4, 0, 0, 28, 24.58
2026/04/14 11:03:30.720, 0, 6470, 60, 54, 46, 111.51
2026/04/14 11:03:30.723, 1, 4, 0, 0, 28, 24.69
2026/04/14 11:03:31.731, 0, 6470, 52, 45, 46, 98.48
2026/04/14 11:03:31.734, 1, 4, 0, 0, 28, 24.49
2026/04/14 11:03:32.743, 0, 6470, 48, 34, 46, 105.78
2026/04/14 11:03:32.746, 1, 4, 0, 0, 28, 24.59
2026/04/14 11:03:33.753, 0, 6470, 67, 57, 46, 69.71
2026/04/14 11:03:33.756, 1, 4, 0, 0, 28, 24.50
2026/04/14 11:03:34.760, 0, 6470, 73, 64, 46, 95.34
2026/04/14 11:03:34.763, 1, 4, 0, 0, 28, 24.60
2026/04/14 11:03:35.766, 0, 6470, 80, 78, 47, 85.31
2026/04/14 11:03:35.771, 1, 4, 0, 0, 28, 24.50
2026/04/14 11:03:36.775, 0, 6470, 61, 57, 46, 114.12
2026/04/14 11:03:36.778, 1, 4, 0, 0, 28, 24.49
2026/04/14 11:03:37.785, 0, 6470, 55, 48, 46, 107.75
2026/04/14 11:03:37.788, 1, 4, 0, 0, 28, 24.59
2026/04/14 11:03:38.792, 0, 6470, 46, 32, 46, 107.53
2026/04/14 11:03:38.795, 1, 4, 0, 0, 28, 24.68
2026/04/14 11:03:39.799, 0, 6470, 65, 54, 46, 96.51
2026/04/14 11:03:39.802, 1, 4, 0, 0, 28, 24.59
2026/04/14 11:03:40.813, 0, 6470, 55, 51, 46, 113.42
2026/04/14 11:03:40.817, 1, 4, 0, 0, 28, 24.49
2026/04/14 11:03:41.821, 0, 6470, 71, 62, 45, 60.33
2026/04/14 11:03:41.827, 1, 4, 0, 0, 28, 24.59
2026/04/14 11:03:42.837, 0, 6470, 82, 77, 46, 59.27
2026/04/14 11:03:42.851, 1, 4, 0, 0, 28, 24.59
2026/04/14 11:03:43.867, 0, 6470, 72, 69, 46, 110.50
2026/04/14 11:03:43.879, 1, 4, 0, 0, 28, 24.49
2026/04/14 11:03:44.889, 0, 6470, 56, 51, 47, 80.02
2026/04/14 11:03:44.903, 1, 4, 0, 0, 28, 24.60
2026/04/14 11:03:45.914, 0, 6470, 47, 37, 46, 158.47
2026/04/14 11:03:45.928, 1, 4, 0, 0, 28, 24.59
2026/04/14 11:03:46.941, 0, 6470, 72, 69, 46, 113.23
2026/04/14 11:03:46.953, 1, 4, 0, 0, 28, 24.58
2026/04/14 11:03:47.966, 0, 6470, 57, 51, 46, 105.84
2026/04/14 11:03:47.977, 1, 4, 0, 0, 28, 24.59
2026/04/14 11:03:48.998, 0, 6470, 46, 36, 46, 81.36
2026/04/14 11:03:49.011, 1, 4, 0, 0, 28, 24.59
2026/04/14 11:03:50.023, 0, 6470, 54, 41, 46, 100.29
2026/04/14 11:03:50.036, 1, 4, 0, 0, 28, 24.49
2026/04/14 11:03:51.048, 0, 6470, 72, 64, 46, 110.93
2026/04/14 11:03:51.063, 1, 4, 0, 0, 28, 24.49
2026/04/14 11:03:52.075, 0, 6470, 79, 71, 46, 60.92
2026/04/14 11:03:52.090, 1, 4, 0, 0, 28, 24.50
2026/04/14 11:03:53.106, 0, 6470, 77, 74, 46, 77.30
2026/04/14 11:03:53.118, 1, 4, 0, 0, 28, 24.50
2026/04/14 11:03:54.130, 0, 6470, 72, 63, 46, 112.86
2026/04/14 11:03:54.142, 1, 4, 0, 0, 28, 24.50
2026/04/14 11:03:55.154, 0, 6470, 81, 75, 46, 76.84
2026/04/14 11:03:55.167, 1, 4, 0, 0, 28, 24.60
2026/04/14 11:03:56.178, 0, 6470, 74, 71, 46, 164.15
2026/04/14 11:03:56.191, 1, 4, 0, 0, 28, 24.59
2026/04/14 11:03:57.203, 0, 6470, 57, 51, 46, 111.49
2026/04/14 11:03:57.217, 1, 4, 0, 0, 28, 24.58
2026/04/14 11:03:58.236, 0, 6470, 48, 39, 46, 110.52
2026/04/14 11:03:58.248, 1, 4, 0, 0, 28, 24.49
2026/04/14 11:03:59.260, 0, 6470, 51, 37, 46, 87.22
2026/04/14 11:03:59.275, 1, 4, 0, 0, 28, 24.59
2026/04/14 11:04:00.287, 0, 6470, 70, 60, 46, 110.25
2026/04/14 11:04:00.299, 1, 4, 0, 0, 28, 24.49
2026/04/14 11:04:01.311, 0, 6470, 77, 69, 46, 109.35
2026/04/14 11:04:01.323, 1, 4, 0, 0, 28, 24.59
2026/04/14 11:04:02.336, 0, 6470, 53, 40, 46, 59.74
2026/04/14 11:04:02.349, 1, 4, 0, 0, 28, 24.59
2026/04/14 11:04:03.368, 0, 6470, 71, 63, 46, 82.51
2026/04/14 11:04:03.380, 1, 4, 0, 0, 28, 24.60
2026/04/14 11:04:04.393, 0, 6470, 79, 72, 46, 90.50
2026/04/14 11:04:04.404, 1, 4, 0, 0, 28, 24.59
2026/04/14 11:04:05.416, 0, 6470, 74, 72, 46, 75.30
2026/04/14 11:04:05.430, 1, 4, 0, 0, 28, 24.50
2026/04/14 11:04:06.443, 0, 6470, 57, 51, 46, 158.16
2026/04/14 11:04:06.457, 1, 4, 0, 0, 28, 24.50
2026/04/14 11:04:07.477, 0, 6470, 48, 38, 46, 137.33
2026/04/14 11:04:07.495, 1, 4, 0, 0, 28, 24.58
2026/04/14 11:04:08.506, 0, 6470, 53, 40, 46, 111.74
2026/04/14 11:04:08.518, 1, 4, 0, 0, 28, 24.59
2026/04/14 11:04:09.530, 0, 6470, 57, 52, 46, 100.81
2026/04/14 11:04:09.544, 1, 4, 0, 0, 28, 24.49
2026/04/14 11:04:10.564, 0, 6470, 45, 34, 46, 125.77
2026/04/14 11:04:10.575, 1, 4, 0, 0, 28, 24.50
2026/04/14 11:04:11.588, 0, 6470, 56, 44, 46, 103.76
2026/04/14 11:04:11.600, 1, 4, 0, 0, 28, 24.59
2026/04/14 11:04:12.612, 0, 6470, 72, 63, 46, 63.13
2026/04/14 11:04:12.624, 1, 4, 0, 0, 28, 24.49
2026/04/14 11:04:13.635, 0, 6470, 81, 76, 46, 78.18
2026/04/14 11:04:13.647, 1, 4, 0, 0, 28, 24.60
2026/04/14 11:04:14.659, 0, 6470, 72, 69, 46, 110.08
2026/04/14 11:04:14.674, 1, 4, 0, 0, 28, 24.50
2026/04/14 11:04:15.686, 0, 6470, 56, 51, 46, 72.33
2026/04/14 11:04:15.697, 1, 4, 0, 0, 28, 24.50
2026/04/14 11:04:16.708, 0, 6470, 82, 78, 46, 168.80
2026/04/14 11:04:16.722, 1, 4, 0, 0, 28, 24.59
2026/04/14 11:04:17.742, 0, 6470, 70, 66, 46, 116.52
2026/04/14 11:04:17.755, 1, 4, 0, 0, 28, 24.49
2026/04/14 11:04:18.767, 0, 6470, 58, 52, 46, 110.08
2026/04/14 11:04:18.779, 1, 4, 0, 0, 28, 24.49
2026/04/14 11:04:19.792, 0, 6470, 44, 33, 46, 97.41
2026/04/14 11:04:19.809, 1, 4, 0, 0, 28, 24.59
2026/04/14 11:04:20.820, 0, 6470, 56, 43, 46, 115.65
2026/04/14 11:04:20.832, 1, 4, 0, 0, 28, 24.59
2026/04/14 11:04:21.844, 0, 6470, 72, 64, 46, 106.86
2026/04/14 11:04:21.859, 1, 4, 0, 0, 28, 24.59
2026/04/14 11:04:22.873, 0, 6470, 79, 73, 45, 62.26
2026/04/14 11:04:22.885, 1, 4, 0, 0, 28, 24.59
2026/04/14 11:04:23.897, 0, 6470, 75, 72, 46, 79.39
2026/04/14 11:04:23.909, 1, 4, 0, 0, 28, 24.60
2026/04/14 11:04:24.921, 0, 6470, 71, 62, 46, 99.15
2026/04/14 11:04:24.933, 1, 4, 0, 0, 28, 24.50
2026/04/14 11:04:25.945, 0, 6470, 80, 74, 46, 69.81
2026/04/14 11:04:25.957, 1, 4, 0, 0, 28, 24.59
2026/04/14 11:04:26.970, 0, 6470, 76, 74, 46, 164.86
2026/04/14 11:04:26.984, 1, 4, 0, 0, 28, 24.60
2026/04/14 11:04:27.997, 0, 6470, 62, 57, 46, 113.33
2026/04/14 11:04:28.009, 1, 4, 0, 0, 28, 24.48
2026/04/14 11:04:29.024, 0, 6470, 46, 38, 45, 82.04
2026/04/14 11:04:29.037, 1, 4, 0, 0, 28, 24.60
2026/04/14 11:04:30.049, 0, 6470, 72, 62, 46, 62.06
2026/04/14 11:04:30.061, 1, 4, 0, 0, 28, 24.59
2026/04/14 11:04:31.073, 0, 6470, 82, 79, 46, 101.08
2026/04/14 11:04:31.086, 1, 4, 0, 0, 28, 24.50
2026/04/14 11:04:32.099, 0, 6470, 77, 74, 46, 87.82
2026/04/14 11:04:32.113, 1, 4, 0, 0, 28, 24.60
2026/04/14 11:04:33.126, 0, 6470, 67, 62, 46, 158.13
2026/04/14 11:04:33.139, 1, 4, 0, 0, 28, 24.49
2026/04/14 11:04:34.151, 0, 6470, 57, 51, 46, 111.90
2026/04/14 11:04:34.166, 1, 4, 0, 0, 28, 24.59
2026/04/14 11:04:35.179, 0, 6470, 53, 47, 46, 104.42
2026/04/14 11:04:35.192, 1, 4, 0, 0, 28, 24.59
2026/04/14 11:04:36.206, 0, 6470, 43, 31, 46, 119.17
2026/04/14 11:04:36.219, 1, 4, 0, 0, 28, 24.59
2026/04/14 11:04:37.235, 0, 6470, 61, 49, 46, 101.82
2026/04/14 11:04:37.247, 1, 4, 0, 0, 28, 24.59
2026/04/14 11:04:38.264, 0, 6470, 70, 61, 46, 98.54
2026/04/14 11:04:38.277, 1, 4, 0, 0, 28, 24.59
2026/04/14 11:04:39.296, 0, 6470, 82, 81, 46, 70.66
2026/04/14 11:04:39.311, 1, 4, 0, 0, 28, 24.60
2026/04/14 11:04:40.325, 0, 6470, 65, 54, 46, 58.88
2026/04/14 11:04:40.341, 1, 4, 0, 0, 28, 24.59
2026/04/14 11:04:41.354, 0, 6470, 72, 62, 46, 104.26
2026/04/14 11:04:41.367, 1, 4, 0, 0, 28, 24.59
2026/04/14 11:04:42.380, 0, 6470, 82, 81, 46, 79.93
2026/04/14 11:04:42.393, 1, 4, 0, 0, 28, 24.50
2026/04/14 11:04:43.406, 0, 6470, 71, 67, 47, 100.03
2026/04/14 11:04:43.419, 1, 4, 0, 0, 28, 24.50
2026/04/14 11:04:44.440, 0, 6470, 66, 61, 46, 79.46
2026/04/14 11:04:44.453, 1, 4, 0, 0, 28, 24.60
2026/04/14 11:04:45.466, 0, 6470, 60, 55, 46, 158.72
2026/04/14 11:04:45.480, 1, 4, 0, 0, 28, 24.58
2026/04/14 11:04:46.493, 0, 6470, 42, 29, 46, 113.52
2026/04/14 11:04:46.505, 1, 4, 0, 0, 28, 24.58
2026/04/14 11:04:47.518, 0, 6470, 65, 61, 46, 110.86
2026/04/14 11:04:47.530, 1, 4, 0, 0, 28, 24.59
2026/04/14 11:04:48.547, 0, 6470, 59, 55, 46, 78.69
2026/04/14 11:04:48.559, 1, 4, 0, 0, 28, 24.59
2026/04/14 11:04:49.571, 0, 6470, 42, 29, 46, 100.52
2026/04/14 11:04:49.583, 1, 4, 0, 0, 28, 24.39
2026/04/14 11:04:50.594, 0, 6470, 61, 49, 45, 114.90
2026/04/14 11:04:50.607, 1, 4, 0, 0, 28, 24.59
2026/04/14 11:04:51.622, 0, 6470, 70, 61, 46, 69.39
2026/04/14 11:04:51.633, 1, 4, 0, 0, 28, 24.50
2026/04/14 11:04:52.646, 0, 6470, 82, 81, 46, 61.88
2026/04/14 11:04:52.661, 1, 4, 0, 0, 28, 24.59
2026/04/14 11:04:53.680, 0, 6470, 66, 62, 46, 108.54
2026/04/14 11:04:53.692, 1, 4, 0, 0, 28, 24.50
2026/04/14 11:04:54.703, 0, 6470, 60, 56, 46, 78.85
2026/04/14 11:04:54.715, 1, 4, 0, 0, 28, 24.50
2026/04/14 11:04:55.726, 0, 6470, 82, 81, 46, 154.52
2026/04/14 11:04:55.740, 1, 4, 0, 0, 28, 24.58
2026/04/14 11:04:56.753, 0, 6470, 65, 61, 46, 112.89
2026/04/14 11:04:56.766, 1, 4, 0, 0, 28, 24.59
2026/04/14 11:04:57.779, 0, 6470, 57, 52, 46, 108.26
2026/04/14 11:04:57.792, 1, 4, 0, 0, 28, 24.59
2026/04/14 11:04:58.807, 0, 6470, 45, 32, 46, 92.84
2026/04/14 11:04:58.818, 1, 4, 0, 0, 28, 24.59
2026/04/14 11:04:59.835, 0, 6470, 64, 53, 46, 100.97
2026/04/14 11:04:59.848, 1, 4, 0, 0, 28, 24.59
2026/04/14 11:05:00.865, 0, 6470, 72, 62, 45, 115.77
2026/04/14 11:05:00.880, 1, 4, 0, 0, 28, 24.59
2026/04/14 11:05:01.892, 0, 6470, 82, 81, 45, 70.56
2026/04/14 11:05:01.905, 1, 4, 0, 0, 28, 24.60
2026/04/14 11:05:02.924, 0, 6470, 67, 56, 46, 70.00
2026/04/14 11:05:02.936, 1, 4, 0, 0, 28, 24.49
2026/04/14 11:05:03.949, 0, 6470, 73, 64, 46, 108.75
2026/04/14 11:05:03.961, 1, 4, 0, 0, 28, 24.50
2026/04/14 11:05:04.975, 0, 6470, 81, 80, 46, 80.00
2026/04/14 11:05:04.988, 1, 4, 0, 0, 28, 24.50
2026/04/14 11:05:06.001, 0, 6470, 61, 56, 46, 155.36
2026/04/14 11:05:06.015, 1, 4, 0, 0, 28, 24.59
2026/04/14 11:05:07.033, 0, 6470, 53, 47, 46, 113.74
2026/04/14 11:05:07.047, 1, 4, 0, 0, 28, 24.49
2026/04/14 11:05:08.060, 0, 6470, 47, 34, 46, 109.79
2026/04/14 11:05:08.072, 1, 4, 0, 0, 28, 24.59
2026/04/14 11:05:09.086, 0, 6470, 66, 56, 46, 79.73
2026/04/14 11:05:09.099, 1, 4, 0, 0, 28, 24.59
2026/04/14 11:05:10.118, 0, 6470, 51, 43, 46, 105.30
2026/04/14 11:05:10.131, 1, 4, 0, 0, 28, 24.59
2026/04/14 11:05:11.144, 0, 6470, 50, 36, 45, 109.77
2026/04/14 11:05:11.157, 1, 4, 0, 0, 28, 24.49
2026/04/14 11:05:12.169, 0, 6470, 68, 58, 46, 61.12
2026/04/14 11:05:12.182, 1, 4, 0, 0, 28, 24.50
2026/04/14 11:05:13.194, 0, 6470, 77, 67, 46, 90.79
2026/04/14 11:05:13.208, 1, 4, 0, 0, 28, 24.60
2026/04/14 11:05:14.227, 0, 6470, 72, 62, 46, 87.58
2026/04/14 11:05:14.240, 1, 4, 0, 0, 28, 24.59
2026/04/14 11:05:15.255, 0, 6470, 72, 62, 46, 102.52
2026/04/14 11:05:15.269, 1, 4, 0, 0, 28, 24.59
2026/04/14 11:05:16.281, 0, 6470, 75, 66, 46, 126.93
2026/04/14 11:05:16.293, 1, 4, 0, 0, 28, 24.49
2026/04/14 11:05:17.313, 0, 6470, 40, 34, 46, 74.33
2026/04/14 11:05:17.330, 1, 4, 0, 0, 28, 24.59
2026/04/14 11:05:18.344, 0, 6470, 70, 61, 46, 95.25
2026/04/14 11:05:18.357, 1, 4, 0, 0, 28, 24.59
2026/04/14 11:05:19.372, 0, 6470, 74, 63, 46, 60.33
2026/04/14 11:05:19.385, 1, 4, 0, 0, 28, 24.59
2026/04/14 11:05:20.406, 0, 6470, 72, 61, 46, 102.20
2026/04/14 11:05:20.422, 1, 4, 0, 0, 28, 24.59
2026/04/14 11:05:21.435, 0, 6470, 70, 59, 46, 123.26
2026/04/14 11:05:21.449, 1, 4, 0, 0, 28, 24.49
2026/04/14 11:05:22.471, 0, 6470, 69, 57, 46, 107.31
2026/04/14 11:05:22.484, 1, 4, 0, 0, 28, 24.59
2026/04/14 11:05:23.498, 0, 6470, 71, 66, 46, 114.68
2026/04/14 11:05:23.512, 1, 4, 0, 0, 28, 24.49
2026/04/14 11:05:24.526, 0, 6470, 71, 67, 46, 136.30
2026/04/14 11:05:24.541, 1, 4, 0, 0, 28, 24.49
2026/04/14 11:05:25.556, 0, 6470, 73, 70, 46, 138.79
2026/04/14 11:05:25.571, 1, 4, 0, 0, 28, 24.59
2026/04/14 11:05:26.593, 0, 6470, 78, 75, 46, 111.37
2026/04/14 11:05:26.612, 1, 4, 0, 0, 28, 24.59
2026/04/14 11:05:27.627, 0, 6470, 77, 74, 46, 67.57
2026/04/14 11:05:27.644, 1, 4, 0, 0, 28, 24.59
2026/04/14 11:05:28.664, 0, 6470, 79, 76, 46, 73.25
2026/04/14 11:05:28.678, 1, 4, 0, 0, 28, 24.50
2026/04/14 11:05:29.691, 0, 6470, 53, 38, 46, 121.16
2026/04/14 11:05:29.702, 1, 4, 0, 0, 28, 24.49
2026/04/14 11:05:30.713, 0, 6470, 52, 37, 46, 101.68
2026/04/14 11:05:30.725, 1, 4, 0, 0, 28, 24.59
2026/04/14 11:05:31.737, 0, 6470, 52, 36, 46, 126.41
2026/04/14 11:05:31.750, 1, 4, 0, 0, 28, 24.50
2026/04/14 11:05:32.765, 0, 6470, 51, 37, 46, 104.17
2026/04/14 11:05:32.777, 1, 4, 0, 0, 28, 24.59
2026/04/14 11:05:33.788, 0, 6470, 52, 41, 46, 112.63
2026/04/14 11:05:33.801, 1, 4, 0, 0, 28, 24.49
2026/04/14 11:05:34.814, 0, 6470, 59, 53, 46, 115.05
2026/04/14 11:05:34.826, 1, 4, 0, 0, 28, 24.48
2026/04/14 11:05:35.838, 0, 6470, 61, 56, 47, 161.72
2026/04/14 11:05:35.851, 1, 4, 0, 0, 28, 24.40
2026/04/14 11:05:36.863, 0, 6470, 61, 55, 47, 101.92
2026/04/14 11:05:36.876, 1, 4, 0, 0, 28, 24.60
2026/04/14 11:05:37.891, 0, 6470, 71, 67, 46, 107.83
2026/04/14 11:05:37.904, 1, 4, 0, 0, 28, 24.50
2026/04/14 11:05:38.917, 0, 6470, 85, 83, 46, 64.50
2026/04/14 11:05:38.928, 1, 4, 0, 0, 28, 24.59
2026/04/14 11:05:39.941, 0, 6470, 83, 77, 46, 73.46
2026/04/14 11:05:39.955, 1, 4, 0, 0, 28, 24.50
2026/04/14 11:05:40.970, 0, 6470, 72, 62, 46, 106.99
2026/04/14 11:05:40.984, 1, 4, 0, 0, 28, 24.49
2026/04/14 11:05:41.997, 0, 6470, 76, 66, 46, 102.02
2026/04/14 11:05:42.010, 1, 4, 0, 0, 28, 24.59
2026/04/14 11:05:43.030, 0, 6470, 66, 55, 46, 91.95
2026/04/14 11:05:43.041, 1, 4, 0, 0, 28, 24.49
2026/04/14 11:05:44.058, 0, 6470, 62, 49, 46, 108.45
2026/04/14 11:05:44.072, 1, 4, 0, 0, 28, 24.59
2026/04/14 11:05:45.089, 0, 6470, 75, 71, 46, 113.52
2026/04/14 11:05:45.101, 1, 4, 0, 0, 28, 24.59
2026/04/14 11:05:46.118, 0, 6470, 75, 72, 46, 136.92
2026/04/14 11:05:46.132, 1, 4, 0, 0, 28, 24.58
2026/04/14 11:05:47.151, 0, 6470, 62, 57, 46, 112.77
2026/04/14 11:05:47.164, 1, 4, 0, 0, 28, 24.59
2026/04/14 11:05:48.183, 0, 6470, 54, 48, 46, 111.80
2026/04/14 11:05:48.195, 1, 4, 0, 0, 28, 24.49
2026/04/14 11:05:49.209, 0, 6470, 47, 33, 46, 86.85
2026/04/14 11:05:49.222, 1, 4, 0, 0, 28, 24.59
2026/04/14 11:05:50.235, 0, 6470, 66, 55, 46, 112.60
2026/04/14 11:05:50.250, 1, 4, 0, 0, 28, 24.50
2026/04/14 11:05:51.269, 0, 6470, 72, 62, 46, 104.10
2026/04/14 11:05:51.283, 1, 4, 0, 0, 28, 24.59
2026/04/14 11:05:52.297, 0, 6470, 46, 33, 46, 112.19
2026/04/14 11:05:52.309, 1, 4, 0, 0, 28, 24.59
2026/04/14 11:05:53.321, 0, 6470, 60, 48, 46, 62.85
2026/04/14 11:05:53.335, 1, 4, 0, 0, 28, 24.59
2026/04/14 11:05:54.357, 0, 6470, 71, 62, 46, 73.47
2026/04/14 11:05:54.369, 1, 4, 0, 0, 28, 24.50
2026/04/14 11:05:55.382, 0, 6470, 77, 70, 46, 75.56
2026/04/14 11:05:55.402, 1, 4, 0, 0, 28, 24.50
2026/04/14 11:05:56.420, 0, 6470, 82, 81, 46, 63.12
2026/04/14 11:05:56.435, 1, 4, 0, 0, 28, 24.59
2026/04/14 11:05:57.451, 0, 6470, 68, 63, 46, 83.50
2026/04/14 11:05:57.469, 1, 4, 0, 0, 28, 24.60
2026/04/14 11:05:58.486, 0, 6470, 70, 60, 46, 110.54
2026/04/14 11:05:58.536, 1, 4, 0, 0, 28, 24.59
2026/04/14 11:05:59.577, 0, 6470, 79, 73, 46, 79.44
2026/04/14 11:05:59.592, 1, 4, 0, 0, 28, 24.60
2026/04/14 11:06:00.608, 0, 6470, 80, 78, 46, 70.39
2026/04/14 11:06:00.624, 1, 4, 0, 0, 28, 24.50
2026/04/14 11:06:01.638, 0, 6470, 66, 61, 46, 107.87
2026/04/14 11:06:01.651, 1, 4, 0, 0, 28, 24.50
2026/04/14 11:06:02.665, 0, 6470, 72, 62, 46, 71.34
2026/04/14 11:06:02.679, 1, 4, 0, 0, 28, 24.49
2026/04/14 11:06:03.695, 0, 6470, 82, 81, 47, 109.98
2026/04/14 11:06:03.708, 1, 4, 0, 0, 28, 24.50
2026/04/14 11:06:04.721, 0, 6470, 70, 61, 46, 81.53
2026/04/14 11:06:04.767, 1, 4, 0, 0, 28, 24.59
2026/04/14 11:06:05.786, 0, 6470, 79, 71, 46, 71.91
2026/04/14 11:06:05.803, 1, 4, 0, 0, 28, 24.50
2026/04/14 11:06:06.823, 0, 6470, 82, 81, 46, 99.51
2026/04/14 11:06:06.837, 1, 4, 0, 0, 28, 24.50
2026/04/14 11:06:07.852, 0, 6470, 62, 51, 46, 60.24
2026/04/14 11:06:07.866, 1, 4, 0, 0, 28, 24.59
2026/04/14 11:06:08.887, 0, 6470, 68, 59, 46, 76.75
2026/04/14 11:06:08.902, 1, 4, 0, 0, 28, 24.50
2026/04/14 11:06:09.919, 0, 6470, 81, 76, 46, 110.56
2026/04/14 11:06:09.934, 1, 4, 0, 0, 28, 24.50
2026/04/14 11:06:10.958, 0, 6470, 79, 77, 46, 65.61
2026/04/14 11:06:10.971, 1, 4, 0, 0, 28, 24.59
2026/04/14 11:06:11.985, 0, 6470, 75, 71, 46, 88.78
2026/04/14 11:06:11.998, 1, 4, 0, 0, 28, 24.50
2026/04/14 11:06:13.015, 0, 6470, 84, 82, 46, 65.84
2026/04/14 11:06:13.026, 1, 4, 0, 0, 28, 24.60
2026/04/14 11:06:14.038, 0, 6470, 60, 48, 46, 82.04
2026/04/14 11:06:14.051, 1, 4, 0, 0, 28, 24.59
2026/04/14 11:06:15.066, 0, 6470, 69, 60, 46, 91.19
2026/04/14 11:06:15.080, 1, 4, 0, 0, 28, 24.50
2026/04/14 11:06:16.092, 0, 6470, 82, 79, 46, 62.76
2026/04/14 11:06:16.105, 1, 4, 0, 0, 28, 24.50
2026/04/14 11:06:17.125, 0, 6470, 67, 63, 47, 130.50
2026/04/14 11:06:17.137, 1, 4, 0, 0, 28, 24.60
2026/04/14 11:06:18.150, 0, 6470, 60, 54, 46, 137.68
2026/04/14 11:06:18.162, 1, 4, 0, 0, 28, 24.48
2026/04/14 11:06:19.173, 0, 6470, 56, 48, 46, 133.93
2026/04/14 11:06:19.186, 1, 4, 0, 0, 28, 24.49
2026/04/14 11:06:20.198, 0, 6470, 64, 57, 47, 112.81
2026/04/14 11:06:20.211, 1, 4, 0, 0, 28, 24.50
2026/04/14 11:06:21.223, 0, 6470, 61, 54, 46, 119.89
2026/04/14 11:06:21.236, 1, 4, 0, 0, 28, 24.41
2026/04/14 11:06:22.253, 0, 6470, 68, 56, 46, 76.36
2026/04/14 11:06:22.266, 1, 4, 0, 0, 28, 24.60
2026/04/14 11:06:23.277, 0, 6470, 64, 53, 46, 68.56
2026/04/14 11:06:23.292, 1, 4, 0, 0, 28, 24.50
2026/04/14 11:06:24.305, 0, 6470, 68, 59, 46, 91.18
2026/04/14 11:06:24.335, 1, 4, 0, 0, 28, 24.50
2026/04/14 11:06:25.349, 0, 6470, 81, 77, 46, 75.30
2026/04/14 11:06:25.386, 1, 4, 0, 0, 28, 24.60
2026/04/14 11:06:26.405, 0, 6470, 73, 71, 46, 76.04
2026/04/14 11:06:26.419, 1, 4, 0, 0, 28, 24.59
2026/04/14 11:06:27.431, 0, 6470, 72, 63, 46, 87.46
2026/04/14 11:06:27.448, 1, 4, 0, 0, 28, 24.50
2026/04/14 11:06:28.460, 0, 6470, 75, 67, 46, 100.57
2026/04/14 11:06:28.474, 1, 4, 0, 0, 28, 24.50
2026/04/14 11:06:29.494, 0, 6470, 82, 81, 46, 60.05
2026/04/14 11:06:29.507, 1, 4, 0, 0, 28, 24.59
2026/04/14 11:06:30.519, 0, 6470, 68, 64, 47, 84.75
2026/04/14 11:06:30.532, 1, 4, 0, 0, 28, 24.60
2026/04/14 11:06:31.546, 0, 6470, 57, 51, 47, 164.19
2026/04/14 11:06:31.559, 1, 4, 0, 0, 28, 24.50
2026/04/14 11:06:32.572, 0, 6470, 54, 46, 46, 150.40
2026/04/14 11:06:32.588, 1, 4, 0, 0, 28, 24.58
2026/04/14 11:06:33.609, 0, 6470, 78, 76, 46, 112.77
2026/04/14 11:06:33.623, 1, 4, 0, 0, 28, 24.68
2026/04/14 11:06:34.647, 0, 6470, 86, 84, 47, 87.43
2026/04/14 11:06:34.660, 1, 4, 0, 0, 28, 24.59
2026/04/14 11:06:35.681, 0, 6470, 83, 77, 46, 71.15
2026/04/14 11:06:35.695, 1, 4, 0, 0, 28, 24.59
2026/04/14 11:06:36.709, 0, 6470, 74, 63, 46, 65.54
2026/04/14 11:06:36.726, 1, 4, 0, 0, 28, 24.49
2026/04/14 11:06:37.742, 0, 6470, 77, 67, 46, 100.97
2026/04/14 11:06:37.756, 1, 4, 0, 0, 28, 24.49
2026/04/14 11:06:38.773, 0, 6470, 68, 56, 46, 106.50
2026/04/14 11:06:38.789, 1, 4, 0, 0, 28, 24.49
2026/04/14 11:06:39.804, 0, 6470, 79, 76, 46, 114.61
2026/04/14 11:06:39.817, 1, 4, 0, 0, 28, 24.49
2026/04/14 11:06:40.831, 0, 6470, 86, 84, 47, 116.91
2026/04/14 11:06:40.848, 1, 4, 0, 0, 28, 24.50
2026/04/14 11:06:41.865, 0, 6470, 77, 68, 46, 87.40
2026/04/14 11:06:41.879, 1, 4, 0, 0, 28, 24.59
2026/04/14 11:06:42.896, 0, 6470, 74, 64, 46, 64.56
2026/04/14 11:06:42.912, 1, 4, 0, 0, 28, 24.59
2026/04/14 11:06:43.926, 0, 6470, 60, 47, 46, 101.46
2026/04/14 11:06:43.940, 1, 4, 0, 0, 28, 24.59
2026/04/14 11:06:44.953, 0, 6470, 56, 44, 46, 97.06
2026/04/14 11:06:44.968, 1, 4, 0, 0, 28, 24.49
2026/04/14 11:06:45.990, 0, 6470, 64, 57, 46, 114.57
2026/04/14 11:06:46.005, 1, 4, 0, 0, 28, 24.49
2026/04/14 11:06:47.021, 0, 6470, 73, 69, 47, 115.23
2026/04/14 11:06:47.036, 1, 4, 0, 0, 28, 24.59
2026/04/14 11:06:48.071, 0, 6470, 86, 83, 46, 69.59
2026/04/14 11:06:48.102, 1, 4, 0, 0, 28, 24.50
2026/04/14 11:06:49.117, 0, 6470, 74, 64, 46, 112.01
2026/04/14 11:06:49.132, 1, 4, 0, 0, 28, 24.49
2026/04/14 11:06:50.147, 0, 6470, 70, 60, 46, 116.04
2026/04/14 11:06:50.162, 1, 4, 0, 0, 28, 24.49
2026/04/14 11:06:51.178, 0, 6470, 86, 84, 46, 74.77
2026/04/14 11:06:51.206, 1, 4, 0, 0, 28, 24.49
2026/04/14 11:06:52.223, 0, 6470, 56, 47, 46, 122.92
2026/04/14 11:06:52.241, 1, 4, 0, 0, 28, 24.50
2026/04/14 11:06:53.260, 0, 6470, 65, 58, 46, 112.84
2026/04/14 11:06:53.275, 1, 4, 0, 0, 28, 24.59
2026/04/14 11:06:54.289, 0, 6470, 62, 55, 46, 157.28
2026/04/14 11:06:54.304, 1, 4, 0, 0, 28, 24.49
2026/04/14 11:06:55.316, 0, 6470, 72, 67, 47, 69.99
2026/04/14 11:06:55.328, 1, 4, 0, 0, 28, 24.50
2026/04/14 11:06:56.340, 0, 6470, 78, 76, 47, 67.96
2026/04/14 11:06:56.352, 1, 4, 0, 0, 28, 24.50
2026/04/14 11:06:57.364, 0, 6470, 85, 84, 46, 64.38
2026/04/14 11:06:57.375, 1, 4, 0, 0, 28, 24.49
2026/04/14 11:06:58.389, 0, 6470, 83, 77, 46, 102.02
2026/04/14 11:06:58.400, 1, 4, 0, 0, 28, 24.50
2026/04/14 11:06:59.412, 0, 6470, 65, 58, 46, 87.43
2026/04/14 11:06:59.423, 1, 4, 0, 0, 28, 24.49
2026/04/14 11:07:00.434, 0, 6470, 63, 56, 46, 112.86
2026/04/14 11:07:00.446, 1, 4, 0, 0, 28, 24.59
2026/04/14 11:07:01.460, 0, 6470, 73, 68, 46, 167.58
2026/04/14 11:07:01.473, 1, 4, 0, 0, 28, 24.59
2026/04/14 11:07:02.492, 0, 6470, 80, 78, 46, 107.62
2026/04/14 11:07:02.504, 1, 4, 0, 0, 28, 24.39
2026/04/14 11:07:03.517, 0, 6470, 86, 84, 46, 80.67
2026/04/14 11:07:03.531, 1, 4, 0, 0, 28, 24.50
2026/04/14 11:07:04.542, 0, 6470, 83, 76, 46, 115.67
2026/04/14 11:07:04.556, 1, 4, 0, 0, 28, 24.59
2026/04/14 11:07:05.569, 0, 6470, 73, 62, 46, 106.77
2026/04/14 11:07:05.581, 1, 4, 0, 0, 28, 24.59
2026/04/14 11:07:06.592, 0, 6470, 64, 58, 46, 107.68
2026/04/14 11:07:06.605, 1, 4, 0, 0, 28, 24.49
2026/04/14 11:07:07.625, 0, 6470, 73, 68, 46, 115.59
2026/04/14 11:07:07.638, 1, 4, 0, 0, 28, 24.58
2026/04/14 11:07:08.651, 0, 6470, 81, 78, 47, 99.07
2026/04/14 11:07:08.664, 1, 4, 0, 0, 28, 24.60
2026/04/14 11:07:09.680, 0, 6470, 86, 84, 47, 93.33
2026/04/14 11:07:09.693, 1, 4, 0, 0, 28, 24.59
2026/04/14 11:07:10.711, 0, 6470, 81, 74, 46, 65.26
2026/04/14 11:07:10.727, 1, 4, 0, 0, 28, 24.59
2026/04/14 11:07:11.741, 0, 6470, 73, 62, 46, 102.41
2026/04/14 11:07:11.755, 1, 4, 0, 0, 28, 24.50
2026/04/14 11:07:12.768, 0, 6470, 76, 66, 46, 96.85
2026/04/14 11:07:12.782, 1, 4, 0, 0, 28, 24.59
2026/04/14 11:07:13.801, 0, 6470, 73, 68, 46, 114.34
2026/04/14 11:07:13.813, 1, 4, 0, 0, 28, 24.59
2026/04/14 11:07:14.828, 0, 6470, 81, 78, 47, 161.81
2026/04/14 11:07:14.842, 1, 4, 0, 0, 28, 24.59
2026/04/14 11:07:15.857, 0, 6470, 86, 85, 46, 114.51
2026/04/14 11:07:15.873, 1, 4, 0, 0, 28, 24.50
2026/04/14 11:07:16.916, 0, 6470, 82, 81, 46, 74.49
2026/04/14 11:07:16.931, 1, 4, 0, 0, 28, 24.50
2026/04/14 11:07:17.951, 0, 6470, 69, 65, 46, 71.34
2026/04/14 11:07:17.966, 1, 4, 0, 0, 28, 24.50
2026/04/14 11:07:18.982, 0, 6470, 71, 62, 46, 113.42
2026/04/14 11:07:18.996, 1, 4, 0, 0, 28, 24.50
2026/04/14 11:07:20.015, 0, 6470, 77, 70, 46, 101.54
2026/04/14 11:07:20.031, 1, 4, 0, 0, 28, 24.50
2026/04/14 11:07:21.048, 0, 6470, 82, 81, 47, 61.68
2026/04/14 11:07:21.062, 1, 4, 0, 0, 28, 24.50
2026/04/14 11:07:22.080, 0, 6470, 68, 63, 47, 79.55
2026/04/14 11:07:22.095, 1, 4, 0, 0, 28, 24.60
2026/04/14 11:07:23.111, 0, 6470, 58, 52, 47, 138.44
2026/04/14 11:07:23.125, 1, 4, 0, 0, 28, 24.50
2026/04/14 11:07:24.144, 0, 6470, 44, 32, 46, 152.14
2026/04/14 11:07:24.160, 1, 4, 0, 0, 28, 24.49
2026/04/14 11:07:25.177, 0, 6470, 67, 63, 46, 110.33
2026/04/14 11:07:25.190, 1, 4, 0, 0, 28, 24.49
2026/04/14 11:07:26.209, 0, 6470, 58, 52, 46, 106.42
2026/04/14 11:07:26.224, 1, 4, 0, 0, 28, 24.49
2026/04/14 11:07:27.239, 0, 6470, 42, 29, 46, 76.82
2026/04/14 11:07:27.253, 1, 4, 0, 0, 28, 24.59
2026/04/14 11:07:28.273, 0, 6470, 58, 46, 46, 108.25
2026/04/14 11:07:28.288, 1, 4, 0, 0, 28, 24.40
2026/04/14 11:07:29.305, 0, 6470, 71, 61, 46, 104.64
2026/04/14 11:07:29.319, 1, 4, 0, 0, 28, 24.59
2026/04/14 11:07:30.337, 0, 6470, 82, 77, 46, 83.43
2026/04/14 11:07:30.355, 1, 4, 0, 0, 28, 24.49
2026/04/14 11:07:31.373, 0, 6470, 59, 47, 46, 69.43
2026/04/14 11:07:31.392, 1, 4, 0, 0, 28, 24.60
2026/04/14 11:07:32.410, 0, 6470, 70, 60, 46, 76.51
2026/04/14 11:07:32.426, 1, 4, 0, 0, 28, 24.50
2026/04/14 11:07:33.447, 0, 6470, 82, 79, 46, 76.84
2026/04/14 11:07:33.464, 1, 4, 0, 0, 28, 24.59
2026/04/14 11:07:34.481, 0, 6470, 71, 67, 46, 100.86
2026/04/14 11:07:34.496, 1, 4, 0, 0, 28, 24.59
2026/04/14 11:07:35.513, 0, 6470, 58, 52, 47, 79.24
2026/04/14 11:07:35.528, 1, 4, 0, 0, 28, 24.50
2026/04/14 11:07:36.546, 0, 6470, 82, 80, 47, 168.85
2026/04/14 11:07:36.557, 1, 4, 0, 0, 28, 24.59
2026/04/14 11:07:37.575, 0, 6470, 52, 38, 46, 105.01
2026/04/14 11:07:37.588, 1, 4, 0, 0, 28, 24.49
2026/04/14 11:07:38.602, 0, 6470, 71, 62, 46, 72.50
2026/04/14 11:07:38.614, 1, 4, 0, 0, 28, 24.50
2026/04/14 11:07:39.625, 0, 6470, 78, 71, 46, 69.32
2026/04/14 11:07:39.639, 1, 4, 0, 0, 28, 24.59
2026/04/14 11:07:40.653, 0, 6470, 78, 76, 46, 103.93
2026/04/14 11:07:40.666, 1, 4, 0, 0, 28, 24.59
2026/04/14 11:07:41.679, 0, 6470, 59, 53, 47, 80.32
2026/04/14 11:07:41.695, 1, 4, 0, 0, 28, 24.50
2026/04/14 11:07:42.707, 0, 6470, 52, 44, 46, 159.00
2026/04/14 11:07:42.722, 1, 4, 0, 0, 28, 24.49
2026/04/14 11:07:43.737, 0, 6470, 75, 72, 46, 112.96
2026/04/14 11:07:43.751, 1, 4, 0, 0, 28, 24.59
2026/04/14 11:07:44.771, 0, 6470, 58, 52, 46, 112.19
2026/04/14 11:07:44.784, 1, 4, 0, 0, 28, 24.49
2026/04/14 11:07:45.796, 0, 6470, 50, 42, 46, 82.43
2026/04/14 11:07:45.810, 1, 4, 0, 0, 28, 24.40
2026/04/14 11:07:46.824, 0, 6470, 51, 37, 46, 108.46
2026/04/14 11:07:46.838, 1, 4, 0, 0, 28, 24.50
2026/04/14 11:07:47.850, 0, 6470, 67, 57, 46, 108.82
2026/04/14 11:07:47.864, 1, 4, 0, 0, 28, 24.59
2026/04/14 11:07:48.878, 0, 6470, 71, 61, 46, 59.93
2026/04/14 11:07:48.892, 1, 4, 0, 0, 28, 24.49
2026/04/14 11:07:49.904, 0, 6470, 82, 79, 46, 76.54
2026/04/14 11:07:49.918, 1, 4, 0, 0, 28, 24.60
2026/04/14 11:07:50.931, 0, 6470, 85, 83, 46, 91.16
2026/04/14 11:07:50.943, 1, 4, 0, 0, 28, 24.50
2026/04/14 11:07:51.956, 0, 6470, 75, 64, 46, 108.63
2026/04/14 11:07:51.976, 1, 4, 0, 0, 28, 24.50
2026/04/14 11:07:52.990, 0, 6470, 70, 59, 46, 110.12
2026/04/14 11:07:53.003, 1, 4, 0, 0, 28, 24.50
2026/04/14 11:07:54.016, 0, 6470, 56, 42, 46, 114.12
2026/04/14 11:07:54.029, 1, 4, 0, 0, 28, 24.59
2026/04/14 11:07:55.047, 0, 6470, 57, 47, 46, 160.83
2026/04/14 11:07:55.061, 1, 4, 0, 0, 28, 24.59
2026/04/14 11:07:56.075, 0, 6470, 62, 54, 46, 65.45
2026/04/14 11:07:56.089, 1, 4, 0, 0, 28, 24.59
2026/04/14 11:07:57.110, 0, 6470, 74, 70, 46, 80.50
2026/04/14 11:07:57.126, 1, 4, 0, 0, 28, 24.50
2026/04/14 11:07:58.141, 0, 6470, 54, 38, 46, 120.64
2026/04/14 11:07:58.154, 1, 4, 0, 0, 28, 24.59
2026/04/14 11:07:59.171, 0, 6470, 55, 44, 46, 125.37
2026/04/14 11:07:59.184, 1, 4, 0, 0, 28, 24.59
2026/04/14 11:08:00.203, 0, 6470, 63, 56, 46, 113.75
2026/04/14 11:08:00.222, 1, 4, 0, 0, 28, 24.49
2026/04/14 11:08:01.236, 0, 6470, 62, 54, 46, 157.23
2026/04/14 11:08:01.251, 1, 4, 0, 0, 28, 24.58
2026/04/14 11:08:02.267, 0, 6470, 70, 66, 47, 96.93
2026/04/14 11:08:02.284, 1, 4, 0, 0, 28, 24.49
2026/04/14 11:08:03.305, 0, 6470, 76, 73, 46, 102.60
2026/04/14 11:08:03.319, 1, 4, 0, 0, 28, 24.59
2026/04/14 11:08:04.334, 0, 6470, 54, 38, 46, 113.99
2026/04/14 11:08:04.353, 1, 4, 0, 0, 28, 24.59
2026/04/14 11:08:05.369, 0, 6470, 55, 44, 46, 106.46
2026/04/14 11:08:05.384, 1, 4, 0, 0, 28, 24.49
2026/04/14 11:08:06.399, 0, 6470, 63, 57, 46, 116.15
2026/04/14 11:08:06.414, 1, 4, 0, 0, 28, 24.49
2026/04/14 11:08:07.434, 0, 6470, 62, 54, 47, 161.09
2026/04/14 11:08:07.450, 1, 4, 0, 0, 28, 24.69
2026/04/14 11:08:08.466, 0, 6470, 70, 66, 47, 106.92
2026/04/14 11:08:08.481, 1, 4, 0, 0, 28, 24.49
2026/04/14 11:08:09.499, 0, 6470, 76, 73, 46, 90.92
2026/04/14 11:08:09.515, 1, 4, 0, 0, 28, 24.50
2026/04/14 11:08:10.530, 0, 6470, 54, 38, 46, 108.94
2026/04/14 11:08:10.545, 1, 4, 0, 0, 28, 24.59
2026/04/14 11:08:11.564, 0, 6470, 55, 44, 47, 88.98
2026/04/14 11:08:11.582, 1, 4, 0, 0, 28, 24.49
2026/04/14 11:08:12.599, 0, 6470, 63, 56, 46, 114.63
2026/04/14 11:08:12.615, 1, 4, 0, 0, 28, 24.49
2026/04/14 11:08:13.631, 0, 6470, 61, 54, 47, 164.21
2026/04/14 11:08:13.635, 1, 4, 0, 0, 28, 24.69
2026/04/14 11:08:14.638, 0, 6470, 70, 66, 47, 79.15
2026/04/14 11:08:14.642, 1, 4, 0, 0, 28, 24.50
2026/04/14 11:08:15.646, 0, 6470, 77, 74, 46, 110.77
2026/04/14 11:08:15.649, 1, 4, 0, 0, 28, 24.39
2026/04/14 11:08:16.653, 0, 6470, 85, 83, 46, 73.94
2026/04/14 11:08:16.656, 1, 4, 0, 0, 28, 24.59
2026/04/14 11:08:17.666, 0, 6470, 84, 79, 46, 64.96
2026/04/14 11:08:17.670, 1, 4, 0, 0, 28, 24.50
2026/04/14 11:08:18.675, 0, 6470, 75, 64, 46, 111.14
2026/04/14 11:08:18.678, 1, 4, 0, 0, 28, 24.49
2026/04/14 11:08:19.680, 0, 6470, 77, 67, 46, 100.78
2026/04/14 11:08:19.683, 1, 4, 0, 0, 28, 24.58
2026/04/14 11:08:20.693, 0, 6470, 68, 57, 46, 87.70
2026/04/14 11:08:20.697, 1, 4, 0, 0, 28, 24.59
2026/04/14 11:08:21.701, 0, 6470, 62, 49, 46, 111.61
2026/04/14 11:08:21.704, 1, 4, 0, 0, 28, 24.49
2026/04/14 11:08:22.708, 0, 6470, 56, 41, 46, 80.88
2026/04/14 11:08:22.711, 1, 4, 0, 0, 28, 24.59
2026/04/14 11:08:23.718, 0, 6470, 73, 62, 46, 104.64
2026/04/14 11:08:23.724, 1, 4, 0, 0, 28, 24.59
2026/04/14 11:08:24.727, 0, 6470, 76, 66, 47, 86.54
2026/04/14 11:08:24.729, 1, 4, 0, 0, 28, 24.59
2026/04/14 11:08:25.733, 0, 6470, 68, 56, 46, 110.91
2026/04/14 11:08:25.738, 1, 4, 0, 0, 28, 24.49
2026/04/14 11:08:26.744, 0, 6470, 61, 47, 47, 113.71
2026/04/14 11:08:26.747, 1, 4, 0, 0, 28, 24.49
2026/04/14 11:08:27.751, 0, 6470, 54, 38, 47, 164.05
2026/04/14 11:08:27.753, 1, 4, 0, 0, 28, 24.49
2026/04/14 11:08:28.757, 0, 6470, 83, 77, 47, 112.29
2026/04/14 11:08:28.760, 1, 4, 0, 0, 28, 24.59
2026/04/14 11:08:29.771, 0, 6470, 73, 63, 47, 107.62
2026/04/14 11:08:29.774, 1, 4, 0, 0, 28, 24.59
2026/04/14 11:08:30.776, 0, 6470, 76, 66, 47, 72.78
2026/04/14 11:08:30.780, 1, 4, 0, 0, 28, 24.59
2026/04/14 11:08:31.783, 0, 6470, 68, 56, 46, 85.70
2026/04/14 11:08:31.786, 1, 4, 0, 0, 28, 24.60
2026/04/14 11:08:32.789, 0, 6470, 61, 48, 46, 80.45
2026/04/14 11:08:32.791, 1, 4, 0, 0, 28, 24.59
2026/04/14 11:08:33.800, 0, 6470, 53, 38, 47, 104.00
2026/04/14 11:08:33.803, 1, 4, 0, 0, 28, 24.49
2026/04/14 11:08:34.807, 0, 6470, 54, 43, 46, 119.80
2026/04/14 11:08:34.809, 1, 4, 0, 0, 28, 24.59
2026/04/14 11:08:35.813, 0, 6470, 62, 56, 47, 96.64
2026/04/14 11:08:35.816, 1, 4, 0, 0, 28, 24.49
2026/04/14 11:08:36.827, 0, 6470, 61, 53, 47, 110.91
2026/04/14 11:08:36.830, 1, 4, 0, 0, 28, 24.49
2026/04/14 11:08:37.833, 0, 6470, 70, 65, 47, 116.21
2026/04/14 11:08:37.836, 1, 4, 0, 0, 28, 24.49
2026/04/14 11:08:38.840, 0, 6470, 76, 73, 47, 168.36
2026/04/14 11:08:38.843, 1, 4, 0, 0, 28, 24.68
2026/04/14 11:08:39.854, 0, 6470, 86, 84, 47, 72.49
2026/04/14 11:08:39.857, 1, 4, 0, 0, 28, 24.59
2026/04/14 11:08:40.861, 0, 6470, 86, 81, 47, 107.93
2026/04/14 11:08:40.864, 1, 4, 0, 0, 28, 24.69
2026/04/14 11:08:41.867, 0, 6470, 76, 66, 46, 79.25
2026/04/14 11:08:41.870, 1, 4, 0, 0, 28, 24.59
2026/04/14 11:08:42.874, 0, 6470, 76, 66, 47, 64.40
2026/04/14 11:08:42.877, 1, 4, 0, 0, 28, 24.60
2026/04/14 11:08:43.881, 0, 6470, 69, 58, 47, 116.60
2026/04/14 11:08:43.884, 1, 4, 0, 0, 28, 24.49
2026/04/14 11:08:44.894, 0, 6470, 64, 51, 47, 101.10
2026/04/14 11:08:44.897, 1, 4, 0, 0, 28, 24.49
2026/04/14 11:08:45.902, 0, 6470, 54, 39, 47, 86.94
2026/04/14 11:08:45.905, 1, 4, 0, 0, 28, 24.59
2026/04/14 11:08:46.908, 0, 6470, 54, 42, 47, 109.85
2026/04/14 11:08:46.911, 1, 4, 0, 0, 28, 24.59
2026/04/14 11:08:47.915, 0, 6470, 61, 54, 47, 112.20
2026/04/14 11:08:47.919, 1, 4, 0, 0, 28, 24.49
2026/04/14 11:08:48.923, 0, 6470, 64, 59, 47, 144.12
2026/04/14 11:08:48.925, 1, 4, 0, 0, 28, 24.49
2026/04/14 11:08:49.929, 0, 6470, 65, 59, 47, 147.82
2026/04/14 11:08:49.932, 1, 4, 0, 0, 28, 24.59
2026/04/14 11:08:50.936, 0, 6470, 72, 68, 47, 73.85
2026/04/14 11:08:50.939, 1, 4, 0, 0, 28, 24.50
2026/04/14 11:08:51.948, 0, 6470, 80, 78, 47, 103.85
2026/04/14 11:08:51.951, 1, 4, 0, 0, 28, 24.59
2026/04/14 11:08:52.955, 0, 6470, 85, 84, 47, 81.53
2026/04/14 11:08:52.958, 1, 4, 0, 0, 28, 24.49
2026/04/14 11:08:53.962, 0, 6470, 81, 74, 47, 63.90
2026/04/14 11:08:53.965, 1, 4, 0, 0, 28, 24.59
2026/04/14 11:08:54.969, 0, 6470, 72, 62, 47, 114.86
2026/04/14 11:08:54.972, 1, 4, 0, 0, 28, 24.59
2026/04/14 11:08:55.976, 0, 6470, 70, 59, 47, 101.07
2026/04/14 11:08:55.979, 1, 4, 0, 0, 28, 24.59
2026/04/14 11:08:56.982, 0, 6470, 58, 44, 47, 107.14
2026/04/14 11:08:56.985, 1, 4, 0, 0, 28, 24.49
2026/04/14 11:08:57.988, 0, 6470, 55, 45, 47, 108.61
2026/04/14 11:08:57.991, 1, 4, 0, 0, 28, 24.59
2026/04/14 11:08:58.994, 0, 6470, 64, 58, 47, 111.41
2026/04/14 11:08:58.996, 1, 4, 0, 0, 28, 24.49
2026/04/14 11:09:00.007, 0, 6470, 64, 58, 47, 114.99
2026/04/14 11:09:00.010, 1, 4, 0, 0, 28, 24.59
2026/04/14 11:09:01.013, 0, 6470, 72, 67, 47, 115.61
2026/04/14 11:09:01.016, 1, 4, 0, 0, 28, 24.69
2026/04/14 11:09:02.023, 0, 6470, 57, 44, 47, 114.29
2026/04/14 11:09:02.026, 1, 4, 0, 0, 28, 24.58
2026/04/14 11:09:03.032, 0, 6470, 53, 40, 47, 111.90
2026/04/14 11:09:03.037, 1, 4, 0, 0, 28, 24.59
2026/04/14 11:09:04.044, 0, 6470, 64, 54, 46, 105.72
2026/04/14 11:09:04.047, 1, 4, 0, 0, 28, 24.59
2026/04/14 11:09:05.053, 0, 6470, 72, 61, 46, 100.87
2026/04/14 11:09:05.056, 1, 4, 0, 0, 28, 24.59
2026/04/14 11:09:06.064, 0, 6470, 72, 61, 46, 107.46
2026/04/14 11:09:06.067, 1, 4, 0, 0, 28, 24.59
2026/04/14 11:09:07.075, 0, 6470, 68, 59, 46, 101.07
2026/04/14 11:09:07.078, 1, 4, 0, 0, 28, 24.59
2026/04/14 11:09:08.084, 0, 6470, 47, 41, 46, 87.94
2026/04/14 11:09:08.088, 1, 4, 0, 0, 28, 24.59
2026/04/14 11:09:09.093, 0, 6470, 70, 67, 46, 111.51
2026/04/14 11:09:09.096, 1, 4, 0, 0, 28, 24.59
2026/04/14 11:09:10.100, 0, 6470, 57, 52, 46, 79.84
2026/04/14 11:09:10.102, 1, 4, 0, 0, 28, 24.50
2026/04/14 11:09:11.106, 0, 6470, 44, 33, 46, 104.52
2026/04/14 11:09:11.110, 1, 4, 0, 0, 28, 24.49
2026/04/14 11:09:12.118, 0, 6470, 55, 41, 46, 66.61
2026/04/14 11:09:12.121, 1, 4, 0, 0, 28, 24.50
2026/04/14 11:09:13.125, 0, 6470, 72, 64, 47, 78.76
2026/04/14 11:09:13.127, 1, 4, 0, 0, 28, 24.50
2026/04/14 11:09:14.131, 0, 6470, 80, 73, 47, 80.13
2026/04/14 11:09:14.134, 1, 4, 0, 0, 28, 24.50
2026/04/14 11:09:15.145, 0, 6470, 75, 73, 47, 150.08
2026/04/14 11:09:15.148, 1, 4, 0, 0, 28, 24.49
2026/04/14 11:09:16.152, 0, 6470, 62, 57, 46, 113.74
2026/04/14 11:09:16.155, 1, 4, 0, 0, 28, 24.59
2026/04/14 11:09:17.158, 0, 6470, 56, 49, 47, 84.54
2026/04/14 11:09:17.161, 1, 4, 0, 0, 28, 24.49
2026/04/14 11:09:18.172, 0, 6470, 47, 33, 46, 102.23
2026/04/14 11:09:18.175, 1, 4, 0, 0, 28, 24.59
2026/04/14 11:09:19.178, 0, 6470, 62, 50, 46, 62.35
2026/04/14 11:09:19.181, 1, 4, 0, 0, 28, 24.60
2026/04/14 11:09:20.185, 0, 6470, 68, 59, 46, 64.69
2026/04/14 11:09:20.188, 1, 4, 0, 0, 28, 24.50
2026/04/14 11:09:21.198, 0, 6470, 82, 77, 46, 103.33
2026/04/14 11:09:21.201, 1, 4, 0, 0, 28, 24.50
2026/04/14 11:09:22.205, 0, 6470, 77, 74, 47, 102.49
2026/04/14 11:09:22.208, 1, 4, 0, 0, 28, 24.50
2026/04/14 11:09:23.212, 0, 6470, 64, 59, 46, 138.23
2026/04/14 11:09:23.215, 1, 4, 0, 0, 28, 24.58
2026/04/14 11:09:24.219, 0, 6470, 62, 56, 46, 109.59
2026/04/14 11:09:24.221, 1, 4, 0, 0, 28, 24.59
2026/04/14 11:09:25.229, 0, 6470, 45, 33, 47, 92.42
2026/04/14 11:09:25.232, 1, 4, 0, 0, 28, 24.49
2026/04/14 11:09:26.236, 0, 6470, 52, 38, 46, 103.78
2026/04/14 11:09:26.240, 1, 4, 0, 0, 28, 24.59
2026/04/14 11:09:27.244, 0, 6470, 64, 54, 47, 116.48
2026/04/14 11:09:27.247, 1, 4, 0, 0, 28, 24.59
2026/04/14 11:09:28.258, 0, 6470, 68, 59, 46, 67.00
2026/04/14 11:09:28.260, 1, 4, 0, 0, 28, 24.60
2026/04/14 11:09:29.264, 0, 6470, 82, 77, 46, 62.06
2026/04/14 11:09:29.267, 1, 4, 0, 0, 28, 24.60
2026/04/14 11:09:30.271, 0, 6470, 77, 74, 46, 88.45
2026/04/14 11:09:30.273, 1, 4, 0, 0, 28, 24.59
2026/04/14 11:09:31.277, 0, 6470, 62, 56, 47, 142.33
2026/04/14 11:09:31.282, 1, 4, 0, 0, 28, 24.59
2026/04/14 11:09:32.287, 0, 6470, 56, 50, 46, 112.96
2026/04/14 11:09:32.290, 1, 4, 0, 0, 28, 24.59
2026/04/14 11:09:33.293, 0, 6470, 45, 32, 46, 104.79
2026/04/14 11:09:33.296, 1, 4, 0, 0, 28, 24.59
2026/04/14 11:09:34.300, 0, 6470, 60, 48, 46, 119.93
2026/04/14 11:09:34.303, 1, 4, 0, 0, 28, 24.59
2026/04/14 11:09:35.313, 0, 6470, 72, 63, 46, 104.81
2026/04/14 11:09:35.316, 1, 4, 0, 0, 28, 24.59
2026/04/14 11:09:36.319, 0, 6470, 77, 69, 46, 62.54
2026/04/14 11:09:36.323, 1, 4, 0, 0, 28, 24.50
2026/04/14 11:09:37.328, 0, 6470, 81, 80, 46, 63.41
2026/04/14 11:09:37.331, 1, 4, 0, 0, 28, 24.59
2026/04/14 11:09:38.340, 0, 6470, 62, 57, 46, 62.35
2026/04/14 11:09:38.343, 1, 4, 0, 0, 28, 24.50
2026/04/14 11:09:39.347, 0, 6470, 54, 48, 47, 157.89
2026/04/14 11:09:39.350, 1, 4, 0, 0, 28, 24.58
2026/04/14 11:09:40.353, 0, 6470, 45, 32, 46, 111.70
2026/04/14 11:09:40.356, 1, 4, 0, 0, 28, 24.59
2026/04/14 11:09:41.366, 0, 6470, 65, 54, 46, 92.16
2026/04/14 11:09:41.371, 1, 4, 0, 0, 28, 24.59
2026/04/14 11:09:42.374, 0, 6470, 71, 62, 46, 106.28
2026/04/14 11:09:42.377, 1, 4, 0, 0, 28, 24.59
2026/04/14 11:09:43.380, 0, 6470, 82, 81, 46, 72.12
2026/04/14 11:09:43.382, 1, 4, 0, 0, 28, 24.60
2026/04/14 11:09:44.392, 0, 6470, 66, 61, 46, 84.92
2026/04/14 11:09:44.395, 1, 4, 0, 0, 28, 24.59
2026/04/14 11:09:45.399, 0, 6470, 60, 55, 47, 78.29
2026/04/14 11:09:45.402, 1, 4, 0, 0, 28, 24.59
2026/04/14 11:09:46.405, 0, 6470, 43, 30, 46, 135.62
2026/04/14 11:09:46.408, 1, 4, 0, 0, 28, 24.58
2026/04/14 11:09:47.419, 0, 6470, 66, 61, 46, 110.10
2026/04/14 11:09:47.422, 1, 4, 0, 0, 28, 24.49
2026/04/14 11:09:48.426, 0, 6470, 59, 55, 46, 123.14
2026/04/14 11:09:48.429, 1, 4, 0, 0, 28, 24.68
2026/04/14 11:09:49.433, 0, 6470, 43, 31, 46, 118.28
2026/04/14 11:09:49.435, 1, 4, 0, 0, 28, 24.59
2026/04/14 11:09:50.444, 0, 6470, 61, 49, 46, 84.47
2026/04/14 11:09:50.448, 1, 4, 0, 0, 28, 24.50
2026/04/14 11:09:51.452, 0, 6470, 69, 61, 46, 112.46
2026/04/14 11:09:51.454, 1, 4, 0, 0, 28, 24.59
2026/04/14 11:09:52.458, 0, 6470, 82, 82, 47, 119.99
2026/04/14 11:09:52.461, 1, 4, 0, 0, 28, 24.59
2026/04/14 11:09:53.465, 0, 6470, 67, 62, 46, 113.11
2026/04/14 11:09:53.467, 1, 4, 0, 0, 28, 24.59
2026/04/14 11:09:54.478, 0, 6470, 60, 56, 46, 104.99
2026/04/14 11:09:54.481, 1, 4, 0, 0, 28, 24.59
2026/04/14 11:09:55.485, 0, 6470, 43, 30, 46, 100.29
2026/04/14 11:09:55.488, 1, 4, 0, 0, 28, 24.49
2026/04/14 11:09:56.491, 0, 6470, 48, 42, 46, 74.62
2026/04/14 11:09:56.494, 1, 4, 0, 0, 28, 24.60
2026/04/14 11:09:57.496, 0, 6470, 58, 52, 46, 112.94
2026/04/14 11:09:57.499, 1, 4, 0, 0, 28, 24.59
2026/04/14 11:09:58.503, 0, 6470, 51, 42, 46, 80.48
2026/04/14 11:09:58.508, 1, 4, 0, 0, 28, 24.59
2026/04/14 11:09:59.511, 0, 6470, 50, 36, 46, 102.91
2026/04/14 11:09:59.514, 1, 4, 0, 0, 28, 24.59
2026/04/14 11:10:00.516, 0, 6470, 68, 59, 46, 70.26
2026/04/14 11:10:00.519, 1, 4, 0, 0, 28, 24.50
2026/04/14 11:10:01.523, 0, 6470, 72, 62, 46, 89.20
2026/04/14 11:10:01.526, 1, 4, 0, 0, 28, 24.50
2026/04/14 11:10:02.528, 0, 6470, 82, 81, 46, 79.24
2026/04/14 11:10:02.531, 1, 4, 0, 0, 28, 24.50
2026/04/14 11:10:03.535, 0, 6470, 67, 63, 46, 120.87
2026/04/14 11:10:03.538, 1, 4, 0, 0, 28, 24.68
2026/04/14 11:10:04.549, 0, 6470, 57, 51, 46, 111.43
2026/04/14 11:10:04.551, 1, 4, 0, 0, 28, 24.59
2026/04/14 11:10:05.556, 0, 6470, 57, 52, 46, 118.63
2026/04/14 11:10:05.559, 1, 4, 0, 0, 28, 24.59
2026/04/14 11:10:06.562, 0, 6470, 82, 77, 46, 120.92
2026/04/14 11:10:06.565, 1, 4, 0, 0, 28, 24.59
2026/04/14 11:10:07.569, 0, 6470, 81, 80, 46, 82.62
2026/04/14 11:10:07.572, 1, 4, 0, 0, 28, 24.59
2026/04/14 11:10:08.575, 0, 6470, 68, 63, 46, 105.05
2026/04/14 11:10:08.580, 1, 4, 0, 0, 28, 24.49
2026/04/14 11:10:09.585, 0, 6470, 59, 53, 47, 135.90
2026/04/14 11:10:09.587, 1, 4, 0, 0, 28, 24.59
2026/04/14 11:10:10.593, 0, 6470, 61, 55, 46, 111.88
2026/04/14 11:10:10.595, 1, 4, 0, 0, 28, 24.49
2026/04/14 11:10:11.604, 0, 6470, 44, 32, 46, 99.91
2026/04/14 11:10:11.607, 1, 4, 0, 0, 28, 24.59
2026/04/14 11:10:12.616, 0, 6470, 58, 45, 46, 100.42
2026/04/14 11:10:12.620, 1, 4, 0, 0, 28, 24.59
2026/04/14 11:10:13.628, 0, 6470, 72, 63, 46, 102.49
2026/04/14 11:10:13.631, 1, 4, 0, 0, 28, 24.59
2026/04/14 11:10:14.641, 0, 6470, 80, 74, 46, 96.09
2026/04/14 11:10:14.643, 1, 4, 0, 0, 28, 24.60
2026/04/14 11:10:15.651, 0, 6470, 76, 73, 46, 111.52
2026/04/14 11:10:15.654, 1, 4, 0, 0, 28, 24.49
2026/04/14 11:10:16.657, 0, 6470, 64, 59, 47, 80.50
2026/04/14 11:10:16.660, 1, 4, 0, 0, 28, 24.59
2026/04/14 11:10:17.663, 0, 6470, 59, 55, 46, 146.32
2026/04/14 11:10:17.666, 1, 4, 0, 0, 28, 24.58
2026/04/14 11:10:18.670, 0, 6470, 42, 30, 46, 108.16
2026/04/14 11:10:18.673, 1, 4, 0, 0, 28, 24.59
2026/04/14 11:10:19.681, 0, 6470, 59, 47, 46, 108.59
2026/04/14 11:10:19.684, 1, 4, 0, 0, 28, 24.59
2026/04/14 11:10:20.687, 0, 6470, 68, 59, 46, 112.03
2026/04/14 11:10:20.690, 1, 4, 0, 0, 28, 24.59
2026/04/14 11:10:21.693, 0, 6470, 82, 81, 46, 87.28
2026/04/14 11:10:21.696, 1, 4, 0, 0, 28, 24.59
2026/04/14 11:10:22.699, 0, 6470, 67, 63, 46, 108.53
2026/04/14 11:10:22.702, 1, 4, 0, 0, 28, 24.59
2026/04/14 11:10:23.710, 0, 6470, 60, 56, 47, 109.18
2026/04/14 11:10:23.712, 1, 4, 0, 0, 28, 24.60
2026/04/14 11:10:24.715, 0, 6470, 43, 30, 46, 114.18
2026/04/14 11:10:24.718, 1, 4, 0, 0, 28, 24.59
2026/04/14 11:10:25.722, 0, 6470, 58, 46, 46, 100.59
2026/04/14 11:10:25.725, 1, 4, 0, 0, 28, 24.49
2026/04/14 11:10:26.727, 0, 6470, 70, 60, 46, 100.88
2026/04/14 11:10:26.730, 1, 4, 0, 0, 28, 24.49
2026/04/14 11:10:27.738, 0, 6470, 82, 78, 46, 62.07
2026/04/14 11:10:27.741, 1, 4, 0, 0, 28, 24.59
2026/04/14 11:10:28.743, 0, 6470, 70, 67, 46, 62.46
2026/04/14 11:10:28.746, 1, 4, 0, 0, 28, 24.60
2026/04/14 11:10:29.751, 0, 6470, 57, 52, 47, 63.80
2026/04/14 11:10:29.753, 1, 4, 0, 0, 28, 24.50
2026/04/14 11:10:30.757, 0, 6470, 45, 34, 46, 158.78
2026/04/14 11:10:30.760, 1, 4, 0, 0, 28, 24.58
2026/04/14 11:10:31.765, 0, 6470, 54, 41, 46, 113.15
2026/04/14 11:10:31.771, 1, 4, 0, 0, 28, 24.49
2026/04/14 11:10:32.774, 0, 6470, 58, 52, 46, 93.50
2026/04/14 11:10:32.777, 1, 4, 0, 0, 28, 24.59
2026/04/14 11:10:33.780, 0, 6470, 43, 30, 46, 109.61
2026/04/14 11:10:33.783, 1, 4, 0, 0, 28, 24.59
2026/04/14 11:10:34.793, 0, 6470, 57, 45, 46, 69.51
2026/04/14 11:10:34.798, 1, 4, 0, 0, 28, 24.59
2026/04/14 11:10:35.801, 0, 6470, 71, 62, 46, 97.86
2026/04/14 11:10:35.803, 1, 4, 0, 0, 28, 24.59
2026/04/14 11:10:36.806, 0, 6470, 81, 75, 47, 87.81
2026/04/14 11:10:36.809, 1, 4, 0, 0, 28, 24.59
2026/04/14 11:10:37.820, 0, 6470, 72, 69, 46, 135.13
2026/04/14 11:10:37.824, 1, 4, 0, 0, 28, 24.58
2026/04/14 11:10:38.827, 0, 6470, 56, 51, 46, 107.99
2026/04/14 11:10:38.830, 1, 4, 0, 0, 28, 24.49
2026/04/14 11:10:39.832, 0, 6470, 47, 37, 46, 111.77
2026/04/14 11:10:39.835, 1, 4, 0, 0, 28, 24.49
2026/04/14 11:10:40.845, 0, 6470, 54, 41, 46, 120.56
2026/04/14 11:10:40.848, 1, 4, 0, 0, 28, 24.49
2026/04/14 11:10:41.852, 0, 6470, 72, 63, 46, 82.75
2026/04/14 11:10:41.855, 1, 4, 0, 0, 28, 24.49
2026/04/14 11:10:42.858, 0, 6470, 79, 72, 46, 103.99
2026/04/14 11:10:42.860, 1, 4, 0, 0, 28, 24.49
2026/04/14 11:10:43.863, 0, 6470, 77, 75, 47, 152.27
2026/04/14 11:10:43.866, 1, 4, 0, 0, 28, 24.59
2026/04/14 11:10:44.875, 0, 6470, 44, 38, 46, 92.50
2026/04/14 11:10:44.881, 1, 4, 0, 0, 28, 24.50
2026/04/14 11:10:45.883, 0, 6470, 69, 60, 46, 70.47
2026/04/14 11:10:45.886, 1, 4, 0, 0, 28, 24.50
2026/04/14 11:10:46.889, 0, 6470, 82, 82, 46, 61.50
2026/04/14 11:10:46.892, 1, 4, 0, 0, 28, 24.59
2026/04/14 11:10:47.902, 0, 6470, 67, 62, 47, 163.41
2026/04/14 11:10:47.907, 1, 4, 0, 0, 28, 24.59
2026/04/14 11:10:48.910, 0, 6470, 60, 56, 46, 113.04
2026/04/14 11:10:48.913, 1, 4, 0, 0, 28, 24.49
2026/04/14 11:10:49.917, 0, 6470, 42, 30, 46, 79.91
2026/04/14 11:10:49.920, 1, 4, 0, 0, 28, 24.59
2026/04/14 11:10:50.928, 0, 6470, 58, 46, 46, 101.23
2026/04/14 11:10:50.934, 1, 4, 0, 0, 28, 24.49
2026/04/14 11:10:51.937, 0, 6470, 69, 59, 46, 60.43
2026/04/14 11:10:51.940, 1, 4, 0, 0, 28, 24.60
2026/04/14 11:10:52.942, 0, 6470, 81, 78, 46, 68.82
2026/04/14 11:10:52.945, 1, 4, 0, 0, 28, 24.50
2026/04/14 11:10:53.956, 0, 6470, 70, 66, 46, 60.43
2026/04/14 11:10:53.961, 1, 4, 0, 0, 28, 24.50
2026/04/14 11:10:54.964, 0, 6470, 58, 52, 46, 155.12
2026/04/14 11:10:54.967, 1, 4, 0, 0, 28, 24.68
2026/04/14 11:10:55.970, 0, 6470, 45, 34, 46, 108.94
2026/04/14 11:10:55.972, 1, 4, 0, 0, 28, 24.49
2026/04/14 11:10:56.975, 0, 6470, 57, 44, 46, 102.28
2026/04/14 11:10:56.978, 1, 4, 0, 0, 28, 24.69
2026/04/14 11:10:57.981, 0, 6470, 72, 64, 46, 110.19
2026/04/14 11:10:57.983, 1, 4, 0, 0, 28, 24.59
2026/04/14 11:10:58.986, 0, 6470, 81, 76, 46, 79.24
2026/04/14 11:10:58.992, 1, 4, 0, 0, 28, 24.60
2026/04/14 11:11:00.002, 0, 6470, 73, 70, 46, 104.67
2026/04/14 11:11:00.005, 1, 4, 0, 0, 28, 24.59
2026/04/14 11:11:01.008, 0, 6470, 57, 51, 47, 91.48
2026/04/14 11:11:01.012, 1, 4, 0, 0, 28, 24.50
2026/04/14 11:11:02.014, 0, 6470, 47, 37, 46, 113.04
2026/04/14 11:11:02.019, 1, 4, 0, 0, 28, 24.59
2026/04/14 11:11:03.022, 0, 6470, 53, 40, 46, 104.93
2026/04/14 11:11:03.025, 1, 4, 0, 0, 28, 24.49
2026/04/14 11:11:04.028, 0, 6470, 71, 62, 46, 100.23
2026/04/14 11:11:04.031, 1, 4, 0, 0, 28, 24.59
2026/04/14 11:11:05.033, 0, 6470, 77, 69, 46, 85.77
2026/04/14 11:11:05.036, 1, 4, 0, 0, 28, 24.59
2026/04/14 11:11:06.039, 0, 6470, 79, 76, 46, 66.29
2026/04/14 11:11:06.042, 1, 4, 0, 0, 28, 24.59
2026/04/14 11:11:07.044, 0, 6470, 61, 55, 46, 80.59
2026/04/14 11:11:07.050, 1, 4, 0, 0, 28, 24.49
2026/04/14 11:11:08.053, 0, 6470, 56, 50, 46, 165.76
2026/04/14 11:11:08.056, 1, 4, 0, 0, 28, 24.59
2026/04/14 11:11:09.066, 0, 6470, 42, 30, 46, 112.15
2026/04/14 11:11:09.069, 1, 4, 0, 0, 28, 24.59
2026/04/14 11:11:10.072, 0, 6470, 58, 46, 46, 93.96
2026/04/14 11:11:10.077, 1, 4, 0, 0, 28, 24.59
2026/04/14 11:11:11.081, 0, 6470, 71, 62, 46, 100.88
2026/04/14 11:11:11.084, 1, 4, 0, 0, 28, 24.59
2026/04/14 11:11:12.087, 0, 6470, 70, 61, 46, 60.15
2026/04/14 11:11:12.089, 1, 4, 0, 0, 28, 24.60
2026/04/14 11:11:13.094, 0, 6470, 82, 77, 46, 62.17
2026/04/14 11:11:13.096, 1, 4, 0, 0, 28, 24.60
2026/04/14 11:11:14.099, 0, 6470, 81, 80, 46, 65.64
2026/04/14 11:11:14.102, 1, 4, 0, 0, 28, 24.60
2026/04/14 11:11:15.104, 0, 6470, 67, 63, 46, 158.52
2026/04/14 11:11:15.109, 1, 4, 0, 0, 28, 24.58
2026/04/14 11:11:16.112, 0, 6470, 58, 52, 46, 110.57
2026/04/14 11:11:16.115, 1, 4, 0, 0, 28, 24.49
2026/04/14 11:11:17.118, 0, 6470, 60, 55, 46, 108.11
2026/04/14 11:11:17.121, 1, 4, 0, 0, 28, 24.69
2026/04/14 11:11:18.126, 0, 6470, 44, 33, 46, 107.56
2026/04/14 11:11:18.131, 1, 4, 0, 0, 28, 24.59
2026/04/14 11:11:19.137, 0, 6470, 56, 43, 46, 70.56
2026/04/14 11:11:19.140, 1, 4, 0, 0, 28, 24.50
2026/04/14 11:11:20.147, 0, 6470, 72, 64, 46, 87.84
2026/04/14 11:11:20.150, 1, 4, 0, 0, 28, 24.59
2026/04/14 11:11:21.158, 0, 6470, 79, 72, 46, 80.60
2026/04/14 11:11:21.160, 1, 4, 0, 0, 28, 24.59
2026/04/14 11:11:22.168, 0, 6470, 76, 74, 46, 151.46
2026/04/14 11:11:22.171, 1, 4, 0, 0, 28, 24.58
2026/04/14 11:11:23.174, 0, 6470, 58, 52, 46, 109.36
2026/04/14 11:11:23.177, 1, 4, 0, 0, 28, 24.49
2026/04/14 11:11:24.180, 0, 6470, 52, 43, 46, 125.67
2026/04/14 11:11:24.182, 1, 4, 0, 0, 28, 24.49
2026/04/14 11:11:25.185, 0, 6470, 49, 35, 46, 120.15
2026/04/14 11:11:25.188, 1, 4, 0, 0, 28, 24.59
2026/04/14 11:11:26.191, 0, 6470, 68, 58, 46, 96.46
2026/04/14 11:11:26.196, 1, 4, 0, 0, 28, 24.59
2026/04/14 11:11:27.203, 0, 6470, 73, 64, 46, 111.70
2026/04/14 11:11:27.206, 1, 4, 0, 0, 28, 24.59
2026/04/14 11:11:28.208, 0, 6470, 82, 80, 46, 122.93
2026/04/14 11:11:28.211, 1, 4, 0, 0, 28, 24.59
2026/04/14 11:11:29.214, 0, 6470, 64, 59, 46, 109.88
2026/04/14 11:11:29.217, 1, 4, 0, 0, 28, 24.59
2026/04/14 11:11:30.219, 0, 6470, 57, 52, 46, 99.10
2026/04/14 11:11:30.224, 1, 4, 0, 0, 28, 24.59
2026/04/14 11:11:31.231, 0, 6470, 43, 31, 46, 100.29
2026/04/14 11:11:31.234, 1, 4, 0, 0, 28, 24.59
2026/04/14 11:11:32.237, 0, 6470, 61, 50, 45, 68.72
2026/04/14 11:11:32.239, 1, 4, 0, 0, 28, 24.49
2026/04/14 11:11:33.243, 0, 6470, 70, 61, 46, 57.62
2026/04/14 11:11:33.246, 1, 4, 0, 0, 28, 24.50
2026/04/14 11:11:34.248, 0, 6470, 47, 37, 46, 82.71
2026/04/14 11:11:34.253, 1, 4, 0, 0, 28, 24.69
2026/04/14 11:11:35.261, 0, 6470, 54, 41, 46, 101.36
2026/04/14 11:11:35.263, 1, 4, 0, 0, 28, 24.59
2026/04/14 11:11:36.266, 0, 6470, 72, 63, 46, 60.41
2026/04/14 11:11:36.271, 1, 4, 0, 0, 28, 24.50
2026/04/14 11:11:37.274, 0, 6470, 79, 71, 46, 68.73
2026/04/14 11:11:37.276, 1, 4, 0, 0, 28, 24.60
2026/04/14 11:11:38.280, 0, 6470, 78, 76, 47, 74.72
2026/04/14 11:11:38.283, 1, 4, 0, 0, 28, 24.50
2026/04/14 11:11:39.291, 0, 6470, 59, 54, 46, 162.60
2026/04/14 11:11:39.294, 1, 4, 0, 0, 28, 24.59
2026/04/14 11:11:40.297, 0, 6470, 52, 45, 46, 112.40
2026/04/14 11:11:40.300, 1, 4, 0, 0, 28, 24.49
2026/04/14 11:11:41.303, 0, 6470, 48, 34, 46, 113.51
2026/04/14 11:11:41.306, 1, 4, 0, 0, 28, 24.59
2026/04/14 11:11:42.310, 0, 6470, 67, 57, 46, 110.58
2026/04/14 11:11:42.313, 1, 4, 0, 0, 28, 24.59
2026/04/14 11:11:43.323, 0, 6470, 72, 62, 46, 71.04
2026/04/14 11:11:43.326, 1, 4, 0, 0, 28, 24.50
2026/04/14 11:11:44.329, 0, 6470, 82, 81, 46, 100.80
2026/04/14 11:11:44.332, 1, 4, 0, 0, 28, 24.59
2026/04/14 11:11:45.336, 0, 6470, 65, 60, 47, 84.54
2026/04/14 11:11:45.339, 1, 4, 0, 0, 28, 24.59
2026/04/14 11:11:46.349, 0, 6470, 59, 55, 46, 137.02
2026/04/14 11:11:46.352, 1, 4, 0, 0, 28, 24.48
2026/04/14 11:11:47.356, 0, 6470, 43, 31, 46, 105.45
2026/04/14 11:11:47.359, 1, 4, 0, 0, 28, 24.49
2026/04/14 11:11:48.362, 0, 6470, 60, 48, 46, 116.96
2026/04/14 11:11:48.365, 1, 4, 0, 0, 28, 24.59
2026/04/14 11:11:49.374, 0, 6470, 68, 59, 46, 112.98
2026/04/14 11:11:49.377, 1, 4, 0, 0, 28, 24.59
2026/04/14 11:11:50.381, 0, 6470, 83, 81, 46, 86.21
2026/04/14 11:11:50.383, 1, 4, 0, 0, 28, 24.59
2026/04/14 11:11:51.387, 0, 6470, 67, 63, 46, 109.19
2026/04/14 11:11:51.391, 1, 4, 0, 0, 28, 24.49
2026/04/14 11:11:52.400, 0, 6470, 60, 54, 46, 87.53
2026/04/14 11:11:52.403, 1, 4, 0, 0, 28, 24.50
2026/04/14 11:11:53.406, 0, 6470, 43, 31, 46, 113.60
2026/04/14 11:11:53.409, 1, 4, 0, 0, 28, 24.59
2026/04/14 11:11:54.412, 0, 6470, 58, 46, 46, 108.36
2026/04/14 11:11:54.419, 1, 4, 0, 0, 28, 24.69
2026/04/14 11:11:55.425, 0, 6470, 72, 63, 46, 114.32
2026/04/14 11:11:55.427, 1, 4, 0, 0, 28, 24.59
2026/04/14 11:11:56.430, 0, 6470, 81, 76, 46, 110.19
2026/04/14 11:11:56.433, 1, 4, 0, 0, 28, 24.59
2026/04/14 11:11:57.436, 0, 6470, 74, 71, 46, 77.33
2026/04/14 11:11:57.439, 1, 4, 0, 0, 28, 24.59
2026/04/14 11:11:58.442, 0, 6470, 57, 51, 46, 103.74
2026/04/14 11:11:58.445, 1, 4, 0, 0, 28, 24.59
2026/04/14 11:11:59.453, 0, 6470, 81, 76, 46, 151.12
2026/04/14 11:11:59.455, 1, 4, 0, 0, 28, 24.49
2026/04/14 11:12:00.459, 0, 6470, 74, 72, 46, 114.24
2026/04/14 11:12:00.462, 1, 4, 0, 0, 28, 24.59
2026/04/14 11:12:01.465, 0, 6470, 57, 52, 46, 90.98
2026/04/14 11:12:01.467, 1, 4, 0, 0, 28, 24.59
2026/04/14 11:12:02.470, 0, 6470, 51, 42, 46, 101.53
2026/04/14 11:12:02.473, 1, 4, 0, 0, 28, 24.59
2026/04/14 11:12:03.481, 0, 6470, 49, 35, 45, 62.08
2026/04/14 11:12:03.484, 1, 4, 0, 0, 28, 24.50
2026/04/14 11:12:04.488, 0, 6470, 67, 57, 46, 60.24
2026/04/14 11:12:04.490, 1, 4, 0, 0, 28, 24.50
2026/04/14 11:12:05.494, 0, 6470, 73, 63, 46, 61.21
2026/04/14 11:12:05.497, 1, 4, 0, 0, 28, 24.49
2026/04/14 11:12:06.507, 0, 6470, 82, 81, 46, 165.48
2026/04/14 11:12:06.510, 1, 4, 0, 0, 28, 24.49
2026/04/14 11:12:07.514, 0, 6470, 65, 61, 46, 113.54
2026/04/14 11:12:07.517, 1, 4, 0, 0, 28, 24.49
2026/04/14 11:12:08.519, 0, 6470, 58, 53, 46, 79.92
2026/04/14 11:12:08.522, 1, 4, 0, 0, 28, 24.59
2026/04/14 11:12:09.526, 0, 6470, 44, 31, 46, 103.86
2026/04/14 11:12:09.528, 1, 4, 0, 0, 28, 24.59
2026/04/14 11:12:10.532, 0, 6470, 62, 50, 46, 65.64
2026/04/14 11:12:10.539, 1, 4, 0, 0, 28, 24.50
2026/04/14 11:12:11.543, 0, 6470, 70, 61, 46, 78.76
2026/04/14 11:12:11.545, 1, 4, 0, 0, 28, 24.59
2026/04/14 11:12:12.554, 0, 6470, 82, 81, 46, 87.26
2026/04/14 11:12:12.557, 1, 4, 0, 0, 28, 24.60
2026/04/14 11:12:13.560, 0, 6470, 65, 61, 46, 115.61
2026/04/14 11:12:13.565, 1, 4, 0, 0, 28, 24.58
2026/04/14 11:12:14.568, 0, 6470, 58, 53, 46, 104.87
2026/04/14 11:12:14.571, 1, 4, 0, 0, 28, 24.59
2026/04/14 11:12:15.574, 0, 6470, 45, 32, 46, 117.51
2026/04/14 11:12:15.577, 1, 4, 0, 0, 28, 24.59
2026/04/14 11:12:16.581, 0, 6470, 57, 44, 45, 109.69
2026/04/14 11:12:16.587, 1, 4, 0, 0, 28, 24.59
2026/04/14 11:12:17.589, 0, 6470, 65, 55, 46, 73.27
2026/04/14 11:12:17.592, 1, 4, 0, 0, 28, 24.60
2026/04/14 11:12:18.595, 0, 6470, 70, 60, 46, 93.54
2026/04/14 11:12:18.597, 1, 4, 0, 0, 28, 24.50
2026/04/14 11:12:19.600, 0, 6470, 71, 62, 46, 79.53
2026/04/14 11:12:19.603, 1, 4, 0, 0, 28, 24.60
2026/04/14 11:12:20.606, 0, 6470, 50, 42, 46, 155.29
2026/04/14 11:12:20.608, 1, 4, 0, 0, 28, 24.58
2026/04/14 11:12:21.611, 0, 6470, 46, 33, 46, 108.98
2026/04/14 11:12:21.615, 1, 4, 0, 0, 28, 24.49
2026/04/14 11:12:22.618, 0, 6470, 64, 59, 46, 77.51
2026/04/14 11:12:22.621, 1, 4, 0, 0, 28, 24.59
2026/04/14 11:12:23.624, 0, 6470, 58, 51, 46, 160.18
2026/04/14 11:12:23.627, 1, 4, 0, 0, 28, 24.49
2026/04/14 11:12:24.631, 0, 6470, 62, 56, 46, 112.36
2026/04/14 11:12:24.633, 1, 4, 0, 0, 28, 24.59
2026/04/14 11:12:25.641, 0, 6470, 51, 42, 46, 106.26
2026/04/14 11:12:25.644, 1, 4, 0, 0, 28, 24.49
2026/04/14 11:12:26.647, 0, 6470, 47, 34, 46, 120.75
2026/04/14 11:12:26.650, 1, 4, 0, 0, 28, 24.58
2026/04/14 11:12:27.655, 0, 6470, 61, 49, 46, 107.39
2026/04/14 11:12:27.659, 1, 4, 0, 0, 28, 24.59
2026/04/14 11:12:28.663, 0, 6470, 68, 59, 46, 72.00
2026/04/14 11:12:28.665, 1, 4, 0, 0, 28, 24.50
2026/04/14 11:12:29.673, 0, 6470, 82, 78, 46, 76.64
2026/04/14 11:12:29.676, 1, 4, 0, 0, 28, 24.50
2026/04/14 11:12:30.680, 0, 6470, 75, 73, 46, 67.00
2026/04/14 11:12:30.682, 1, 4, 0, 0, 28, 24.50
2026/04/14 11:12:31.685, 0, 6470, 62, 57, 46, 160.65
2026/04/14 11:12:31.688, 1, 4, 0, 0, 28, 24.58
2026/04/14 11:12:32.691, 0, 6470, 61, 56, 46, 110.58
2026/04/14 11:12:32.695, 1, 4, 0, 0, 28, 24.59
2026/04/14 11:12:33.704, 0, 6470, 44, 31, 46, 106.94
2026/04/14 11:12:33.707, 1, 4, 0, 0, 28, 24.49
2026/04/14 11:12:34.710, 0, 6470, 55, 42, 46, 114.64
2026/04/14 11:12:34.713, 1, 4, 0, 0, 28, 24.60
2026/04/14 11:12:35.716, 0, 6470, 68, 58, 46, 104.04
2026/04/14 11:12:35.718, 1, 4, 0, 0, 28, 24.49
2026/04/14 11:12:36.721, 0, 6470, 70, 61, 46, 62.18
2026/04/14 11:12:36.724, 1, 4, 0, 0, 28, 24.59
2026/04/14 11:12:37.734, 0, 6470, 82, 79, 46, 78.65
2026/04/14 11:12:37.737, 1, 4, 0, 0, 28, 24.59
2026/04/14 11:12:38.739, 0, 6470, 75, 73, 46, 111.06
2026/04/14 11:12:38.742, 1, 4, 0, 0, 28, 24.59
2026/04/14 11:12:39.746, 0, 6470, 63, 58, 46, 79.52
2026/04/14 11:12:39.751, 1, 4, 0, 0, 28, 24.50
2026/04/14 11:12:40.760, 0, 6470, 62, 57, 46, 158.84
2026/04/14 11:12:40.762, 1, 4, 0, 0, 28, 24.58
2026/04/14 11:12:41.767, 0, 6470, 46, 34, 46, 110.97
2026/04/14 11:12:41.769, 1, 4, 0, 0, 28, 24.49
2026/04/14 11:12:42.772, 0, 6470, 53, 40, 46, 106.61
2026/04/14 11:12:42.775, 1, 4, 0, 0, 28, 24.59
2026/04/14 11:12:43.778, 0, 6470, 65, 54, 46, 117.56
2026/04/14 11:12:43.783, 1, 4, 0, 0, 28, 24.50
2026/04/14 11:12:44.789, 0, 6470, 70, 61, 46, 104.35
2026/04/14 11:12:44.792, 1, 4, 0, 0, 28, 24.59
2026/04/14 11:12:45.796, 0, 6470, 82, 81, 46, 64.98
2026/04/14 11:12:45.801, 1, 4, 0, 0, 28, 24.50
2026/04/14 11:12:46.804, 0, 6470, 72, 69, 46, 68.17
2026/04/14 11:12:46.807, 1, 4, 0, 0, 28, 24.50
2026/04/14 11:12:47.818, 0, 6470, 58, 52, 46, 88.79
2026/04/14 11:12:47.820, 1, 4, 0, 0, 28, 24.40
2026/04/14 11:12:48.824, 0, 6470, 56, 50, 47, 124.46
2026/04/14 11:12:48.827, 1, 4, 0, 0, 28, 24.59
2026/04/14 11:12:49.831, 0, 6470, 45, 31, 46, 134.96
2026/04/14 11:12:49.834, 1, 4, 0, 0, 28, 24.49
2026/04/14 11:12:50.837, 0, 6470, 58, 46, 46, 112.87
2026/04/14 11:12:50.841, 1, 4, 0, 0, 28, 24.49
2026/04/14 11:12:51.846, 0, 6470, 58, 52, 46, 79.63
2026/04/14 11:12:51.848, 1, 4, 0, 0, 28, 24.59
2026/04/14 11:12:52.851, 0, 6470, 53, 45, 46, 100.97
2026/04/14 11:12:52.854, 1, 4, 0, 0, 28, 24.59
2026/04/14 11:12:53.858, 0, 6470, 44, 31, 45, 101.02
2026/04/14 11:12:53.861, 1, 4, 0, 0, 28, 24.49
2026/04/14 11:12:54.863, 0, 6470, 58, 46, 46, 100.04
2026/04/14 11:12:54.866, 1, 4, 0, 0, 28, 24.59
2026/04/14 11:12:55.876, 0, 6470, 72, 63, 46, 82.17
2026/04/14 11:12:55.878, 1, 4, 0, 0, 28, 24.50
2026/04/14 11:12:56.881, 0, 6470, 74, 64, 46, 63.24
2026/04/14 11:12:56.884, 1, 4, 0, 0, 28, 24.60
2026/04/14 11:12:57.888, 0, 6470, 83, 81, 46, 156.24
2026/04/14 11:12:57.890, 1, 4, 0, 0, 28, 24.59
2026/04/14 11:12:58.893, 0, 6470, 70, 66, 46, 112.07
2026/04/14 11:12:58.899, 1, 4, 0, 0, 28, 24.58
2026/04/14 11:12:59.906, 0, 6470, 58, 52, 46, 107.71
2026/04/14 11:12:59.909, 1, 4, 0, 0, 28, 24.49
2026/04/14 11:13:00.912, 0, 6470, 55, 48, 46, 96.60
2026/04/14 11:13:00.915, 1, 4, 0, 0, 28, 24.59
2026/04/14 11:13:01.917, 0, 6470, 46, 33, 46, 104.05
2026/04/14 11:13:01.920, 1, 4, 0, 0, 28, 24.59
2026/04/14 11:13:02.923, 0, 6470, 62, 50, 46, 65.84
2026/04/14 11:13:02.927, 1, 4, 0, 0, 28, 24.60
2026/04/14 11:13:03.937, 0, 6470, 68, 59, 46, 62.76
2026/04/14 11:13:03.940, 1, 4, 0, 0, 28, 24.59
2026/04/14 11:13:04.943, 0, 6470, 82, 77, 46, 86.95
2026/04/14 11:13:04.946, 1, 4, 0, 0, 28, 24.50
2026/04/14 11:13:05.948, 0, 6470, 79, 76, 46, 115.07
2026/04/14 11:13:05.954, 1, 4, 0, 0, 28, 24.59
2026/04/14 11:13:06.957, 0, 6470, 66, 61, 46, 128.37
2026/04/14 11:13:06.960, 1, 4, 0, 0, 28, 24.68
2026/04/14 11:13:07.969, 0, 6470, 62, 57, 46, 110.19
2026/04/14 11:13:07.971, 1, 4, 0, 0, 28, 24.59
2026/04/14 11:13:08.974, 0, 6470, 46, 34, 46, 81.65
2026/04/14 11:13:08.977, 1, 4, 0, 0, 28, 24.50
2026/04/14 11:13:09.981, 0, 6470, 50, 37, 46, 85.71
2026/04/14 11:13:09.984, 1, 4, 0, 0, 28, 24.59
2026/04/14 11:13:10.986, 0, 6470, 81, 80, 46, 66.90
2026/04/14 11:13:10.989, 1, 4, 0, 0, 28, 24.60
2026/04/14 11:13:11.992, 0, 6470, 64, 59, 46, 158.75
2026/04/14 11:13:11.995, 1, 4, 0, 0, 28, 24.49
2026/04/14 11:13:13.004, 0, 6470, 58, 53, 46, 112.57
2026/04/14 11:13:13.009, 1, 4, 0, 0, 28, 24.49
2026/04/14 11:13:14.012, 0, 6470, 44, 31, 46, 82.84
2026/04/14 11:13:14.014, 1, 4, 0, 0, 28, 24.59
2026/04/14 11:13:15.017, 0, 6470, 61, 50, 46, 105.58
2026/04/14 11:13:15.020, 1, 4, 0, 0, 28, 24.59
2026/04/14 11:13:16.023, 0, 6470, 70, 61, 46, 70.85
2026/04/14 11:13:16.026, 1, 4, 0, 0, 28, 24.50
2026/04/14 11:13:17.029, 0, 6470, 83, 82, 46, 104.04
2026/04/14 11:13:17.032, 1, 4, 0, 0, 28, 24.59
2026/04/14 11:13:18.034, 0, 6470, 67, 62, 46, 87.28
2026/04/14 11:13:18.040, 1, 4, 0, 0, 28, 24.59
2026/04/14 11:13:19.043, 0, 6470, 60, 56, 46, 113.23
2026/04/14 11:13:19.046, 1, 4, 0, 0, 28, 24.58
2026/04/14 11:13:20.056, 0, 6470, 43, 30, 46, 108.39
2026/04/14 11:13:20.059, 1, 4, 0, 0, 28, 24.49
2026/04/14 11:13:21.062, 0, 6470, 59, 47, 46, 119.26
2026/04/14 11:13:21.068, 1, 4, 0, 0, 28, 24.48
2026/04/14 11:13:22.071, 0, 6470, 71, 61, 46, 117.84
2026/04/14 11:13:22.075, 1, 4, 0, 0, 28, 24.59
2026/04/14 11:13:23.078, 0, 6470, 80, 74, 46, 92.53
2026/04/14 11:13:23.084, 1, 4, 0, 0, 28, 24.50
2026/04/14 11:13:24.093, 0, 6470, 79, 76, 46, 109.14
2026/04/14 11:13:24.098, 1, 4, 0, 0, 28, 24.49
2026/04/14 11:13:25.100, 0, 6470, 66, 62, 46, 98.26
2026/04/14 11:13:25.103, 1, 4, 0, 0, 28, 24.59
2026/04/14 11:13:26.106, 0, 6470, 57, 52, 46, 112.48
2026/04/14 11:13:26.110, 1, 4, 0, 0, 28, 24.59
2026/04/14 11:13:27.113, 0, 6470, 46, 36, 46, 101.01
2026/04/14 11:13:27.115, 1, 4, 0, 0, 28, 24.59
2026/04/14 11:13:28.118, 0, 6470, 48, 34, 46, 100.68
2026/04/14 11:13:28.121, 1, 4, 0, 0, 28, 24.49
2026/04/14 11:13:29.124, 0, 6470, 59, 48, 46, 62.65
2026/04/14 11:13:29.127, 1, 4, 0, 0, 28, 24.50
2026/04/14 11:13:30.129, 0, 6470, 71, 63, 46, 61.60
2026/04/14 11:13:30.132, 1, 4, 0, 0, 28, 24.50
2026/04/14 11:13:31.137, 0, 6470, 72, 63, 46, 66.69
2026/04/14 11:13:31.139, 1, 4, 0, 0, 28, 24.61
2026/04/14 11:13:32.146, 0, 6470, 82, 81, 46, 150.29
2026/04/14 11:13:32.148, 1, 4, 0, 0, 28, 24.68
2026/04/14 11:13:33.155, 0, 6470, 60, 54, 46, 103.94
2026/04/14 11:13:33.160, 1, 4, 0, 0, 28, 24.59
2026/04/14 11:13:34.165, 0, 6470, 53, 46, 45, 107.85
2026/04/14 11:13:34.168, 1, 4, 0, 0, 28, 24.59
2026/04/14 11:13:35.171, 0, 6470, 48, 34, 45, 93.37
2026/04/14 11:13:35.173, 1, 4, 0, 0, 28, 24.58
2026/04/14 11:13:36.176, 0, 6470, 67, 57, 46, 66.99
2026/04/14 11:13:36.179, 1, 4, 0, 0, 28, 24.59
2026/04/14 11:13:37.182, 0, 6470, 73, 64, 46, 59.18
2026/04/14 11:13:37.185, 1, 4, 0, 0, 28, 24.59
2026/04/14 11:13:38.188, 0, 6470, 82, 80, 46, 164.13
2026/04/14 11:13:38.192, 1, 4, 0, 0, 28, 24.49
2026/04/14 11:13:39.195, 0, 6470, 62, 58, 46, 108.72
2026/04/14 11:13:39.198, 1, 4, 0, 0, 28, 24.49
2026/04/14 11:13:40.207, 0, 6470, 54, 48, 46, 87.51
2026/04/14 11:13:40.210, 1, 4, 0, 0, 28, 24.50
2026/04/14 11:13:41.212, 0, 6470, 46, 33, 46, 106.90
2026/04/14 11:13:41.215, 1, 4, 0, 0, 28, 24.59
2026/04/14 11:13:42.219, 0, 6470, 65, 55, 46, 75.11
2026/04/14 11:13:42.222, 1, 4, 0, 0, 28, 24.50
2026/04/14 11:13:43.226, 0, 6470, 72, 62, 46, 110.60
2026/04/14 11:13:43.228, 1, 4, 0, 0, 28, 24.59
2026/04/14 11:13:44.240, 0, 6470, 82, 81, 46, 78.69
2026/04/14 11:13:44.242, 1, 4, 0, 0, 28, 24.50
2026/04/14 11:13:45.246, 0, 6470, 69, 66, 46, 167.18
2026/04/14 11:13:45.249, 1, 4, 0, 0, 28, 24.58
2026/04/14 11:13:46.254, 0, 6470, 58, 52, 46, 112.94
2026/04/14 11:13:46.257, 1, 4, 0, 0, 28, 24.59
2026/04/14 11:13:47.267, 0, 6470, 58, 52, 46, 106.71
2026/04/14 11:13:47.270, 1, 4, 0, 0, 28, 24.59
2026/04/14 11:13:48.274, 0, 6470, 45, 32, 46, 98.01
2026/04/14 11:13:48.277, 1, 4, 0, 0, 28, 24.50
2026/04/14 11:13:49.280, 0, 6470, 59, 46, 46, 102.39
2026/04/14 11:13:49.283, 1, 4, 0, 0, 28, 24.59
2026/04/14 11:13:50.286, 0, 6470, 71, 62, 45, 62.94
2026/04/14 11:13:50.288, 1, 4, 0, 0, 28, 24.59
2026/04/14 11:13:51.297, 0, 6470, 72, 63, 46, 87.26
2026/04/14 11:13:51.300, 1, 4, 0, 0, 28, 24.49
2026/04/14 11:13:52.304, 0, 6470, 83, 81, 46, 112.57
2026/04/14 11:13:52.307, 1, 4, 0, 0, 28, 24.50
2026/04/14 11:13:53.311, 0, 6470, 74, 70, 46, 78.37
2026/04/14 11:13:53.313, 1, 4, 0, 0, 28, 24.50
2026/04/14 11:13:54.316, 0, 6470, 61, 56, 46, 166.39
2026/04/14 11:13:54.319, 1, 4, 0, 0, 28, 24.39
2026/04/14 11:13:55.321, 0, 6470, 61, 55, 46, 114.84
2026/04/14 11:13:55.324, 1, 4, 0, 0, 28, 24.49
2026/04/14 11:13:56.331, 0, 6470, 45, 33, 46, 108.65
2026/04/14 11:13:56.336, 1, 4, 0, 0, 28, 24.49
2026/04/14 11:13:57.339, 0, 6470, 56, 43, 46, 121.47
2026/04/14 11:13:57.342, 1, 4, 0, 0, 28, 24.50
2026/04/14 11:13:58.345, 0, 6470, 71, 61, 46, 87.27
2026/04/14 11:13:58.348, 1, 4, 0, 0, 28, 24.59
2026/04/14 11:13:59.351, 0, 6470, 68, 62, 46, 89.42
2026/04/14 11:13:59.354, 1, 4, 0, 0, 28, 24.50
2026/04/14 11:14:00.362, 0, 6470, 69, 64, 46, 85.06
2026/04/14 11:14:00.366, 1, 4, 0, 0, 28, 24.59
2026/04/14 11:14:01.370, 0, 6470, 70, 66, 46, 108.47
2026/04/14 11:14:01.372, 1, 4, 0, 0, 28, 24.59
2026/04/14 11:14:02.376, 0, 6470, 76, 73, 46, 105.37
2026/04/14 11:14:02.379, 1, 4, 0, 0, 28, 24.49
2026/04/14 11:14:03.388, 0, 6470, 57, 51, 46, 96.36
2026/04/14 11:14:03.393, 1, 4, 0, 0, 28, 24.59
2026/04/14 11:14:04.397, 0, 6470, 50, 41, 46, 114.32
2026/04/14 11:14:04.400, 1, 4, 0, 0, 28, 24.49
2026/04/14 11:14:05.403, 0, 6470, 51, 37, 46, 104.60
2026/04/14 11:14:05.406, 1, 4, 0, 0, 28, 24.49
2026/04/14 11:14:06.414, 0, 6470, 70, 60, 46, 110.54
2026/04/14 11:14:06.417, 1, 4, 0, 0, 28, 24.58
2026/04/14 11:14:07.420, 0, 6470, 75, 67, 45, 106.57
2026/04/14 11:14:07.423, 1, 4, 0, 0, 28, 24.59
2026/04/14 11:14:08.426, 0, 6470, 81, 79, 46, 74.90
2026/04/14 11:14:08.429, 1, 4, 0, 0, 28, 24.50
2026/04/14 11:14:09.431, 0, 6470, 63, 58, 46, 90.57
2026/04/14 11:14:09.434, 1, 4, 0, 0, 28, 24.69
2026/04/14 11:14:10.441, 0, 6470, 56, 51, 46, 160.31
2026/04/14 11:14:10.444, 1, 4, 0, 0, 28, 24.59
2026/04/14 11:14:11.447, 0, 6470, 44, 31, 46, 112.17
2026/04/14 11:14:11.449, 1, 4, 0, 0, 28, 24.59
2026/04/14 11:14:12.452, 0, 6470, 62, 50, 46, 82.42
2026/04/14 11:14:12.457, 1, 4, 0, 0, 28, 24.59
2026/04/14 11:14:13.459, 0, 6470, 69, 61, 46, 102.00
2026/04/14 11:14:13.462, 1, 4, 0, 0, 28, 24.49
2026/04/14 11:14:14.469, 0, 6470, 82, 81, 46, 60.43
2026/04/14 11:14:14.472, 1, 4, 0, 0, 28, 24.50
2026/04/14 11:14:15.474, 0, 6470, 66, 62, 46, 72.03
2026/04/14 11:14:15.477, 1, 4, 0, 0, 28, 24.50
2026/04/14 11:14:16.481, 0, 6470, 59, 54, 46, 77.62
2026/04/14 11:14:16.484, 1, 4, 0, 0, 28, 24.59
2026/04/14 11:14:17.486, 0, 6470, 42, 29, 46, 144.45
2026/04/14 11:14:17.489, 1, 4, 0, 0, 28, 24.58
2026/04/14 11:14:18.498, 0, 6470, 66, 61, 46, 107.95
2026/04/14 11:14:18.501, 1, 4, 0, 0, 28, 24.59
2026/04/14 11:14:19.504, 0, 6470, 57, 52, 46, 111.20
2026/04/14 11:14:19.506, 1, 4, 0, 0, 28, 24.50
2026/04/14 11:14:20.509, 0, 6470, 45, 33, 46, 104.04
2026/04/14 11:14:20.512, 1, 4, 0, 0, 28, 24.49
2026/04/14 11:14:21.515, 0, 6470, 53, 39, 46, 60.33
2026/04/14 11:14:21.518, 1, 4, 0, 0, 28, 24.50
2026/04/14 11:14:22.522, 0, 6470, 66, 56, 46, 67.74
2026/04/14 11:14:22.525, 1, 4, 0, 0, 28, 24.50
2026/04/14 11:14:23.527, 0, 6470, 69, 60, 46, 103.83
2026/04/14 11:14:23.530, 1, 4, 0, 0, 28, 24.50
2026/04/14 11:14:24.534, 0, 6470, 82, 78, 46, 100.93
2026/04/14 11:14:24.537, 1, 4, 0, 0, 28, 24.50
2026/04/14 11:14:25.548, 0, 6470, 76, 74, 46, 148.59
2026/04/14 11:14:25.550, 1, 4, 0, 0, 28, 24.58
2026/04/14 11:14:26.555, 0, 6470, 63, 58, 46, 110.77
2026/04/14 11:14:26.558, 1, 4, 0, 0, 28, 24.59
2026/04/14 11:14:27.562, 0, 6470, 62, 56, 46, 101.01
2026/04/14 11:14:27.565, 1, 4, 0, 0, 28, 24.49
2026/04/14 11:14:28.568, 0, 6470, 46, 34, 46, 115.10
2026/04/14 11:14:28.574, 1, 4, 0, 0, 28, 24.40
2026/04/14 11:14:29.578, 0, 6470, 50, 36, 46, 107.10
2026/04/14 11:14:29.583, 1, 4, 0, 0, 28, 24.59
2026/04/14 11:14:30.592, 0, 6470, 60, 49, 46, 62.26
2026/04/14 11:14:30.595, 1, 4, 0, 0, 28, 24.60
2026/04/14 11:14:31.599, 0, 6470, 71, 63, 46, 70.85
2026/04/14 11:14:31.602, 1, 4, 0, 0, 28, 24.59
2026/04/14 11:14:32.605, 0, 6470, 68, 59, 46, 111.43
2026/04/14 11:14:32.612, 1, 4, 0, 0, 28, 24.50
2026/04/14 11:14:33.616, 0, 6470, 56, 51, 46, 83.22
2026/04/14 11:14:33.619, 1, 4, 0, 0, 28, 24.59
2026/04/14 11:14:34.623, 0, 6470, 46, 35, 46, 147.76
2026/04/14 11:14:34.625, 1, 4, 0, 0, 28, 24.59
2026/04/14 11:14:35.628, 0, 6470, 41, 29, 46, 109.88
2026/04/14 11:14:35.631, 1, 4, 0, 0, 28, 24.49
2026/04/14 11:14:36.634, 0, 6470, 55, 42, 46, 117.12
2026/04/14 11:14:36.637, 1, 4, 0, 0, 28, 24.59
2026/04/14 11:14:37.639, 0, 6470, 55, 39, 46, 107.28
2026/04/14 11:14:37.642, 1, 4, 0, 0, 28, 24.59
2026/04/14 11:14:38.647, 0, 6470, 63, 56, 46, 115.25
2026/04/14 11:14:38.654, 1, 4, 0, 0, 28, 24.59
2026/04/14 11:14:39.658, 0, 6470, 64, 58, 46, 142.19
2026/04/14 11:14:39.662, 1, 4, 0, 0, 28, 24.49
2026/04/14 11:14:40.669, 0, 6470, 73, 69, 47, 132.35
2026/04/14 11:14:40.671, 1, 4, 0, 0, 28, 24.59
2026/04/14 11:14:41.681, 0, 6470, 82, 80, 46, 100.64
2026/04/14 11:14:41.684, 1, 4, 0, 0, 28, 24.59
2026/04/14 11:14:42.688, 0, 6470, 86, 84, 46, 74.73
2026/04/14 11:14:42.693, 1, 4, 0, 0, 28, 24.50
2026/04/14 11:14:43.697, 0, 6470, 80, 72, 46, 82.64
2026/04/14 11:14:43.699, 1, 4, 0, 0, 28, 24.59
2026/04/14 11:14:44.702, 0, 6470, 72, 62, 46, 63.14
2026/04/14 11:14:44.705, 1, 4, 0, 0, 28, 24.50
2026/04/14 11:14:45.709, 0, 6470, 73, 63, 46, 88.80
2026/04/14 11:14:45.711, 1, 4, 0, 0, 28, 24.50
2026/04/14 11:14:46.715, 0, 6470, 59, 46, 46, 114.22
2026/04/14 11:14:46.718, 1, 4, 0, 0, 28, 24.50
2026/04/14 11:14:47.726, 0, 6470, 59, 46, 46, 92.47
2026/04/14 11:14:47.728, 1, 4, 0, 0, 28, 24.50
2026/04/14 11:14:48.732, 0, 6470, 54, 40, 46, 100.73
2026/04/14 11:14:48.735, 1, 4, 0, 0, 28, 24.49
2026/04/14 11:14:49.739, 0, 6470, 51, 36, 46, 110.62
2026/04/14 11:14:49.741, 1, 4, 0, 0, 28, 24.59
2026/04/14 11:14:50.745, 0, 6470, 50, 35, 46, 113.64
2026/04/14 11:14:50.748, 1, 4, 0, 0, 28, 24.59
2026/04/14 11:14:51.755, 0, 6470, 47, 34, 46, 112.51
2026/04/14 11:14:51.757, 1, 4, 0, 0, 28, 24.49
2026/04/14 11:14:52.761, 0, 6470, 51, 40, 46, 113.75
2026/04/14 11:14:52.764, 1, 4, 0, 0, 28, 24.49
2026/04/14 11:14:53.768, 0, 6470, 56, 48, 46, 117.02
2026/04/14 11:14:53.771, 1, 4, 0, 0, 28, 24.49
2026/04/14 11:14:54.780, 0, 6470, 60, 54, 46, 159.67
2026/04/14 11:14:54.783, 1, 4, 0, 0, 28, 24.49
2026/04/14 11:14:55.786, 0, 6470, 64, 58, 47, 156.63
2026/04/14 11:14:55.789, 1, 4, 0, 0, 28, 24.59
2026/04/14 11:14:56.792, 0, 6470, 64, 58, 47, 122.86
2026/04/14 11:14:56.795, 1, 4, 0, 0, 28, 24.49
2026/04/14 11:14:57.799, 0, 6470, 62, 56, 47, 89.85
2026/04/14 11:14:57.803, 1, 4, 0, 0, 28, 24.59
2026/04/14 11:14:58.808, 0, 6470, 60, 53, 46, 71.07
2026/04/14 11:14:58.810, 1, 4, 0, 0, 28, 24.50
2026/04/14 11:14:59.814, 0, 6470, 64, 58, 46, 107.18
2026/04/14 11:14:59.818, 1, 4, 0, 0, 28, 24.59
2026/04/14 11:15:00.822, 0, 6470, 70, 65, 46, 105.24
2026/04/14 11:15:00.825, 1, 4, 0, 0, 28, 24.50
2026/04/14 11:15:01.834, 0, 6470, 71, 66, 46, 74.78
2026/04/14 11:15:01.837, 1, 4, 0, 0, 28, 24.50
2026/04/14 11:15:02.841, 0, 6470, 71, 67, 46, 72.22
2026/04/14 11:15:02.844, 1, 4, 0, 0, 28, 24.59
2026/04/14 11:15:03.848, 0, 6470, 75, 72, 46, 97.39
2026/04/14 11:15:03.851, 1, 4, 0, 0, 28, 24.60
2026/04/14 11:15:04.861, 0, 6470, 80, 77, 46, 62.74
2026/04/14 11:15:04.864, 1, 4, 0, 0, 28, 24.60
2026/04/14 11:15:05.868, 0, 6470, 56, 43, 46, 62.63
2026/04/14 11:15:05.871, 1, 4, 0, 0, 28, 24.59
2026/04/14 11:15:06.874, 0, 6470, 51, 37, 46, 91.45
2026/04/14 11:15:06.877, 1, 4, 0, 0, 28, 24.49
2026/04/14 11:15:07.886, 0, 6470, 51, 36, 46, 111.82
2026/04/14 11:15:07.889, 1, 4, 0, 0, 28, 24.49
2026/04/14 11:15:08.892, 0, 6470, 51, 37, 46, 103.57
2026/04/14 11:15:08.895, 1, 4, 0, 0, 28, 24.59
2026/04/14 11:15:09.899, 0, 6470, 48, 37, 46, 101.36
2026/04/14 11:15:09.901, 1, 4, 0, 0, 28, 24.59
2026/04/14 11:15:10.904, 0, 6470, 51, 41, 46, 100.29
2026/04/14 11:15:10.907, 1, 4, 0, 0, 28, 24.59
2026/04/14 11:15:11.915, 0, 6470, 57, 49, 46, 120.43
2026/04/14 11:15:11.918, 1, 4, 0, 0, 28, 24.49
2026/04/14 11:15:12.922, 0, 6470, 60, 54, 46, 86.94
2026/04/14 11:15:12.927, 1, 4, 0, 0, 28, 24.50
2026/04/14 11:15:13.931, 0, 6470, 64, 58, 46, 105.71
2026/04/14 11:15:13.933, 1, 4, 0, 0, 28, 24.59
2026/04/14 11:15:14.944, 0, 6470, 63, 57, 46, 109.79
2026/04/14 11:15:14.947, 1, 4, 0, 0, 28, 24.59
2026/04/14 11:15:15.950, 0, 6470, 60, 54, 46, 114.08
2026/04/14 11:15:15.954, 1, 4, 0, 0, 28, 24.59
2026/04/14 11:15:16.958, 0, 6470, 60, 53, 46, 111.53
2026/04/14 11:15:16.961, 1, 4, 0, 0, 28, 24.59
2026/04/14 11:15:17.971, 0, 6470, 64, 59, 46, 127.67
2026/04/14 11:15:17.973, 1, 4, 0, 0, 28, 24.59
2026/04/14 11:15:18.977, 0, 6470, 70, 65, 46, 165.01
2026/04/14 11:15:18.980, 1, 4, 0, 0, 28, 24.49
2026/04/14 11:15:19.984, 0, 6470, 70, 66, 47, 159.00
2026/04/14 11:15:19.987, 1, 4, 0, 0, 28, 24.68
2026/04/14 11:15:20.997, 0, 6470, 67, 62, 46, 165.05
2026/04/14 11:15:21.000, 1, 4, 0, 0, 28, 24.58
2026/04/14 11:15:22.003, 0, 6470, 60, 55, 46, 111.99
2026/04/14 11:15:22.007, 1, 4, 0, 0, 28, 24.49
2026/04/14 11:15:23.010, 0, 6470, 42, 29, 46, 80.88
2026/04/14 11:15:23.013, 1, 4, 0, 0, 28, 24.59
2026/04/14 11:15:24.017, 0, 6470, 58, 46, 46, 102.97
2026/04/14 11:15:24.020, 1, 4, 0, 0, 28, 24.49
2026/04/14 11:15:25.028, 0, 6470, 69, 60, 46, 59.83
2026/04/14 11:15:25.033, 1, 4, 0, 0, 28, 24.50
2026/04/14 11:15:26.036, 0, 6470, 81, 78, 46, 68.64
2026/04/14 11:15:26.039, 1, 4, 0, 0, 28, 24.50
2026/04/14 11:15:27.042, 0, 6470, 70, 66, 47, 75.68
2026/04/14 11:15:27.044, 1, 4, 0, 0, 28, 24.50
2026/04/14 11:15:28.047, 0, 6470, 58, 52, 46, 148.20
2026/04/14 11:15:28.050, 1, 4, 0, 0, 28, 24.59
2026/04/14 11:15:29.053, 0, 6470, 45, 34, 46, 109.42
2026/04/14 11:15:29.055, 1, 4, 0, 0, 28, 24.49
2026/04/14 11:15:30.058, 0, 6470, 55, 42, 46, 121.82
2026/04/14 11:15:30.061, 1, 4, 0, 0, 28, 24.59
2026/04/14 11:15:31.071, 0, 6470, 72, 64, 46, 109.79
2026/04/14 11:15:31.074, 1, 4, 0, 0, 28, 24.49
2026/04/14 11:15:32.077, 0, 6470, 79, 72, 46, 91.39
2026/04/14 11:15:32.080, 1, 4, 0, 0, 28, 24.59
2026/04/14 11:15:33.083, 0, 6470, 43, 31, 46, 111.24
2026/04/14 11:15:33.086, 1, 4, 0, 0, 28, 24.69
2026/04/14 11:15:34.089, 0, 6470, 59, 47, 46, 123.89
2026/04/14 11:15:34.095, 1, 4, 0, 0, 28, 24.49
2026/04/14 11:15:35.097, 0, 6470, 68, 59, 46, 117.31
2026/04/14 11:15:35.101, 1, 4, 0, 0, 28, 24.49
2026/04/14 11:15:36.105, 0, 6470, 82, 80, 46, 79.24
2026/04/14 11:15:36.107, 1, 4, 0, 0, 28, 24.59
2026/04/14 11:15:37.111, 0, 6470, 70, 67, 46, 100.37
2026/04/14 11:15:37.114, 1, 4, 0, 0, 28, 24.58
2026/04/14 11:15:38.123, 0, 6470, 56, 50, 47, 141.91
2026/04/14 11:15:38.125, 1, 4, 0, 0, 28, 24.50
2026/04/14 11:15:39.128, 0, 6470, 55, 49, 46, 111.20
2026/04/14 11:15:39.131, 1, 4, 0, 0, 28, 24.49
2026/04/14 11:15:40.134, 0, 6470, 43, 30, 46, 82.03
2026/04/14 11:15:40.137, 1, 4, 0, 0, 28, 24.59
2026/04/14 11:15:41.139, 0, 6470, 51, 38, 46, 102.89
2026/04/14 11:15:41.142, 1, 4, 0, 0, 28, 24.49
2026/04/14 11:15:42.145, 0, 6470, 60, 49, 46, 69.79
2026/04/14 11:15:42.148, 1, 4, 0, 0, 28, 24.50
2026/04/14 11:15:43.151, 0, 6470, 71, 63, 46, 88.70
2026/04/14 11:15:43.154, 1, 4, 0, 0, 28, 24.50
2026/04/14 11:15:44.161, 0, 6470, 72, 64, 46, 78.96
2026/04/14 11:15:44.164, 1, 4, 0, 0, 28, 24.50
2026/04/14 11:15:45.171, 0, 6470, 44, 31, 46, 134.98
2026/04/14 11:15:45.174, 1, 4, 0, 0, 28, 24.49
2026/04/14 11:15:46.182, 0, 6470, 52, 39, 46, 109.60
2026/04/14 11:15:46.188, 1, 4, 0, 0, 28, 24.49
2026/04/14 11:15:47.193, 0, 6470, 68, 57, 46, 118.33
2026/04/14 11:15:47.196, 1, 4, 0, 0, 28, 24.59
2026/04/14 11:15:48.203, 0, 6470, 74, 64, 46, 110.56
2026/04/14 11:15:48.206, 1, 4, 0, 0, 28, 24.59
2026/04/14 11:15:49.214, 0, 6470, 82, 80, 46, 70.58
2026/04/14 11:15:49.220, 1, 4, 0, 0, 28, 24.49
2026/04/14 11:15:50.223, 0, 6470, 68, 63, 46, 76.26
2026/04/14 11:15:50.226, 1, 4, 0, 0, 28, 24.59
2026/04/14 11:15:51.229, 0, 6470, 62, 56, 46, 60.63
2026/04/14 11:15:51.231, 1, 4, 0, 0, 28, 24.50
2026/04/14 11:15:52.234, 0, 6470, 82, 77, 46, 158.85
2026/04/14 11:15:52.237, 1, 4, 0, 0, 28, 24.59
2026/04/14 11:15:53.240, 0, 6470, 79, 76, 46, 112.79
2026/04/14 11:15:53.242, 1, 4, 0, 0, 28, 24.49
2026/04/14 11:15:54.245, 0, 6470, 66, 62, 46, 110.95
2026/04/14 11:15:54.251, 1, 4, 0, 0, 28, 24.59
2026/04/14 11:15:55.257, 0, 6470, 62, 57, 46, 83.90
2026/04/14 11:15:55.259, 1, 4, 0, 0, 28, 24.59
2026/04/14 11:15:56.262, 0, 6470, 47, 35, 46, 101.94
2026/04/14 11:15:56.265, 1, 4, 0, 0, 28, 24.49
2026/04/14 11:15:57.268, 0, 6470, 54, 41, 46, 62.08
2026/04/14 11:15:57.271, 1, 4, 0, 0, 28, 24.50
2026/04/14 11:15:58.274, 0, 6470, 70, 60, 46, 64.38
2026/04/14 11:15:58.276, 1, 4, 0, 0, 28, 24.59
2026/04/14 11:15:59.286, 0, 6470, 72, 62, 46, 99.86
2026/04/14 11:15:59.289, 1, 4, 0, 0, 28, 24.49
2026/04/14 11:16:00.292, 0, 6470, 82, 81, 47, 121.56
2026/04/14 11:16:00.295, 1, 4, 0, 0, 28, 24.50
2026/04/14 11:16:01.298, 0, 6470, 71, 68, 46, 133.42
2026/04/14 11:16:01.300, 1, 4, 0, 0, 28, 24.49
2026/04/14 11:16:02.304, 0, 6470, 59, 53, 46, 111.24
2026/04/14 11:16:02.308, 1, 4, 0, 0, 28, 24.49
2026/04/14 11:16:03.314, 0, 6470, 58, 53, 46, 79.20
2026/04/14 11:16:03.317, 1, 4, 0, 0, 28, 24.49
2026/04/14 11:16:04.320, 0, 6470, 45, 32, 46, 100.39
2026/04/14 11:16:04.325, 1, 4, 0, 0, 28, 24.49
2026/04/14 11:16:05.329, 0, 6470, 58, 46, 46, 118.95
2026/04/14 11:16:05.332, 1, 4, 0, 0, 28, 24.69
2026/04/14 11:16:06.335, 0, 6470, 71, 61, 46, 77.33
2026/04/14 11:16:06.338, 1, 4, 0, 0, 28, 24.60
2026/04/14 11:16:07.345, 0, 6470, 72, 63, 46, 76.18
2026/04/14 11:16:07.347, 1, 4, 0, 0, 28, 24.60
2026/04/14 11:16:08.350, 0, 6470, 83, 81, 46, 60.05
2026/04/14 11:16:08.353, 1, 4, 0, 0, 28, 24.50
2026/04/14 11:16:09.356, 0, 6470, 73, 70, 46, 158.97
2026/04/14 11:16:09.358, 1, 4, 0, 0, 28, 24.69
2026/04/14 11:16:10.361, 0, 6470, 61, 55, 46, 114.28
2026/04/14 11:16:10.367, 1, 4, 0, 0, 28, 24.59
2026/04/14 11:16:11.375, 0, 6470, 60, 55, 46, 112.29
2026/04/14 11:16:11.378, 1, 4, 0, 0, 28, 24.59
2026/04/14 11:16:12.381, 0, 6470, 45, 32, 46, 81.46
2026/04/14 11:16:12.384, 1, 4, 0, 0, 28, 24.50
2026/04/14 11:16:13.386, 0, 6470, 58, 45, 46, 101.82
2026/04/14 11:16:13.389, 1, 4, 0, 0, 28, 24.49
2026/04/14 11:16:14.392, 0, 6470, 72, 63, 46, 62.94
2026/04/14 11:16:14.396, 1, 4, 0, 0, 28, 24.59
2026/04/14 11:16:15.404, 0, 6470, 76, 68, 46, 67.09
2026/04/14 11:16:15.406, 1, 4, 0, 0, 28, 24.59
2026/04/14 11:16:16.409, 0, 6470, 82, 81, 46, 103.49
2026/04/14 11:16:16.412, 1, 4, 0, 0, 28, 24.59
2026/04/14 11:16:17.415, 0, 6470, 67, 62, 47, 112.76
2026/04/14 11:16:17.418, 1, 4, 0, 0, 28, 24.59
2026/04/14 11:16:18.420, 0, 6470, 59, 52, 46, 136.81
2026/04/14 11:16:18.425, 1, 4, 0, 0, 28, 24.58
2026/04/14 11:16:19.432, 0, 6470, 53, 45, 46, 111.57
2026/04/14 11:16:19.435, 1, 4, 0, 0, 28, 24.49
2026/04/14 11:16:20.438, 0, 6470, 50, 38, 46, 81.10
2026/04/14 11:16:20.441, 1, 4, 0, 0, 28, 24.59
2026/04/14 11:16:21.444, 0, 6470, 82, 81, 46, 97.05
2026/04/14 11:16:21.447, 1, 4, 0, 0, 28, 24.59
2026/04/14 11:16:22.450, 0, 6470, 68, 64, 47, 79.91
2026/04/14 11:16:22.454, 1, 4, 0, 0, 28, 24.50
2026/04/14 11:16:23.460, 0, 6470, 60, 54, 46, 161.22
2026/04/14 11:16:23.463, 1, 4, 0, 0, 28, 24.49
2026/04/14 11:16:24.466, 0, 6470, 51, 42, 46, 110.54
2026/04/14 11:16:24.469, 1, 4, 0, 0, 28, 24.49
2026/04/14 11:16:25.471, 0, 6470, 48, 34, 46, 102.38
2026/04/14 11:16:25.474, 1, 4, 0, 0, 28, 24.49
2026/04/14 11:16:26.477, 0, 6470, 60, 49, 46, 111.97
2026/04/14 11:16:26.480, 1, 4, 0, 0, 28, 24.59
2026/04/14 11:16:27.488, 0, 6470, 70, 60, 46, 107.39
2026/04/14 11:16:27.491, 1, 4, 0, 0, 28, 24.49
2026/04/14 11:16:28.494, 0, 6470, 78, 71, 46, 65.18
2026/04/14 11:16:28.497, 1, 4, 0, 0, 28, 24.60
2026/04/14 11:16:29.500, 0, 6470, 82, 81, 46, 63.72
2026/04/14 11:16:29.502, 1, 4, 0, 0, 28, 24.50
2026/04/14 11:16:30.505, 0, 6470, 68, 63, 46, 95.75
2026/04/14 11:16:30.508, 1, 4, 0, 0, 28, 24.59
2026/04/14 11:16:31.517, 0, 6470, 58, 52, 47, 97.65
2026/04/14 11:16:31.519, 1, 4, 0, 0, 28, 24.50
2026/04/14 11:16:32.522, 0, 6470, 53, 45, 46, 140.54
2026/04/14 11:16:32.525, 1, 4, 0, 0, 28, 24.58
2026/04/14 11:16:33.528, 0, 6470, 44, 31, 46, 108.45
2026/04/14 11:16:33.530, 1, 4, 0, 0, 28, 24.49
2026/04/14 11:16:34.534, 0, 6470, 58, 46, 46, 82.42
2026/04/14 11:16:34.537, 1, 4, 0, 0, 28, 24.59
2026/04/14 11:16:35.541, 0, 6470, 72, 63, 46, 100.96
2026/04/14 11:16:35.546, 1, 4, 0, 0, 28, 24.59
2026/04/14 11:16:36.554, 0, 6470, 79, 72, 46, 80.35
2026/04/14 11:16:36.556, 1, 4, 0, 0, 28, 24.59
2026/04/14 11:16:37.560, 0, 6470, 83, 77, 46, 104.91
2026/04/14 11:16:37.563, 1, 4, 0, 0, 28, 24.59
2026/04/14 11:16:38.566, 0, 6470, 73, 62, 46, 113.70
2026/04/14 11:16:38.569, 1, 4, 0, 0, 28, 24.49
2026/04/14 11:16:39.572, 0, 6470, 76, 66, 46, 97.03
2026/04/14 11:16:39.575, 1, 4, 0, 0, 28, 24.49
2026/04/14 11:16:40.577, 0, 6470, 68, 56, 46, 111.93
2026/04/14 11:16:40.580, 1, 4, 0, 0, 28, 24.49
2026/04/14 11:16:41.583, 0, 6470, 59, 46, 46, 111.90
2026/04/14 11:16:41.586, 1, 4, 0, 0, 28, 24.49
2026/04/14 11:16:42.589, 0, 6470, 54, 39, 46, 161.35
2026/04/14 11:16:42.591, 1, 4, 0, 0, 28, 24.58
2026/04/14 11:16:43.595, 0, 6470, 59, 51, 47, 100.04
2026/04/14 11:16:43.598, 1, 4, 0, 0, 28, 24.50
2026/04/14 11:16:44.601, 0, 6470, 63, 57, 46, 108.10
2026/04/14 11:16:44.604, 1, 4, 0, 0, 28, 24.59
2026/04/14 11:16:45.607, 0, 6470, 72, 68, 46, 80.38
2026/04/14 11:16:45.609, 1, 4, 0, 0, 28, 24.60
2026/04/14 11:16:46.612, 0, 6470, 86, 83, 46, 82.82
2026/04/14 11:16:46.618, 1, 4, 0, 0, 28, 24.50
2026/04/14 11:16:47.621, 0, 6470, 78, 69, 46, 88.05
2026/04/14 11:16:47.624, 1, 4, 0, 0, 28, 24.59
2026/04/14 11:16:48.627, 0, 6470, 73, 63, 46, 105.00
2026/04/14 11:16:48.629, 1, 4, 0, 0, 28, 24.59
2026/04/14 11:16:49.639, 0, 6470, 58, 45, 46, 126.12
2026/04/14 11:16:49.642, 1, 4, 0, 0, 28, 24.59
2026/04/14 11:16:50.649, 0, 6470, 55, 45, 46, 108.72
2026/04/14 11:16:50.652, 1, 4, 0, 0, 28, 24.49
2026/04/14 11:16:51.659, 0, 6470, 62, 55, 46, 115.36
2026/04/14 11:16:51.662, 1, 4, 0, 0, 28, 24.49
2026/04/14 11:16:52.670, 0, 6470, 73, 69, 46, 151.35
2026/04/14 11:16:52.673, 1, 4, 0, 0, 28, 24.68
2026/04/14 11:16:53.681, 0, 6470, 86, 84, 47, 94.65
2026/04/14 11:16:53.686, 1, 4, 0, 0, 28, 24.59
2026/04/14 11:16:54.691, 0, 6470, 84, 77, 47, 107.58
2026/04/14 11:16:54.694, 1, 4, 0, 0, 28, 24.59
2026/04/14 11:16:55.702, 0, 6470, 73, 62, 47, 65.16
2026/04/14 11:16:55.705, 1, 4, 0, 0, 28, 24.59
2026/04/14 11:16:56.713, 0, 6470, 76, 66, 46, 73.86
2026/04/14 11:16:56.715, 1, 4, 0, 0, 28, 24.50
2026/04/14 11:16:57.722, 0, 6470, 71, 61, 46, 68.54
2026/04/14 11:16:57.724, 1, 4, 0, 0, 28, 24.49
2026/04/14 11:16:58.727, 0, 6470, 67, 55, 46, 120.11
2026/04/14 11:16:58.730, 1, 4, 0, 0, 28, 24.59
2026/04/14 11:16:59.733, 0, 6470, 66, 55, 46, 115.82
2026/04/14 11:16:59.736, 1, 4, 0, 0, 28, 24.59
2026/04/14 11:17:00.739, 0, 6470, 65, 53, 46, 105.20
2026/04/14 11:17:00.743, 1, 4, 0, 0, 28, 24.59
2026/04/14 11:17:01.751, 0, 6470, 61, 48, 46, 101.15
2026/04/14 11:17:01.754, 1, 4, 0, 0, 28, 24.49
2026/04/14 11:17:02.756, 0, 6470, 56, 42, 46, 118.22
2026/04/14 11:17:02.759, 1, 4, 0, 0, 28, 24.49
2026/04/14 11:17:03.762, 0, 6470, 54, 39, 46, 127.51
2026/04/14 11:17:03.765, 1, 4, 0, 0, 28, 24.59
2026/04/14 11:17:04.775, 0, 6470, 51, 37, 46, 85.00
2026/04/14 11:17:04.778, 1, 4, 0, 0, 28, 24.50
2026/04/14 11:17:05.782, 0, 6470, 47, 33, 46, 117.14
2026/04/14 11:17:05.784, 1, 4, 0, 0, 28, 24.59
2026/04/14 11:17:06.787, 0, 6470, 47, 40, 46, 86.26
2026/04/14 11:17:06.790, 1, 4, 0, 0, 28, 24.59
2026/04/14 11:17:07.793, 0, 6470, 58, 53, 46, 113.12
2026/04/14 11:17:07.796, 1, 4, 0, 0, 28, 24.58
2026/04/14 11:17:08.804, 0, 6470, 42, 29, 46, 103.47
2026/04/14 11:17:08.806, 1, 4, 0, 0, 28, 24.59
2026/04/14 11:17:09.810, 0, 6470, 58, 46, 46, 103.71
2026/04/14 11:17:09.813, 1, 4, 0, 0, 28, 24.69
2026/04/14 11:17:10.816, 0, 6470, 71, 62, 46, 84.71
2026/04/14 11:17:10.818, 1, 4, 0, 0, 28, 24.59
2026/04/14 11:17:11.821, 0, 6470, 77, 67, 46, 62.26
2026/04/14 11:17:11.824, 1, 4, 0, 0, 28, 24.59
2026/04/14 11:17:12.832, 0, 6470, 82, 79, 46, 73.92
2026/04/14 11:17:12.835, 1, 4, 0, 0, 28, 24.59
2026/04/14 11:17:13.839, 0, 6470, 75, 73, 46, 107.19
2026/04/14 11:17:13.841, 1, 4, 0, 0, 28, 24.59
2026/04/14 11:17:14.844, 0, 6470, 63, 58, 47, 85.31
2026/04/14 11:17:14.848, 1, 4, 0, 0, 28, 24.50
2026/04/14 11:17:15.851, 0, 6470, 62, 57, 46, 145.50
2026/04/14 11:17:15.854, 1, 4, 0, 0, 28, 24.68
2026/04/14 11:17:16.861, 0, 6470, 46, 34, 46, 112.86
2026/04/14 11:17:16.864, 1, 4, 0, 0, 28, 24.49
2026/04/14 11:17:17.867, 0, 6470, 52, 38, 46, 104.99
2026/04/14 11:17:17.870, 1, 4, 0, 0, 28, 24.59
2026/04/14 11:17:18.873, 0, 6470, 64, 53, 46, 118.21
2026/04/14 11:17:18.876, 1, 4, 0, 0, 28, 24.68
2026/04/14 11:17:19.879, 0, 6470, 68, 59, 46, 107.13
2026/04/14 11:17:19.882, 1, 4, 0, 0, 28, 24.59
2026/04/14 11:17:20.890, 0, 6470, 80, 74, 46, 62.54
2026/04/14 11:17:20.892, 1, 4, 0, 0, 28, 24.59
2026/04/14 11:17:21.896, 0, 6470, 80, 77, 46, 67.27
2026/04/14 11:17:21.899, 1, 4, 0, 0, 28, 24.50
2026/04/14 11:17:22.902, 0, 6470, 65, 61, 46, 91.62
2026/04/14 11:17:22.904, 1, 4, 0, 0, 28, 24.49
2026/04/14 11:17:23.907, 0, 6470, 59, 55, 47, 143.42
2026/04/14 11:17:23.910, 1, 4, 0, 0, 28, 24.50
2026/04/14 11:17:24.918, 0, 6470, 44, 31, 46, 113.79
2026/04/14 11:17:24.921, 1, 4, 0, 0, 28, 24.59
2026/04/14 11:17:25.924, 0, 6470, 54, 41, 46, 107.68
2026/04/14 11:17:25.927, 1, 4, 0, 0, 28, 24.49
2026/04/14 11:17:26.930, 0, 6470, 66, 56, 46, 78.18
2026/04/14 11:17:26.932, 1, 4, 0, 0, 28, 24.50
2026/04/14 11:17:27.935, 0, 6470, 69, 60, 46, 100.58
2026/04/14 11:17:27.938, 1, 4, 0, 0, 28, 24.59
2026/04/14 11:17:28.948, 0, 6470, 82, 77, 46, 120.68
2026/04/14 11:17:28.951, 1, 4, 0, 0, 28, 24.59
2026/04/14 11:17:29.954, 0, 6470, 78, 76, 46, 77.13
2026/04/14 11:17:29.956, 1, 4, 0, 0, 28, 24.60
2026/04/14 11:17:30.959, 0, 6470, 66, 62, 46, 80.03
2026/04/14 11:17:30.962, 1, 4, 0, 0, 28, 24.60
2026/04/14 11:17:31.965, 0, 6470, 69, 60, 46, 61.29
2026/04/14 11:17:31.967, 1, 4, 0, 0, 28, 24.50
2026/04/14 11:17:32.977, 0, 6470, 82, 77, 47, 128.38
2026/04/14 11:17:32.980, 1, 4, 0, 0, 28, 24.59
2026/04/14 11:17:33.983, 0, 6470, 78, 76, 46, 114.86
2026/04/14 11:17:33.986, 1, 4, 0, 0, 28, 24.59
2026/04/14 11:17:34.989, 0, 6470, 66, 61, 46, 108.36
2026/04/14 11:17:34.992, 1, 4, 0, 0, 28, 24.59
2026/04/14 11:17:35.994, 0, 6470, 62, 57, 46, 82.43
2026/04/14 11:17:35.997, 1, 4, 0, 0, 28, 24.59
2026/04/14 11:17:37.007, 0, 6470, 45, 33, 46, 101.07
2026/04/14 11:17:37.010, 1, 4, 0, 0, 28, 24.59
2026/04/14 11:17:38.013, 0, 6470, 56, 43, 46, 63.01
2026/04/14 11:17:38.016, 1, 4, 0, 0, 28, 24.59
2026/04/14 11:17:39.018, 0, 6470, 71, 62, 46, 63.90
2026/04/14 11:17:39.021, 1, 4, 0, 0, 28, 24.50
2026/04/14 11:17:40.024, 0, 6470, 73, 64, 46, 93.07
2026/04/14 11:17:40.027, 1, 4, 0, 0, 28, 24.50
2026/04/14 11:17:41.029, 0, 6470, 82, 81, 47, 124.34
2026/04/14 11:17:41.032, 1, 4, 0, 0, 28, 24.59
2026/04/14 11:17:42.043, 0, 6470, 69, 66, 46, 145.13
2026/04/14 11:17:42.046, 1, 4, 0, 0, 28, 24.49
2026/04/14 11:17:43.048, 0, 6470, 58, 52, 46, 109.03
2026/04/14 11:17:43.051, 1, 4, 0, 0, 28, 24.59
2026/04/14 11:17:44.054, 0, 6470, 56, 49, 46, 77.97
2026/04/14 11:17:44.057, 1, 4, 0, 0, 28, 24.50
2026/04/14 11:17:45.059, 0, 6470, 46, 33, 46, 100.52
2026/04/14 11:17:45.064, 1, 4, 0, 0, 28, 24.59
2026/04/14 11:17:46.067, 0, 6470, 59, 48, 46, 113.49
2026/04/14 11:17:46.070, 1, 4, 0, 0, 28, 24.59
2026/04/14 11:17:47.073, 0, 6470, 72, 64, 46, 86.79
2026/04/14 11:17:47.075, 1, 4, 0, 0, 28, 24.59
2026/04/14 11:17:48.078, 0, 6470, 74, 64, 46, 93.21
2026/04/14 11:17:48.081, 1, 4, 0, 0, 28, 24.50
2026/04/14 11:17:49.084, 0, 6470, 83, 81, 46, 71.24
2026/04/14 11:17:49.086, 1, 4, 0, 0, 28, 24.60
2026/04/14 11:17:50.089, 0, 6470, 71, 68, 46, 156.22
2026/04/14 11:17:50.092, 1, 4, 0, 0, 28, 24.68
2026/04/14 11:17:51.094, 0, 6470, 61, 55, 46, 111.92
2026/04/14 11:17:51.097, 1, 4, 0, 0, 28, 24.59
2026/04/14 11:17:52.101, 0, 6470, 63, 56, 46, 104.87
2026/04/14 11:17:52.104, 1, 4, 0, 0, 28, 24.59
2026/04/14 11:17:53.114, 0, 6470, 50, 41, 46, 120.09
2026/04/14 11:17:53.117, 1, 4, 0, 0, 28, 24.49
2026/04/14 11:17:54.120, 0, 6470, 44, 31, 46, 116.93
2026/04/14 11:17:54.123, 1, 4, 0, 0, 28, 24.49
2026/04/14 11:17:55.127, 0, 6470, 38, 31, 46, 112.19
2026/04/14 11:17:55.132, 1, 4, 0, 0, 28, 24.59
2026/04/14 11:17:56.136, 0, 6470, 57, 46, 46, 101.93
2026/04/14 11:17:56.139, 1, 4, 0, 0, 28, 24.59
2026/04/14 11:17:57.142, 0, 6470, 68, 58, 46, 123.90
2026/04/14 11:17:57.146, 1, 4, 0, 0, 28, 24.59
2026/04/14 11:17:58.149, 0, 6470, 61, 49, 46, 89.75
2026/04/14 11:17:58.152, 1, 4, 0, 0, 28, 24.50
2026/04/14 11:17:59.156, 0, 6470, 49, 35, 46, 94.03
2026/04/14 11:17:59.159, 1, 4, 0, 0, 28, 24.59
2026/04/14 11:18:00.167, 0, 6470, 54, 44, 46, 111.53
2026/04/14 11:18:00.170, 1, 4, 0, 0, 28, 24.59
2026/04/14 11:18:01.177, 0, 6470, 60, 54, 46, 110.04
2026/04/14 11:18:01.180, 1, 4, 0, 0, 28, 24.59
2026/04/14 11:18:02.187, 0, 6470, 64, 58, 46, 113.31
2026/04/14 11:18:02.190, 1, 4, 0, 0, 28, 24.59
2026/04/14 11:18:03.197, 0, 6470, 62, 55, 46, 143.02
2026/04/14 11:18:03.203, 1, 4, 0, 0, 28, 24.58
2026/04/14 11:18:04.209, 0, 6470, 62, 56, 47, 150.66
2026/04/14 11:18:04.211, 1, 4, 0, 0, 28, 24.68
2026/04/14 11:18:05.214, 0, 6470, 60, 53, 46, 163.52
2026/04/14 11:18:05.217, 1, 4, 0, 0, 28, 24.58
2026/04/14 11:18:06.220, 0, 6470, 60, 55, 46, 110.25
2026/04/14 11:18:06.222, 1, 4, 0, 0, 28, 24.49
2026/04/14 11:18:07.226, 0, 6470, 43, 31, 46, 99.85
2026/04/14 11:18:07.232, 1, 4, 0, 0, 28, 24.59
2026/04/14 11:18:08.240, 0, 6470, 60, 47, 46, 87.14
2026/04/14 11:18:08.243, 1, 4, 0, 0, 28, 24.59
2026/04/14 11:18:09.247, 0, 6470, 57, 43, 46, 104.17
2026/04/14 11:18:09.251, 1, 4, 0, 0, 28, 24.49
2026/04/14 11:18:10.255, 0, 6470, 54, 40, 46, 111.98
2026/04/14 11:18:10.261, 1, 4, 0, 0, 28, 24.59
2026/04/14 11:18:11.267, 0, 6470, 51, 37, 46, 113.15
2026/04/14 11:18:11.270, 1, 4, 0, 0, 28, 24.59
2026/04/14 11:18:12.274, 0, 6470, 50, 36, 46, 114.18
2026/04/14 11:18:12.277, 1, 4, 0, 0, 28, 24.49
2026/04/14 11:18:13.281, 0, 6470, 50, 38, 46, 113.83
2026/04/14 11:18:13.286, 1, 4, 0, 0, 28, 24.58
2026/04/14 11:18:14.294, 0, 6470, 46, 35, 46, 126.95
2026/04/14 11:18:14.297, 1, 4, 0, 0, 28, 24.58
2026/04/14 11:18:15.300, 0, 6470, 54, 44, 47, 157.27
2026/04/14 11:18:15.302, 1, 4, 0, 0, 28, 24.58
2026/04/14 11:18:16.305, 0, 6470, 58, 50, 46, 170.32
2026/04/14 11:18:16.308, 1, 4, 0, 0, 28, 24.49
2026/04/14 11:18:17.311, 0, 6470, 61, 56, 47, 111.46
2026/04/14 11:18:17.315, 1, 4, 0, 0, 28, 24.60
2026/04/14 11:18:18.322, 0, 6470, 65, 58, 47, 79.24
2026/04/14 11:18:18.325, 1, 4, 0, 0, 28, 24.50
2026/04/14 11:18:19.329, 0, 6470, 64, 58, 47, 70.56
2026/04/14 11:18:19.331, 1, 4, 0, 0, 28, 24.60
2026/04/14 11:18:20.335, 0, 6470, 60, 53, 46, 107.62
2026/04/14 11:18:20.338, 1, 4, 0, 0, 28, 24.49
2026/04/14 11:18:21.342, 0, 6470, 60, 54, 47, 118.24
2026/04/14 11:18:21.345, 1, 4, 0, 0, 28, 24.59
2026/04/14 11:18:22.354, 0, 6470, 70, 60, 47, 68.18
2026/04/14 11:18:22.357, 1, 4, 0, 0, 28, 24.60
2026/04/14 11:18:23.361, 0, 6470, 68, 57, 46, 67.09
2026/04/14 11:18:23.364, 1, 4, 0, 0, 28, 24.49
2026/04/14 11:18:24.367, 0, 6470, 67, 55, 46, 82.03
2026/04/14 11:18:24.372, 1, 4, 0, 0, 28, 24.59
2026/04/14 11:18:25.382, 0, 6470, 66, 54, 46, 72.20
2026/04/14 11:18:25.385, 1, 4, 0, 0, 28, 24.59
2026/04/14 11:18:26.388, 0, 6470, 64, 52, 46, 63.02
2026/04/14 11:18:26.391, 1, 4, 0, 0, 28, 24.60
2026/04/14 11:18:27.394, 0, 6470, 61, 49, 46, 87.54
2026/04/14 11:18:27.398, 1, 4, 0, 0, 28, 24.50
2026/04/14 11:18:28.407, 0, 6470, 69, 60, 46, 110.79
2026/04/14 11:18:28.409, 1, 4, 0, 0, 28, 24.50
2026/04/14 11:18:29.413, 0, 6470, 82, 81, 47, 103.68
2026/04/14 11:18:29.416, 1, 4, 0, 0, 28, 24.59
2026/04/14 11:18:30.419, 0, 6470, 66, 61, 46, 113.04
2026/04/14 11:18:30.422, 1, 4, 0, 0, 28, 24.59
2026/04/14 11:18:31.424, 0, 6470, 59, 55, 46, 98.76
2026/04/14 11:18:31.427, 1, 4, 0, 0, 28, 24.59
2026/04/14 11:18:32.435, 0, 6470, 42, 30, 46, 100.52
2026/04/14 11:18:32.438, 1, 4, 0, 0, 28, 24.49
2026/04/14 11:18:33.442, 0, 6470, 59, 47, 46, 83.61
2026/04/14 11:18:33.444, 1, 4, 0, 0, 28, 24.59
2026/04/14 11:18:34.447, 0, 6470, 70, 60, 46, 68.63
2026/04/14 11:18:34.450, 1, 4, 0, 0, 28, 24.60
2026/04/14 11:18:35.453, 0, 6470, 82, 78, 46, 68.73
2026/04/14 11:18:35.457, 1, 4, 0, 0, 28, 24.59
2026/04/14 11:18:36.465, 0, 6470, 71, 67, 46, 169.89
2026/04/14 11:18:36.468, 1, 4, 0, 0, 28, 24.58
2026/04/14 11:18:37.471, 0, 6470, 58, 52, 46, 111.29
2026/04/14 11:18:37.473, 1, 4, 0, 0, 28, 24.49
2026/04/14 11:18:38.476, 0, 6470, 45, 35, 46, 80.61
2026/04/14 11:18:38.479, 1, 4, 0, 0, 28, 24.50
2026/04/14 11:18:39.482, 0, 6470, 55, 42, 46, 104.62
2026/04/14 11:18:39.485, 1, 4, 0, 0, 28, 24.59
2026/04/14 11:18:40.493, 0, 6470, 72, 64, 46, 66.53
2026/04/14 11:18:40.495, 1, 4, 0, 0, 28, 24.60
2026/04/14 11:18:41.498, 0, 6470, 48, 42, 46, 100.86
2026/04/14 11:18:41.501, 1, 4, 0, 0, 28, 24.59
2026/04/14 11:18:42.504, 0, 6470, 43, 30, 46, 121.72
2026/04/14 11:18:42.506, 1, 4, 0, 0, 28, 24.69
2026/04/14 11:18:43.509, 0, 6470, 59, 48, 46, 115.82
2026/04/14 11:18:43.512, 1, 4, 0, 0, 28, 24.49
2026/04/14 11:18:44.521, 0, 6470, 68, 59, 46, 76.04
2026/04/14 11:18:44.525, 1, 4, 0, 0, 28, 24.50
2026/04/14 11:18:45.528, 0, 6470, 82, 80, 46, 110.47
2026/04/14 11:18:45.531, 1, 4, 0, 0, 28, 24.69
2026/04/14 11:18:46.534, 0, 6470, 66, 62, 47, 111.35
2026/04/14 11:18:46.536, 1, 4, 0, 0, 28, 24.50
2026/04/14 11:18:47.539, 0, 6470, 58, 53, 46, 114.72
2026/04/14 11:18:47.542, 1, 4, 0, 0, 28, 24.59
2026/04/14 11:18:48.545, 0, 6470, 42, 29, 46, 99.12
2026/04/14 11:18:48.550, 1, 4, 0, 0, 28, 24.59
2026/04/14 11:18:49.557, 0, 6470, 58, 46, 46, 100.29
2026/04/14 11:18:49.560, 1, 4, 0, 0, 28, 24.49
2026/04/14 11:18:50.563, 0, 6470, 71, 61, 46, 75.04
2026/04/14 11:18:50.565, 1, 4, 0, 0, 28, 24.59
2026/04/14 11:18:51.568, 0, 6470, 82, 77, 46, 64.60
2026/04/14 11:18:51.571, 1, 4, 0, 0, 28, 24.59
2026/04/14 11:18:52.575, 0, 6470, 72, 69, 46, 60.66
2026/04/14 11:18:52.579, 1, 4, 0, 0, 28, 24.59
2026/04/14 11:18:53.583, 0, 6470, 57, 51, 47, 162.56
2026/04/14 11:18:53.585, 1, 4, 0, 0, 28, 24.59
2026/04/14 11:18:54.588, 0, 6470, 47, 36, 46, 111.78
2026/04/14 11:18:54.591, 1, 4, 0, 0, 28, 24.59
2026/04/14 11:18:55.595, 0, 6470, 54, 41, 46, 80.30
2026/04/14 11:18:55.598, 1, 4, 0, 0, 28, 24.49
2026/04/14 11:18:56.600, 0, 6470, 72, 63, 46, 105.00
2026/04/14 11:18:56.603, 1, 4, 0, 0, 28, 24.49
2026/04/14 11:18:57.607, 0, 6470, 73, 64, 46, 69.88
2026/04/14 11:18:57.610, 1, 4, 0, 0, 28, 24.60
2026/04/14 11:18:58.613, 0, 6470, 82, 81, 46, 93.20
2026/04/14 11:18:58.615, 1, 4, 0, 0, 28, 24.49
2026/04/14 11:18:59.618, 0, 6470, 67, 62, 47, 82.82
2026/04/14 11:18:59.621, 1, 4, 0, 0, 28, 24.50
2026/04/14 11:19:00.624, 0, 6470, 57, 51, 46, 116.32
2026/04/14 11:19:00.626, 1, 4, 0, 0, 28, 24.58
2026/04/14 11:19:01.636, 0, 6470, 58, 53, 46, 108.26
2026/04/14 11:19:01.639, 1, 4, 0, 0, 28, 24.59
2026/04/14 11:19:02.642, 0, 6470, 44, 33, 46, 118.60
2026/04/14 11:19:02.645, 1, 4, 0, 0, 28, 24.60
2026/04/14 11:19:03.648, 0, 6470, 47, 34, 46, 114.92
2026/04/14 11:19:03.651, 1, 4, 0, 0, 28, 24.59
2026/04/14 11:19:04.658, 0, 6470, 59, 48, 46, 99.72
2026/04/14 11:19:04.662, 1, 4, 0, 0, 28, 24.50
2026/04/14 11:19:05.670, 0, 6470, 61, 56, 46, 110.94
2026/04/14 11:19:05.673, 1, 4, 0, 0, 28, 24.59
2026/04/14 11:19:06.679, 0, 6470, 61, 56, 47, 104.14
2026/04/14 11:19:06.682, 1, 4, 0, 0, 28, 24.59
2026/04/14 11:19:07.690, 0, 6470, 46, 36, 46, 115.45
2026/04/14 11:19:07.692, 1, 4, 0, 0, 28, 24.59
2026/04/14 11:19:08.701, 0, 6470, 54, 41, 46, 106.13
2026/04/14 11:19:08.706, 1, 4, 0, 0, 28, 24.59
2026/04/14 11:19:09.713, 0, 6470, 71, 63, 46, 123.38
2026/04/14 11:19:09.716, 1, 4, 0, 0, 28, 24.49
2026/04/14 11:19:10.722, 0, 6470, 78, 70, 46, 113.08
2026/04/14 11:19:10.725, 1, 4, 0, 0, 28, 24.59
2026/04/14 11:19:11.729, 0, 6470, 79, 76, 46, 83.21
2026/04/14 11:19:11.732, 1, 4, 0, 0, 28, 24.59
2026/04/14 11:19:12.735, 0, 6470, 61, 55, 46, 112.25
2026/04/14 11:19:12.738, 1, 4, 0, 0, 28, 24.59
2026/04/14 11:19:13.742, 0, 6470, 54, 47, 47, 109.35
2026/04/14 11:19:13.744, 1, 4, 0, 0, 28, 24.59
2026/04/14 11:19:14.747, 0, 6470, 78, 76, 46, 114.88
2026/04/14 11:19:14.750, 1, 4, 0, 0, 28, 24.59
2026/04/14 11:19:15.758, 0, 6470, 60, 54, 46, 105.68
2026/04/14 11:19:15.762, 1, 4, 0, 0, 28, 24.59
2026/04/14 11:19:16.764, 0, 6470, 53, 46, 46, 100.39
2026/04/14 11:19:16.767, 1, 4, 0, 0, 28, 24.59
2026/04/14 11:19:17.771, 0, 6470, 47, 34, 46, 81.42
2026/04/14 11:19:17.774, 1, 4, 0, 0, 28, 24.59
2026/04/14 11:19:18.784, 0, 6470, 66, 56, 46, 77.30
2026/04/14 11:19:18.788, 1, 4, 0, 0, 28, 24.59
2026/04/14 11:19:19.791, 0, 6470, 78, 71, 46, 69.43
2026/04/14 11:19:19.793, 1, 4, 0, 0, 28, 24.50
2026/04/14 11:19:20.796, 0, 6470, 78, 76, 46, 149.34
2026/04/14 11:19:20.799, 1, 4, 0, 0, 28, 24.69
2026/04/14 11:19:21.803, 0, 6470, 59, 54, 46, 112.17
2026/04/14 11:19:21.806, 1, 4, 0, 0, 28, 24.59
2026/04/14 11:19:22.812, 0, 6470, 53, 46, 46, 89.35
2026/04/14 11:19:22.818, 1, 4, 0, 0, 28, 24.59
2026/04/14 11:19:23.820, 0, 6470, 46, 32, 46, 106.75
2026/04/14 11:19:23.823, 1, 4, 0, 0, 28, 24.59
2026/04/14 11:19:24.826, 0, 6470, 65, 53, 46, 71.07
2026/04/14 11:19:24.829, 1, 4, 0, 0, 28, 24.50
2026/04/14 11:19:25.833, 0, 6470, 72, 62, 46, 98.43
2026/04/14 11:19:25.835, 1, 4, 0, 0, 28, 24.59
2026/04/14 11:19:26.841, 0, 6470, 82, 82, 47, 81.87
2026/04/14 11:19:26.844, 1, 4, 0, 0, 28, 24.59
2026/04/14 11:19:27.847, 0, 6470, 66, 62, 46, 118.35
2026/04/14 11:19:27.851, 1, 4, 0, 0, 28, 24.68
2026/04/14 11:19:28.854, 0, 6470, 61, 56, 46, 106.52
2026/04/14 11:19:28.856, 1, 4, 0, 0, 28, 24.59
2026/04/14 11:19:29.860, 0, 6470, 45, 33, 46, 90.44
2026/04/14 11:19:29.863, 1, 4, 0, 0, 28, 24.59
2026/04/14 11:19:30.870, 0, 6470, 78, 76, 47, 101.96
2026/04/14 11:19:30.872, 1, 4, 0, 0, 28, 24.50
2026/04/14 11:19:31.875, 0, 6470, 59, 54, 46, 112.83
2026/04/14 11:19:31.880, 1, 4, 0, 0, 28, 24.49
2026/04/14 11:19:32.883, 0, 6470, 52, 45, 46, 105.18
2026/04/14 11:19:32.886, 1, 4, 0, 0, 28, 24.59
2026/04/14 11:19:33.896, 0, 6470, 48, 34, 46, 109.07
2026/04/14 11:19:33.898, 1, 4, 0, 0, 28, 24.69
2026/04/14 11:19:34.901, 0, 6470, 67, 57, 46, 103.77
2026/04/14 11:19:34.906, 1, 4, 0, 0, 28, 24.59
2026/04/14 11:19:35.909, 0, 6470, 72, 63, 46, 73.83
2026/04/14 11:19:35.912, 1, 4, 0, 0, 28, 24.59
2026/04/14 11:19:36.922, 0, 6470, 82, 81, 46, 102.39
2026/04/14 11:19:36.924, 1, 4, 0, 0, 28, 24.49
2026/04/14 11:19:37.928, 0, 6470, 65, 61, 47, 137.27
2026/04/14 11:19:37.933, 1, 4, 0, 0, 28, 24.49
2026/04/14 11:19:38.936, 0, 6470, 55, 49, 46, 114.49
2026/04/14 11:19:38.939, 1, 4, 0, 0, 28, 24.59
2026/04/14 11:19:39.948, 0, 6470, 58, 53, 46, 114.54
2026/04/14 11:19:39.951, 1, 4, 0, 0, 28, 24.59
2026/04/14 11:19:40.955, 0, 6470, 63, 57, 46, 151.14
2026/04/14 11:19:40.960, 1, 4, 0, 0, 28, 24.58
2026/04/14 11:19:41.963, 0, 6470, 64, 58, 46, 161.47
2026/04/14 11:19:41.966, 1, 4, 0, 0, 28, 24.58
2026/04/14 11:19:42.976, 0, 6470, 60, 53, 47, 104.94
2026/04/14 11:19:42.979, 1, 4, 0, 0, 28, 24.59
2026/04/14 11:19:43.982, 0, 6470, 62, 56, 46, 76.18
2026/04/14 11:19:43.988, 1, 4, 0, 0, 28, 24.60
2026/04/14 11:19:44.992, 0, 6470, 62, 56, 47, 72.60
2026/04/14 11:19:44.994, 1, 4, 0, 0, 28, 24.59
2026/04/14 11:19:46.004, 0, 6470, 67, 61, 46, 109.30
2026/04/14 11:19:46.007, 1, 4, 0, 0, 28, 24.59
2026/04/14 11:19:47.010, 0, 6470, 71, 66, 46, 95.62
2026/04/14 11:19:47.014, 1, 4, 0, 0, 28, 24.69
2026/04/14 11:19:48.017, 0, 6470, 72, 67, 46, 68.75
2026/04/14 11:19:48.020, 1, 4, 0, 0, 28, 24.59
2026/04/14 11:19:49.023, 0, 6470, 73, 69, 46, 64.50
2026/04/14 11:19:49.026, 1, 4, 0, 0, 28, 24.59
2026/04/14 11:19:50.033, 0, 6470, 76, 74, 46, 93.01
2026/04/14 11:19:50.036, 1, 4, 0, 0, 28, 24.69
2026/04/14 11:19:51.039, 0, 6470, 80, 77, 46, 73.36
2026/04/14 11:19:51.043, 1, 4, 0, 0, 28, 24.50
2026/04/14 11:19:52.046, 0, 6470, 84, 83, 46, 62.81
2026/04/14 11:19:52.050, 1, 4, 0, 0, 28, 24.60
2026/04/14 11:19:53.053, 0, 6470, 86, 84, 46, 123.38
2026/04/14 11:19:53.056, 1, 4, 0, 0, 28, 24.59
2026/04/14 11:19:54.063, 0, 6470, 81, 74, 46, 101.35
2026/04/14 11:19:54.067, 1, 4, 0, 0, 28, 24.59
2026/04/14 11:19:55.070, 0, 6470, 72, 61, 46, 112.77
2026/04/14 11:19:55.073, 1, 4, 0, 0, 28, 24.59
2026/04/14 11:19:56.076, 0, 6470, 63, 57, 46, 107.93
2026/04/14 11:19:56.079, 1, 4, 0, 0, 28, 24.59
2026/04/14 11:19:57.082, 0, 6470, 72, 67, 46, 115.65
2026/04/14 11:19:57.085, 1, 4, 0, 0, 28, 24.59
2026/04/14 11:19:58.087, 0, 6470, 80, 77, 46, 115.93
2026/04/14 11:19:58.090, 1, 4, 0, 0, 28, 24.59
2026/04/14 11:19:59.093, 0, 6470, 86, 84, 47, 164.24
2026/04/14 11:19:59.096, 1, 4, 0, 0, 28, 24.58
2026/04/14 11:20:00.099, 0, 6470, 82, 76, 47, 86.85
2026/04/14 11:20:00.104, 1, 4, 0, 0, 28, 24.59
2026/04/14 11:20:01.115, 0, 6470, 73, 62, 47, 119.61
2026/04/14 11:20:01.118, 1, 4, 0, 0, 28, 24.69
2026/04/14 11:20:02.122, 0, 6470, 76, 67, 46, 77.47
2026/04/14 11:20:02.125, 1, 4, 0, 0, 28, 24.50
2026/04/14 11:20:03.129, 0, 6470, 68, 56, 46, 67.64
2026/04/14 11:20:03.132, 1, 4, 0, 0, 28, 24.60
2026/04/14 11:20:04.136, 0, 6470, 60, 46, 46, 120.04
2026/04/14 11:20:04.138, 1, 4, 0, 0, 28, 24.59
2026/04/14 11:20:05.142, 0, 6470, 53, 37, 46, 103.17
2026/04/14 11:20:05.145, 1, 4, 0, 0, 28, 24.49
2026/04/14 11:20:06.149, 0, 6470, 55, 42, 46, 101.75
2026/04/14 11:20:06.151, 1, 4, 0, 0, 28, 24.50
2026/04/14 11:20:07.154, 0, 6470, 75, 64, 46, 119.89
2026/04/14 11:20:07.159, 1, 4, 0, 0, 28, 24.50
2026/04/14 11:20:08.167, 0, 6470, 71, 60, 46, 107.81
2026/04/14 11:20:08.169, 1, 4, 0, 0, 28, 24.49
2026/04/14 11:20:09.173, 0, 6470, 57, 43, 46, 113.06
2026/04/14 11:20:09.175, 1, 4, 0, 0, 28, 24.49
2026/04/14 11:20:10.178, 0, 6470, 55, 45, 46, 117.27
2026/04/14 11:20:10.181, 1, 4, 0, 0, 28, 24.58
2026/04/14 11:20:11.184, 0, 6470, 62, 55, 47, 168.62
2026/04/14 11:20:11.187, 1, 4, 0, 0, 28, 24.59
2026/04/14 11:20:12.195, 0, 6470, 73, 69, 47, 82.15
2026/04/14 11:20:12.197, 1, 4, 0, 0, 28, 24.50
2026/04/14 11:20:13.205, 0, 6470, 85, 83, 46, 112.64
2026/04/14 11:20:13.208, 1, 4, 0, 0, 28, 24.60
2026/04/14 11:20:14.216, 0, 6470, 72, 61, 46, 83.56
2026/04/14 11:20:14.219, 1, 4, 0, 0, 28, 24.59
2026/04/14 11:20:15.226, 0, 6470, 73, 63, 46, 65.64
2026/04/14 11:20:15.229, 1, 4, 0, 0, 28, 24.59
2026/04/14 11:20:16.237, 0, 6470, 86, 84, 46, 104.78
2026/04/14 11:20:16.240, 1, 4, 0, 0, 28, 24.49
2026/04/14 11:20:17.247, 0, 6470, 84, 78, 47, 74.15
2026/04/14 11:20:17.250, 1, 4, 0, 0, 28, 24.60
2026/04/14 11:20:18.256, 0, 6470, 75, 64, 46, 78.56
2026/04/14 11:20:18.259, 1, 4, 0, 0, 28, 24.60
2026/04/14 11:20:19.262, 0, 6470, 77, 67, 46, 99.99
2026/04/14 11:20:19.265, 1, 4, 0, 0, 28, 24.59
2026/04/14 11:20:20.268, 0, 6470, 68, 56, 47, 104.62
2026/04/14 11:20:20.271, 1, 4, 0, 0, 28, 24.59
2026/04/14 11:20:21.273, 0, 6470, 62, 49, 46, 116.33
2026/04/14 11:20:21.276, 1, 4, 0, 0, 28, 24.59
2026/04/14 11:20:22.280, 0, 6470, 54, 39, 46, 97.52
2026/04/14 11:20:22.285, 1, 4, 0, 0, 28, 24.59
2026/04/14 11:20:23.290, 0, 6470, 55, 42, 47, 111.63
2026/04/14 11:20:23.292, 1, 4, 0, 0, 28, 24.59
2026/04/14 11:20:24.295, 0, 6470, 62, 56, 47, 113.25
2026/04/14 11:20:24.298, 1, 4, 0, 0, 28, 24.59
2026/04/14 11:20:25.301, 0, 6470, 63, 56, 47, 154.00
2026/04/14 11:20:25.304, 1, 4, 0, 0, 28, 24.58
2026/04/14 11:20:26.306, 0, 6470, 67, 62, 47, 126.57
2026/04/14 11:20:26.309, 1, 4, 0, 0, 28, 24.50
2026/04/14 11:20:27.320, 0, 6470, 72, 68, 46, 79.52
2026/04/14 11:20:27.323, 1, 4, 0, 0, 28, 24.59
2026/04/14 11:20:28.326, 0, 6470, 69, 65, 47, 65.45
2026/04/14 11:20:28.328, 1, 4, 0, 0, 28, 24.60
2026/04/14 11:20:29.331, 0, 6470, 58, 52, 47, 163.77
2026/04/14 11:20:29.334, 1, 4, 0, 0, 28, 24.49
2026/04/14 11:20:30.337, 0, 6470, 55, 49, 46, 113.44
2026/04/14 11:20:30.340, 1, 4, 0, 0, 28, 24.58
2026/04/14 11:20:31.348, 0, 6470, 66, 59, 47, 174.49
2026/04/14 11:20:31.351, 1, 4, 0, 0, 28, 24.58
2026/04/14 11:20:32.354, 0, 6470, 60, 53, 47, 121.62
2026/04/14 11:20:32.357, 1, 4, 0, 0, 28, 24.59
2026/04/14 11:20:33.360, 0, 6470, 68, 63, 47, 70.46
2026/04/14 11:20:33.363, 1, 4, 0, 0, 28, 24.50
2026/04/14 11:20:34.367, 0, 6470, 62, 57, 47, 164.39
2026/04/14 11:20:34.373, 1, 4, 0, 0, 28, 24.49
2026/04/14 11:20:35.378, 0, 6470, 48, 37, 46, 112.77
2026/04/14 11:20:35.381, 1, 4, 0, 0, 28, 24.49
2026/04/14 11:20:36.385, 0, 6470, 51, 37, 46, 106.61
2026/04/14 11:20:36.387, 1, 4, 0, 0, 28, 24.69
2026/04/14 11:20:37.391, 0, 6470, 68, 57, 46, 123.46
2026/04/14 11:20:37.394, 1, 4, 0, 0, 28, 24.49
2026/04/14 11:20:38.397, 0, 6470, 75, 65, 46, 122.36
2026/04/14 11:20:38.402, 1, 4, 0, 0, 28, 24.50
2026/04/14 11:20:39.410, 0, 6470, 68, 59, 46, 101.53
2026/04/14 11:20:39.413, 1, 4, 0, 0, 28, 24.49
2026/04/14 11:20:40.416, 0, 6470, 82, 80, 46, 61.50
2026/04/14 11:20:40.418, 1, 4, 0, 0, 28, 24.50
2026/04/14 11:20:41.421, 0, 6470, 67, 63, 47, 78.95
2026/04/14 11:20:41.424, 1, 4, 0, 0, 28, 24.50
2026/04/14 11:20:42.428, 0, 6470, 59, 54, 47, 79.84
2026/04/14 11:20:42.431, 1, 4, 0, 0, 28, 24.50
2026/04/14 11:20:43.439, 0, 6470, 42, 29, 46, 140.10
2026/04/14 11:20:43.442, 1, 4, 0, 0, 28, 24.68
2026/04/14 11:20:44.446, 0, 6470, 57, 46, 46, 108.24
2026/04/14 11:20:44.449, 1, 4, 0, 0, 28, 24.59
2026/04/14 11:20:45.453, 0, 6470, 60, 55, 46, 118.85
2026/04/14 11:20:45.458, 1, 4, 0, 0, 28, 24.49
2026/04/14 11:20:46.465, 0, 6470, 42, 29, 46, 119.38
2026/04/14 11:20:46.468, 1, 4, 0, 0, 28, 24.59
2026/04/14 11:20:47.471, 0, 6470, 58, 46, 46, 81.74
2026/04/14 11:20:47.474, 1, 4, 0, 0, 28, 24.59
2026/04/14 11:20:48.477, 0, 6470, 68, 59, 46, 102.05
2026/04/14 11:20:48.479, 1, 4, 0, 0, 28, 24.49
2026/04/14 11:20:49.482, 0, 6470, 82, 80, 47, 135.40
2026/04/14 11:20:49.487, 1, 4, 0, 0, 28, 24.59
2026/04/14 11:20:50.493, 0, 6470, 69, 65, 46, 109.85
2026/04/14 11:20:50.496, 1, 4, 0, 0, 28, 24.49
2026/04/14 11:20:51.499, 0, 6470, 59, 53, 46, 99.81
2026/04/14 11:20:51.502, 1, 4, 0, 0, 28, 24.59
2026/04/14 11:20:52.505, 0, 6470, 44, 33, 46, 100.97
2026/04/14 11:20:52.507, 1, 4, 0, 0, 28, 24.50
2026/04/14 11:20:53.510, 0, 6470, 56, 44, 46, 61.12
2026/04/14 11:20:53.513, 1, 4, 0, 0, 28, 24.59
2026/04/14 11:20:54.522, 0, 6470, 73, 64, 46, 60.14
2026/04/14 11:20:54.525, 1, 4, 0, 0, 28, 24.60
2026/04/14 11:20:55.529, 0, 6470, 80, 74, 47, 59.76
2026/04/14 11:20:55.532, 1, 4, 0, 0, 28, 24.50
2026/04/14 11:20:56.536, 0, 6470, 76, 73, 46, 167.23
2026/04/14 11:20:56.538, 1, 4, 0, 0, 28, 24.58
2026/04/14 11:20:57.547, 0, 6470, 58, 52, 46, 111.20
2026/04/14 11:20:57.550, 1, 4, 0, 0, 28, 24.49
2026/04/14 11:20:58.552, 0, 6470, 52, 44, 46, 80.34
2026/04/14 11:20:58.555, 1, 4, 0, 0, 28, 24.60
2026/04/14 11:20:59.558, 0, 6470, 49, 35, 46, 104.33
2026/04/14 11:20:59.561, 1, 4, 0, 0, 28, 24.49
2026/04/14 11:21:00.564, 0, 6470, 68, 58, 46, 70.00
2026/04/14 11:21:00.566, 1, 4, 0, 0, 28, 24.60
2026/04/14 11:21:01.576, 0, 6470, 74, 65, 46, 77.13
2026/04/14 11:21:01.580, 1, 4, 0, 0, 28, 24.60
2026/04/14 11:21:02.583, 0, 6470, 82, 80, 46, 82.15
2026/04/14 11:21:02.586, 1, 4, 0, 0, 28, 24.50
2026/04/14 11:21:03.588, 0, 6470, 81, 75, 46, 108.19
2026/04/14 11:21:03.591, 1, 4, 0, 0, 28, 24.59
2026/04/14 11:21:04.594, 0, 6470, 73, 70, 47, 116.22
2026/04/14 11:21:04.597, 1, 4, 0, 0, 28, 24.59
2026/04/14 11:21:05.600, 0, 6470, 56, 51, 46, 110.48
2026/04/14 11:21:05.602, 1, 4, 0, 0, 28, 24.49
2026/04/14 11:21:06.605, 0, 6470, 48, 38, 46, 98.73
2026/04/14 11:21:06.609, 1, 4, 0, 0, 28, 24.50
2026/04/14 11:21:07.611, 0, 6470, 52, 39, 46, 100.88
2026/04/14 11:21:07.614, 1, 4, 0, 0, 28, 24.59
2026/04/14 11:21:08.617, 0, 6470, 70, 61, 46, 61.78
2026/04/14 11:21:08.620, 1, 4, 0, 0, 28, 24.60
2026/04/14 11:21:09.624, 0, 6470, 76, 68, 46, 62.36
2026/04/14 11:21:09.626, 1, 4, 0, 0, 28, 24.50
2026/04/14 11:21:10.629, 0, 6470, 80, 78, 46, 64.96
2026/04/14 11:21:10.632, 1, 4, 0, 0, 28, 24.60
2026/04/14 11:21:11.634, 0, 6470, 65, 61, 46, 159.87
2026/04/14 11:21:11.637, 1, 4, 0, 0, 28, 24.49
2026/04/14 11:21:12.640, 0, 6470, 60, 55, 46, 110.97
2026/04/14 11:21:12.643, 1, 4, 0, 0, 28, 24.59
2026/04/14 11:21:13.652, 0, 6470, 44, 32, 46, 87.73
2026/04/14 11:21:13.654, 1, 4, 0, 0, 28, 24.59
2026/04/14 11:21:14.657, 0, 6470, 53, 40, 46, 106.55
2026/04/14 11:21:14.660, 1, 4, 0, 0, 28, 24.49
2026/04/14 11:21:15.663, 0, 6470, 61, 50, 46, 72.40
2026/04/14 11:21:15.666, 1, 4, 0, 0, 28, 24.50
2026/04/14 11:21:16.669, 0, 6470, 72, 62, 46, 112.11
2026/04/14 11:21:16.672, 1, 4, 0, 0, 28, 24.49
2026/04/14 11:21:17.676, 0, 6470, 57, 51, 47, 93.89
2026/04/14 11:21:17.681, 1, 4, 0, 0, 28, 24.60
2026/04/14 11:21:18.685, 0, 6470, 44, 32, 46, 114.47
2026/04/14 11:21:18.688, 1, 4, 0, 0, 28, 24.58
2026/04/14 11:21:19.695, 0, 6470, 48, 34, 46, 108.53
2026/04/14 11:21:19.698, 1, 4, 0, 0, 28, 24.59
2026/04/14 11:21:20.707, 0, 6470, 59, 47, 46, 122.89
2026/04/14 11:21:20.711, 1, 4, 0, 0, 28, 24.59
2026/04/14 11:21:21.719, 0, 6470, 72, 63, 46, 115.77
2026/04/14 11:21:21.722, 1, 4, 0, 0, 28, 24.59
2026/04/14 11:21:22.729, 0, 6470, 80, 74, 46, 79.95
2026/04/14 11:21:22.732, 1, 4, 0, 0, 28, 24.50
2026/04/14 11:21:23.740, 0, 6470, 75, 73, 46, 101.85
2026/04/14 11:21:23.743, 1, 4, 0, 0, 28, 24.59
2026/04/14 11:21:24.750, 0, 6470, 58, 52, 47, 77.61
2026/04/14 11:21:24.753, 1, 4, 0, 0, 28, 24.50
2026/04/14 11:21:25.758, 0, 6470, 52, 43, 46, 136.25
2026/04/14 11:21:25.761, 1, 4, 0, 0, 28, 24.49
2026/04/14 11:21:26.764, 0, 6470, 50, 36, 46, 106.65
2026/04/14 11:21:26.767, 1, 4, 0, 0, 28, 24.59
2026/04/14 11:21:27.770, 0, 6470, 68, 58, 46, 116.52
2026/04/14 11:21:27.773, 1, 4, 0, 0, 28, 24.49
2026/04/14 11:21:28.776, 0, 6470, 73, 64, 46, 121.12
2026/04/14 11:21:28.781, 1, 4, 0, 0, 28, 24.49
2026/04/14 11:21:29.788, 0, 6470, 82, 81, 46, 94.36
2026/04/14 11:21:29.791, 1, 4, 0, 0, 28, 24.50
2026/04/14 11:21:30.793, 0, 6470, 65, 60, 46, 108.80
2026/04/14 11:21:30.796, 1, 4, 0, 0, 28, 24.50
2026/04/14 11:21:31.799, 0, 6470, 58, 53, 46, 128.19
2026/04/14 11:21:31.802, 1, 4, 0, 0, 28, 24.59
2026/04/14 11:21:32.805, 0, 6470, 43, 31, 46, 110.80
2026/04/14 11:21:32.810, 1, 4, 0, 0, 28, 24.49
2026/04/14 11:21:33.816, 0, 6470, 61, 49, 46, 99.91
2026/04/14 11:21:33.819, 1, 4, 0, 0, 28, 24.49
2026/04/14 11:21:34.822, 0, 6470, 69, 60, 46, 100.58
2026/04/14 11:21:34.825, 1, 4, 0, 0, 28, 24.50
2026/04/14 11:21:35.828, 0, 6470, 82, 82, 46, 62.37
2026/04/14 11:21:35.831, 1, 4, 0, 0, 28, 24.60
2026/04/14 11:21:36.834, 0, 6470, 67, 62, 46, 61.49
2026/04/14 11:21:36.837, 1, 4, 0, 0, 28, 24.60
2026/04/14 11:21:37.845, 0, 6470, 69, 60, 46, 58.59
2026/04/14 11:21:37.848, 1, 4, 0, 0, 28, 24.59
2026/04/14 11:21:38.851, 0, 6470, 82, 82, 46, 167.08
2026/04/14 11:21:38.853, 1, 4, 0, 0, 28, 24.59
2026/04/14 11:21:39.856, 0, 6470, 66, 62, 46, 113.17
2026/04/14 11:21:39.859, 1, 4, 0, 0, 28, 24.49
2026/04/14 11:21:40.863, 0, 6470, 59, 53, 46, 88.04
2026/04/14 11:21:40.866, 1, 4, 0, 0, 28, 24.59
2026/04/14 11:21:41.873, 0, 6470, 42, 29, 46, 103.94
2026/04/14 11:21:41.876, 1, 4, 0, 0, 28, 24.59
2026/04/14 11:21:42.879, 0, 6470, 58, 46, 46, 68.73
2026/04/14 11:21:42.882, 1, 4, 0, 0, 28, 24.50
2026/04/14 11:21:43.885, 0, 6470, 71, 62, 46, 89.19
2026/04/14 11:21:43.887, 1, 4, 0, 0, 28, 24.50
2026/04/14 11:21:44.890, 0, 6470, 82, 77, 47, 79.84
2026/04/14 11:21:44.893, 1, 4, 0, 0, 28, 24.59
2026/04/14 11:21:45.900, 0, 6470, 73, 70, 46, 135.54
2026/04/14 11:21:45.903, 1, 4, 0, 0, 28, 24.59
2026/04/14 11:21:46.906, 0, 6470, 57, 51, 46, 107.52
2026/04/14 11:21:46.909, 1, 4, 0, 0, 28, 24.49
2026/04/14 11:21:47.912, 0, 6470, 47, 37, 46, 115.42
2026/04/14 11:21:47.914, 1, 4, 0, 0, 28, 24.50
2026/04/14 11:21:48.917, 0, 6470, 53, 41, 46, 106.49
2026/04/14 11:21:48.920, 1, 4, 0, 0, 28, 24.59
2026/04/14 11:21:49.931, 0, 6470, 72, 63, 46, 91.99
2026/04/14 11:21:49.934, 1, 4, 0, 0, 28, 24.59
2026/04/14 11:21:50.937, 0, 6470, 78, 71, 46, 104.95
2026/04/14 11:21:50.940, 1, 4, 0, 0, 28, 24.59
2026/04/14 11:21:51.943, 0, 6470, 40, 32, 45, 110.32
2026/04/14 11:21:51.946, 1, 4, 0, 0, 28, 24.68
2026/04/14 11:21:52.956, 0, 6470, 59, 47, 46, 120.75
2026/04/14 11:21:52.959, 1, 4, 0, 0, 28, 24.59
2026/04/14 11:21:53.962, 0, 6470, 69, 60, 46, 80.86
2026/04/14 11:21:53.965, 1, 4, 0, 0, 28, 24.59
2026/04/14 11:21:54.967, 0, 6470, 82, 78, 46, 102.47
2026/04/14 11:21:54.972, 1, 4, 0, 0, 28, 24.59
2026/04/14 11:21:55.975, 0, 6470, 71, 68, 47, 146.09
2026/04/14 11:21:55.977, 1, 4, 0, 0, 28, 24.50
2026/04/14 11:21:56.984, 0, 6470, 56, 51, 46, 110.08
2026/04/14 11:21:56.989, 1, 4, 0, 0, 28, 24.49
2026/04/14 11:21:57.991, 0, 6470, 46, 35, 46, 99.27
2026/04/14 11:21:57.994, 1, 4, 0, 0, 28, 24.59
2026/04/14 11:21:58.997, 0, 6470, 54, 41, 46, 100.97
2026/04/14 11:21:59.000, 1, 4, 0, 0, 28, 24.50
2026/04/14 11:22:00.003, 0, 6470, 72, 63, 46, 60.14
2026/04/14 11:22:00.006, 1, 4, 0, 0, 28, 24.59
2026/04/14 11:22:01.014, 0, 6470, 79, 72, 46, 59.08
2026/04/14 11:22:01.017, 1, 4, 0, 0, 28, 24.50
2026/04/14 11:22:02.020, 0, 6470, 77, 75, 46, 61.79
2026/04/14 11:22:02.023, 1, 4, 0, 0, 28, 24.50
2026/04/14 11:22:03.026, 0, 6470, 59, 53, 46, 154.18
2026/04/14 11:22:03.028, 1, 4, 0, 0, 28, 24.58
2026/04/14 11:22:04.031, 0, 6470, 52, 44, 46, 110.97
2026/04/14 11:22:04.034, 1, 4, 0, 0, 28, 24.58
2026/04/14 11:22:05.044, 0, 6470, 49, 35, 46, 80.99
2026/04/14 11:22:05.047, 1, 4, 0, 0, 28, 24.49
2026/04/14 11:22:06.050, 0, 6470, 68, 58, 46, 105.20
2026/04/14 11:22:06.052, 1, 4, 0, 0, 28, 24.59
2026/04/14 11:22:07.055, 0, 6470, 73, 63, 46, 70.95
2026/04/14 11:22:07.058, 1, 4, 0, 0, 28, 24.60
2026/04/14 11:22:08.061, 0, 6470, 82, 81, 46, 100.14
2026/04/14 11:22:08.064, 1, 4, 0, 0, 28, 24.59
2026/04/14 11:22:09.067, 0, 6470, 65, 61, 46, 85.43
2026/04/14 11:22:09.070, 1, 4, 0, 0, 28, 24.50
2026/04/14 11:22:10.072, 0, 6470, 59, 54, 46, 120.76
2026/04/14 11:22:10.077, 1, 4, 0, 0, 28, 24.59
2026/04/14 11:22:11.085, 0, 6470, 43, 30, 46, 106.07
2026/04/14 11:22:11.087, 1, 4, 0, 0, 28, 24.49
2026/04/14 11:22:12.091, 0, 6470, 59, 47, 46, 115.41
2026/04/14 11:22:12.093, 1, 4, 0, 0, 28, 24.49
2026/04/14 11:22:13.096, 0, 6470, 68, 59, 46, 114.49
2026/04/14 11:22:13.099, 1, 4, 0, 0, 28, 24.59
2026/04/14 11:22:14.102, 0, 6470, 82, 80, 46, 80.77
2026/04/14 11:22:14.108, 1, 4, 0, 0, 28, 24.59
2026/04/14 11:22:15.110, 0, 6470, 67, 62, 46, 102.02
2026/04/14 11:22:15.113, 1, 4, 0, 0, 28, 24.59
2026/04/14 11:22:16.116, 0, 6470, 60, 54, 46, 152.84
2026/04/14 11:22:16.119, 1, 4, 0, 0, 28, 24.59
2026/04/14 11:22:17.122, 0, 6470, 43, 30, 46, 109.42
2026/04/14 11:22:17.124, 1, 4, 0, 0, 28, 24.49
2026/04/14 11:22:18.127, 0, 6470, 58, 46, 46, 86.33
2026/04/14 11:22:18.130, 1, 4, 0, 0, 28, 24.49
2026/04/14 11:22:19.133, 0, 6470, 72, 64, 46, 101.75
2026/04/14 11:22:19.136, 1, 4, 0, 0, 28, 24.49
2026/04/14 11:22:20.138, 0, 6470, 76, 68, 46, 59.93
2026/04/14 11:22:20.141, 1, 4, 0, 0, 28, 24.50
2026/04/14 11:22:21.144, 0, 6470, 82, 81, 46, 72.21
2026/04/14 11:22:21.147, 1, 4, 0, 0, 28, 24.60
2026/04/14 11:22:22.157, 0, 6470, 73, 69, 46, 65.06
2026/04/14 11:22:22.161, 1, 4, 0, 0, 28, 24.50
2026/04/14 11:22:23.165, 0, 6470, 62, 57, 46, 156.42
2026/04/14 11:22:23.168, 1, 4, 0, 0, 28, 24.59
2026/04/14 11:22:24.170, 0, 6470, 61, 55, 46, 109.52
2026/04/14 11:22:24.173, 1, 4, 0, 0, 28, 24.59
2026/04/14 11:22:25.176, 0, 6470, 46, 36, 46, 123.11
2026/04/14 11:22:25.179, 1, 4, 0, 0, 28, 24.69
2026/04/14 11:22:26.186, 0, 6470, 46, 32, 45, 110.00
2026/04/14 11:22:26.193, 1, 4, 0, 0, 28, 24.49
2026/04/14 11:22:27.196, 0, 6470, 59, 47, 46, 80.30
2026/04/14 11:22:27.199, 1, 4, 0, 0, 28, 24.59
2026/04/14 11:22:28.207, 0, 6470, 60, 55, 46, 108.84
2026/04/14 11:22:28.211, 1, 4, 0, 0, 28, 24.59
2026/04/14 11:22:29.216, 0, 6470, 57, 52, 47, 84.63
2026/04/14 11:22:29.220, 1, 4, 0, 0, 28, 24.50
2026/04/14 11:22:30.226, 0, 6470, 81, 79, 46, 115.64
2026/04/14 11:22:30.229, 1, 4, 0, 0, 28, 24.58
2026/04/14 11:22:31.236, 0, 6470, 85, 84, 46, 164.04
2026/04/14 11:22:31.239, 1, 4, 0, 0, 28, 24.58
2026/04/14 11:22:32.247, 0, 6470, 83, 78, 46, 89.83
2026/04/14 11:22:32.250, 1, 4, 0, 0, 28, 24.50
2026/04/14 11:22:33.253, 0, 6470, 74, 63, 46, 110.77
2026/04/14 11:22:33.256, 1, 4, 0, 0, 28, 24.49
2026/04/14 11:22:34.260, 0, 6470, 77, 67, 46, 64.59
2026/04/14 11:22:34.263, 1, 4, 0, 0, 28, 24.50
2026/04/14 11:22:35.266, 0, 6470, 68, 56, 46, 74.88
2026/04/14 11:22:35.269, 1, 4, 0, 0, 28, 24.59
2026/04/14 11:22:36.278, 0, 6470, 61, 48, 46, 120.35
2026/04/14 11:22:36.280, 1, 4, 0, 0, 28, 24.59
2026/04/14 11:22:37.283, 0, 6470, 54, 39, 46, 101.46
2026/04/14 11:22:37.286, 1, 4, 0, 0, 28, 24.49
2026/04/14 11:22:38.289, 0, 6470, 55, 45, 46, 115.44
2026/04/14 11:22:38.291, 1, 4, 0, 0, 28, 24.50
2026/04/14 11:22:39.295, 0, 6470, 50, 40, 46, 85.88
2026/04/14 11:22:39.298, 1, 4, 0, 0, 28, 24.59
2026/04/14 11:22:40.305, 0, 6470, 73, 62, 46, 81.65
2026/04/14 11:22:40.308, 1, 4, 0, 0, 28, 24.59
2026/04/14 11:22:41.311, 0, 6470, 74, 64, 46, 66.65
2026/04/14 11:22:41.313, 1, 4, 0, 0, 28, 24.50
2026/04/14 11:22:42.316, 0, 6470, 68, 57, 46, 64.09
2026/04/14 11:22:42.319, 1, 4, 0, 0, 28, 24.59
2026/04/14 11:22:43.322, 0, 6470, 66, 54, 46, 117.89
2026/04/14 11:22:43.325, 1, 4, 0, 0, 28, 24.59
2026/04/14 11:22:44.335, 0, 6470, 63, 50, 46, 105.58
2026/04/14 11:22:44.337, 1, 4, 0, 0, 28, 24.59
2026/04/14 11:22:45.341, 0, 6470, 61, 48, 46, 102.78
2026/04/14 11:22:45.344, 1, 4, 0, 0, 28, 24.49
2026/04/14 11:22:46.348, 0, 6470, 57, 43, 46, 100.88
2026/04/14 11:22:46.352, 1, 4, 0, 0, 28, 24.59
2026/04/14 11:22:47.363, 0, 6470, 52, 37, 46, 115.83
2026/04/14 11:22:47.366, 1, 4, 0, 0, 28, 24.59
2026/04/14 11:22:48.370, 0, 6470, 50, 36, 46, 86.43
2026/04/14 11:22:48.372, 1, 4, 0, 0, 28, 24.50
2026/04/14 11:22:49.376, 0, 6470, 46, 32, 46, 96.02
2026/04/14 11:22:49.379, 1, 4, 0, 0, 28, 24.49
2026/04/14 11:22:50.389, 0, 6470, 52, 39, 46, 108.34
2026/04/14 11:22:50.392, 1, 4, 0, 0, 28, 24.59
2026/04/14 11:22:51.395, 0, 6470, 53, 42, 46, 111.93
2026/04/14 11:22:51.398, 1, 4, 0, 0, 28, 24.59
2026/04/14 11:22:52.401, 0, 6470, 56, 48, 46, 112.73
2026/04/14 11:22:52.404, 1, 4, 0, 0, 28, 24.59
2026/04/14 11:22:53.407, 0, 6470, 61, 55, 46, 113.89
2026/04/14 11:22:53.409, 1, 4, 0, 0, 28, 24.59
2026/04/14 11:22:54.412, 0, 6470, 62, 56, 46, 118.20
2026/04/14 11:22:54.415, 1, 4, 0, 0, 28, 24.58
2026/04/14 11:22:55.422, 0, 6470, 65, 58, 46, 152.26
2026/04/14 11:22:55.424, 1, 4, 0, 0, 28, 24.58
2026/04/14 11:22:56.427, 0, 6470, 62, 57, 47, 163.89
2026/04/14 11:22:56.430, 1, 4, 0, 0, 28, 24.39
2026/04/14 11:22:57.433, 0, 6470, 60, 53, 47, 140.34
2026/04/14 11:22:57.435, 1, 4, 0, 0, 28, 24.59
2026/04/14 11:22:58.438, 0, 6470, 63, 58, 47, 91.49
2026/04/14 11:22:58.441, 1, 4, 0, 0, 28, 24.50
2026/04/14 11:22:59.449, 0, 6470, 72, 68, 46, 106.46
2026/04/14 11:22:59.452, 1, 4, 0, 0, 28, 24.59
2026/04/14 11:23:00.456, 0, 6470, 78, 75, 47, 76.54
2026/04/14 11:23:00.459, 1, 4, 0, 0, 28, 24.60
2026/04/14 11:23:01.463, 0, 6470, 86, 84, 46, 88.30
2026/04/14 11:23:01.465, 1, 4, 0, 0, 28, 24.60
2026/04/14 11:23:02.468, 0, 6470, 83, 77, 46, 81.44
2026/04/14 11:23:02.471, 1, 4, 0, 0, 28, 24.49
2026/04/14 11:23:03.478, 0, 6470, 73, 62, 46, 103.96
2026/04/14 11:23:03.481, 1, 4, 0, 0, 28, 24.59
2026/04/14 11:23:04.484, 0, 6470, 75, 66, 46, 120.89
2026/04/14 11:23:04.488, 1, 4, 0, 0, 28, 24.69
2026/04/14 11:23:05.490, 0, 6470, 62, 50, 46, 110.29
2026/04/14 11:23:05.493, 1, 4, 0, 0, 28, 24.69
2026/04/14 11:23:06.496, 0, 6470, 69, 60, 46, 104.81
2026/04/14 11:23:06.499, 1, 4, 0, 0, 28, 24.59
2026/04/14 11:23:07.506, 0, 6470, 82, 79, 46, 66.42
2026/04/14 11:23:07.512, 1, 4, 0, 0, 28, 24.50
2026/04/14 11:23:08.515, 0, 6470, 69, 66, 46, 82.25
2026/04/14 11:23:08.517, 1, 4, 0, 0, 28, 24.50
2026/04/14 11:23:09.521, 0, 6470, 59, 53, 47, 80.59
2026/04/14 11:23:09.524, 1, 4, 0, 0, 28, 24.50
2026/04/14 11:23:10.533, 0, 6470, 43, 31, 46, 136.76
2026/04/14 11:23:10.535, 1, 4, 0, 0, 28, 24.58
2026/04/14 11:23:11.539, 0, 6470, 58, 47, 46, 107.78
2026/04/14 11:23:11.542, 1, 4, 0, 0, 28, 24.59
2026/04/14 11:23:12.546, 0, 6470, 70, 60, 46, 111.20
2026/04/14 11:23:12.549, 1, 4, 0, 0, 28, 24.58
2026/04/14 11:23:13.558, 0, 6470, 52, 41, 46, 105.26
2026/04/14 11:23:13.560, 1, 4, 0, 0, 28, 24.59
2026/04/14 11:23:14.564, 0, 6470, 61, 54, 46, 108.66
2026/04/14 11:23:14.569, 1, 4, 0, 0, 28, 24.59
2026/04/14 11:23:15.572, 0, 6470, 64, 58, 46, 89.95
2026/04/14 11:23:15.575, 1, 4, 0, 0, 28, 24.59
2026/04/14 11:23:16.579, 0, 6470, 67, 62, 46, 111.30
2026/04/14 11:23:16.582, 1, 4, 0, 0, 28, 24.59
2026/04/14 11:23:17.592, 0, 6470, 73, 70, 46, 114.68
2026/04/14 11:23:17.595, 1, 4, 0, 0, 28, 24.59
2026/04/14 11:23:18.600, 0, 6470, 84, 83, 47, 162.59
2026/04/14 11:23:18.602, 1, 4, 0, 0, 28, 24.58
2026/04/14 11:23:19.606, 0, 6470, 82, 81, 47, 171.36
2026/04/14 11:23:19.609, 1, 4, 0, 0, 28, 24.49
2026/04/14 11:23:20.612, 0, 6470, 68, 64, 46, 114.86
2026/04/14 11:23:20.615, 1, 4, 0, 0, 28, 24.59
2026/04/14 11:23:21.618, 0, 6470, 57, 51, 46, 109.75
2026/04/14 11:23:21.625, 1, 4, 0, 0, 28, 24.59
2026/04/14 11:23:22.636, 0, 6470, 54, 47, 46, 81.85
2026/04/14 11:23:22.639, 1, 4, 0, 0, 28, 24.59
2026/04/14 11:23:23.643, 0, 6470, 42, 30, 46, 100.49
2026/04/14 11:23:23.648, 1, 4, 0, 0, 28, 24.49
2026/04/14 11:23:24.652, 0, 6470, 60, 49, 46, 62.75
2026/04/14 11:23:24.655, 1, 4, 0, 0, 28, 24.50
2026/04/14 11:23:25.658, 0, 6470, 17, 14, 45, 92.94
2026/04/14 11:23:25.661, 1, 4, 0, 0, 28, 24.59
2026/04/14 11:23:26.665, 0, 6470, 64, 53, 46, 64.00
2026/04/14 11:23:26.669, 1, 4, 0, 0, 28, 24.50
2026/04/14 11:23:27.671, 0, 6470, 68, 59, 46, 80.33
2026/04/14 11:23:27.674, 1, 4, 0, 0, 28, 24.59
2026/04/14 11:23:28.678, 0, 6470, 80, 73, 46, 80.70
2026/04/14 11:23:28.681, 1, 4, 0, 0, 28, 24.50
2026/04/14 11:23:29.690, 0, 6470, 82, 81, 46, 151.76
2026/04/14 11:23:29.693, 1, 4, 0, 0, 28, 24.58
2026/04/14 11:23:30.697, 0, 6470, 56, 44, 46, 109.32
2026/04/14 11:23:30.700, 1, 4, 0, 0, 28, 24.59
2026/04/14 11:23:31.704, 0, 6470, 66, 55, 46, 122.63
2026/04/14 11:23:31.707, 1, 4, 0, 0, 28, 24.59
2026/04/14 11:23:32.715, 0, 6470, 68, 58, 46, 108.45
2026/04/14 11:23:32.721, 1, 4, 0, 0, 28, 24.59
2026/04/14 11:23:33.726, 0, 6470, 77, 70, 46, 73.37
2026/04/14 11:23:33.728, 1, 4, 0, 0, 28, 24.59
2026/04/14 11:23:34.735, 0, 6470, 83, 81, 46, 101.09
2026/04/14 11:23:34.738, 1, 4, 0, 0, 28, 24.50
2026/04/14 11:23:35.742, 0, 6470, 69, 66, 47, 85.54
2026/04/14 11:23:35.745, 1, 4, 0, 0, 28, 24.50
2026/04/14 11:23:36.749, 0, 6470, 57, 52, 46, 116.15
2026/04/14 11:23:36.752, 1, 4, 0, 0, 28, 24.49
2026/04/14 11:23:37.757, 0, 6470, 45, 34, 46, 109.03
2026/04/14 11:23:37.760, 1, 4, 0, 0, 28, 24.59
2026/04/14 11:23:38.767, 0, 6470, 54, 41, 46, 118.21
2026/04/14 11:23:38.770, 1, 4, 0, 0, 28, 24.49
2026/04/14 11:23:39.773, 0, 6470, 71, 62, 46, 120.23
2026/04/14 11:23:39.776, 1, 4, 0, 0, 28, 24.49
2026/04/14 11:23:40.779, 0, 6470, 78, 71, 46, 85.36
2026/04/14 11:23:40.782, 1, 4, 0, 0, 28, 24.49
2026/04/14 11:23:41.786, 0, 6470, 78, 76, 46, 105.81
2026/04/14 11:23:41.789, 1, 4, 0, 0, 28, 24.58
2026/04/14 11:23:42.800, 0, 6470, 60, 55, 47, 96.14
2026/04/14 11:23:42.803, 1, 4, 0, 0, 28, 24.50
2026/04/14 11:23:43.807, 0, 6470, 54, 47, 46, 113.31
2026/04/14 11:23:43.809, 1, 4, 0, 0, 28, 24.49
2026/04/14 11:23:44.812, 0, 6470, 47, 33, 46, 105.59
2026/04/14 11:23:44.815, 1, 4, 0, 0, 28, 24.59
2026/04/14 11:23:45.826, 0, 6470, 65, 54, 46, 115.10
2026/04/14 11:23:45.829, 1, 4, 0, 0, 28, 24.59
2026/04/14 11:23:46.832, 0, 6470, 72, 62, 46, 114.14
2026/04/14 11:23:46.835, 1, 4, 0, 0, 28, 24.59
2026/04/14 11:23:47.839, 0, 6470, 82, 81, 46, 79.02
2026/04/14 11:23:47.842, 1, 4, 0, 0, 28, 24.50
2026/04/14 11:23:48.853, 0, 6470, 66, 62, 46, 110.64
2026/04/14 11:23:48.855, 1, 4, 0, 0, 28, 24.59
2026/04/14 11:23:49.859, 0, 6470, 60, 56, 47, 121.67
2026/04/14 11:23:49.862, 1, 4, 0, 0, 28, 24.49
2026/04/14 11:23:50.866, 0, 6470, 43, 31, 46, 115.01
2026/04/14 11:23:50.869, 1, 4, 0, 0, 28, 24.59
2026/04/14 11:23:51.872, 0, 6470, 59, 48, 46, 103.42
2026/04/14 11:23:51.878, 1, 4, 0, 0, 28, 24.49
2026/04/14 11:23:52.883, 0, 6470, 69, 59, 46, 100.52
2026/04/14 11:23:52.886, 1, 4, 0, 0, 28, 24.49
2026/04/14 11:23:53.890, 0, 6470, 82, 78, 46, 83.58
2026/04/14 11:23:53.892, 1, 4, 0, 0, 28, 24.59
2026/04/14 11:23:54.896, 0, 6470, 71, 67, 46, 65.43
2026/04/14 11:23:54.899, 1, 4, 0, 0, 28, 24.49
2026/04/14 11:23:55.910, 0, 6470, 69, 59, 46, 100.99
2026/04/14 11:23:55.913, 1, 4, 0, 0, 28, 24.49
2026/04/14 11:23:56.916, 0, 6470, 82, 78, 46, 158.98
2026/04/14 11:23:56.919, 1, 4, 0, 0, 28, 24.59
2026/04/14 11:23:57.923, 0, 6470, 70, 66, 46, 111.34
2026/04/14 11:23:57.926, 1, 4, 0, 0, 28, 24.49
2026/04/14 11:23:58.937, 0, 6470, 57, 52, 46, 98.46
2026/04/14 11:23:58.940, 1, 4, 0, 0, 28, 24.59
2026/04/14 11:23:59.943, 0, 6470, 45, 33, 46, 100.78
2026/04/14 11:23:59.946, 1, 4, 0, 0, 28, 24.59
2026/04/14 11:24:00.950, 0, 6470, 56, 43, 46, 60.30
2026/04/14 11:24:00.953, 1, 4, 0, 0, 28, 24.49
2026/04/14 11:24:01.962, 0, 6470, 73, 64, 46, 64.09
2026/04/14 11:24:01.966, 1, 4, 0, 0, 28, 24.59
2026/04/14 11:24:02.970, 0, 6470, 80, 74, 46, 59.93
2026/04/14 11:24:02.973, 1, 4, 0, 0, 28, 24.59
2026/04/14 11:24:03.975, 0, 6470, 76, 73, 46, 165.15
2026/04/14 11:24:03.978, 1, 4, 0, 0, 28, 24.69
2026/04/14 11:24:04.982, 0, 6470, 58, 52, 46, 111.62
2026/04/14 11:24:04.985, 1, 4, 0, 0, 28, 24.49
2026/04/14 11:24:05.992, 0, 6470, 51, 43, 46, 79.92
2026/04/14 11:24:05.995, 1, 4, 0, 0, 28, 24.59
2026/04/14 11:24:06.998, 0, 6470, 50, 36, 46, 103.07
2026/04/14 11:24:07.002, 1, 4, 0, 0, 28, 24.50
2026/04/14 11:24:08.005, 0, 6470, 68, 57, 46, 67.58
2026/04/14 11:24:08.007, 1, 4, 0, 0, 28, 24.60
2026/04/14 11:24:09.010, 0, 6470, 73, 63, 46, 81.54
2026/04/14 11:24:09.013, 1, 4, 0, 0, 28, 24.50
2026/04/14 11:24:10.022, 0, 6470, 82, 81, 46, 77.15
2026/04/14 11:24:10.025, 1, 4, 0, 0, 28, 24.50
2026/04/14 11:24:11.028, 0, 6470, 64, 60, 46, 152.77
2026/04/14 11:24:11.030, 1, 4, 0, 0, 28, 24.58
2026/04/14 11:24:12.034, 0, 6470, 57, 52, 46, 110.85
2026/04/14 11:24:12.037, 1, 4, 0, 0, 28, 24.59
2026/04/14 11:24:13.040, 0, 6470, 43, 30, 46, 118.59
2026/04/14 11:24:13.043, 1, 4, 0, 0, 28, 24.48
2026/04/14 11:24:14.046, 0, 6470, 61, 50, 46, 72.28
2026/04/14 11:24:14.049, 1, 4, 0, 0, 28, 24.50
2026/04/14 11:24:15.056, 0, 6470, 56, 51, 46, 113.85
2026/04/14 11:24:15.059, 1, 4, 0, 0, 28, 24.59
2026/04/14 11:24:16.062, 0, 6470, 46, 35, 46, 105.20
2026/04/14 11:24:16.065, 1, 4, 0, 0, 28, 24.49
2026/04/14 11:24:17.068, 0, 6470, 54, 41, 46, 100.33
2026/04/14 11:24:17.071, 1, 4, 0, 0, 28, 24.59
2026/04/14 11:24:18.075, 0, 6470, 72, 63, 45, 80.64
2026/04/14 11:24:18.078, 1, 4, 0, 0, 28, 24.59
2026/04/14 11:24:19.087, 0, 6470, 79, 72, 46, 75.58
2026/04/14 11:24:19.090, 1, 4, 0, 0, 28, 24.59
2026/04/14 11:24:20.093, 0, 6470, 77, 75, 46, 94.73
2026/04/14 11:24:20.096, 1, 4, 0, 0, 28, 24.50
2026/04/14 11:24:21.099, 0, 6470, 58, 53, 46, 162.59
2026/04/14 11:24:21.104, 1, 4, 0, 0, 28, 24.49
2026/04/14 11:24:22.106, 0, 6470, 52, 44, 46, 112.17
2026/04/14 11:24:22.109, 1, 4, 0, 0, 28, 24.49
2026/04/14 11:24:23.113, 0, 6470, 50, 35, 46, 80.86
2026/04/14 11:24:23.115, 1, 4, 0, 0, 28, 24.49
2026/04/14 11:24:24.126, 0, 6470, 68, 57, 46, 100.97
2026/04/14 11:24:24.131, 1, 4, 0, 0, 28, 24.49
2026/04/14 11:24:25.135, 0, 6470, 73, 64, 45, 60.72
2026/04/14 11:24:25.137, 1, 4, 0, 0, 28, 24.50
2026/04/14 11:24:26.140, 0, 6470, 82, 81, 46, 64.98
2026/04/14 11:24:26.143, 1, 4, 0, 0, 28, 24.60
2026/04/14 11:24:27.146, 0, 6470, 65, 60, 46, 69.88
2026/04/14 11:24:27.148, 1, 4, 0, 0, 28, 24.50
2026/04/14 11:24:28.151, 0, 6470, 57, 52, 46, 145.79
2026/04/14 11:24:28.154, 1, 4, 0, 0, 28, 24.58
2026/04/14 11:24:29.157, 0, 6470, 43, 30, 46, 107.87
2026/04/14 11:24:29.161, 1, 4, 0, 0, 28, 24.59
2026/04/14 11:24:30.163, 0, 6470, 61, 50, 46, 122.90
2026/04/14 11:24:30.166, 1, 4, 0, 0, 28, 24.60
2026/04/14 11:24:31.169, 0, 6470, 69, 60, 46, 116.87
2026/04/14 11:24:31.172, 1, 4, 0, 0, 28, 24.49
2026/04/14 11:24:32.175, 0, 6470, 82, 81, 46, 93.70
2026/04/14 11:24:32.177, 1, 4, 0, 0, 28, 24.59
2026/04/14 11:24:33.187, 0, 6470, 67, 63, 46, 111.37
2026/04/14 11:24:33.190, 1, 4, 0, 0, 28, 24.49
2026/04/14 11:24:34.192, 0, 6470, 57, 51, 47, 113.67
2026/04/14 11:24:34.195, 1, 4, 0, 0, 28, 24.50
2026/04/14 11:24:35.198, 0, 6470, 53, 47, 46, 109.88
2026/04/14 11:24:35.201, 1, 4, 0, 0, 28, 24.59
2026/04/14 11:24:36.204, 0, 6470, 45, 33, 46, 99.94
2026/04/14 11:24:36.210, 1, 4, 0, 0, 28, 24.59
2026/04/14 11:24:37.213, 0, 6470, 59, 48, 46, 101.17
2026/04/14 11:24:37.216, 1, 4, 0, 0, 28, 24.49
2026/04/14 11:24:38.219, 0, 6470, 72, 64, 46, 60.34
2026/04/14 11:24:38.221, 1, 4, 0, 0, 28, 24.50
2026/04/14 11:24:39.224, 0, 6470, 76, 69, 46, 63.90
2026/04/14 11:24:39.230, 1, 4, 0, 0, 28, 24.50
2026/04/14 11:24:40.233, 0, 6470, 83, 81, 46, 67.39
2026/04/14 11:24:40.236, 1, 4, 0, 0, 28, 24.60
2026/04/14 11:24:41.242, 0, 6470, 71, 68, 46, 153.58
2026/04/14 11:24:41.245, 1, 4, 0, 0, 28, 24.49
2026/04/14 11:24:42.253, 0, 6470, 60, 54, 46, 112.11
2026/04/14 11:24:42.256, 1, 4, 0, 0, 28, 24.59
2026/04/14 11:24:43.262, 0, 6470, 54, 48, 46, 78.15
2026/04/14 11:24:43.265, 1, 4, 0, 0, 28, 24.49
2026/04/14 11:24:44.271, 0, 6470, 46, 33, 46, 102.43
2026/04/14 11:24:44.276, 1, 4, 0, 0, 28, 24.59
2026/04/14 11:24:45.279, 0, 6470, 65, 54, 46, 64.87
2026/04/14 11:24:45.282, 1, 4, 0, 0, 28, 24.50
2026/04/14 11:24:46.288, 0, 6470, 72, 62, 46, 73.94
2026/04/14 11:24:46.291, 1, 4, 0, 0, 28, 24.60
2026/04/14 11:24:47.295, 0, 6470, 82, 81, 47, 78.29
2026/04/14 11:24:47.298, 1, 4, 0, 0, 28, 24.50
2026/04/14 11:24:48.302, 0, 6470, 66, 61, 46, 148.35
2026/04/14 11:24:48.306, 1, 4, 0, 0, 28, 24.58
2026/04/14 11:24:49.316, 0, 6470, 60, 55, 46, 110.37
2026/04/14 11:24:49.319, 1, 4, 0, 0, 28, 24.59
2026/04/14 11:24:50.323, 0, 6470, 42, 29, 46, 96.39
2026/04/14 11:24:50.326, 1, 4, 0, 0, 28, 24.60
2026/04/14 11:24:51.330, 0, 6470, 58, 46, 46, 106.32
2026/04/14 11:24:51.333, 1, 4, 0, 0, 28, 24.59
2026/04/14 11:24:52.343, 0, 6470, 69, 60, 46, 69.38
2026/04/14 11:24:52.345, 1, 4, 0, 0, 28, 24.50
2026/04/14 11:24:53.349, 0, 6470, 82, 79, 46, 81.36
2026/04/14 11:24:53.352, 1, 4, 0, 0, 28, 24.50
2026/04/14 11:24:54.356, 0, 6470, 70, 66, 46, 80.88
2026/04/14 11:24:54.360, 1, 4, 0, 0, 28, 24.50
2026/04/14 11:24:55.364, 0, 6470, 58, 52, 46, 135.32
2026/04/14 11:24:55.367, 1, 4, 0, 0, 28, 24.49
2026/04/14 11:24:56.375, 0, 6470, 45, 33, 46, 110.29
2026/04/14 11:24:56.378, 1, 4, 0, 0, 28, 24.49
2026/04/14 11:24:57.381, 0, 6470, 57, 45, 46, 120.11
2026/04/14 11:24:57.384, 1, 4, 0, 0, 28, 24.59
2026/04/14 11:24:58.387, 0, 6470, 72, 64, 46, 120.93
2026/04/14 11:24:58.390, 1, 4, 0, 0, 28, 24.49
2026/04/14 11:24:59.393, 0, 6470, 81, 76, 46, 81.56
2026/04/14 11:24:59.395, 1, 4, 0, 0, 28, 24.50
2026/04/14 11:25:00.407, 0, 6470, 74, 72, 46, 109.36
2026/04/14 11:25:00.410, 1, 4, 0, 0, 28, 24.49
2026/04/14 11:25:01.413, 0, 6470, 57, 51, 46, 117.38
2026/04/14 11:25:01.417, 1, 4, 0, 0, 28, 24.60
2026/04/14 11:25:02.420, 0, 6470, 49, 40, 46, 113.21
2026/04/14 11:25:02.422, 1, 4, 0, 0, 28, 24.49
2026/04/14 11:25:03.425, 0, 6470, 82, 81, 46, 66.20
2026/04/14 11:25:03.428, 1, 4, 0, 0, 28, 24.49
2026/04/14 11:25:04.438, 0, 6470, 66, 61, 46, 101.63
2026/04/14 11:25:04.444, 1, 4, 0, 0, 28, 24.59
2026/04/14 11:25:05.447, 0, 6470, 54, 48, 46, 157.55
2026/04/14 11:25:05.450, 1, 4, 0, 0, 28, 24.59
2026/04/14 11:25:06.454, 0, 6470, 45, 32, 46, 109.23
2026/04/14 11:25:06.459, 1, 4, 0, 0, 28, 24.49
2026/04/14 11:25:07.467, 0, 6470, 63, 52, 46, 78.20
2026/04/14 11:25:07.471, 1, 4, 0, 0, 28, 24.50
2026/04/14 11:25:08.474, 0, 6470, 71, 61, 46, 104.23
2026/04/14 11:25:08.476, 1, 4, 0, 0, 28, 24.49
2026/04/14 11:25:09.480, 0, 6470, 83, 82, 46, 70.00
2026/04/14 11:25:09.483, 1, 4, 0, 0, 28, 24.50
2026/04/14 11:25:10.491, 0, 6470, 66, 62, 46, 75.70
2026/04/14 11:25:10.493, 1, 4, 0, 0, 28, 24.50
2026/04/14 11:25:11.497, 0, 6470, 61, 56, 46, 80.11
2026/04/14 11:25:11.500, 1, 4, 0, 0, 28, 24.50
2026/04/14 11:25:12.503, 0, 6470, 43, 31, 46, 135.27
2026/04/14 11:25:12.506, 1, 4, 0, 0, 28, 24.58
2026/04/14 11:25:13.509, 0, 6470, 66, 62, 46, 105.74
2026/04/14 11:25:13.512, 1, 4, 0, 0, 28, 24.49
2026/04/14 11:25:14.520, 0, 6470, 60, 56, 46, 121.64
2026/04/14 11:25:14.523, 1, 4, 0, 0, 28, 24.49
2026/04/14 11:25:15.527, 0, 6470, 43, 30, 45, 118.13
2026/04/14 11:25:15.530, 1, 4, 0, 0, 28, 24.49
2026/04/14 11:25:16.534, 0, 6470, 60, 48, 46, 94.82
2026/04/14 11:25:16.537, 1, 4, 0, 0, 28, 24.50
2026/04/14 11:25:17.546, 0, 6470, 68, 59, 46, 109.01
2026/04/14 11:25:17.549, 1, 4, 0, 0, 28, 24.59
2026/04/14 11:25:18.553, 0, 6470, 82, 81, 46, 104.25
2026/04/14 11:25:18.558, 1, 4, 0, 0, 28, 24.59
2026/04/14 11:25:19.562, 0, 6470, 68, 64, 46, 113.06
2026/04/14 11:25:19.564, 1, 4, 0, 0, 28, 24.49
2026/04/14 11:25:20.572, 0, 6470, 58, 52, 46, 103.73
2026/04/14 11:25:20.575, 1, 4, 0, 0, 28, 24.49
2026/04/14 11:25:21.579, 0, 6470, 44, 33, 46, 106.83
2026/04/14 11:25:21.582, 1, 4, 0, 0, 28, 24.49
2026/04/14 11:25:22.586, 0, 6470, 56, 43, 45, 105.71
2026/04/14 11:25:22.590, 1, 4, 0, 0, 28, 24.59
2026/04/14 11:25:23.598, 0, 6470, 72, 64, 46, 82.91
2026/04/14 11:25:23.601, 1, 4, 0, 0, 28, 24.49
2026/04/14 11:25:24.605, 0, 6470, 78, 71, 46, 105.05
2026/04/14 11:25:24.608, 1, 4, 0, 0, 28, 24.50
2026/04/14 11:25:25.612, 0, 6470, 77, 75, 46, 125.98
2026/04/14 11:25:25.617, 1, 4, 0, 0, 28, 24.49
2026/04/14 11:25:26.623, 0, 6470, 58, 52, 46, 114.32
2026/04/14 11:25:26.626, 1, 4, 0, 0, 28, 24.49
2026/04/14 11:25:27.629, 0, 6470, 59, 54, 46, 107.04
2026/04/14 11:25:27.632, 1, 4, 0, 0, 28, 24.49
2026/04/14 11:25:28.634, 0, 6470, 46, 32, 46, 109.50
2026/04/14 11:25:28.637, 1, 4, 0, 0, 28, 24.59
2026/04/14 11:25:29.640, 0, 6470, 58, 45, 46, 103.18
2026/04/14 11:25:29.643, 1, 4, 0, 0, 28, 24.50
2026/04/14 11:25:30.646, 0, 6470, 70, 60, 45, 63.22
2026/04/14 11:25:30.648, 1, 4, 0, 0, 28, 24.50
2026/04/14 11:25:31.651, 0, 6470, 71, 62, 46, 75.88
2026/04/14 11:25:31.654, 1, 4, 0, 0, 28, 24.49
2026/04/14 11:25:32.665, 0, 6470, 82, 80, 46, 110.41
2026/04/14 11:25:32.667, 1, 4, 0, 0, 28, 24.50
2026/04/14 11:25:33.671, 0, 6470, 75, 72, 46, 79.56
2026/04/14 11:25:33.674, 1, 4, 0, 0, 28, 24.50
2026/04/14 11:25:34.678, 0, 6470, 62, 57, 46, 166.92
2026/04/14 11:25:34.681, 1, 4, 0, 0, 28, 24.49
2026/04/14 11:25:35.683, 0, 6470, 61, 55, 46, 109.77
2026/04/14 11:25:35.686, 1, 4, 0, 0, 28, 24.49
2026/04/14 11:25:36.689, 0, 6470, 45, 32, 46, 100.20
2026/04/14 11:25:36.692, 1, 4, 0, 0, 28, 24.49
2026/04/14 11:25:37.695, 0, 6470, 59, 48, 46, 100.10
2026/04/14 11:25:37.698, 1, 4, 0, 0, 28, 24.59
2026/04/14 11:25:38.701, 0, 6470, 72, 64, 45, 108.03
2026/04/14 11:25:38.705, 1, 4, 0, 0, 28, 24.49
2026/04/14 11:25:39.708, 0, 6470, 73, 64, 46, 97.44
2026/04/14 11:25:39.713, 1, 4, 0, 0, 28, 24.50
2026/04/14 11:25:40.716, 0, 6470, 82, 81, 46, 90.89
2026/04/14 11:25:40.722, 1, 4, 0, 0, 28, 24.49
2026/04/14 11:25:41.731, 0, 6470, 78, 75, 46, 61.19
2026/04/14 11:25:41.733, 1, 4, 0, 0, 28, 24.60
2026/04/14 11:25:42.736, 0, 6470, 68, 64, 46, 160.23
2026/04/14 11:25:42.739, 1, 4, 0, 0, 28, 24.50
2026/04/14 11:25:43.743, 0, 6470, 64, 59, 46, 112.36
2026/04/14 11:25:43.747, 1, 4, 0, 0, 28, 24.49
2026/04/14 11:25:44.751, 0, 6470, 58, 51, 46, 109.03
2026/04/14 11:25:44.753, 1, 4, 0, 0, 28, 24.49
2026/04/14 11:25:45.757, 0, 6470, 63, 57, 46, 88.99
2026/04/14 11:25:45.760, 1, 4, 0, 0, 28, 24.50
2026/04/14 11:25:46.765, 0, 6470, 72, 62, 46, 101.17
2026/04/14 11:25:46.768, 1, 4, 0, 0, 28, 24.49
2026/04/14 11:25:47.776, 0, 6470, 79, 73, 46, 110.45
2026/04/14 11:25:47.779, 1, 4, 0, 0, 28, 24.59
2026/04/14 11:25:48.786, 0, 6470, 83, 81, 46, 75.48
2026/04/14 11:25:48.789, 1, 4, 0, 0, 28, 24.50
2026/04/14 11:25:49.797, 0, 6470, 79, 77, 46, 70.86
2026/04/14 11:25:49.799, 1, 4, 0, 0, 28, 24.50
2026/04/14 11:25:50.807, 0, 6470, 67, 63, 46, 85.57
2026/04/14 11:25:50.810, 1, 4, 0, 0, 28, 24.49
2026/04/14 11:25:51.821, 0, 6470, 61, 49, 46, 82.46
2026/04/14 11:25:51.823, 1, 4, 0, 0, 28, 24.59
2026/04/14 11:25:52.829, 0, 6470, 71, 60, 46, 100.20
2026/04/14 11:25:52.832, 1, 4, 0, 0, 28, 24.50
2026/04/14 11:25:53.836, 0, 6470, 78, 71, 45, 120.87
2026/04/14 11:25:53.839, 1, 4, 0, 0, 28, 24.59
2026/04/14 11:25:54.843, 0, 6470, 82, 81, 46, 72.40
2026/04/14 11:25:54.848, 1, 4, 0, 0, 28, 24.60
2026/04/14 11:25:55.857, 0, 6470, 68, 63, 46, 65.17
2026/04/14 11:25:55.859, 1, 4, 0, 0, 28, 24.50
2026/04/14 11:25:56.863, 0, 6470, 57, 51, 46, 94.30
2026/04/14 11:25:56.866, 1, 4, 0, 0, 28, 24.59
2026/04/14 11:25:57.869, 0, 6470, 52, 44, 46, 133.32
2026/04/14 11:25:57.872, 1, 4, 0, 0, 28, 24.50
2026/04/14 11:25:58.883, 0, 6470, 76, 73, 46, 113.27
2026/04/14 11:25:58.886, 1, 4, 0, 0, 28, 24.59
2026/04/14 11:25:59.890, 0, 6470, 57, 52, 46, 99.07
2026/04/14 11:25:59.892, 1, 4, 0, 0, 28, 24.59
2026/04/14 11:26:00.896, 0, 6470, 50, 42, 46, 100.49
2026/04/14 11:26:00.899, 1, 4, 0, 0, 28, 24.49
2026/04/14 11:26:01.908, 0, 6470, 50, 36, 45, 79.20
2026/04/14 11:26:01.911, 1, 4, 0, 0, 28, 24.49
2026/04/14 11:26:02.914, 0, 6470, 69, 59, 46, 62.36
2026/04/14 11:26:02.917, 1, 4, 0, 0, 28, 24.50
2026/04/14 11:26:03.920, 0, 6470, 75, 67, 46, 59.66
2026/04/14 11:26:03.923, 1, 4, 0, 0, 28, 24.59
2026/04/14 11:26:04.926, 0, 6470, 80, 78, 46, 155.95
2026/04/14 11:26:04.929, 1, 4, 0, 0, 28, 24.49
2026/04/14 11:26:05.937, 0, 6470, 62, 56, 46, 112.40
2026/04/14 11:26:05.941, 1, 4, 0, 0, 28, 24.59
2026/04/14 11:26:06.945, 0, 6470, 54, 47, 46, 88.79
2026/04/14 11:26:06.948, 1, 4, 0, 0, 28, 24.50
2026/04/14 11:26:07.952, 0, 6470, 53, 41, 46, 126.57
2026/04/14 11:26:07.954, 1, 4, 0, 0, 28, 24.50
2026/04/14 11:26:08.963, 0, 6470, 54, 45, 46, 84.92
2026/04/14 11:26:08.966, 1, 4, 0, 0, 28, 24.49
2026/04/14 11:26:09.970, 0, 6470, 56, 47, 46, 94.68
2026/04/14 11:26:09.973, 1, 4, 0, 0, 28, 24.50
2026/04/14 11:26:10.977, 0, 6470, 57, 49, 46, 104.54
2026/04/14 11:26:10.980, 1, 4, 0, 0, 28, 24.49
2026/04/14 11:26:11.990, 0, 6470, 59, 53, 46, 108.43
2026/04/14 11:26:11.992, 1, 4, 0, 0, 28, 24.59
2026/04/14 11:26:12.996, 0, 6470, 62, 56, 46, 113.72
2026/04/14 11:26:12.999, 1, 4, 0, 0, 28, 24.49
2026/04/14 11:26:14.003, 0, 6470, 62, 57, 46, 110.81
2026/04/14 11:26:14.006, 1, 4, 0, 0, 28, 24.49
2026/04/14 11:26:15.015, 0, 6470, 60, 56, 46, 113.04
2026/04/14 11:26:15.018, 1, 4, 0, 0, 28, 24.49
2026/04/14 11:26:16.022, 0, 6470, 62, 55, 46, 153.08
2026/04/14 11:26:16.026, 1, 4, 0, 0, 28, 24.58
2026/04/14 11:26:17.030, 0, 6470, 72, 68, 46, 126.03
2026/04/14 11:26:17.032, 1, 4, 0, 0, 28, 24.59
2026/04/14 11:26:18.042, 0, 6470, 79, 77, 46, 107.00
2026/04/14 11:26:18.044, 1, 4, 0, 0, 28, 24.49
2026/04/14 11:26:19.049, 0, 6470, 86, 84, 46, 69.29
2026/04/14 11:26:19.053, 1, 4, 0, 0, 28, 24.50
2026/04/14 11:26:20.056, 0, 6470, 82, 76, 46, 78.48
2026/04/14 11:26:20.058, 1, 4, 0, 0, 28, 24.50
2026/04/14 11:26:21.068, 0, 6470, 73, 62, 46, 122.03
2026/04/14 11:26:21.071, 1, 4, 0, 0, 28, 24.59
2026/04/14 11:26:22.074, 0, 6470, 75, 65, 46, 101.73
2026/04/14 11:26:22.079, 1, 4, 0, 0, 28, 24.49
2026/04/14 11:26:23.083, 0, 6470, 73, 63, 46, 100.88
2026/04/14 11:26:23.086, 1, 4, 0, 0, 28, 24.59
2026/04/14 11:26:24.095, 0, 6470, 67, 56, 46, 125.17
2026/04/14 11:26:24.098, 1, 4, 0, 0, 28, 24.49
2026/04/14 11:26:25.102, 0, 6470, 66, 54, 46, 85.27
2026/04/14 11:26:25.106, 1, 4, 0, 0, 28, 24.59
2026/04/14 11:26:26.110, 0, 6470, 62, 49, 46, 103.09
2026/04/14 11:26:26.114, 1, 4, 0, 0, 28, 24.49
2026/04/14 11:26:27.124, 0, 6470, 61, 48, 46, 108.88
2026/04/14 11:26:27.127, 1, 4, 0, 0, 28, 24.59
2026/04/14 11:26:28.131, 0, 6470, 55, 41, 46, 110.31
2026/04/14 11:26:28.133, 1, 4, 0, 0, 28, 24.59
2026/04/14 11:26:29.138, 0, 6470, 51, 36, 46, 111.72
2026/04/14 11:26:29.141, 1, 4, 0, 0, 28, 24.49
2026/04/14 11:26:30.151, 0, 6470, 50, 35, 46, 129.25
2026/04/14 11:26:30.154, 1, 4, 0, 0, 28, 24.59
2026/04/14 11:26:31.158, 0, 6470, 47, 33, 46, 152.82
2026/04/14 11:26:31.161, 1, 4, 0, 0, 28, 24.59
2026/04/14 11:26:32.164, 0, 6470, 49, 37, 47, 160.83
2026/04/14 11:26:32.167, 1, 4, 0, 0, 28, 24.59
2026/04/14 11:26:33.171, 0, 6470, 54, 44, 46, 163.97
2026/04/14 11:26:33.174, 1, 4, 0, 0, 28, 24.59
2026/04/14 11:26:34.186, 0, 6470, 78, 69, 47, 87.11
2026/04/14 11:26:34.188, 1, 4, 0, 0, 28, 24.59
2026/04/14 11:26:35.193, 0, 6470, 74, 63, 46, 62.36
2026/04/14 11:26:35.196, 1, 4, 0, 0, 28, 24.50
2026/04/14 11:26:36.199, 0, 6470, 82, 81, 46, 160.32
2026/04/14 11:26:36.202, 1, 4, 0, 0, 28, 24.58
2026/04/14 11:26:37.206, 0, 6470, 68, 64, 46, 112.65
2026/04/14 11:26:37.209, 1, 4, 0, 0, 28, 24.49
2026/04/14 11:26:38.212, 0, 6470, 70, 60, 46, 64.57
2026/04/14 11:26:38.215, 1, 4, 0, 0, 28, 24.60
2026/04/14 11:26:39.218, 0, 6470, 76, 68, 46, 70.19
2026/04/14 11:26:39.221, 1, 4, 0, 0, 28, 24.50
2026/04/14 11:26:40.225, 0, 6470, 79, 77, 46, 147.14
2026/04/14 11:26:40.228, 1, 4, 0, 0, 28, 24.58
2026/04/14 11:26:41.239, 0, 6470, 61, 55, 46, 112.96
2026/04/14 11:26:41.244, 1, 4, 0, 0, 28, 24.59
2026/04/14 11:26:42.248, 0, 6470, 54, 48, 46, 83.11
2026/04/14 11:26:42.251, 1, 4, 0, 0, 28, 24.50
2026/04/14 11:26:43.254, 0, 6470, 46, 33, 46, 104.97
2026/04/14 11:26:43.257, 1, 4, 0, 0, 28, 24.49
2026/04/14 11:26:44.261, 0, 6470, 65, 54, 46, 70.09
2026/04/14 11:26:44.264, 1, 4, 0, 0, 28, 24.50
2026/04/14 11:26:45.268, 0, 6470, 72, 62, 46, 93.81
2026/04/14 11:26:45.271, 1, 4, 0, 0, 28, 24.59
2026/04/14 11:26:46.281, 0, 6470, 82, 81, 46, 81.08
2026/04/14 11:26:46.283, 1, 4, 0, 0, 28, 24.60
2026/04/14 11:26:47.287, 0, 6470, 67, 62, 46, 136.64
2026/04/14 11:26:47.290, 1, 4, 0, 0, 28, 24.49
2026/04/14 11:26:48.293, 0, 6470, 57, 51, 46, 106.46
2026/04/14 11:26:48.296, 1, 4, 0, 0, 28, 24.59
2026/04/14 11:26:49.299, 0, 6470, 51, 44, 46, 114.27
2026/04/14 11:26:49.305, 1, 4, 0, 0, 28, 24.59
2026/04/14 11:26:50.309, 0, 6470, 42, 30, 46, 110.39
2026/04/14 11:26:50.311, 1, 4, 0, 0, 28, 24.59
2026/04/14 11:26:51.315, 0, 6470, 76, 74, 46, 78.45
2026/04/14 11:26:51.318, 1, 4, 0, 0, 28, 24.59
2026/04/14 11:26:52.322, 0, 6470, 66, 62, 46, 104.48
2026/04/14 11:26:52.325, 1, 4, 0, 0, 28, 24.59
2026/04/14 11:26:53.328, 0, 6470, 57, 51, 46, 137.07
2026/04/14 11:26:53.334, 1, 4, 0, 0, 28, 24.59
2026/04/14 11:26:54.338, 0, 6470, 54, 47, 46, 113.27
2026/04/14 11:26:54.341, 1, 4, 0, 0, 28, 24.49
2026/04/14 11:26:55.345, 0, 6470, 44, 31, 46, 92.21
2026/04/14 11:26:55.347, 1, 4, 0, 0, 28, 24.59
2026/04/14 11:26:56.351, 0, 6470, 53, 41, 46, 101.07
2026/04/14 11:26:56.354, 1, 4, 0, 0, 28, 24.59
2026/04/14 11:26:57.360, 0, 6470, 70, 61, 46, 61.30
2026/04/14 11:26:57.365, 1, 4, 0, 0, 28, 24.59
2026/04/14 11:26:58.373, 0, 6470, 76, 68, 46, 60.72
2026/04/14 11:26:58.376, 1, 4, 0, 0, 28, 24.50
2026/04/14 11:26:59.382, 0, 6470, 79, 77, 46, 60.24
2026/04/14 11:26:59.385, 1, 4, 0, 0, 28, 24.50
2026/04/14 11:27:00.389, 0, 6470, 61, 55, 46, 163.23
2026/04/14 11:27:00.394, 1, 4, 0, 0, 28, 24.49
2026/04/14 11:27:01.398, 0, 6470, 53, 46, 46, 112.59
2026/04/14 11:27:01.401, 1, 4, 0, 0, 28, 24.49
2026/04/14 11:27:02.405, 0, 6470, 47, 33, 46, 85.89
2026/04/14 11:27:02.408, 1, 4, 0, 0, 28, 24.59
2026/04/14 11:27:03.414, 0, 6470, 66, 55, 46, 104.71
2026/04/14 11:27:03.417, 1, 4, 0, 0, 28, 24.59
2026/04/14 11:27:04.421, 0, 6470, 72, 62, 46, 69.32
2026/04/14 11:27:04.424, 1, 4, 0, 0, 28, 24.60
2026/04/14 11:27:05.428, 0, 6470, 85, 84, 46, 71.02
2026/04/14 11:27:05.430, 1, 4, 0, 0, 28, 24.59
2026/04/14 11:27:06.440, 0, 6470, 83, 77, 46, 64.67
2026/04/14 11:27:06.443, 1, 4, 0, 0, 28, 24.50
2026/04/14 11:27:07.447, 0, 6470, 73, 63, 46, 114.03
2026/04/14 11:27:07.450, 1, 4, 0, 0, 28, 24.59
2026/04/14 11:27:08.454, 0, 6470, 77, 67, 46, 100.97
2026/04/14 11:27:08.457, 1, 4, 0, 0, 28, 24.49
2026/04/14 11:27:09.460, 0, 6470, 68, 56, 46, 92.92
2026/04/14 11:27:09.464, 1, 4, 0, 0, 28, 24.50
2026/04/14 11:27:10.470, 0, 6470, 62, 49, 46, 109.87
2026/04/14 11:27:10.473, 1, 4, 0, 0, 28, 24.59
2026/04/14 11:27:11.477, 0, 6470, 54, 39, 46, 112.21
2026/04/14 11:27:11.480, 1, 4, 0, 0, 28, 24.59
2026/04/14 11:27:12.482, 0, 6470, 55, 44, 46, 142.09
2026/04/14 11:27:12.485, 1, 4, 0, 0, 28, 24.58
2026/04/14 11:27:13.488, 0, 6470, 62, 56, 46, 157.17
2026/04/14 11:27:13.491, 1, 4, 0, 0, 28, 24.59
2026/04/14 11:27:14.499, 0, 6470, 62, 55, 46, 66.61
2026/04/14 11:27:14.502, 1, 4, 0, 0, 28, 24.40
2026/04/14 11:27:15.506, 0, 6470, 69, 63, 46, 103.50
2026/04/14 11:27:15.509, 1, 4, 0, 0, 28, 24.60
2026/04/14 11:27:16.513, 0, 6470, 64, 58, 46, 104.01
2026/04/14 11:27:16.515, 1, 4, 0, 0, 28, 24.50
2026/04/14 11:27:17.519, 0, 6470, 58, 53, 47, 130.73
2026/04/14 11:27:17.522, 1, 4, 0, 0, 28, 24.59
2026/04/14 11:27:18.530, 0, 6470, 42, 30, 46, 117.93
2026/04/14 11:27:18.535, 1, 4, 0, 0, 28, 24.58
2026/04/14 11:27:19.538, 0, 6470, 58, 47, 46, 108.57
2026/04/14 11:27:19.541, 1, 4, 0, 0, 28, 24.59
2026/04/14 11:27:20.545, 0, 6470, 68, 59, 46, 109.51
2026/04/14 11:27:20.548, 1, 4, 0, 0, 28, 24.59
2026/04/14 11:27:21.557, 0, 6470, 42, 30, 46, 121.61
2026/04/14 11:27:21.561, 1, 4, 0, 0, 28, 24.49
2026/04/14 11:27:22.564, 0, 6470, 59, 47, 46, 86.03
2026/04/14 11:27:22.567, 1, 4, 0, 0, 28, 24.49
2026/04/14 11:27:23.571, 0, 6470, 68, 59, 46, 106.21
2026/04/14 11:27:23.574, 1, 4, 0, 0, 28, 24.59
2026/04/14 11:27:24.583, 0, 6470, 81, 79, 47, 102.32
2026/04/14 11:27:24.588, 1, 4, 0, 0, 28, 24.59
2026/04/14 11:27:25.592, 0, 6470, 38, 32, 45, 59.66
2026/04/14 11:27:25.595, 1, 4, 0, 0, 28, 24.60
2026/04/14 11:27:26.599, 0, 6470, 72, 63, 46, 62.94
2026/04/14 11:27:26.601, 1, 4, 0, 0, 28, 24.50
2026/04/14 11:27:27.608, 0, 6470, 81, 76, 46, 64.09
2026/04/14 11:27:27.611, 1, 4, 0, 0, 28, 24.50
2026/04/14 11:27:28.614, 0, 6470, 74, 71, 46, 163.56
2026/04/14 11:27:28.617, 1, 4, 0, 0, 28, 24.58
2026/04/14 11:27:29.619, 0, 6470, 57, 51, 46, 112.19
2026/04/14 11:27:29.622, 1, 4, 0, 0, 28, 24.59
2026/04/14 11:27:30.625, 0, 6470, 48, 38, 46, 120.06
2026/04/14 11:27:30.628, 1, 4, 0, 0, 28, 24.59
2026/04/14 11:27:31.636, 0, 6470, 53, 40, 46, 109.71
2026/04/14 11:27:31.639, 1, 4, 0, 0, 28, 24.49
2026/04/14 11:27:32.642, 0, 6470, 71, 63, 46, 78.98
2026/04/14 11:27:32.646, 1, 4, 0, 0, 28, 24.50
2026/04/14 11:27:33.650, 0, 6470, 78, 71, 46, 110.08
2026/04/14 11:27:33.652, 1, 4, 0, 0, 28, 24.50
2026/04/14 11:27:34.663, 0, 6470, 78, 75, 47, 91.48
2026/04/14 11:27:34.665, 1, 4, 0, 0, 28, 24.59
2026/04/14 11:27:35.669, 0, 6470, 58, 53, 46, 113.64
2026/04/14 11:27:35.673, 1, 4, 0, 0, 28, 24.59
2026/04/14 11:27:36.677, 0, 6470, 51, 43, 46, 105.97
2026/04/14 11:27:36.680, 1, 4, 0, 0, 28, 24.59
2026/04/14 11:27:37.688, 0, 6470, 49, 35, 46, 102.36
2026/04/14 11:27:37.691, 1, 4, 0, 0, 28, 24.59
2026/04/14 11:27:38.694, 0, 6470, 68, 58, 46, 83.00
2026/04/14 11:27:38.697, 1, 4, 0, 0, 28, 24.59
2026/04/14 11:27:39.699, 0, 6470, 74, 65, 46, 64.46
2026/04/14 11:27:39.704, 1, 4, 0, 0, 28, 24.59
2026/04/14 11:27:40.715, 0, 6470, 80, 78, 46, 102.77
2026/04/14 11:27:40.718, 1, 4, 0, 0, 28, 24.59
2026/04/14 11:27:41.722, 0, 6470, 61, 56, 46, 167.09
2026/04/14 11:27:41.725, 1, 4, 0, 0, 28, 24.59
2026/04/14 11:27:42.727, 0, 6470, 55, 48, 46, 113.04
2026/04/14 11:27:42.731, 1, 4, 0, 0, 28, 24.49
2026/04/14 11:27:43.741, 0, 6470, 47, 33, 46, 82.53
2026/04/14 11:27:43.743, 1, 4, 0, 0, 28, 24.50
2026/04/14 11:27:44.748, 0, 6470, 66, 55, 46, 101.75
2026/04/14 11:27:44.751, 1, 4, 0, 0, 28, 24.59
2026/04/14 11:27:45.755, 0, 6470, 72, 62, 46, 60.44
2026/04/14 11:27:45.759, 1, 4, 0, 0, 28, 24.50
2026/04/14 11:27:46.763, 0, 6470, 82, 81, 46, 75.40
2026/04/14 11:27:46.766, 1, 4, 0, 0, 28, 24.50
2026/04/14 11:27:47.769, 0, 6470, 64, 59, 46, 80.37
2026/04/14 11:27:47.772, 1, 4, 0, 0, 28, 24.50
2026/04/14 11:27:48.775, 0, 6470, 56, 50, 46, 138.07
2026/04/14 11:27:48.778, 1, 4, 0, 0, 28, 24.58
2026/04/14 11:27:49.782, 0, 6470, 46, 33, 46, 108.36
2026/04/14 11:27:49.786, 1, 4, 0, 0, 28, 24.59
2026/04/14 11:27:50.796, 0, 6470, 65, 55, 46, 118.13
2026/04/14 11:27:50.798, 1, 4, 0, 0, 28, 24.59
2026/04/14 11:27:51.803, 0, 6470, 72, 62, 46, 120.30
2026/04/14 11:27:51.805, 1, 4, 0, 0, 28, 24.49
2026/04/14 11:27:52.809, 0, 6470, 82, 81, 46, 83.00
2026/04/14 11:27:52.813, 1, 4, 0, 0, 28, 24.59
2026/04/14 11:27:53.817, 0, 6470, 66, 62, 46, 105.64
2026/04/14 11:27:53.821, 1, 4, 0, 0, 28, 24.59
2026/04/14 11:27:54.825, 0, 6470, 60, 55, 46, 134.71
2026/04/14 11:27:54.830, 1, 4, 0, 0, 28, 24.59
2026/04/14 11:27:55.834, 0, 6470, 45, 34, 46, 112.69
2026/04/14 11:27:55.836, 1, 4, 0, 0, 28, 24.49
2026/04/14 11:27:56.847, 0, 6470, 47, 34, 46, 99.33
2026/04/14 11:27:56.850, 1, 4, 0, 0, 28, 24.59
2026/04/14 11:27:57.854, 0, 6470, 59, 47, 46, 100.68
2026/04/14 11:27:57.857, 1, 4, 0, 0, 28, 24.59
2026/04/14 11:27:58.861, 0, 6470, 71, 62, 46, 61.79
2026/04/14 11:27:58.863, 1, 4, 0, 0, 28, 24.49
2026/04/14 11:27:59.868, 0, 6470, 70, 60, 46, 58.69
2026/04/14 11:27:59.870, 1, 4, 0, 0, 28, 24.59
2026/04/14 11:28:00.877, 0, 6470, 82, 77, 46, 69.99
2026/04/14 11:28:00.883, 1, 4, 0, 0, 28, 24.59
2026/04/14 11:28:01.889, 0, 6470, 80, 79, 46, 168.63
2026/04/14 11:28:01.892, 1, 4, 0, 0, 28, 24.49
2026/04/14 11:28:02.900, 0, 6470, 67, 63, 46, 109.32
2026/04/14 11:28:02.903, 1, 4, 0, 0, 28, 24.59
2026/04/14 11:28:03.910, 0, 6470, 58, 52, 46, 91.27
2026/04/14 11:28:03.913, 1, 4, 0, 0, 28, 24.59
2026/04/14 11:28:04.921, 0, 6470, 45, 34, 46, 101.07
2026/04/14 11:28:04.925, 1, 4, 0, 0, 28, 24.59
2026/04/14 11:28:05.930, 0, 6470, 58, 46, 46, 60.15
2026/04/14 11:28:05.933, 1, 4, 0, 0, 28, 24.50
2026/04/14 11:28:06.941, 0, 6470, 72, 63, 46, 63.43
2026/04/14 11:28:06.943, 1, 4, 0, 0, 28, 24.60
2026/04/14 11:28:07.947, 0, 6470, 81, 76, 46, 64.58
2026/04/14 11:28:07.951, 1, 4, 0, 0, 28, 24.50
2026/04/14 11:28:08.955, 0, 6470, 74, 71, 46, 155.90
2026/04/14 11:28:08.957, 1, 4, 0, 0, 28, 24.49
2026/04/14 11:28:09.961, 0, 6470, 57, 51, 46, 109.79
2026/04/14 11:28:09.964, 1, 4, 0, 0, 28, 24.50
2026/04/14 11:28:10.970, 0, 6470, 49, 40, 46, 91.90
2026/04/14 11:28:10.973, 1, 4, 0, 0, 28, 24.50
2026/04/14 11:28:11.977, 0, 6470, 52, 38, 46, 105.97
2026/04/14 11:28:11.980, 1, 4, 0, 0, 28, 24.59
2026/04/14 11:28:12.985, 0, 6470, 70, 61, 46, 70.87
2026/04/14 11:28:12.988, 1, 4, 0, 0, 28, 24.50
2026/04/14 11:28:13.997, 0, 6470, 48, 42, 46, 81.72
2026/04/14 11:28:14.000, 1, 4, 0, 0, 28, 24.59
2026/04/14 11:28:15.003, 0, 6470, 42, 30, 46, 122.23
2026/04/14 11:28:15.007, 1, 4, 0, 0, 28, 24.39
2026/04/14 11:28:16.011, 0, 6470, 60, 48, 46, 116.23
2026/04/14 11:28:16.014, 1, 4, 0, 0, 28, 24.59
2026/04/14 11:28:17.023, 0, 6470, 68, 60, 46, 94.63
2026/04/14 11:28:17.025, 1, 4, 0, 0, 28, 24.50
2026/04/14 11:28:18.029, 0, 6470, 83, 81, 46, 110.56
2026/04/14 11:28:18.034, 1, 4, 0, 0, 28, 24.59
2026/04/14 11:28:19.038, 0, 6470, 67, 63, 47, 103.48
2026/04/14 11:28:19.040, 1, 4, 0, 0, 28, 24.50
2026/04/14 11:28:20.050, 0, 6470, 59, 54, 46, 115.43
2026/04/14 11:28:20.052, 1, 4, 0, 0, 28, 24.38
2026/04/14 11:28:21.056, 0, 6470, 44, 31, 46, 108.14
2026/04/14 11:28:21.062, 1, 4, 0, 0, 28, 24.49
2026/04/14 11:28:22.065, 0, 6470, 58, 45, 46, 115.92
2026/04/14 11:28:22.068, 1, 4, 0, 0, 28, 24.59
2026/04/14 11:28:23.076, 0, 6470, 73, 64, 46, 120.00
2026/04/14 11:28:23.079, 1, 4, 0, 0, 28, 24.59
2026/04/14 11:28:24.082, 0, 6470, 80, 74, 46, 97.78
2026/04/14 11:28:24.085, 1, 4, 0, 0, 28, 24.50
2026/04/14 11:28:25.089, 0, 6470, 75, 73, 46, 106.56
2026/04/14 11:28:25.092, 1, 4, 0, 0, 28, 24.59
2026/04/14 11:28:26.102, 0, 6470, 58, 52, 47, 104.61
2026/04/14 11:28:26.105, 1, 4, 0, 0, 28, 24.50
2026/04/14 11:28:27.109, 0, 6470, 51, 42, 46, 112.69
2026/04/14 11:28:27.112, 1, 4, 0, 0, 28, 24.59
2026/04/14 11:28:28.116, 0, 6470, 51, 37, 46, 105.12
2026/04/14 11:28:28.119, 1, 4, 0, 0, 28, 24.59
2026/04/14 11:28:29.128, 0, 6470, 69, 59, 46, 108.84
2026/04/14 11:28:29.130, 1, 4, 0, 0, 28, 24.68
2026/04/14 11:28:30.134, 0, 6470, 74, 65, 46, 105.10
2026/04/14 11:28:30.137, 1, 4, 0, 0, 28, 24.59
2026/04/14 11:28:31.141, 0, 6470, 82, 80, 46, 77.33
2026/04/14 11:28:31.144, 1, 4, 0, 0, 28, 24.59
2026/04/14 11:28:32.156, 0, 6470, 63, 58, 46, 106.18
2026/04/14 11:28:32.159, 1, 4, 0, 0, 28, 24.59
2026/04/14 11:28:33.162, 0, 6470, 56, 51, 46, 136.42
2026/04/14 11:28:33.165, 1, 4, 0, 0, 28, 24.50
2026/04/14 11:28:34.169, 0, 6470, 44, 31, 46, 112.55
2026/04/14 11:28:34.686, 1, 4, 0, 0, 28, 24.49
2026/04/14 11:28:36.086, 0, 6470, 71, 62, 46, 66.21
2026/04/14 11:28:36.098, 1, 4, 0, 0, 28, 24.59
2026/04/14 11:28:37.114, 0, 6470, 82, 82, 46, 112.07
2026/04/14 11:28:37.128, 1, 4, 0, 0, 28, 24.50
2026/04/14 11:28:38.143, 0, 6470, 66, 62, 46, 68.16
2026/04/14 11:28:38.156, 1, 4, 0, 0, 28, 24.59
2026/04/14 11:28:39.168, 0, 6470, 61, 56, 46, 160.72
2026/04/14 11:28:39.180, 1, 4, 0, 0, 28, 24.50
2026/04/14 11:28:40.192, 0, 6470, 43, 31, 46, 112.09
2026/04/14 11:28:40.203, 1, 4, 0, 0, 28, 24.58
2026/04/14 11:28:41.216, 0, 6470, 66, 61, 46, 108.16
2026/04/14 11:28:41.229, 1, 4, 0, 0, 28, 24.59
2026/04/14 11:28:42.247, 0, 6470, 59, 54, 46, 91.24
2026/04/14 11:28:42.260, 1, 4, 0, 0, 28, 24.59
2026/04/14 11:28:43.273, 0, 6470, 43, 31, 46, 110.26
2026/04/14 11:28:43.284, 1, 4, 0, 0, 28, 24.59
2026/04/14 11:28:44.298, 0, 6470, 61, 49, 46, 106.90
2026/04/14 11:28:44.311, 1, 4, 0, 0, 28, 24.59
2026/04/14 11:28:45.325, 0, 6470, 69, 60, 46, 61.10
2026/04/14 11:28:45.337, 1, 4, 0, 0, 28, 24.59
2026/04/14 11:28:46.358, 0, 6470, 83, 82, 46, 84.47
2026/04/14 11:28:46.374, 1, 4, 0, 0, 28, 24.50
2026/04/14 11:28:47.387, 0, 6470, 67, 63, 46, 67.38
2026/04/14 11:28:47.401, 1, 4, 0, 0, 28, 24.59
2026/04/14 11:28:48.414, 0, 6470, 69, 60, 46, 101.06
2026/04/14 11:28:48.427, 1, 4, 0, 0, 28, 24.59
2026/04/14 11:28:49.446, 0, 6470, 83, 82, 47, 79.15
2026/04/14 11:28:49.458, 1, 4, 0, 0, 28, 24.50
2026/04/14 11:28:50.473, 0, 6470, 67, 62, 46, 164.27
2026/04/14 11:28:50.486, 1, 4, 0, 0, 28, 24.59
2026/04/14 11:28:51.499, 0, 6470, 59, 55, 46, 115.43
2026/04/14 11:28:51.512, 1, 4, 0, 0, 28, 24.59
2026/04/14 11:28:52.526, 0, 6470, 42, 29, 46, 110.10
2026/04/14 11:28:52.539, 1, 4, 0, 0, 28, 24.49
2026/04/14 11:28:53.551, 0, 6470, 58, 46, 46, 78.27
2026/04/14 11:28:53.565, 1, 4, 0, 0, 28, 24.59
2026/04/14 11:28:54.578, 0, 6470, 70, 60, 46, 100.10
2026/04/14 11:28:54.591, 1, 4, 0, 0, 28, 24.50
2026/04/14 11:28:55.603, 0, 6470, 42, 29, 46, 112.93
2026/04/14 11:28:55.618, 1, 4, 0, 0, 28, 24.59
2026/04/14 11:28:56.639, 0, 6470, 58, 46, 46, 60.91
2026/04/14 11:28:56.656, 1, 4, 0, 0, 28, 24.59
2026/04/14 11:28:57.670, 0, 6470, 70, 60, 46, 83.30
2026/04/14 11:28:57.683, 1, 4, 0, 0, 28, 24.60
2026/04/14 11:28:58.695, 0, 6470, 82, 77, 46, 69.32
2026/04/14 11:28:58.709, 1, 4, 0, 0, 28, 24.60
2026/04/14 11:28:59.722, 0, 6470, 72, 69, 46, 100.68
2026/04/14 11:28:59.736, 1, 4, 0, 0, 28, 24.59
2026/04/14 11:29:00.749, 0, 6470, 57, 51, 47, 81.33
2026/04/14 11:29:00.762, 1, 4, 0, 0, 28, 24.60
2026/04/14 11:29:01.781, 0, 6470, 53, 45, 46, 160.31
2026/04/14 11:29:01.794, 1, 4, 0, 0, 28, 24.59
2026/04/14 11:29:02.809, 0, 6470, 45, 38, 45, 114.28
2026/04/14 11:29:02.826, 1, 4, 0, 0, 28, 24.59
2026/04/14 11:29:03.840, 0, 6470, 48, 34, 46, 60.15
2026/04/14 11:29:03.853, 1, 4, 0, 0, 28, 24.60
2026/04/14 11:29:04.865, 0, 6470, 60, 48, 46, 81.65
2026/04/14 11:29:04.883, 1, 4, 0, 0, 28, 24.59
2026/04/14 11:29:05.900, 0, 6470, 72, 63, 46, 84.84
2026/04/14 11:29:05.910, 1, 4, 0, 0, 28, 24.50
2026/04/14 11:29:06.922, 0, 6470, 70, 61, 46, 64.00
2026/04/14 11:29:06.935, 1, 4, 0, 0, 28, 24.59
2026/04/14 11:29:07.948, 0, 6470, 82, 78, 46, 138.46
2026/04/14 11:29:07.960, 1, 4, 0, 0, 28, 24.60
2026/04/14 11:29:08.973, 0, 6470, 80, 79, 46, 126.79
2026/04/14 11:29:08.985, 1, 4, 0, 0, 28, 24.58
2026/04/14 11:29:10.002, 0, 6470, 68, 63, 46, 112.01
2026/04/14 11:29:10.015, 1, 4, 0, 0, 28, 24.59
2026/04/14 11:29:11.034, 0, 6470, 58, 52, 46, 107.16
2026/04/14 11:29:11.051, 1, 4, 0, 0, 28, 24.49
2026/04/14 11:29:12.064, 0, 6470, 45, 34, 46, 100.32
2026/04/14 11:29:12.077, 1, 4, 0, 0, 28, 24.59
2026/04/14 11:29:13.094, 0, 6470, 56, 44, 46, 100.39
2026/04/14 11:29:13.108, 1, 4, 0, 0, 28, 24.69
2026/04/14 11:29:14.122, 0, 6470, 72, 64, 46, 112.88
2026/04/14 11:29:14.136, 1, 4, 0, 0, 28, 24.59
2026/04/14 11:29:15.150, 0, 6470, 80, 73, 46, 61.20
2026/04/14 11:29:15.163, 1, 4, 0, 0, 28, 24.59
2026/04/14 11:29:16.179, 0, 6470, 76, 73, 46, 76.99
2026/04/14 11:29:16.192, 1, 4, 0, 0, 28, 24.59
2026/04/14 11:29:17.208, 0, 6470, 73, 64, 46, 84.85
2026/04/14 11:29:17.221, 1, 4, 0, 0, 28, 24.60
2026/04/14 11:29:18.237, 0, 6470, 80, 74, 46, 60.33
2026/04/14 11:29:18.251, 1, 4, 0, 0, 28, 24.59
2026/04/14 11:29:19.264, 0, 6470, 75, 73, 46, 108.75
2026/04/14 11:29:19.277, 1, 4, 0, 0, 28, 24.50
2026/04/14 11:29:20.293, 0, 6470, 57, 52, 46, 155.01
2026/04/14 11:29:20.306, 1, 4, 0, 0, 28, 24.48
2026/04/14 11:29:21.319, 0, 6470, 51, 43, 46, 114.97
2026/04/14 11:29:21.333, 1, 4, 0, 0, 28, 24.49
2026/04/14 11:29:22.346, 0, 6470, 48, 34, 46, 107.89
2026/04/14 11:29:22.360, 1, 4, 0, 0, 28, 24.59
2026/04/14 11:29:23.373, 0, 6470, 67, 56, 46, 83.23
2026/04/14 11:29:23.386, 1, 4, 0, 0, 28, 24.59
2026/04/14 11:29:24.404, 0, 6470, 51, 42, 46, 103.52
2026/04/14 11:29:24.418, 1, 4, 0, 0, 28, 24.59
2026/04/14 11:29:25.433, 0, 6470, 49, 35, 46, 109.42
2026/04/14 11:29:25.446, 1, 4, 0, 0, 28, 24.59
2026/04/14 11:29:26.461, 0, 6470, 67, 57, 46, 60.43
2026/04/14 11:29:26.473, 1, 4, 0, 0, 28, 24.59
2026/04/14 11:29:27.491, 0, 6470, 73, 63, 46, 94.36
2026/04/14 11:29:27.506, 1, 4, 0, 0, 28, 24.60
2026/04/14 11:29:28.519, 0, 6470, 82, 81, 46, 73.46
2026/04/14 11:29:28.536, 1, 4, 0, 0, 28, 24.59
2026/04/14 11:29:29.555, 0, 6470, 66, 61, 46, 107.62
2026/04/14 11:29:29.571, 1, 4, 0, 0, 28, 24.59
2026/04/14 11:29:30.584, 0, 6470, 73, 64, 46, 79.73
2026/04/14 11:29:30.599, 1, 4, 0, 0, 28, 24.60
2026/04/14 11:29:31.614, 0, 6470, 82, 81, 46, 166.54
2026/04/14 11:29:31.628, 1, 4, 0, 0, 28, 24.59
2026/04/14 11:29:32.644, 0, 6470, 64, 59, 46, 134.22
2026/04/14 11:29:32.659, 1, 4, 0, 0, 28, 24.58
2026/04/14 11:29:33.675, 0, 6470, 57, 51, 46, 111.39
2026/04/14 11:29:33.699, 1, 4, 0, 0, 28, 24.49
2026/04/14 11:29:34.713, 0, 6470, 45, 32, 46, 104.23
2026/04/14 11:29:34.727, 1, 4, 0, 0, 28, 24.49
2026/04/14 11:29:35.740, 0, 6470, 66, 55, 46, 108.94
2026/04/14 11:29:35.758, 1, 4, 0, 0, 28, 24.50
2026/04/14 11:29:36.789, 0, 6470, 53, 45, 46, 113.83
2026/04/14 11:29:36.802, 1, 4, 0, 0, 28, 24.60
2026/04/14 11:29:37.816, 0, 6470, 49, 35, 46, 105.02
2026/04/14 11:29:37.847, 1, 4, 0, 0, 28, 24.59
2026/04/14 11:29:38.861, 0, 6470, 67, 57, 45, 120.33
2026/04/14 11:29:38.879, 1, 4, 0, 0, 28, 24.49
2026/04/14 11:29:39.896, 0, 6470, 73, 63, 46, 60.53
2026/04/14 11:29:39.909, 1, 4, 0, 0, 28, 24.49
2026/04/14 11:29:40.925, 0, 6470, 82, 81, 46, 79.14
2026/04/14 11:29:40.941, 1, 4, 0, 0, 28, 24.59
2026/04/14 11:29:41.957, 0, 6470, 68, 58, 46, 80.02
2026/04/14 11:29:41.971, 1, 4, 0, 0, 28, 24.60
2026/04/14 11:29:42.987, 0, 6470, 74, 64, 46, 102.48
2026/04/14 11:29:43.002, 1, 4, 0, 0, 28, 24.59
2026/04/14 11:29:44.017, 0, 6470, 82, 81, 47, 82.14
2026/04/14 11:29:44.032, 1, 4, 0, 0, 28, 24.50
2026/04/14 11:29:45.053, 0, 6470, 64, 60, 46, 165.10
2026/04/14 11:29:45.068, 1, 4, 0, 0, 28, 24.59
2026/04/14 11:29:46.081, 0, 6470, 58, 53, 46, 114.10
2026/04/14 11:29:46.094, 1, 4, 0, 0, 28, 24.59
2026/04/14 11:29:47.107, 0, 6470, 43, 30, 46, 110.17
2026/04/14 11:29:47.119, 1, 4, 0, 0, 28, 24.49
2026/04/14 11:29:48.139, 0, 6470, 60, 49, 46, 100.71
2026/04/14 11:29:48.152, 1, 4, 0, 0, 28, 24.59
2026/04/14 11:29:49.164, 0, 6470, 57, 52, 46, 122.96
2026/04/14 11:29:49.177, 1, 4, 0, 0, 28, 24.59
2026/04/14 11:29:50.191, 0, 6470, 30, 20, 45, 43.10
2026/04/14 11:29:50.203, 1, 4, 0, 0, 28, 24.60
2026/04/14 11:29:51.216, 0, 6470, 48, 42, 45, 82.72
2026/04/14 11:29:51.228, 1, 4, 0, 0, 28, 24.59
2026/04/14 11:29:52.249, 0, 6470, 49, 35, 45, 118.11
2026/04/14 11:29:52.261, 1, 4, 0, 0, 28, 24.69
2026/04/14 11:29:53.274, 0, 6470, 67, 57, 46, 103.46
2026/04/14 11:29:53.287, 1, 4, 0, 0, 28, 24.49
2026/04/14 11:29:54.312, 0, 6470, 72, 63, 46, 112.54
2026/04/14 11:29:54.355, 1, 4, 0, 0, 28, 24.59
2026/04/14 11:29:55.387, 0, 6470, 49, 35, 46, 107.29
2026/04/14 11:29:55.401, 1, 4, 0, 0, 28, 24.59
2026/04/14 11:29:56.413, 0, 6470, 67, 57, 46, 60.62
2026/04/14 11:29:56.426, 1, 4, 0, 0, 28, 24.59
2026/04/14 11:29:57.438, 0, 6470, 73, 64, 46, 79.99
2026/04/14 11:29:57.452, 1, 4, 0, 0, 28, 24.60
2026/04/14 11:29:58.465, 0, 6470, 82, 81, 46, 84.52
2026/04/14 11:29:58.479, 1, 4, 0, 0, 28, 24.60
2026/04/14 11:29:59.491, 0, 6470, 64, 59, 46, 58.20
2026/04/14 11:29:59.506, 1, 4, 0, 0, 28, 24.59
2026/04/14 11:30:00.518, 0, 6470, 57, 52, 46, 113.54
2026/04/14 11:30:00.532, 1, 4, 0, 0, 28, 24.59
2026/04/14 11:30:01.544, 0, 6470, 81, 80, 46, 152.68
2026/04/14 11:30:01.557, 1, 4, 0, 0, 28, 24.58
2026/04/14 11:30:02.569, 0, 6470, 63, 58, 46, 109.52
2026/04/14 11:30:02.581, 1, 4, 0, 0, 28, 24.49
2026/04/14 11:30:03.595, 0, 6470, 55, 49, 46, 104.88
2026/04/14 11:30:03.612, 1, 4, 0, 0, 28, 24.59
2026/04/14 11:30:04.629, 0, 6470, 46, 33, 46, 96.59
2026/04/14 11:30:04.642, 1, 4, 0, 0, 28, 24.60
2026/04/14 11:30:05.657, 0, 6470, 65, 54, 46, 101.05
2026/04/14 11:30:05.671, 1, 4, 0, 0, 28, 24.59
2026/04/14 11:30:06.683, 0, 6470, 72, 62, 45, 110.58
2026/04/14 11:30:06.696, 1, 4, 0, 0, 28, 24.59
2026/04/14 11:30:07.707, 0, 6470, 82, 81, 46, 71.82
2026/04/14 11:30:07.720, 1, 4, 0, 0, 28, 24.50
2026/04/14 11:30:08.734, 0, 6470, 67, 62, 46, 63.92
2026/04/14 11:30:08.746, 1, 4, 0, 0, 28, 24.50
2026/04/14 11:30:09.760, 0, 6470, 69, 59, 46, 103.62
2026/04/14 11:30:09.774, 1, 4, 0, 0, 28, 24.50
2026/04/14 11:30:10.786, 0, 6470, 78, 71, 46, 82.54
2026/04/14 11:30:10.800, 1, 4, 0, 0, 28, 24.50
2026/04/14 11:30:11.816, 0, 6470, 82, 80, 46, 159.65
2026/04/14 11:30:11.828, 1, 4, 0, 0, 28, 24.58
2026/04/14 11:30:12.841, 0, 6470, 71, 68, 46, 111.98
2026/04/14 11:30:12.855, 1, 4, 0, 0, 28, 24.59
2026/04/14 11:30:13.869, 0, 6470, 61, 56, 46, 111.43
2026/04/14 11:30:13.886, 1, 4, 0, 0, 28, 24.59
2026/04/14 11:30:14.899, 0, 6470, 60, 55, 46, 79.82
2026/04/14 11:30:14.912, 1, 4, 0, 0, 28, 24.59
2026/04/14 11:30:15.925, 0, 6470, 47, 37, 46, 100.49
2026/04/14 11:30:15.940, 1, 4, 0, 0, 28, 24.59
2026/04/14 11:30:16.954, 0, 6470, 45, 32, 46, 113.31
2026/04/14 11:30:16.970, 1, 4, 0, 0, 28, 24.59
2026/04/14 11:30:17.989, 0, 6470, 59, 47, 46, 63.02
2026/04/14 11:30:18.008, 1, 4, 0, 0, 28, 24.59
2026/04/14 11:30:19.023, 0, 6470, 68, 59, 46, 87.73
2026/04/14 11:30:19.035, 1, 4, 0, 0, 28, 24.60
2026/04/14 11:30:20.048, 0, 6470, 81, 80, 46, 77.53
2026/04/14 11:30:20.063, 1, 4, 0, 0, 28, 24.60
2026/04/14 11:30:21.077, 0, 6470, 66, 62, 46, 94.54
2026/04/14 11:30:21.095, 1, 4, 0, 0, 28, 24.59
2026/04/14 11:30:22.109, 0, 6470, 60, 55, 46, 83.48
2026/04/14 11:30:22.142, 1, 4, 0, 0, 28, 24.59
2026/04/14 11:30:23.189, 0, 6470, 82, 81, 46, 67.20
2026/04/14 11:30:23.204, 1, 4, 0, 0, 28, 24.69
2026/04/14 11:30:24.223, 0, 6470, 66, 61, 46, 110.81
2026/04/14 11:30:24.238, 1, 4, 0, 0, 28, 24.50
2026/04/14 11:30:25.251, 0, 6470, 61, 56, 46, 144.60
2026/04/14 11:30:25.265, 1, 4, 0, 0, 28, 24.48
2026/04/14 11:30:26.281, 0, 6470, 43, 30, 46, 112.59
2026/04/14 11:30:26.294, 1, 4, 0, 0, 28, 24.49
2026/04/14 11:30:27.308, 0, 6470, 59, 48, 46, 104.50
2026/04/14 11:30:27.322, 1, 4, 0, 0, 28, 24.59
2026/04/14 11:30:28.335, 0, 6470, 59, 54, 46, 109.54
2026/04/14 11:30:28.347, 1, 4, 0, 0, 28, 24.49
2026/04/14 11:30:29.359, 0, 6470, 43, 31, 46, 102.02
2026/04/14 11:30:29.370, 1, 4, 0, 0, 28, 24.59
2026/04/14 11:30:30.382, 0, 6470, 61, 50, 46, 84.70
2026/04/14 11:30:30.396, 1, 4, 0, 0, 28, 24.59
2026/04/14 11:30:31.409, 0, 6470, 70, 61, 46, 86.46
2026/04/14 11:30:31.420, 1, 4, 0, 0, 28, 24.59
2026/04/14 11:30:32.438, 0, 6470, 82, 81, 46, 70.56
2026/04/14 11:30:32.452, 1, 4, 0, 0, 28, 24.60
2026/04/14 11:30:33.466, 0, 6470, 66, 62, 46, 92.89
2026/04/14 11:30:33.486, 1, 4, 0, 0, 28, 24.59
2026/04/14 11:30:34.503, 0, 6470, 60, 56, 46, 78.56
2026/04/14 11:30:34.534, 1, 4, 0, 0, 28, 24.59
2026/04/14 11:30:35.547, 0, 6470, 82, 81, 46, 139.59
2026/04/14 11:30:35.559, 1, 4, 0, 0, 28, 24.50
2026/04/14 11:30:36.573, 0, 6470, 66, 61, 46, 137.80
2026/04/14 11:30:36.585, 1, 4, 0, 0, 28, 24.58
2026/04/14 11:30:37.598, 0, 6470, 60, 55, 46, 111.59
2026/04/14 11:30:37.612, 1, 4, 0, 0, 28, 24.69
2026/04/14 11:30:38.630, 0, 6470, 43, 31, 46, 105.59
2026/04/14 11:30:38.643, 1, 4, 0, 0, 28, 24.59
2026/04/14 11:30:39.657, 0, 6470, 60, 48, 46, 70.67
2026/04/14 11:30:39.680, 1, 4, 0, 0, 28, 24.60
2026/04/14 11:30:40.706, 0, 6470, 73, 64, 46, 109.46
2026/04/14 11:30:40.718, 1, 4, 0, 0, 28, 24.59
2026/04/14 11:30:41.737, 0, 6470, 80, 73, 46, 61.90
2026/04/14 11:30:41.751, 1, 4, 0, 0, 28, 24.50
2026/04/14 11:30:42.764, 0, 6470, 75, 72, 46, 133.32
2026/04/14 11:30:42.776, 1, 4, 0, 0, 28, 24.50
2026/04/14 11:30:43.787, 0, 6470, 57, 52, 46, 116.90
2026/04/14 11:30:43.801, 1, 4, 0, 0, 28, 24.58
2026/04/14 11:30:44.813, 0, 6470, 49, 40, 46, 112.57
2026/04/14 11:30:44.829, 1, 4, 0, 0, 28, 24.59
2026/04/14 11:30:45.846, 0, 6470, 51, 37, 46, 103.04
2026/04/14 11:30:45.860, 1, 4, 0, 0, 28, 24.59
2026/04/14 11:30:46.874, 0, 6470, 69, 60, 46, 122.40
2026/04/14 11:30:46.885, 1, 4, 0, 0, 28, 24.59
2026/04/14 11:30:47.925, 0, 6470, 47, 37, 46, 111.79
2026/04/14 11:30:47.938, 1, 4, 0, 0, 28, 24.69
2026/04/14 11:30:48.954, 0, 6470, 55, 42, 46, 109.23
2026/04/14 11:30:48.975, 1, 4, 0, 0, 28, 24.59
2026/04/14 11:30:49.988, 0, 6470, 72, 64, 45, 60.90
2026/04/14 11:30:50.013, 1, 4, 0, 0, 28, 24.49
2026/04/14 11:30:51.033, 0, 6470, 79, 74, 46, 71.55
2026/04/14 11:30:51.062, 1, 4, 0, 0, 28, 24.59
2026/04/14 11:30:52.082, 0, 6470, 57, 45, 46, 85.75
2026/04/14 11:30:52.096, 1, 4, 0, 0, 28, 24.59
2026/04/14 11:30:53.110, 0, 6470, 67, 59, 46, 108.64
2026/04/14 11:30:53.124, 1, 4, 0, 0, 28, 24.60
2026/04/14 11:30:54.142, 0, 6470, 83, 81, 46, 59.17
2026/04/14 11:30:54.156, 1, 4, 0, 0, 28, 24.59
2026/04/14 11:30:55.169, 0, 6470, 67, 62, 47, 122.25
2026/04/14 11:30:55.181, 1, 4, 0, 0, 28, 24.50
2026/04/14 11:30:56.195, 0, 6470, 60, 55, 46, 112.49
2026/04/14 11:30:56.209, 1, 4, 0, 0, 28, 24.58
2026/04/14 11:30:57.222, 0, 6470, 43, 31, 46, 112.01
2026/04/14 11:30:57.247, 1, 4, 0, 0, 28, 24.59
2026/04/14 11:30:58.260, 0, 6470, 61, 49, 46, 99.70
2026/04/14 11:30:58.273, 1, 4, 0, 0, 28, 24.59
2026/04/14 11:30:59.287, 0, 6470, 57, 52, 46, 123.93
2026/04/14 11:30:59.300, 1, 4, 0, 0, 28, 24.59
2026/04/14 11:31:00.321, 0, 6470, 44, 31, 46, 100.97
2026/04/14 11:31:00.338, 1, 4, 0, 0, 28, 24.59
2026/04/14 11:31:01.353, 0, 6470, 62, 51, 46, 116.33
2026/04/14 11:31:01.367, 1, 4, 0, 0, 28, 24.59
2026/04/14 11:31:02.403, 0, 6470, 70, 61, 46, 97.20
2026/04/14 11:31:02.417, 1, 4, 0, 0, 28, 24.59
2026/04/14 11:31:03.432, 0, 6470, 82, 82, 46, 71.42
2026/04/14 11:31:03.446, 1, 4, 0, 0, 28, 24.60
2026/04/14 11:31:04.459, 0, 6470, 64, 53, 46, 63.52
2026/04/14 11:31:04.475, 1, 4, 0, 0, 28, 24.59
2026/04/14 11:31:05.489, 0, 6470, 73, 63, 46, 103.17
2026/04/14 11:31:05.507, 1, 4, 0, 0, 28, 24.59
2026/04/14 11:31:06.523, 0, 6470, 82, 82, 46, 68.17
2026/04/14 11:31:06.554, 1, 4, 0, 0, 28, 24.69
2026/04/14 11:31:07.569, 0, 6470, 68, 64, 46, 75.89
2026/04/14 11:31:07.583, 1, 4, 0, 0, 28, 24.50
2026/04/14 11:31:08.598, 0, 6470, 58, 51, 47, 99.04
2026/04/14 11:31:08.613, 1, 4, 0, 0, 28, 24.60
2026/04/14 11:31:09.628, 0, 6470, 55, 48, 46, 154.23
2026/04/14 11:31:09.645, 1, 4, 0, 0, 28, 24.59
2026/04/14 11:31:10.664, 0, 6470, 82, 81, 46, 161.91
2026/04/14 11:31:10.677, 1, 4, 0, 0, 28, 24.49
2026/04/14 11:31:11.714, 0, 6470, 68, 64, 46, 161.30
2026/04/14 11:31:11.729, 1, 4, 0, 0, 28, 24.49
2026/04/14 11:31:12.742, 0, 6470, 60, 53, 46, 117.36
2026/04/14 11:31:12.754, 1, 4, 0, 0, 28, 24.69
2026/04/14 11:31:13.768, 0, 6470, 49, 39, 46, 113.33
2026/04/14 11:31:13.779, 1, 4, 0, 0, 28, 24.59
2026/04/14 11:31:14.791, 0, 6470, 43, 31, 46, 104.99
2026/04/14 11:31:14.826, 1, 4, 0, 0, 28, 24.59
2026/04/14 11:31:15.841, 0, 6470, 60, 48, 46, 108.92
2026/04/14 11:31:15.885, 1, 4, 0, 0, 28, 24.59
2026/04/14 11:31:16.898, 0, 6470, 56, 50, 46, 110.08
2026/04/14 11:31:16.914, 1, 4, 0, 0, 28, 24.59
2026/04/14 11:31:17.926, 0, 6470, 57, 52, 46, 77.61
2026/04/14 11:31:17.943, 1, 4, 0, 0, 28, 24.59
2026/04/14 11:31:18.964, 0, 6470, 43, 31, 46, 125.24
2026/04/14 11:31:18.979, 1, 4, 0, 0, 28, 24.60
2026/04/14 11:31:19.992, 0, 6470, 48, 34, 46, 103.28
2026/04/14 11:31:20.005, 1, 4, 0, 0, 28, 24.59
2026/04/14 11:31:21.018, 0, 6470, 59, 48, 45, 70.06
2026/04/14 11:31:21.031, 1, 4, 0, 0, 28, 24.59
2026/04/14 11:31:22.047, 0, 6470, 71, 62, 46, 78.58
2026/04/14 11:31:22.060, 1, 4, 0, 0, 28, 24.50
2026/04/14 11:31:23.078, 0, 6470, 70, 60, 46, 62.63
2026/04/14 11:31:23.093, 1, 4, 0, 0, 28, 24.59
2026/04/14 11:31:24.108, 0, 6470, 82, 77, 46, 108.70
2026/04/14 11:31:24.126, 1, 4, 0, 0, 28, 24.60
2026/04/14 11:31:25.139, 0, 6470, 78, 76, 47, 74.92
2026/04/14 11:31:25.153, 1, 4, 0, 0, 28, 24.49
2026/04/14 11:31:26.174, 0, 6470, 59, 53, 47, 133.58
2026/04/14 11:31:26.207, 1, 4, 0, 0, 28, 24.50
2026/04/14 11:31:27.235, 0, 6470, 52, 45, 46, 129.07
2026/04/14 11:31:27.264, 1, 4, 0, 0, 28, 24.50
2026/04/14 11:31:28.278, 0, 6470, 48, 42, 46, 83.79
2026/04/14 11:31:28.306, 1, 4, 0, 0, 28, 24.59
2026/04/14 11:31:29.319, 0, 6470, 60, 49, 46, 112.90
2026/04/14 11:31:29.333, 1, 4, 0, 0, 28, 24.59
2026/04/14 11:31:30.363, 0, 6470, 69, 60, 45, 90.47
2026/04/14 11:31:30.377, 1, 4, 0, 0, 28, 24.59
2026/04/14 11:31:31.393, 0, 6470, 83, 81, 46, 70.66
2026/04/14 11:31:31.407, 1, 4, 0, 0, 28, 24.60
2026/04/14 11:31:32.419, 0, 6470, 67, 63, 46, 63.51
2026/04/14 11:31:32.432, 1, 4, 0, 0, 28, 24.59
2026/04/14 11:31:33.451, 0, 6470, 69, 60, 46, 109.57
2026/04/14 11:31:33.465, 1, 4, 0, 0, 28, 24.59
2026/04/14 11:31:34.480, 0, 6470, 83, 82, 46, 72.68
2026/04/14 11:31:34.495, 1, 4, 0, 0, 28, 24.49
2026/04/14 11:31:35.508, 0, 6470, 67, 62, 46, 165.64
2026/04/14 11:31:35.521, 1, 4, 0, 0, 28, 24.59
2026/04/14 11:31:36.535, 0, 6470, 60, 56, 46, 113.31
2026/04/14 11:31:36.548, 1, 4, 0, 0, 28, 24.58
2026/04/14 11:31:37.568, 0, 6470, 43, 30, 46, 112.11
2026/04/14 11:31:37.582, 1, 4, 0, 0, 28, 24.69
2026/04/14 11:31:38.596, 0, 6470, 58, 46, 46, 100.20
2026/04/14 11:31:38.611, 1, 4, 0, 0, 28, 24.49
2026/04/14 11:31:39.622, 0, 6470, 60, 56, 46, 125.72
2026/04/14 11:31:39.636, 1, 4, 0, 0, 28, 24.59
2026/04/14 11:31:40.682, 0, 6470, 42, 30, 46, 118.96
2026/04/14 11:31:40.694, 1, 4, 0, 0, 28, 24.60
2026/04/14 11:31:41.707, 0, 6470, 59, 47, 46, 104.04
2026/04/14 11:31:41.721, 1, 4, 0, 0, 28, 24.59
2026/04/14 11:31:42.740, 0, 6470, 68, 59, 46, 96.62
2026/04/14 11:31:42.755, 1, 4, 0, 0, 28, 24.59
2026/04/14 11:31:43.768, 0, 6470, 82, 79, 46, 72.10
2026/04/14 11:31:43.781, 1, 4, 0, 0, 28, 24.60
2026/04/14 11:31:44.798, 0, 6470, 69, 66, 46, 59.75
2026/04/14 11:31:44.810, 1, 4, 0, 0, 28, 24.59
2026/04/14 11:31:45.828, 0, 6470, 68, 59, 46, 110.28
2026/04/14 11:31:45.841, 1, 4, 0, 0, 28, 24.59
2026/04/14 11:31:46.855, 0, 6470, 82, 78, 46, 73.46
2026/04/14 11:31:46.868, 1, 4, 0, 0, 28, 24.49
2026/04/14 11:31:47.884, 0, 6470, 69, 66, 47, 145.58
2026/04/14 11:31:47.899, 1, 4, 0, 0, 28, 24.49
2026/04/14 11:31:48.945, 0, 6470, 58, 52, 46, 143.08
2026/04/14 11:31:48.965, 1, 4, 0, 0, 28, 24.50
2026/04/14 11:31:50.003, 0, 6470, 81, 79, 46, 154.44
2026/04/14 11:31:50.017, 1, 4, 0, 0, 28, 24.59
2026/04/14 11:31:51.031, 0, 6470, 69, 65, 46, 138.33
2026/04/14 11:31:51.051, 1, 4, 0, 0, 28, 24.69
2026/04/14 11:31:52.067, 0, 6470, 58, 52, 46, 110.29
2026/04/14 11:31:52.081, 1, 4, 0, 0, 28, 24.49
2026/04/14 11:31:53.096, 0, 6470, 45, 33, 46, 107.58
2026/04/14 11:31:53.107, 1, 4, 0, 0, 28, 24.59
2026/04/14 11:31:54.126, 0, 6470, 57, 45, 46, 77.99
2026/04/14 11:31:54.137, 1, 4, 0, 0, 28, 24.59
2026/04/14 11:31:55.150, 0, 6470, 72, 63, 46, 100.58
2026/04/14 11:31:55.163, 1, 4, 0, 0, 28, 24.59
2026/04/14 11:31:56.177, 0, 6470, 81, 76, 46, 117.03
2026/04/14 11:31:56.188, 1, 4, 0, 0, 28, 24.59
2026/04/14 11:31:57.200, 0, 6470, 58, 45, 46, 69.42
2026/04/14 11:31:57.213, 1, 4, 0, 0, 28, 24.60
2026/04/14 11:31:58.225, 0, 6470, 72, 64, 46, 62.15
2026/04/14 11:31:58.237, 1, 4, 0, 0, 28, 24.59
2026/04/14 11:31:59.249, 0, 6470, 81, 75, 46, 107.23
2026/04/14 11:31:59.261, 1, 4, 0, 0, 28, 24.59
2026/04/14 11:32:00.280, 0, 6470, 75, 72, 47, 74.61
2026/04/14 11:32:00.292, 1, 4, 0, 0, 28, 24.50
2026/04/14 11:32:01.321, 0, 6470, 58, 52, 47, 97.33
2026/04/14 11:32:01.336, 1, 4, 0, 0, 28, 24.59
2026/04/14 11:32:02.373, 0, 6470, 80, 74, 46, 131.82
2026/04/14 11:32:02.389, 1, 4, 0, 0, 28, 24.50
2026/04/14 11:32:03.406, 0, 6470, 76, 73, 46, 158.88
2026/04/14 11:32:03.419, 1, 4, 0, 0, 28, 24.49
2026/04/14 11:32:04.432, 0, 6470, 58, 52, 46, 109.61
2026/04/14 11:32:04.444, 1, 4, 0, 0, 28, 24.59
2026/04/14 11:32:05.459, 0, 6470, 52, 43, 46, 107.48
2026/04/14 11:32:05.472, 1, 4, 0, 0, 28, 24.59
2026/04/14 11:32:06.484, 0, 6470, 49, 35, 46, 101.98
2026/04/14 11:32:06.497, 1, 4, 0, 0, 28, 24.59
2026/04/14 11:32:07.512, 0, 6470, 68, 57, 46, 101.01
2026/04/14 11:32:07.523, 1, 4, 0, 0, 28, 24.59
2026/04/14 11:32:08.537, 0, 6470, 73, 63, 46, 117.74
2026/04/14 11:32:08.555, 1, 4, 0, 0, 28, 24.49
2026/04/14 11:32:09.568, 0, 6470, 50, 36, 46, 64.57
2026/04/14 11:32:09.593, 1, 4, 0, 0, 28, 24.59
2026/04/14 11:32:10.604, 0, 6470, 68, 57, 46, 94.79
2026/04/14 11:32:10.628, 1, 4, 0, 0, 28, 24.60
2026/04/14 11:32:11.646, 0, 6470, 72, 63, 46, 60.52
2026/04/14 11:32:11.661, 1, 4, 0, 0, 28, 24.49
2026/04/14 11:32:12.674, 0, 6470, 82, 80, 46, 109.82
2026/04/14 11:32:12.693, 1, 4, 0, 0, 28, 24.60
2026/04/14 11:32:13.728, 0, 6470, 65, 60, 46, 102.94
2026/04/14 11:32:13.742, 1, 4, 0, 0, 28, 24.50
2026/04/14 11:32:14.761, 0, 6470, 73, 64, 46, 79.24
2026/04/14 11:32:14.774, 1, 4, 0, 0, 28, 24.60
2026/04/14 11:32:15.796, 0, 6470, 82, 80, 47, 136.64
2026/04/14 11:32:15.810, 1, 4, 0, 0, 28, 24.50
2026/04/14 11:32:16.829, 0, 6470, 46, 39, 46, 85.39
2026/04/14 11:32:16.843, 1, 4, 0, 0, 28, 24.60
2026/04/14 11:32:17.857, 0, 6470, 59, 47, 46, 100.78
2026/04/14 11:32:17.872, 1, 4, 0, 0, 28, 24.49
2026/04/14 11:32:18.890, 0, 6470, 61, 49, 46, 82.43
2026/04/14 11:32:18.903, 1, 4, 0, 0, 28, 24.59
2026/04/14 11:32:19.919, 0, 6470, 61, 48, 46, 111.12
2026/04/14 11:32:19.935, 1, 4, 0, 0, 28, 24.59
2026/04/14 11:32:20.951, 0, 6470, 77, 75, 46, 112.36
2026/04/14 11:32:20.963, 1, 4, 0, 0, 28, 24.49
2026/04/14 11:32:21.976, 0, 6470, 85, 83, 46, 170.32
2026/04/14 11:32:21.992, 1, 4, 0, 0, 28, 24.49
2026/04/14 11:32:23.006, 0, 6470, 85, 84, 47, 91.51
2026/04/14 11:32:23.019, 1, 4, 0, 0, 28, 24.50
2026/04/14 11:32:24.032, 0, 6470, 86, 82, 46, 106.31
2026/04/14 11:32:24.046, 1, 4, 0, 0, 28, 24.78
2026/04/14 11:32:25.059, 0, 6470, 77, 68, 46, 78.23
2026/04/14 11:32:25.075, 1, 4, 0, 0, 28, 24.50
2026/04/14 11:32:26.096, 0, 6470, 73, 63, 46, 75.78
2026/04/14 11:32:26.111, 1, 4, 0, 0, 28, 24.60
2026/04/14 11:32:27.126, 0, 6470, 73, 62, 46, 89.62
2026/04/14 11:32:27.141, 1, 4, 0, 0, 28, 24.59
2026/04/14 11:32:28.191, 0, 6470, 65, 54, 46, 121.39
2026/04/14 11:32:28.221, 1, 4, 0, 0, 28, 24.59
2026/04/14 11:32:29.240, 0, 6470, 53, 39, 46, 112.75
2026/04/14 11:32:29.255, 1, 4, 0, 0, 28, 24.59
2026/04/14 11:32:30.279, 0, 6470, 53, 38, 46, 117.14
2026/04/14 11:32:30.293, 1, 4, 0, 0, 28, 24.68
2026/04/14 11:32:31.309, 0, 6470, 55, 46, 46, 173.65
2026/04/14 11:32:31.323, 1, 4, 0, 0, 28, 24.69
2026/04/14 11:32:32.338, 0, 6470, 59, 54, 46, 78.08
2026/04/14 11:32:32.355, 1, 4, 0, 0, 28, 24.49
2026/04/14 11:32:33.369, 0, 6470, 74, 63, 46, 118.62
2026/04/14 11:32:33.384, 1, 4, 0, 0, 28, 24.69
2026/04/14 11:32:34.399, 0, 6470, 73, 62, 46, 69.61
2026/04/14 11:32:34.429, 1, 4, 0, 0, 28, 24.60
2026/04/14 11:32:35.447, 0, 6470, 69, 60, 46, 66.51
2026/04/14 11:32:35.459, 1, 4, 0, 0, 28, 24.60
2026/04/14 11:32:36.470, 0, 6470, 82, 81, 46, 58.79
2026/04/14 11:32:36.482, 1, 4, 0, 0, 28, 24.59
2026/04/14 11:32:37.498, 0, 6470, 66, 61, 46, 106.43
2026/04/14 11:32:37.509, 1, 4, 0, 0, 28, 24.59
2026/04/14 11:32:38.522, 0, 6470, 60, 56, 47, 79.07
2026/04/14 11:32:38.534, 1, 4, 0, 0, 28, 24.50
2026/04/14 11:32:39.551, 0, 6470, 81, 81, 47, 157.64
2026/04/14 11:32:39.563, 1, 4, 0, 0, 28, 24.59
2026/04/14 11:32:40.584, 0, 6470, 65, 61, 46, 113.60
2026/04/14 11:32:40.597, 1, 4, 0, 0, 28, 24.58
2026/04/14 11:32:41.616, 0, 6470, 60, 56, 46, 111.28
2026/04/14 11:32:41.628, 1, 4, 0, 0, 28, 24.49
2026/04/14 11:32:42.639, 0, 6470, 45, 32, 46, 104.58
2026/04/14 11:32:42.655, 1, 4, 0, 0, 28, 24.59
2026/04/14 11:32:43.668, 0, 6470, 59, 47, 46, 114.92
2026/04/14 11:32:43.680, 1, 4, 0, 0, 28, 24.60
2026/04/14 11:32:44.691, 0, 6470, 69, 59, 46, 103.08
2026/04/14 11:32:44.702, 1, 4, 0, 0, 28, 24.59
2026/04/14 11:32:45.716, 0, 6470, 82, 79, 46, 68.14
2026/04/14 11:32:45.730, 1, 4, 0, 0, 28, 24.59
2026/04/14 11:32:46.747, 0, 6470, 59, 47, 46, 83.90
2026/04/14 11:32:46.758, 1, 4, 0, 0, 28, 24.59
2026/04/14 11:32:47.769, 0, 6470, 68, 59, 46, 78.69
2026/04/14 11:32:47.782, 1, 4, 0, 0, 28, 24.60
2026/04/14 11:32:48.795, 0, 6470, 82, 81, 46, 64.53
2026/04/14 11:32:48.841, 1, 4, 0, 0, 28, 24.59
2026/04/14 11:32:49.854, 0, 6470, 67, 63, 46, 59.37
2026/04/14 11:32:49.870, 1, 4, 0, 0, 28, 24.59
2026/04/14 11:32:50.902, 0, 6470, 60, 54, 46, 75.40
2026/04/14 11:32:50.917, 1, 4, 0, 0, 28, 24.69
2026/04/14 11:32:51.935, 0, 6470, 83, 81, 47, 151.54
2026/04/14 11:32:51.948, 1, 4, 0, 0, 28, 24.59
2026/04/14 11:32:52.960, 0, 6470, 67, 62, 46, 115.62
2026/04/14 11:32:52.974, 1, 4, 0, 0, 28, 24.59
2026/04/14 11:32:53.986, 0, 6470, 60, 55, 46, 109.59
2026/04/14 11:32:54.005, 1, 4, 0, 0, 28, 24.59
2026/04/14 11:32:55.024, 0, 6470, 43, 30, 46, 105.59
2026/04/14 11:32:55.038, 1, 4, 0, 0, 28, 24.59
2026/04/14 11:32:56.052, 0, 6470, 59, 47, 46, 108.40
2026/04/14 11:32:56.066, 1, 4, 0, 0, 28, 24.50
2026/04/14 11:32:57.079, 0, 6470, 70, 60, 46, 101.36
2026/04/14 11:32:57.094, 1, 4, 0, 0, 28, 24.59
2026/04/14 11:32:58.111, 0, 6470, 43, 30, 46, 120.19
2026/04/14 11:32:58.130, 1, 4, 0, 0, 28, 24.59
2026/04/14 11:32:59.144, 0, 6470, 59, 47, 46, 62.28
2026/04/14 11:32:59.157, 1, 4, 0, 0, 28, 24.59
2026/04/14 11:33:00.176, 0, 6470, 68, 59, 46, 80.58
2026/04/14 11:33:00.190, 1, 4, 0, 0, 28, 24.60
2026/04/14 11:33:01.204, 0, 6470, 82, 78, 46, 89.19
2026/04/14 11:33:01.217, 1, 4, 0, 0, 28, 24.60
2026/04/14 11:33:02.231, 0, 6470, 70, 66, 46, 58.30
2026/04/14 11:33:02.247, 1, 4, 0, 0, 28, 24.69
2026/04/14 11:33:03.263, 0, 6470, 60, 54, 47, 113.97
2026/04/14 11:33:03.276, 1, 4, 0, 0, 28, 24.50
2026/04/14 11:33:04.289, 0, 6470, 37, 28, 46, 104.07
2026/04/14 11:33:04.320, 1, 4, 0, 0, 28, 24.59
2026/04/14 11:33:05.335, 0, 6470, 51, 39, 46, 124.32
2026/04/14 11:33:05.352, 1, 4, 0, 0, 28, 24.59
2026/04/14 11:33:06.370, 0, 6470, 51, 41, 46, 102.62
2026/04/14 11:33:06.386, 1, 4, 0, 0, 28, 24.59
2026/04/14 11:33:07.400, 0, 6470, 55, 47, 46, 110.99
2026/04/14 11:33:07.416, 1, 4, 0, 0, 28, 24.59
2026/04/14 11:33:08.434, 0, 6470, 60, 54, 46, 151.28
2026/04/14 11:33:08.473, 1, 4, 0, 0, 28, 24.50
2026/04/14 11:33:09.513, 0, 6470, 72, 62, 46, 98.96
2026/04/14 11:33:09.527, 1, 4, 0, 0, 28, 24.60
2026/04/14 11:33:10.540, 0, 6470, 73, 63, 46, 94.41
2026/04/14 11:33:10.553, 1, 4, 0, 0, 28, 24.50
2026/04/14 11:33:11.566, 0, 6470, 77, 67, 46, 59.64
2026/04/14 11:33:11.593, 1, 4, 0, 0, 28, 24.49
2026/04/14 11:33:12.609, 0, 6470, 76, 66, 46, 101.23
2026/04/14 11:33:12.624, 1, 4, 0, 0, 28, 24.58
2026/04/14 11:33:13.637, 0, 6470, 68, 56, 46, 104.83
2026/04/14 11:33:13.653, 1, 4, 0, 0, 28, 24.59
2026/04/14 11:33:14.670, 0, 6470, 79, 76, 46, 114.86
2026/04/14 11:33:14.686, 1, 4, 0, 0, 28, 24.59
2026/04/14 11:33:15.699, 0, 6470, 86, 84, 47, 127.20
2026/04/14 11:33:15.716, 1, 4, 0, 0, 28, 24.59
2026/04/14 11:33:16.735, 0, 6470, 84, 78, 47, 96.36
2026/04/14 11:33:16.751, 1, 4, 0, 0, 28, 24.59
2026/04/14 11:33:17.765, 0, 6470, 74, 63, 46, 67.50
2026/04/14 11:33:17.781, 1, 4, 0, 0, 28, 24.50
2026/04/14 11:33:18.793, 0, 6470, 77, 67, 46, 102.70
2026/04/14 11:33:18.804, 1, 4, 0, 0, 28, 24.50
2026/04/14 11:33:19.815, 0, 6470, 68, 56, 46, 86.75
2026/04/14 11:33:19.827, 1, 4, 0, 0, 28, 24.59
2026/04/14 11:33:20.840, 0, 6470, 61, 48, 46, 115.30
2026/04/14 11:33:20.852, 1, 4, 0, 0, 28, 24.59
2026/04/14 11:33:21.865, 0, 6470, 86, 84, 46, 157.67
2026/04/14 11:33:21.876, 1, 4, 0, 0, 28, 24.58
2026/04/14 11:33:22.888, 0, 6470, 83, 76, 46, 72.21
2026/04/14 11:33:22.901, 1, 4, 0, 0, 28, 24.59
2026/04/14 11:33:23.914, 0, 6470, 73, 62, 46, 66.62
2026/04/14 11:33:23.926, 1, 4, 0, 0, 28, 24.59
2026/04/14 11:33:24.939, 0, 6470, 76, 66, 46, 74.25
2026/04/14 11:33:24.951, 1, 4, 0, 0, 28, 24.59
2026/04/14 11:33:25.964, 0, 6470, 68, 56, 46, 101.07
2026/04/14 11:33:25.978, 1, 4, 0, 0, 28, 24.59
2026/04/14 11:33:26.989, 0, 6470, 59, 46, 46, 103.09
2026/04/14 11:33:27.002, 1, 4, 0, 0, 28, 24.59
2026/04/14 11:33:28.014, 0, 6470, 54, 38, 46, 111.53
2026/04/14 11:33:28.026, 1, 4, 0, 0, 28, 24.59
2026/04/14 11:33:29.038, 0, 6470, 59, 52, 47, 166.56
2026/04/14 11:33:29.052, 1, 4, 0, 0, 28, 24.59
2026/04/14 11:33:30.064, 0, 6470, 62, 55, 47, 106.96
2026/04/14 11:33:30.077, 1, 4, 0, 0, 28, 24.49
2026/04/14 11:33:31.089, 0, 6470, 72, 68, 47, 83.48
2026/04/14 11:33:31.102, 1, 4, 0, 0, 28, 24.60
2026/04/14 11:33:32.114, 0, 6470, 85, 83, 46, 116.93
2026/04/14 11:33:32.127, 1, 4, 0, 0, 28, 24.59
2026/04/14 11:33:33.140, 0, 6470, 73, 62, 46, 115.73
2026/04/14 11:33:33.153, 1, 4, 0, 0, 28, 24.59
2026/04/14 11:33:34.166, 0, 6470, 68, 57, 47, 110.29
2026/04/14 11:33:34.180, 1, 4, 0, 0, 28, 24.59
2026/04/14 11:33:35.198, 0, 6470, 55, 40, 47, 137.62
2026/04/14 11:33:35.211, 1, 4, 0, 0, 28, 24.49
2026/04/14 11:33:36.231, 0, 6470, 62, 55, 47, 79.75
2026/04/14 11:33:36.245, 1, 4, 0, 0, 28, 24.59
2026/04/14 11:33:37.260, 0, 6470, 66, 60, 46, 68.54
2026/04/14 11:33:37.277, 1, 4, 0, 0, 28, 24.50
2026/04/14 11:33:38.290, 0, 6470, 66, 54, 46, 86.20
2026/04/14 11:33:38.304, 1, 4, 0, 0, 28, 24.59
2026/04/14 11:33:39.319, 0, 6470, 71, 62, 46, 62.53
2026/04/14 11:33:39.331, 1, 4, 0, 0, 28, 24.59
2026/04/14 11:33:40.343, 0, 6470, 72, 62, 46, 101.46
2026/04/14 11:33:40.359, 1, 4, 0, 0, 28, 24.50
2026/04/14 11:33:41.374, 0, 6470, 82, 81, 46, 74.26
2026/04/14 11:33:41.389, 1, 4, 0, 0, 28, 24.49
2026/04/14 11:33:42.403, 0, 6470, 66, 61, 47, 111.18
2026/04/14 11:33:42.416, 1, 4, 0, 0, 28, 24.59
2026/04/14 11:33:43.431, 0, 6470, 59, 54, 46, 150.22
2026/04/14 11:33:43.444, 1, 4, 0, 0, 28, 24.58
2026/04/14 11:33:44.464, 0, 6470, 43, 31, 46, 114.03
2026/04/14 11:33:44.478, 1, 4, 0, 0, 28, 24.49
2026/04/14 11:33:45.491, 0, 6470, 64, 59, 46, 108.26
2026/04/14 11:33:45.506, 1, 4, 0, 0, 28, 24.59
2026/04/14 11:33:46.526, 0, 6470, 57, 51, 46, 82.80
2026/04/14 11:33:46.541, 1, 4, 0, 0, 28, 24.59
2026/04/14 11:33:47.556, 0, 6470, 44, 31, 46, 108.75
2026/04/14 11:33:47.570, 1, 4, 0, 0, 28, 24.59
2026/04/14 11:33:48.590, 0, 6470, 62, 50, 46, 102.60
2026/04/14 11:33:48.608, 1, 4, 0, 0, 28, 24.59
2026/04/14 11:33:49.623, 0, 6470, 70, 61, 46, 107.16
2026/04/14 11:33:49.638, 1, 4, 0, 0, 28, 24.59
2026/04/14 11:33:50.655, 0, 6470, 49, 43, 47, 168.13
2026/04/14 11:33:50.671, 1, 4, 0, 0, 28, 24.59
2026/04/14 11:33:51.684, 0, 6470, 74, 71, 46, 112.07
2026/04/14 11:33:51.698, 1, 4, 0, 0, 28, 24.58
2026/04/14 11:33:52.711, 0, 6470, 57, 51, 46, 110.76
2026/04/14 11:33:52.725, 1, 4, 0, 0, 28, 24.59
2026/04/14 11:33:53.744, 0, 6470, 49, 40, 46, 92.52
2026/04/14 11:33:53.759, 1, 4, 0, 0, 28, 24.59
2026/04/14 11:33:54.773, 0, 6470, 51, 37, 46, 117.86
2026/04/14 11:33:54.788, 1, 4, 0, 0, 28, 24.50
2026/04/14 11:33:55.808, 0, 6470, 69, 60, 46, 102.10
2026/04/14 11:33:55.823, 1, 4, 0, 0, 28, 24.59
2026/04/14 11:33:56.837, 0, 6470, 74, 66, 46, 107.74
2026/04/14 11:33:56.852, 1, 4, 0, 0, 28, 24.49
2026/04/14 11:33:57.872, 0, 6470, 51, 38, 46, 62.07
2026/04/14 11:33:57.888, 1, 4, 0, 0, 28, 24.49
2026/04/14 11:33:58.903, 0, 6470, 70, 60, 46, 77.04
2026/04/14 11:33:58.918, 1, 4, 0, 0, 28, 24.59
2026/04/14 11:33:59.941, 0, 6470, 75, 67, 46, 72.20
2026/04/14 11:33:59.956, 1, 4, 0, 0, 28, 24.50
2026/04/14 11:34:00.986, 0, 6470, 79, 77, 46, 110.62
2026/04/14 11:34:00.999, 1, 4, 0, 0, 28, 24.60
2026/04/14 11:34:02.010, 0, 6470, 61, 56, 46, 75.97
2026/04/14 11:34:02.022, 1, 4, 0, 0, 28, 24.50
2026/04/14 11:34:03.033, 0, 6470, 54, 48, 47, 167.84
2026/04/14 11:34:03.047, 1, 4, 0, 0, 28, 24.59
2026/04/14 11:34:04.066, 0, 6470, 78, 76, 46, 128.49
2026/04/14 11:34:04.080, 1, 4, 0, 0, 28, 24.58
2026/04/14 11:34:05.092, 0, 6470, 60, 55, 46, 113.33
2026/04/14 11:34:05.105, 1, 4, 0, 0, 28, 24.49
2026/04/14 11:34:06.119, 0, 6470, 53, 46, 46, 99.33
2026/04/14 11:34:06.131, 1, 4, 0, 0, 28, 24.59
2026/04/14 11:34:07.143, 0, 6470, 47, 34, 46, 116.39
2026/04/14 11:34:07.156, 1, 4, 0, 0, 28, 24.59
2026/04/14 11:34:08.176, 0, 6470, 66, 55, 46, 102.21
2026/04/14 11:34:08.191, 1, 4, 0, 0, 28, 24.49
2026/04/14 11:34:09.205, 0, 6470, 72, 62, 46, 98.51
2026/04/14 11:34:09.217, 1, 4, 0, 0, 28, 24.49
2026/04/14 11:34:10.230, 0, 6470, 83, 76, 46, 107.52
2026/04/14 11:34:10.242, 1, 4, 0, 0, 28, 24.59
2026/04/14 11:34:11.262, 0, 6470, 65, 58, 46, 86.43
2026/04/14 11:34:11.278, 1, 4, 0, 0, 28, 24.49
2026/04/14 11:34:12.302, 0, 6470, 62, 55, 46, 115.66
2026/04/14 11:34:12.313, 1, 4, 0, 0, 28, 24.59
2026/04/14 11:34:13.325, 0, 6470, 72, 67, 47, 169.58
2026/04/14 11:34:13.342, 1, 4, 0, 0, 28, 24.49
2026/04/14 11:34:14.355, 0, 6470, 77, 74, 46, 107.52
2026/04/14 11:34:14.371, 1, 4, 0, 0, 28, 24.69
2026/04/14 11:34:15.388, 0, 6470, 86, 84, 46, 99.65
2026/04/14 11:34:15.400, 1, 4, 0, 0, 28, 24.69
2026/04/14 11:34:16.413, 0, 6470, 85, 79, 46, 118.81
2026/04/14 11:34:16.427, 1, 4, 0, 0, 28, 24.59
2026/04/14 11:34:17.440, 0, 6470, 74, 64, 46, 124.62
2026/04/14 11:34:17.454, 1, 4, 0, 0, 28, 24.50
2026/04/14 11:34:18.466, 0, 6470, 63, 56, 46, 111.94
2026/04/14 11:34:18.482, 1, 4, 0, 0, 28, 24.59
2026/04/14 11:34:19.497, 0, 6470, 72, 67, 47, 153.11
2026/04/14 11:34:19.510, 1, 4, 0, 0, 28, 24.58
2026/04/14 11:34:20.524, 0, 6470, 79, 77, 47, 85.50
2026/04/14 11:34:20.538, 1, 4, 0, 0, 28, 24.58
2026/04/14 11:34:21.553, 0, 6470, 86, 84, 47, 72.23
2026/04/14 11:34:21.571, 1, 4, 0, 0, 28, 24.59
2026/04/14 11:34:22.584, 0, 6470, 83, 76, 46, 73.28
2026/04/14 11:34:22.597, 1, 4, 0, 0, 28, 24.59
2026/04/14 11:34:23.609, 0, 6470, 72, 62, 46, 101.26
2026/04/14 11:34:23.624, 1, 4, 0, 0, 28, 24.59
2026/04/14 11:34:24.636, 0, 6470, 75, 66, 46, 103.47
2026/04/14 11:34:24.651, 1, 4, 0, 0, 28, 24.59
2026/04/14 11:34:25.665, 0, 6470, 72, 67, 46, 111.67
2026/04/14 11:34:25.683, 1, 4, 0, 0, 28, 24.58
2026/04/14 11:34:26.713, 0, 6470, 80, 77, 47, 86.78
2026/04/14 11:34:26.740, 1, 4, 0, 0, 28, 24.59
2026/04/14 11:34:27.758, 0, 6470, 85, 83, 47, 80.21
2026/04/14 11:34:27.772, 1, 4, 0, 0, 28, 24.59
2026/04/14 11:34:28.791, 0, 6470, 85, 81, 46, 77.64
2026/04/14 11:34:28.805, 1, 4, 0, 0, 28, 24.59
2026/04/14 11:34:29.822, 0, 6470, 82, 74, 46, 102.41
2026/04/14 11:34:29.835, 1, 4, 0, 0, 28, 24.59
2026/04/14 11:34:30.848, 0, 6470, 56, 49, 46, 124.35
2026/04/14 11:34:30.860, 1, 4, 0, 0, 28, 24.59
2026/04/14 11:34:31.872, 0, 6470, 61, 55, 46, 94.43
2026/04/14 11:34:31.888, 1, 4, 0, 0, 28, 24.49
2026/04/14 11:34:32.901, 0, 6470, 43, 31, 46, 119.00
2026/04/14 11:34:32.915, 1, 4, 0, 0, 28, 24.60
2026/04/14 11:34:33.927, 0, 6470, 61, 50, 46, 105.00
2026/04/14 11:34:33.942, 1, 4, 0, 0, 28, 24.59
2026/04/14 11:34:34.961, 0, 6470, 70, 61, 46, 91.99
2026/04/14 11:34:34.977, 1, 4, 0, 0, 28, 24.59
2026/04/14 11:34:35.990, 0, 6470, 83, 81, 46, 72.49
2026/04/14 11:34:36.004, 1, 4, 0, 0, 28, 24.60
2026/04/14 11:34:37.019, 0, 6470, 44, 37, 46, 74.24
2026/04/14 11:34:37.036, 1, 4, 0, 0, 28, 24.49
2026/04/14 11:34:38.050, 0, 6470, 60, 49, 46, 106.07
2026/04/14 11:34:38.065, 1, 4, 0, 0, 28, 24.59
2026/04/14 11:34:39.084, 0, 6470, 57, 51, 46, 82.29
2026/04/14 11:34:39.098, 1, 4, 0, 0, 28, 24.49
2026/04/14 11:34:40.113, 0, 6470, 58, 52, 46, 120.32
2026/04/14 11:34:40.128, 1, 4, 0, 0, 28, 24.60
2026/04/14 11:34:41.143, 0, 6470, 50, 40, 46, 100.29
2026/04/14 11:34:41.157, 1, 4, 0, 0, 28, 24.59
2026/04/14 11:34:42.172, 0, 6470, 46, 33, 46, 103.00
2026/04/14 11:34:42.185, 1, 4, 0, 0, 28, 24.49
2026/04/14 11:34:43.198, 0, 6470, 49, 35, 46, 118.59
2026/04/14 11:34:43.220, 1, 4, 0, 0, 28, 24.59
2026/04/14 11:34:44.247, 0, 6470, 58, 46, 46, 115.32
2026/04/14 11:34:44.269, 1, 4, 0, 0, 28, 24.59
2026/04/14 11:34:45.281, 0, 6470, 62, 51, 46, 102.65
2026/04/14 11:34:45.315, 1, 4, 0, 0, 28, 24.59
2026/04/14 11:34:46.329, 0, 6470, 72, 62, 46, 107.29
2026/04/14 11:34:46.342, 1, 4, 0, 0, 28, 24.59
2026/04/14 11:34:47.355, 0, 6470, 76, 68, 46, 61.86
2026/04/14 11:34:47.402, 1, 4, 0, 0, 28, 24.59
2026/04/14 11:34:48.415, 0, 6470, 51, 37, 46, 62.44
2026/04/14 11:34:48.429, 1, 4, 0, 0, 28, 24.59
2026/04/14 11:34:49.443, 0, 6470, 63, 52, 46, 74.71
2026/04/14 11:34:49.458, 1, 4, 0, 0, 28, 24.60
2026/04/14 11:34:50.470, 0, 6470, 68, 59, 46, 65.64
2026/04/14 11:34:50.483, 1, 4, 0, 0, 28, 24.59
2026/04/14 11:34:51.495, 0, 6470, 82, 80, 46, 109.94
2026/04/14 11:34:51.510, 1, 4, 0, 0, 28, 24.59
2026/04/14 11:34:52.527, 0, 6470, 68, 65, 47, 68.46
2026/04/14 11:34:52.542, 1, 4, 0, 0, 28, 24.59
2026/04/14 11:34:53.555, 0, 6470, 58, 52, 47, 112.21
2026/04/14 11:34:53.567, 1, 4, 0, 0, 28, 24.59
2026/04/14 11:34:54.577, 0, 6470, 57, 51, 46, 72.10
2026/04/14 11:34:54.589, 1, 4, 0, 0, 28, 24.49
2026/04/14 11:34:55.602, 0, 6470, 74, 64, 47, 85.46
2026/04/14 11:34:55.614, 1, 4, 0, 0, 28, 24.69
2026/04/14 11:34:56.628, 0, 6470, 68, 57, 46, 88.12
2026/04/14 11:34:56.642, 1, 4, 0, 0, 28, 24.59
2026/04/14 11:34:57.659, 0, 6470, 63, 51, 46, 80.16
2026/04/14 11:34:57.673, 1, 4, 0, 0, 28, 24.59
2026/04/14 11:34:58.687, 0, 6470, 66, 55, 46, 103.55
2026/04/14 11:34:58.699, 1, 4, 0, 0, 28, 24.59
2026/04/14 11:34:59.712, 0, 6470, 63, 50, 46, 127.42
2026/04/14 11:34:59.725, 1, 4, 0, 0, 28, 24.59
2026/04/14 11:35:00.739, 0, 6470, 59, 46, 46, 106.52
2026/04/14 11:35:00.753, 1, 4, 0, 0, 28, 24.59
2026/04/14 11:35:01.771, 0, 6470, 54, 40, 46, 111.63
2026/04/14 11:35:01.784, 1, 4, 0, 0, 28, 24.59
2026/04/14 11:35:02.799, 0, 6470, 86, 84, 46, 151.55
2026/04/14 11:35:02.812, 1, 4, 0, 0, 28, 24.58
2026/04/14 11:35:03.826, 0, 6470, 86, 84, 47, 126.56
2026/04/14 11:35:03.841, 1, 4, 0, 0, 28, 24.59
2026/04/14 11:35:04.862, 0, 6470, 86, 83, 46, 108.65
2026/04/14 11:35:04.874, 1, 4, 0, 0, 28, 24.40
2026/04/14 11:35:05.886, 0, 6470, 84, 79, 47, 65.36
2026/04/14 11:35:05.898, 1, 4, 0, 0, 28, 24.59
2026/04/14 11:35:06.911, 0, 6470, 80, 72, 46, 73.00
2026/04/14 11:35:06.924, 1, 4, 0, 0, 28, 24.50
2026/04/14 11:35:07.943, 0, 6470, 80, 72, 46, 106.60
2026/04/14 11:35:07.955, 1, 4, 0, 0, 28, 24.59
2026/04/14 11:35:08.969, 0, 6470, 75, 65, 46, 102.20
2026/04/14 11:35:08.982, 1, 4, 0, 0, 28, 24.59
2026/04/14 11:35:09.995, 0, 6470, 64, 58, 46, 110.62
2026/04/14 11:35:10.019, 1, 4, 0, 0, 28, 24.49
2026/04/14 11:35:11.035, 0, 6470, 60, 53, 46, 114.49
2026/04/14 11:35:11.050, 1, 4, 0, 0, 28, 24.59
2026/04/14 11:35:12.064, 0, 6470, 60, 53, 46, 115.21
2026/04/14 11:35:12.077, 1, 4, 0, 0, 28, 24.58
2026/04/14 11:35:13.096, 0, 6470, 63, 58, 47, 164.33
2026/04/14 11:35:13.111, 1, 4, 0, 0, 28, 24.50
2026/04/14 11:35:14.124, 0, 6470, 68, 64, 47, 65.55
2026/04/14 11:35:14.140, 1, 4, 0, 0, 28, 24.59
2026/04/14 11:35:15.154, 0, 6470, 71, 66, 47, 75.19
2026/04/14 11:35:15.169, 1, 4, 0, 0, 28, 24.59
2026/04/14 11:35:16.185, 0, 6470, 65, 53, 46, 90.42
2026/04/14 11:35:16.200, 1, 4, 0, 0, 28, 24.60
2026/04/14 11:35:17.214, 0, 6470, 61, 49, 46, 85.94
2026/04/14 11:35:17.229, 1, 4, 0, 0, 28, 24.59
2026/04/14 11:35:18.250, 0, 6470, 57, 43, 46, 100.58
2026/04/14 11:35:18.264, 1, 4, 0, 0, 28, 24.59
2026/04/14 11:35:19.277, 0, 6470, 53, 39, 47, 108.05
2026/04/14 11:35:19.292, 1, 4, 0, 0, 28, 24.59
2026/04/14 11:35:20.312, 0, 6470, 57, 49, 47, 117.72
2026/04/14 11:35:20.326, 1, 4, 0, 0, 28, 24.49
2026/04/14 11:35:21.340, 0, 6470, 66, 59, 47, 89.93
2026/04/14 11:35:21.353, 1, 4, 0, 0, 28, 24.60
2026/04/14 11:35:22.367, 0, 6470, 65, 59, 47, 75.41
2026/04/14 11:35:22.386, 1, 4, 0, 0, 28, 24.59
2026/04/14 11:35:23.407, 0, 6470, 51, 44, 46, 85.78
2026/04/14 11:35:23.423, 1, 4, 0, 0, 28, 24.59
2026/04/14 11:35:24.438, 0, 6470, 81, 74, 47, 83.08
2026/04/14 11:35:24.454, 1, 4, 0, 0, 28, 24.59
2026/04/14 11:35:25.468, 0, 6470, 73, 62, 46, 63.90
2026/04/14 11:35:25.481, 1, 4, 0, 0, 28, 24.59
2026/04/14 11:35:26.493, 0, 6470, 75, 65, 47, 101.64
2026/04/14 11:35:26.505, 1, 4, 0, 0, 28, 24.59
2026/04/14 11:35:27.518, 0, 6470, 67, 56, 46, 98.12
2026/04/14 11:35:27.530, 1, 4, 0, 0, 28, 24.59
2026/04/14 11:35:28.542, 0, 6470, 57, 43, 46, 111.72
2026/04/14 11:35:28.555, 1, 4, 0, 0, 28, 24.59
2026/04/14 11:35:29.567, 0, 6470, 86, 83, 47, 168.82
2026/04/14 11:35:29.579, 1, 4, 0, 0, 28, 24.59
2026/04/14 11:35:30.591, 0, 6470, 79, 69, 47, 107.72
2026/04/14 11:35:30.604, 1, 4, 0, 0, 28, 24.59
2026/04/14 11:35:31.616, 0, 6470, 74, 64, 47, 81.47
2026/04/14 11:35:31.628, 1, 4, 0, 0, 28, 24.60
2026/04/14 11:35:32.641, 0, 6470, 71, 60, 46, 110.64
2026/04/14 11:35:32.654, 1, 4, 0, 0, 28, 24.59
2026/04/14 11:35:33.667, 0, 6470, 65, 53, 46, 109.63
2026/04/14 11:35:33.681, 1, 4, 0, 0, 28, 24.59
2026/04/14 11:35:34.699, 0, 6470, 54, 40, 46, 109.71
2026/04/14 11:35:34.712, 1, 4, 0, 0, 28, 24.59
2026/04/14 11:35:35.724, 0, 6470, 54, 41, 47, 117.33
2026/04/14 11:35:35.735, 1, 4, 0, 0, 28, 24.58
2026/04/14 11:35:36.749, 0, 6470, 60, 53, 47, 99.40
2026/04/14 11:35:36.766, 1, 4, 0, 0, 28, 24.60
2026/04/14 11:35:37.802, 0, 6470, 76, 66, 46, 84.39
2026/04/14 11:35:37.818, 1, 4, 0, 0, 28, 24.50
2026/04/14 11:35:38.831, 0, 6470, 69, 57, 46, 123.38
2026/04/14 11:35:38.845, 1, 4, 0, 0, 28, 24.59
2026/04/14 11:35:39.863, 0, 6470, 62, 49, 47, 128.25
2026/04/14 11:35:39.876, 1, 4, 0, 0, 28, 24.59
2026/04/14 11:35:40.888, 0, 6470, 54, 38, 47, 112.32
2026/04/14 11:35:40.900, 1, 4, 0, 0, 28, 24.59
2026/04/14 11:35:41.914, 0, 6470, 54, 44, 47, 152.90
2026/04/14 11:35:41.933, 1, 4, 0, 0, 28, 24.59
2026/04/14 11:35:42.946, 0, 6470, 65, 58, 47, 77.02
2026/04/14 11:35:42.959, 1, 4, 0, 0, 28, 24.59
2026/04/14 11:35:43.970, 0, 6470, 64, 58, 47, 69.70
2026/04/14 11:35:43.983, 1, 4, 0, 0, 28, 24.59
2026/04/14 11:35:44.995, 0, 6470, 57, 44, 46, 65.46
2026/04/14 11:35:45.011, 1, 4, 0, 0, 28, 24.59
2026/04/14 11:35:46.025, 0, 6470, 54, 43, 47, 101.26
2026/04/14 11:35:46.037, 1, 4, 0, 0, 28, 24.49
2026/04/14 11:35:47.049, 0, 6470, 65, 58, 47, 104.53
2026/04/14 11:35:47.061, 1, 4, 0, 0, 28, 24.59
2026/04/14 11:35:48.075, 0, 6470, 67, 62, 47, 112.05
2026/04/14 11:35:48.091, 1, 4, 0, 0, 28, 24.58
2026/04/14 11:35:49.103, 0, 6470, 78, 75, 47, 138.93
2026/04/14 11:35:49.115, 1, 4, 0, 0, 28, 24.59
2026/04/14 11:35:50.128, 0, 6470, 86, 83, 47, 110.21
2026/04/14 11:35:50.144, 1, 4, 0, 0, 28, 24.69
2026/04/14 11:35:51.157, 0, 6470, 73, 61, 46, 77.98
2026/04/14 11:35:51.171, 1, 4, 0, 0, 28, 24.59
2026/04/14 11:35:52.188, 0, 6470, 68, 57, 47, 104.58
2026/04/14 11:35:52.203, 1, 4, 0, 0, 28, 24.59
2026/04/14 11:35:53.218, 0, 6470, 57, 43, 47, 86.76
2026/04/14 11:35:53.231, 1, 4, 0, 0, 28, 24.59
2026/04/14 11:35:54.248, 0, 6470, 55, 41, 47, 114.05
2026/04/14 11:35:54.262, 1, 4, 0, 0, 28, 24.59
2026/04/14 11:35:55.277, 0, 6470, 59, 52, 47, 164.27
2026/04/14 11:35:55.293, 1, 4, 0, 0, 28, 24.59
2026/04/14 11:35:56.307, 0, 6470, 65, 59, 47, 110.50
2026/04/14 11:35:56.324, 1, 4, 0, 0, 28, 24.60
2026/04/14 11:35:57.337, 0, 6470, 70, 59, 46, 85.50
2026/04/14 11:35:57.350, 1, 4, 0, 0, 28, 24.59
2026/04/14 11:35:58.367, 0, 6470, 63, 51, 47, 107.91
2026/04/14 11:35:58.380, 1, 4, 0, 0, 28, 24.59
2026/04/14 11:35:59.394, 0, 6470, 54, 39, 47, 99.54
2026/04/14 11:35:59.409, 1, 4, 0, 0, 28, 24.59
2026/04/14 11:36:00.424, 0, 6470, 55, 43, 47, 113.47
2026/04/14 11:36:00.438, 1, 4, 0, 0, 28, 24.59
2026/04/14 11:36:01.455, 0, 6470, 62, 56, 47, 164.83
2026/04/14 11:36:01.470, 1, 4, 0, 0, 28, 24.59
2026/04/14 11:36:02.485, 0, 6470, 62, 55, 47, 107.27
2026/04/14 11:36:02.501, 1, 4, 0, 0, 28, 24.50
2026/04/14 11:36:03.521, 0, 6470, 68, 56, 47, 76.33
2026/04/14 11:36:03.538, 1, 4, 0, 0, 28, 24.60
2026/04/14 11:36:04.553, 0, 6470, 49, 38, 46, 43.39
2026/04/14 11:36:04.567, 1, 4, 0, 0, 28, 24.60
2026/04/14 11:36:05.588, 0, 6470, 75, 64, 47, 75.96
2026/04/14 11:36:05.602, 1, 4, 0, 0, 28, 24.59
2026/04/14 11:36:06.618, 0, 6470, 77, 67, 47, 105.20
2026/04/14 11:36:06.635, 1, 4, 0, 0, 28, 24.59
2026/04/14 11:36:07.652, 0, 6470, 68, 56, 47, 97.25
2026/04/14 11:36:07.665, 1, 4, 0, 0, 28, 24.59
2026/04/14 11:36:08.679, 0, 6470, 85, 81, 47, 112.31
2026/04/14 11:36:08.692, 1, 4, 0, 0, 28, 24.59
2026/04/14 11:36:09.704, 0, 6470, 62, 56, 46, 127.61
2026/04/14 11:36:09.716, 1, 4, 0, 0, 28, 24.49
2026/04/14 11:36:10.728, 0, 6470, 62, 54, 47, 111.61
2026/04/14 11:36:10.741, 1, 4, 0, 0, 28, 24.49
2026/04/14 11:36:11.754, 0, 6470, 69, 64, 47, 138.85
2026/04/14 11:36:11.766, 1, 4, 0, 0, 28, 24.48
2026/04/14 11:36:12.787, 0, 6470, 70, 66, 47, 108.88
2026/04/14 11:36:12.798, 1, 4, 0, 0, 28, 24.49
2026/04/14 11:36:13.810, 0, 6470, 70, 66, 47, 69.22
2026/04/14 11:36:13.822, 1, 4, 0, 0, 28, 24.59
2026/04/14 11:36:14.837, 0, 6470, 58, 52, 47, 93.16
2026/04/14 11:36:14.850, 1, 4, 0, 0, 28, 24.50
2026/04/14 11:36:15.863, 0, 6470, 52, 44, 47, 160.00
2026/04/14 11:36:15.874, 1, 4, 0, 0, 28, 24.58
2026/04/14 11:36:16.886, 0, 6470, 50, 36, 46, 112.20
2026/04/14 11:36:16.899, 1, 4, 0, 0, 28, 24.50
2026/04/14 11:36:17.912, 0, 6470, 57, 52, 46, 104.44
2026/04/14 11:36:17.923, 1, 4, 0, 0, 28, 24.49
2026/04/14 11:36:18.941, 0, 6470, 51, 42, 46, 93.08
2026/04/14 11:36:18.952, 1, 4, 0, 0, 28, 24.59
2026/04/14 11:36:19.972, 0, 6470, 51, 37, 46, 100.78
2026/04/14 11:36:19.986, 1, 4, 0, 0, 28, 24.49
2026/04/14 11:36:21.004, 0, 6470, 70, 60, 46, 109.03
2026/04/14 11:36:21.018, 1, 4, 0, 0, 28, 24.59
2026/04/14 11:36:22.029, 0, 6470, 75, 66, 46, 60.05
2026/04/14 11:36:22.042, 1, 4, 0, 0, 28, 24.59
2026/04/14 11:36:23.054, 0, 6470, 81, 80, 46, 74.32
2026/04/14 11:36:23.082, 1, 4, 0, 0, 28, 24.50
2026/04/14 11:36:24.094, 0, 6470, 70, 60, 47, 75.30
2026/04/14 11:36:24.106, 1, 4, 0, 0, 28, 24.60
2026/04/14 11:36:25.119, 0, 6470, 75, 67, 46, 87.24
2026/04/14 11:36:25.153, 1, 4, 0, 0, 28, 24.60
2026/04/14 11:36:26.171, 0, 6470, 81, 79, 46, 60.79
2026/04/14 11:36:26.208, 1, 4, 0, 0, 28, 24.50
2026/04/14 11:36:27.225, 0, 6470, 60, 54, 47, 81.17
2026/04/14 11:36:27.262, 1, 4, 0, 0, 28, 24.59
2026/04/14 11:36:28.286, 0, 6470, 79, 71, 47, 79.23
2026/04/14 11:36:28.303, 1, 4, 0, 0, 28, 24.49
2026/04/14 11:36:29.334, 0, 6470, 78, 76, 47, 93.71
2026/04/14 11:36:29.353, 1, 4, 0, 0, 28, 24.50
2026/04/14 11:36:30.369, 0, 6470, 60, 54, 47, 159.53
2026/04/14 11:36:30.394, 1, 4, 0, 0, 28, 24.50
2026/04/14 11:36:31.417, 0, 6470, 53, 46, 46, 146.21
2026/04/14 11:36:31.445, 1, 4, 0, 0, 28, 24.50
2026/04/14 11:36:32.468, 0, 6470, 78, 76, 46, 137.90
2026/04/14 11:36:32.494, 1, 4, 0, 0, 28, 24.49
2026/04/14 11:36:33.527, 0, 6470, 60, 54, 46, 138.98
2026/04/14 11:36:33.551, 1, 4, 0, 0, 28, 24.59
2026/04/14 11:36:34.586, 0, 6470, 53, 46, 46, 131.53
2026/04/14 11:36:34.621, 1, 4, 0, 0, 28, 24.59
2026/04/14 11:36:35.647, 0, 6470, 78, 76, 46, 136.91
2026/04/14 11:36:35.662, 1, 4, 0, 0, 28, 24.58
2026/04/14 11:36:36.683, 0, 6470, 59, 54, 46, 112.73
2026/04/14 11:36:36.725, 1, 4, 0, 0, 28, 24.58
2026/04/14 11:36:37.761, 0, 6470, 53, 45, 46, 113.15
2026/04/14 11:36:37.801, 1, 4, 0, 0, 28, 24.58
2026/04/14 11:36:38.828, 0, 6470, 76, 74, 46, 136.41
2026/04/14 11:36:38.844, 1, 4, 0, 0, 28, 24.58
2026/04/14 11:36:39.864, 0, 6470, 58, 52, 46, 112.92
2026/04/14 11:36:39.900, 1, 4, 0, 0, 28, 24.58
2026/04/14 11:36:40.951, 0, 6470, 51, 42, 46, 129.97
2026/04/14 11:36:40.966, 1, 4, 0, 0, 28, 24.58
2026/04/14 11:36:42.009, 0, 6470, 75, 72, 46, 115.15
2026/04/14 11:36:42.025, 1, 4, 0, 0, 28, 24.58
2026/04/14 11:36:43.066, 0, 6470, 57, 51, 46, 113.04
2026/04/14 11:36:43.105, 1, 4, 0, 0, 28, 24.59
2026/04/14 11:36:44.135, 0, 6470, 48, 39, 46, 139.04
2026/04/14 11:36:44.163, 1, 4, 0, 0, 28, 24.58
2026/04/14 11:36:45.188, 0, 6470, 73, 70, 46, 114.47
2026/04/14 11:36:45.231, 1, 4, 0, 0, 28, 24.59
2026/04/14 11:36:46.248, 0, 6470, 56, 51, 46, 113.06
2026/04/14 11:36:46.270, 1, 4, 0, 0, 28, 24.58
2026/04/14 11:36:47.314, 0, 6470, 47, 37, 46, 117.58
2026/04/14 11:36:47.335, 1, 4, 0, 0, 28, 24.58
2026/04/14 11:36:48.382, 0, 6470, 71, 68, 46, 140.44
2026/04/14 11:36:48.419, 1, 4, 0, 0, 28, 24.59
2026/04/14 11:36:49.445, 0, 6470, 56, 51, 46, 150.55
2026/04/14 11:36:49.465, 1, 4, 0, 0, 28, 24.49
2026/04/14 11:36:50.484, 0, 6470, 53, 44, 46, 114.66
2026/04/14 11:36:50.509, 1, 4, 0, 0, 28, 24.48
2026/04/14 11:36:51.530, 0, 6470, 45, 32, 46, 112.86
2026/04/14 11:36:51.543, 1, 4, 0, 0, 28, 24.59
2026/04/14 11:36:52.559, 0, 6470, 51, 37, 46, 110.75
2026/04/14 11:36:52.575, 1, 4, 0, 0, 28, 24.49
2026/04/14 11:36:53.616, 0, 6470, 69, 65, 46, 110.58
2026/04/14 11:36:53.632, 1, 4, 0, 0, 28, 24.58
2026/04/14 11:36:54.655, 0, 6470, 65, 60, 46, 113.33
2026/04/14 11:36:54.684, 1, 4, 0, 0, 28, 24.58
2026/04/14 11:36:55.715, 0, 6470, 57, 51, 46, 115.55
2026/04/14 11:36:55.760, 1, 4, 0, 0, 28, 24.50
2026/04/14 11:36:56.782, 0, 6470, 60, 49, 46, 113.89
2026/04/14 11:36:56.796, 1, 4, 0, 0, 28, 24.59
2026/04/14 11:36:57.840, 0, 6470, 68, 59, 46, 110.68
2026/04/14 11:36:57.863, 1, 4, 0, 0, 28, 24.49
2026/04/14 11:36:58.924, 0, 6470, 59, 53, 46, 103.84
2026/04/14 11:36:58.948, 1, 4, 0, 0, 28, 24.49
2026/04/14 11:36:59.971, 0, 6470, 56, 50, 46, 108.55
2026/04/14 11:37:00.000, 1, 4, 0, 0, 28, 24.59
2026/04/14 11:37:01.026, 0, 6470, 44, 32, 46, 108.36
2026/04/14 11:37:01.051, 1, 4, 0, 0, 28, 24.49
2026/04/14 11:37:02.065, 0, 6470, 56, 44, 46, 107.39
2026/04/14 11:37:02.086, 1, 4, 0, 0, 28, 24.59
2026/04/14 11:37:03.101, 0, 6470, 58, 52, 46, 104.62
2026/04/14 11:37:03.113, 1, 4, 0, 0, 28, 24.59
2026/04/14 11:37:04.146, 0, 6470, 58, 53, 46, 105.68
2026/04/14 11:37:04.168, 1, 4, 0, 0, 28, 24.49
2026/04/14 11:37:05.199, 0, 6470, 42, 29, 46, 106.42
2026/04/14 11:37:05.227, 1, 4, 0, 0, 28, 24.49
2026/04/14 11:37:06.263, 0, 6470, 55, 43, 46, 106.42
2026/04/14 11:37:06.276, 1, 4, 0, 0, 28, 24.59
2026/04/14 11:37:07.298, 0, 6470, 56, 51, 46, 95.45
2026/04/14 11:37:07.315, 1, 4, 0, 0, 28, 24.59
2026/04/14 11:37:08.334, 0, 6470, 43, 32, 46, 94.02
2026/04/14 11:37:08.367, 1, 4, 0, 0, 28, 24.59
2026/04/14 11:37:09.410, 0, 6470, 54, 40, 46, 96.64
2026/04/14 11:37:09.437, 1, 4, 0, 0, 28, 24.49
2026/04/14 11:37:10.459, 0, 6470, 57, 51, 46, 84.94
2026/04/14 11:37:10.475, 1, 4, 0, 0, 28, 24.69
2026/04/14 11:37:11.490, 0, 6470, 55, 47, 46, 89.59
2026/04/14 11:37:11.541, 1, 4, 0, 0, 28, 24.59
2026/04/14 11:37:12.577, 0, 6470, 46, 33, 46, 109.90
2026/04/14 11:37:12.606, 1, 4, 0, 0, 28, 24.59
2026/04/14 11:37:13.644, 0, 6470, 69, 64, 46, 111.62
2026/04/14 11:37:13.686, 1, 4, 0, 0, 28, 24.58
2026/04/14 11:37:14.707, 0, 6470, 58, 52, 46, 111.97
2026/04/14 11:37:14.740, 1, 4, 0, 0, 28, 24.49
2026/04/14 11:37:15.777, 0, 6470, 55, 47, 46, 156.37
2026/04/14 11:37:15.802, 1, 4, 0, 0, 28, 24.59
2026/04/14 11:37:16.819, 0, 6470, 82, 82, 46, 149.85
2026/04/14 11:37:16.835, 1, 4, 0, 0, 28, 24.58
2026/04/14 11:37:17.878, 0, 6470, 68, 64, 46, 164.60
2026/04/14 11:37:17.892, 1, 4, 0, 0, 28, 24.59
2026/04/14 11:37:18.911, 0, 6470, 60, 54, 46, 136.86
2026/04/14 11:37:18.939, 1, 4, 0, 0, 28, 24.59
2026/04/14 11:37:19.962, 0, 6470, 48, 38, 46, 135.68
2026/04/14 11:37:19.996, 1, 4, 0, 0, 28, 24.59
2026/04/14 11:37:21.020, 0, 6470, 74, 71, 46, 135.57
2026/04/14 11:37:21.058, 1, 4, 0, 0, 28, 24.59
2026/04/14 11:37:22.081, 0, 6470, 60, 54, 46, 160.56
2026/04/14 11:37:22.111, 1, 4, 0, 0, 28, 24.59
2026/04/14 11:37:23.143, 0, 6470, 58, 53, 46, 167.09
2026/04/14 11:37:23.172, 1, 4, 0, 0, 28, 24.50
2026/04/14 11:37:24.188, 0, 6470, 83, 82, 47, 158.64
2026/04/14 11:37:24.227, 1, 4, 0, 0, 28, 24.50
2026/04/14 11:37:25.263, 0, 6470, 69, 65, 46, 81.10
2026/04/14 11:37:25.286, 1, 4, 0, 0, 28, 24.60
2026/04/14 11:37:26.308, 0, 6470, 58, 52, 46, 93.57
2026/04/14 11:37:26.351, 1, 4, 0, 0, 28, 24.59
2026/04/14 11:37:27.381, 0, 6470, 79, 72, 47, 61.12
2026/04/14 11:37:27.415, 1, 4, 0, 0, 28, 24.50
2026/04/14 11:37:28.440, 0, 6470, 82, 82, 46, 103.29
2026/04/14 11:37:28.482, 1, 4, 0, 0, 28, 24.50
2026/04/14 11:37:29.499, 0, 6470, 68, 64, 46, 109.71
2026/04/14 11:37:29.526, 1, 4, 0, 0, 28, 24.50
2026/04/14 11:37:30.542, 0, 6470, 70, 60, 46, 109.41
2026/04/14 11:37:30.574, 1, 4, 0, 0, 28, 24.50
2026/04/14 11:37:31.591, 0, 6470, 80, 73, 46, 110.70
2026/04/14 11:37:31.612, 1, 4, 0, 0, 28, 24.60
2026/04/14 11:37:32.649, 0, 6470, 82, 81, 46, 86.29
2026/04/14 11:37:32.669, 1, 4, 0, 0, 28, 24.50
2026/04/14 11:37:33.684, 0, 6470, 68, 63, 46, 109.05
2026/04/14 11:37:33.713, 1, 4, 0, 0, 28, 24.50
2026/04/14 11:37:34.731, 0, 6470, 68, 59, 46, 109.13
2026/04/14 11:37:34.745, 1, 4, 0, 0, 28, 24.50
2026/04/14 11:37:35.778, 0, 6470, 82, 79, 46, 105.34
2026/04/14 11:37:35.812, 1, 4, 0, 0, 28, 24.50
2026/04/14 11:37:36.828, 0, 6470, 74, 71, 46, 102.71
2026/04/14 11:37:36.856, 1, 4, 0, 0, 28, 24.59
2026/04/14 11:37:37.878, 0, 6470, 60, 54, 46, 102.94
2026/04/14 11:37:37.892, 1, 4, 0, 0, 28, 24.49
2026/04/14 11:37:38.914, 0, 6470, 75, 66, 46, 63.04
2026/04/14 11:37:38.933, 1, 4, 0, 0, 28, 24.49
2026/04/14 11:37:39.949, 0, 6470, 83, 81, 47, 78.47
2026/04/14 11:37:39.975, 1, 4, 0, 0, 28, 24.50
2026/04/14 11:37:41.020, 0, 6470, 70, 66, 46, 101.05
2026/04/14 11:37:41.039, 1, 4, 0, 0, 28, 24.50
2026/04/14 11:37:42.072, 0, 6470, 72, 63, 46, 106.07
2026/04/14 11:37:42.112, 1, 4, 0, 0, 28, 24.50
2026/04/14 11:37:43.162, 0, 6470, 77, 69, 46, 75.10
2026/04/14 11:37:43.188, 1, 4, 0, 0, 28, 24.60
2026/04/14 11:37:44.221, 0, 6470, 52, 45, 46, 95.60
2026/04/14 11:37:44.264, 1, 4, 0, 0, 28, 24.59
2026/04/14 11:37:45.285, 0, 6470, 83, 81, 47, 78.56
2026/04/14 11:37:45.299, 1, 4, 0, 0, 28, 24.50
2026/04/14 11:37:46.317, 0, 6470, 73, 70, 47, 133.50
2026/04/14 11:37:46.345, 1, 4, 0, 0, 28, 24.50
2026/04/14 11:37:47.368, 0, 6470, 60, 54, 47, 107.70
2026/04/14 11:37:47.404, 1, 4, 0, 0, 28, 24.59
2026/04/14 11:37:48.432, 0, 6470, 73, 64, 47, 80.38
2026/04/14 11:37:48.467, 1, 4, 0, 0, 28, 24.59
2026/04/14 11:37:49.496, 0, 6470, 82, 82, 46, 66.48
2026/04/14 11:37:49.526, 1, 4, 0, 0, 28, 24.49
2026/04/14 11:37:50.543, 0, 6470, 72, 68, 46, 61.40
2026/04/14 11:37:50.558, 1, 4, 0, 0, 28, 24.49
2026/04/14 11:37:51.587, 0, 6470, 59, 53, 46, 59.56
2026/04/14 11:37:51.616, 1, 4, 0, 0, 28, 24.59
2026/04/14 11:37:52.643, 0, 6470, 74, 65, 46, 103.35
2026/04/14 11:37:52.679, 1, 4, 0, 0, 28, 24.59
2026/04/14 11:37:53.701, 0, 6470, 82, 82, 46, 106.81
2026/04/14 11:37:53.734, 1, 4, 0, 0, 28, 24.50
2026/04/14 11:37:54.758, 0, 6470, 72, 68, 46, 77.03
2026/04/14 11:37:54.778, 1, 4, 0, 0, 28, 24.49
2026/04/14 11:37:55.820, 0, 6470, 54, 40, 46, 108.45
2026/04/14 11:37:55.850, 1, 4, 0, 0, 28, 24.50
2026/04/14 11:37:56.864, 0, 6470, 54, 42, 46, 96.36
2026/04/14 11:37:56.895, 1, 4, 0, 0, 28, 24.59
2026/04/14 11:37:57.925, 0, 6470, 63, 56, 46, 157.54
2026/04/14 11:37:57.941, 1, 4, 0, 0, 28, 24.58
2026/04/14 11:37:58.960, 0, 6470, 64, 59, 46, 76.71
2026/04/14 11:37:58.994, 1, 4, 0, 0, 28, 24.59
2026/04/14 11:38:00.019, 0, 6470, 78, 76, 46, 65.17
2026/04/14 11:38:00.052, 1, 4, 0, 0, 28, 24.49
2026/04/14 11:38:01.081, 0, 6470, 56, 47, 46, 115.92
2026/04/14 11:38:01.096, 1, 4, 0, 0, 28, 24.59
2026/04/14 11:38:02.113, 0, 6470, 61, 54, 46, 111.33
2026/04/14 11:38:02.134, 1, 4, 0, 0, 28, 24.49
2026/04/14 11:38:03.176, 0, 6470, 74, 71, 47, 89.16
2026/04/14 11:38:03.210, 1, 4, 0, 0, 28, 24.59
2026/04/14 11:38:04.237, 0, 6470, 85, 82, 46, 96.75
2026/04/14 11:38:04.274, 1, 4, 0, 0, 28, 24.59
2026/04/14 11:38:05.291, 0, 6470, 72, 61, 46, 100.97
2026/04/14 11:38:05.323, 1, 4, 0, 0, 28, 24.49
2026/04/14 11:38:06.345, 0, 6470, 63, 52, 46, 106.05
2026/04/14 11:38:06.360, 1, 4, 0, 0, 28, 24.49
2026/04/14 11:38:07.378, 0, 6470, 66, 61, 46, 113.06
2026/04/14 11:38:07.394, 1, 4, 0, 0, 28, 24.59
2026/04/14 11:38:08.425, 0, 6470, 60, 55, 46, 110.77
2026/04/14 11:38:08.458, 1, 4, 0, 0, 28, 24.49
2026/04/14 11:38:09.485, 0, 6470, 43, 30, 46, 111.90
2026/04/14 11:38:09.511, 1, 4, 0, 0, 28, 24.59
2026/04/14 11:38:10.532, 0, 6470, 59, 47, 46, 106.81
2026/04/14 11:38:10.550, 1, 4, 0, 0, 28, 24.59
2026/04/14 11:38:11.596, 0, 6470, 60, 56, 46, 110.08
2026/04/14 11:38:11.621, 1, 4, 0, 0, 28, 24.49
2026/04/14 11:38:12.637, 0, 6470, 43, 30, 46, 98.30
2026/04/14 11:38:12.674, 1, 4, 0, 0, 28, 24.49
2026/04/14 11:38:13.728, 0, 6470, 66, 61, 46, 110.66
2026/04/14 11:38:13.744, 1, 4, 0, 0, 28, 24.49
2026/04/14 11:38:14.779, 0, 6470, 61, 56, 46, 110.85
2026/04/14 11:38:14.803, 1, 4, 0, 0, 28, 24.49
2026/04/14 11:38:15.827, 0, 6470, 43, 30, 46, 104.25
2026/04/14 11:38:15.860, 1, 4, 0, 0, 28, 24.59
2026/04/14 11:38:16.883, 0, 6470, 59, 48, 46, 99.49
2026/04/14 11:38:16.907, 1, 4, 0, 0, 28, 24.59
2026/04/14 11:38:17.947, 0, 6470, 60, 55, 46, 104.97
2026/04/14 11:38:17.986, 1, 4, 0, 0, 28, 24.59
2026/04/14 11:38:19.005, 0, 6470, 43, 31, 46, 99.73
2026/04/14 11:38:19.019, 1, 4, 0, 0, 28, 24.49
2026/04/14 11:38:20.056, 0, 6470, 60, 48, 46, 89.42
2026/04/14 11:38:20.072, 1, 4, 0, 0, 28, 24.49
2026/04/14 11:38:21.089, 0, 6470, 59, 54, 46, 121.38
2026/04/14 11:38:21.110, 1, 4, 0, 0, 28, 24.50
2026/04/14 11:38:22.123, 0, 6470, 43, 31, 46, 101.84
2026/04/14 11:38:22.142, 1, 4, 0, 0, 28, 24.59
2026/04/14 11:38:23.171, 0, 6470, 61, 49, 46, 105.00
2026/04/14 11:38:23.190, 1, 4, 0, 0, 28, 24.49
2026/04/14 11:38:24.219, 0, 6470, 69, 60, 46, 115.98
2026/04/14 11:38:24.233, 1, 4, 0, 0, 28, 24.49
2026/04/14 11:38:25.249, 0, 6470, 83, 82, 46, 60.03
2026/04/14 11:38:25.279, 1, 4, 0, 0, 28, 24.59
2026/04/14 11:38:26.302, 0, 6470, 61, 50, 46, 70.57
2026/04/14 11:38:26.318, 1, 4, 0, 0, 28, 24.50
2026/04/14 11:38:27.335, 0, 6470, 70, 61, 46, 75.10
2026/04/14 11:38:27.359, 1, 4, 0, 0, 28, 24.50
2026/04/14 11:38:28.381, 0, 6470, 82, 82, 46, 63.60
2026/04/14 11:38:28.426, 1, 4, 0, 0, 28, 24.50
2026/04/14 11:38:29.453, 0, 6470, 63, 52, 46, 69.67
2026/04/14 11:38:29.469, 1, 4, 0, 0, 28, 24.50
2026/04/14 11:38:30.498, 0, 6470, 71, 61, 46, 67.29
2026/04/14 11:38:30.514, 1, 4, 0, 0, 28, 24.59
2026/04/14 11:38:31.528, 0, 6470, 48, 42, 46, 76.54
2026/04/14 11:38:31.558, 1, 4, 0, 0, 28, 24.59
2026/04/14 11:38:32.591, 0, 6470, 52, 38, 46, 108.55
2026/04/14 11:38:32.645, 1, 4, 0, 0, 28, 24.58
2026/04/14 11:38:33.683, 0, 6470, 56, 51, 46, 109.48
2026/04/14 11:38:33.713, 1, 4, 0, 0, 28, 24.58
2026/04/14 11:38:34.732, 0, 6470, 47, 37, 46, 109.56
2026/04/14 11:38:34.758, 1, 4, 0, 0, 28, 24.59
2026/04/14 11:38:35.792, 0, 6470, 54, 41, 46, 111.22
2026/04/14 11:38:35.808, 1, 4, 0, 0, 28, 24.59
2026/04/14 11:38:36.843, 0, 6470, 57, 51, 46, 110.95
2026/04/14 11:38:36.896, 1, 4, 0, 0, 28, 24.49
2026/04/14 11:38:37.916, 0, 6470, 45, 34, 46, 111.14
2026/04/14 11:38:37.932, 1, 4, 0, 0, 28, 24.49
2026/04/14 11:38:38.965, 0, 6470, 56, 43, 46, 110.08
2026/04/14 11:38:38.998, 1, 4, 0, 0, 28, 24.59
2026/04/14 11:38:40.022, 0, 6470, 58, 52, 46, 107.75
2026/04/14 11:38:40.039, 1, 4, 0, 0, 28, 24.59
2026/04/14 11:38:41.062, 0, 6470, 45, 33, 46, 100.49
2026/04/14 11:38:41.089, 1, 4, 0, 0, 28, 24.49
2026/04/14 11:38:42.107, 0, 6470, 56, 44, 46, 80.30
2026/04/14 11:38:42.145, 1, 4, 0, 0, 28, 24.49
2026/04/14 11:38:43.186, 0, 6470, 58, 52, 46, 99.64
2026/04/14 11:38:43.213, 1, 4, 0, 0, 28, 24.49
2026/04/14 11:38:44.236, 0, 6470, 44, 33, 46, 82.12
2026/04/14 11:38:44.263, 1, 4, 0, 0, 28, 24.59
2026/04/14 11:38:45.328, 0, 6470, 56, 44, 46, 107.58
2026/04/14 11:38:45.346, 1, 4, 0, 0, 28, 24.49
2026/04/14 11:38:46.389, 0, 6470, 58, 52, 46, 107.77
2026/04/14 11:38:46.425, 1, 4, 0, 0, 28, 24.59
2026/04/14 11:38:47.454, 0, 6470, 45, 34, 46, 110.39
2026/04/14 11:38:47.467, 1, 4, 0, 0, 28, 24.49
2026/04/14 11:38:48.483, 0, 6470, 56, 43, 46, 99.33
2026/04/14 11:38:48.513, 1, 4, 0, 0, 28, 24.59
2026/04/14 11:38:49.532, 0, 6470, 58, 52, 46, 80.02
2026/04/14 11:38:49.566, 1, 4, 0, 0, 28, 24.59
2026/04/14 11:38:50.587, 0, 6470, 45, 33, 46, 80.14
2026/04/14 11:38:50.620, 1, 4, 0, 0, 28, 24.59
2026/04/14 11:38:51.643, 0, 6470, 56, 44, 46, 93.60
2026/04/14 11:38:51.694, 1, 4, 0, 0, 28, 24.49
2026/04/14 11:38:52.718, 0, 6470, 59, 53, 46, 86.66
2026/04/14 11:38:52.750, 1, 4, 0, 0, 28, 24.49
2026/04/14 11:38:53.766, 0, 6470, 43, 31, 46, 87.52
2026/04/14 11:38:53.780, 1, 4, 0, 0, 28, 24.50
2026/04/14 11:38:54.801, 0, 6470, 57, 45, 46, 99.58
2026/04/14 11:38:54.821, 1, 4, 0, 0, 28, 24.40
2026/04/14 11:38:55.838, 0, 6470, 72, 63, 46, 103.57
2026/04/14 11:38:55.863, 1, 4, 0, 0, 28, 24.49
2026/04/14 11:38:56.883, 0, 6470, 43, 30, 46, 115.60
2026/04/14 11:38:56.898, 1, 4, 0, 0, 28, 24.49
2026/04/14 11:38:57.935, 0, 6470, 58, 46, 45, 107.37
2026/04/14 11:38:57.967, 1, 4, 0, 0, 28, 24.59
2026/04/14 11:38:58.988, 0, 6470, 71, 61, 45, 80.46
2026/04/14 11:38:59.034, 1, 4, 0, 0, 28, 24.49
2026/04/14 11:39:00.058, 0, 6470, 81, 76, 46, 113.47
2026/04/14 11:39:00.074, 1, 4, 0, 0, 28, 24.49
2026/04/14 11:39:01.090, 0, 6470, 58, 46, 46, 68.73
2026/04/14 11:39:01.105, 1, 4, 0, 0, 28, 24.49
2026/04/14 11:39:02.135, 0, 6470, 70, 60, 46, 91.22
2026/04/14 11:39:02.157, 1, 4, 0, 0, 28, 24.50
2026/04/14 11:39:03.174, 0, 6470, 81, 77, 46, 61.40
2026/04/14 11:39:03.186, 1, 4, 0, 0, 28, 24.49
2026/04/14 11:39:04.203, 0, 6470, 73, 70, 46, 111.09
2026/04/14 11:39:04.223, 1, 4, 0, 0, 28, 24.50
2026/04/14 11:39:05.239, 0, 6470, 58, 53, 46, 61.22
2026/04/14 11:39:05.258, 1, 4, 0, 0, 28, 24.49
2026/04/14 11:39:06.282, 0, 6470, 59, 54, 46, 79.75
2026/04/14 11:39:06.309, 1, 4, 0, 0, 28, 24.50
2026/04/14 11:39:07.335, 0, 6470, 82, 79, 46, 92.47
2026/04/14 11:39:07.370, 1, 4, 0, 0, 28, 24.59
2026/04/14 11:39:08.390, 0, 6470, 78, 76, 46, 108.30
2026/04/14 11:39:08.412, 1, 4, 0, 0, 28, 24.50
2026/04/14 11:39:09.432, 0, 6470, 67, 62, 46, 159.99
2026/04/14 11:39:09.446, 1, 4, 0, 0, 28, 24.59
2026/04/14 11:39:10.479, 0, 6470, 56, 51, 46, 149.31
2026/04/14 11:39:10.522, 1, 4, 0, 0, 28, 24.59
2026/04/14 11:39:11.544, 0, 6470, 57, 52, 46, 159.10
2026/04/14 11:39:11.563, 1, 4, 0, 0, 28, 24.59
2026/04/14 11:39:12.593, 0, 6470, 45, 32, 46, 137.32
2026/04/14 11:39:12.616, 1, 4, 0, 0, 28, 24.58
2026/04/14 11:39:13.633, 0, 6470, 75, 72, 46, 112.09
2026/04/14 11:39:13.657, 1, 4, 0, 0, 28, 24.49
2026/04/14 11:39:14.669, 0, 6470, 58, 52, 46, 111.78
2026/04/14 11:39:14.698, 1, 4, 0, 0, 28, 24.49
2026/04/14 11:39:15.725, 0, 6470, 51, 43, 46, 110.17
2026/04/14 11:39:15.746, 1, 4, 0, 0, 28, 24.59
2026/04/14 11:39:16.760, 0, 6470, 51, 37, 46, 93.96
2026/04/14 11:39:16.792, 1, 4, 0, 0, 28, 24.49
2026/04/14 11:39:17.819, 0, 6470, 58, 52, 46, 92.71
2026/04/14 11:39:17.842, 1, 4, 0, 0, 28, 24.59
2026/04/14 11:39:18.876, 0, 6470, 51, 42, 46, 92.41
2026/04/14 11:39:18.918, 1, 4, 0, 0, 28, 24.59
2026/04/14 11:39:19.954, 0, 6470, 49, 36, 45, 80.10
2026/04/14 11:39:19.968, 1, 4, 0, 0, 28, 24.50
2026/04/14 11:39:21.007, 0, 6470, 60, 49, 45, 87.88
2026/04/14 11:39:21.024, 1, 4, 0, 0, 28, 24.50
2026/04/14 11:39:22.045, 0, 6470, 69, 60, 46, 65.25
2026/04/14 11:39:22.099, 1, 4, 0, 0, 28, 24.50
2026/04/14 11:39:23.117, 0, 6470, 83, 81, 46, 69.49
2026/04/14 11:39:23.137, 1, 4, 0, 0, 28, 24.50
2026/04/14 11:39:24.160, 0, 6470, 67, 63, 46, 72.53
2026/04/14 11:39:24.211, 1, 4, 0, 0, 28, 24.50
2026/04/14 11:39:25.237, 0, 6470, 69, 60, 46, 70.44
2026/04/14 11:39:25.255, 1, 4, 0, 0, 28, 24.50
2026/04/14 11:39:26.279, 0, 6470, 83, 82, 46, 76.75
2026/04/14 11:39:26.316, 1, 4, 0, 0, 28, 24.50
2026/04/14 11:39:27.337, 0, 6470, 67, 63, 46, 80.13
2026/04/14 11:39:27.364, 1, 4, 0, 0, 28, 24.59
2026/04/14 11:39:28.384, 0, 6470, 69, 61, 46, 111.94
2026/04/14 11:39:28.404, 1, 4, 0, 0, 28, 24.59
2026/04/14 11:39:29.460, 0, 6470, 83, 82, 46, 74.21
2026/04/14 11:39:29.483, 1, 4, 0, 0, 28, 24.50
2026/04/14 11:39:30.504, 0, 6470, 67, 62, 46, 109.31
2026/04/14 11:39:30.534, 1, 4, 0, 0, 28, 24.50
2026/04/14 11:39:31.552, 0, 6470, 70, 61, 46, 103.64
2026/04/14 11:39:31.574, 1, 4, 0, 0, 28, 24.50
2026/04/14 11:39:32.594, 0, 6470, 83, 82, 46, 71.32
2026/04/14 11:39:32.623, 1, 4, 0, 0, 28, 24.49
2026/04/14 11:39:33.643, 0, 6470, 67, 62, 46, 80.13
2026/04/14 11:39:33.659, 1, 4, 0, 0, 28, 24.50
2026/04/14 11:39:34.691, 0, 6470, 60, 56, 46, 116.14
2026/04/14 11:39:34.708, 1, 4, 0, 0, 28, 24.60
2026/04/14 11:39:35.738, 0, 6470, 82, 81, 46, 165.13
2026/04/14 11:39:35.766, 1, 4, 0, 0, 28, 24.59
2026/04/14 11:39:36.788, 0, 6470, 66, 61, 46, 150.31
2026/04/14 11:39:36.815, 1, 4, 0, 0, 28, 24.50
2026/04/14 11:39:37.860, 0, 6470, 60, 55, 46, 161.35
2026/04/14 11:39:37.878, 1, 4, 0, 0, 28, 24.49
2026/04/14 11:39:38.902, 0, 6470, 82, 81, 46, 145.84
2026/04/14 11:39:38.932, 1, 4, 0, 0, 28, 24.59
2026/04/14 11:39:39.951, 0, 6470, 65, 61, 46, 111.99
2026/04/14 11:39:39.983, 1, 4, 0, 0, 28, 24.49
2026/04/14 11:39:41.002, 0, 6470, 59, 54, 46, 111.78
2026/04/14 11:39:41.034, 1, 4, 0, 0, 28, 24.58
2026/04/14 11:39:42.049, 0, 6470, 43, 31, 46, 113.13
2026/04/14 11:39:42.079, 1, 4, 0, 0, 28, 24.58
2026/04/14 11:39:43.108, 0, 6470, 65, 61, 46, 110.77
2026/04/14 11:39:43.133, 1, 4, 0, 0, 28, 24.59
2026/04/14 11:39:44.162, 0, 6470, 58, 53, 46, 108.74
2026/04/14 11:39:44.188, 1, 4, 0, 0, 28, 24.49
2026/04/14 11:39:45.205, 0, 6470, 43, 31, 46, 105.97
2026/04/14 11:39:45.221, 1, 4, 0, 0, 28, 24.49
2026/04/14 11:39:46.243, 0, 6470, 61, 49, 46, 90.18
2026/04/14 11:39:46.270, 1, 4, 0, 0, 28, 24.49
2026/04/14 11:39:47.294, 0, 6470, 58, 53, 46, 79.80
2026/04/14 11:39:47.307, 1, 4, 0, 0, 28, 24.49
2026/04/14 11:39:48.337, 0, 6470, 44, 31, 46, 119.57
2026/04/14 11:39:48.365, 1, 4, 0, 0, 28, 24.49
2026/04/14 11:39:49.386, 0, 6470, 61, 50, 46, 106.56
2026/04/14 11:39:49.412, 1, 4, 0, 0, 28, 24.59
2026/04/14 11:39:50.435, 0, 6470, 69, 60, 45, 100.97
2026/04/14 11:39:50.451, 1, 4, 0, 0, 28, 24.58
2026/04/14 11:39:51.483, 0, 6470, 44, 31, 46, 103.28
2026/04/14 11:39:51.498, 1, 4, 0, 0, 28, 24.49
2026/04/14 11:39:52.513, 0, 6470, 62, 51, 45, 98.71
2026/04/14 11:39:52.544, 1, 4, 0, 0, 28, 24.50
2026/04/14 11:39:53.558, 0, 6470, 70, 61, 45, 60.15
2026/04/14 11:39:53.572, 1, 4, 0, 0, 28, 24.50
2026/04/14 11:39:54.585, 0, 6470, 82, 81, 46, 78.76
2026/04/14 11:39:54.602, 1, 4, 0, 0, 28, 24.50
2026/04/14 11:39:55.621, 0, 6470, 66, 61, 46, 73.94
2026/04/14 11:39:55.659, 1, 4, 0, 0, 28, 24.50
2026/04/14 11:39:56.675, 0, 6470, 71, 62, 46, 91.77
2026/04/14 11:39:56.695, 1, 4, 0, 0, 28, 24.50
2026/04/14 11:39:57.732, 0, 6470, 82, 81, 46, 105.44
2026/04/14 11:39:57.755, 1, 4, 0, 0, 28, 24.60
2026/04/14 11:39:58.772, 0, 6470, 65, 61, 46, 98.38
2026/04/14 11:39:58.805, 1, 4, 0, 0, 28, 24.59
2026/04/14 11:39:59.822, 0, 6470, 72, 62, 46, 60.52
2026/04/14 11:39:59.844, 1, 4, 0, 0, 28, 24.49
2026/04/14 11:40:00.859, 0, 6470, 82, 81, 46, 90.71
2026/04/14 11:40:00.891, 1, 4, 0, 0, 28, 24.59
2026/04/14 11:40:01.921, 0, 6470, 65, 60, 46, 84.34
2026/04/14 11:40:01.946, 1, 4, 0, 0, 28, 24.59
2026/04/14 11:40:02.986, 0, 6470, 60, 55, 46, 79.95
2026/04/14 11:40:03.016, 1, 4, 0, 0, 28, 24.59
2026/04/14 11:40:04.061, 0, 6470, 82, 81, 46, 62.85
2026/04/14 11:40:04.100, 1, 4, 0, 0, 28, 24.50
2026/04/14 11:40:05.117, 0, 6470, 65, 60, 46, 70.08
2026/04/14 11:40:05.131, 1, 4, 0, 0, 28, 24.59
2026/04/14 11:40:06.146, 0, 6470, 60, 55, 46, 137.59
2026/04/14 11:40:06.178, 1, 4, 0, 0, 28, 24.50
2026/04/14 11:40:07.201, 0, 6470, 81, 81, 46, 163.11
2026/04/14 11:40:07.231, 1, 4, 0, 0, 28, 24.50
2026/04/14 11:40:08.254, 0, 6470, 65, 61, 46, 159.53
2026/04/14 11:40:08.275, 1, 4, 0, 0, 28, 24.50
2026/04/14 11:40:09.318, 0, 6470, 72, 64, 45, 100.29
2026/04/14 11:40:09.337, 1, 4, 0, 0, 28, 24.49
2026/04/14 11:40:10.353, 0, 6470, 44, 33, 46, 104.52
2026/04/14 11:40:10.384, 1, 4, 0, 0, 28, 24.58
2026/04/14 11:40:11.414, 0, 6470, 52, 39, 46, 106.36
2026/04/14 11:40:11.435, 1, 4, 0, 0, 28, 24.59
2026/04/14 11:40:12.471, 0, 6470, 68, 57, 45, 108.07
2026/04/14 11:40:12.497, 1, 4, 0, 0, 28, 24.49
2026/04/14 11:40:13.517, 0, 6470, 68, 59, 45, 115.05
2026/04/14 11:40:13.569, 1, 4, 0, 0, 28, 24.59
2026/04/14 11:40:14.593, 0, 6470, 44, 32, 45, 109.40
2026/04/14 11:40:14.612, 1, 4, 0, 0, 28, 24.50
2026/04/14 11:40:15.628, 0, 6470, 47, 34, 45, 60.19
2026/04/14 11:40:15.640, 1, 4, 0, 0, 28, 24.59
2026/04/14 11:40:16.667, 0, 6470, 59, 48, 45, 68.93
2026/04/14 11:40:16.696, 1, 4, 0, 0, 28, 24.59
2026/04/14 11:40:17.716, 0, 6470, 71, 62, 45, 83.79
2026/04/14 11:40:17.744, 1, 4, 0, 0, 28, 24.50
2026/04/14 11:40:18.776, 0, 6470, 71, 61, 45, 88.48
2026/04/14 11:40:18.790, 1, 4, 0, 0, 28, 24.50
2026/04/14 11:40:19.808, 0, 6470, 82, 77, 46, 65.54
2026/04/14 11:40:19.824, 1, 4, 0, 0, 28, 24.50
2026/04/14 11:40:20.839, 0, 6470, 78, 76, 46, 105.20
2026/04/14 11:40:20.854, 1, 4, 0, 0, 28, 24.50
2026/04/14 11:40:21.869, 0, 6470, 61, 56, 46, 80.24
2026/04/14 11:40:21.883, 1, 4, 0, 0, 28, 24.50
2026/04/14 11:40:22.899, 0, 6470, 54, 48, 46, 162.78
2026/04/14 11:40:22.914, 1, 4, 0, 0, 28, 24.50
2026/04/14 11:40:23.930, 0, 6470, 79, 76, 46, 134.18
2026/04/14 11:40:23.944, 1, 4, 0, 0, 28, 24.58
2026/04/14 11:40:24.958, 0, 6470, 60, 55, 46, 111.61
2026/04/14 11:40:24.973, 1, 4, 0, 0, 28, 24.49
2026/04/14 11:40:25.990, 0, 6470, 53, 46, 46, 105.74
2026/04/14 11:40:26.006, 1, 4, 0, 0, 28, 24.50
2026/04/14 11:40:27.018, 0, 6470, 47, 34, 46, 103.03
2026/04/14 11:40:27.030, 1, 4, 0, 0, 28, 24.49
2026/04/14 11:40:28.048, 0, 6470, 66, 55, 46, 100.91
2026/04/14 11:40:28.060, 1, 4, 0, 0, 28, 24.49
2026/04/14 11:40:29.073, 0, 6470, 72, 62, 45, 118.43
2026/04/14 11:40:29.087, 1, 4, 0, 0, 28, 24.49
2026/04/14 11:40:30.098, 0, 6470, 82, 81, 46, 70.76
2026/04/14 11:40:30.111, 1, 4, 0, 0, 28, 24.50
2026/04/14 11:40:31.123, 0, 6470, 68, 57, 46, 62.56
2026/04/14 11:40:31.137, 1, 4, 0, 0, 28, 24.50
2026/04/14 11:40:32.151, 0, 6470, 73, 64, 46, 103.60
2026/04/14 11:40:32.163, 1, 4, 0, 0, 28, 24.59
2026/04/14 11:40:33.181, 0, 6470, 82, 80, 46, 79.45
2026/04/14 11:40:33.193, 1, 4, 0, 0, 28, 24.50
2026/04/14 11:40:34.204, 0, 6470, 63, 59, 46, 161.15
2026/04/14 11:40:34.218, 1, 4, 0, 0, 28, 24.59
2026/04/14 11:40:35.231, 0, 6470, 56, 51, 46, 113.33
2026/04/14 11:40:35.246, 1, 4, 0, 0, 28, 24.49
2026/04/14 11:40:36.257, 0, 6470, 43, 31, 45, 111.82
2026/04/14 11:40:36.270, 1, 4, 0, 0, 28, 24.59
2026/04/14 11:40:37.283, 0, 6470, 61, 50, 46, 79.25
2026/04/14 11:40:37.297, 1, 4, 0, 0, 28, 24.49
2026/04/14 11:40:38.313, 0, 6470, 55, 50, 45, 103.69
2026/04/14 11:40:38.325, 1, 4, 0, 0, 28, 24.49
2026/04/14 11:40:39.339, 0, 6470, 44, 31, 45, 109.21
2026/04/14 11:40:39.353, 1, 4, 0, 0, 28, 24.49
2026/04/14 11:40:40.367, 0, 6470, 62, 51, 45, 60.14
2026/04/14 11:40:40.380, 1, 4, 0, 0, 28, 24.49
2026/04/14 11:40:41.393, 0, 6470, 70, 61, 45, 79.75
2026/04/14 11:40:41.406, 1, 4, 0, 0, 28, 24.50
2026/04/14 11:40:42.425, 0, 6470, 82, 81, 46, 77.70
2026/04/14 11:40:42.437, 1, 4, 0, 0, 28, 24.50
2026/04/14 11:40:43.451, 0, 6470, 67, 62, 46, 88.90
2026/04/14 11:40:43.469, 1, 4, 0, 0, 28, 24.59
2026/04/14 11:40:44.483, 0, 6470, 60, 56, 46, 82.84
2026/04/14 11:40:44.497, 1, 4, 0, 0, 28, 24.50
2026/04/14 11:40:45.513, 0, 6470, 83, 82, 46, 163.54
2026/04/14 11:40:45.526, 1, 4, 0, 0, 28, 24.49
2026/04/14 11:40:46.539, 0, 6470, 66, 62, 46, 114.40
2026/04/14 11:40:46.555, 1, 4, 0, 0, 28, 24.59
2026/04/14 11:40:47.570, 0, 6470, 65, 60, 46, 137.37
2026/04/14 11:40:47.582, 1, 4, 0, 0, 28, 24.58
2026/04/14 11:40:48.603, 0, 6470, 66, 61, 46, 134.36
2026/04/14 11:40:48.617, 1, 4, 0, 0, 28, 24.59
2026/04/14 11:40:49.630, 0, 6470, 60, 55, 46, 154.16
2026/04/14 11:40:49.644, 1, 4, 0, 0, 28, 24.59
2026/04/14 11:40:50.662, 0, 6470, 43, 30, 46, 114.99
2026/04/14 11:40:50.677, 1, 4, 0, 0, 28, 24.59
2026/04/14 11:40:51.689, 0, 6470, 58, 47, 46, 109.69
2026/04/14 11:40:51.704, 1, 4, 0, 0, 28, 24.49
2026/04/14 11:40:52.718, 0, 6470, 60, 56, 46, 81.65
2026/04/14 11:40:52.730, 1, 4, 0, 0, 28, 24.49
2026/04/14 11:40:53.751, 0, 6470, 43, 30, 46, 113.54
2026/04/14 11:40:53.768, 1, 4, 0, 0, 28, 24.59
2026/04/14 11:40:54.783, 0, 6470, 59, 48, 46, 103.57
2026/04/14 11:40:54.800, 1, 4, 0, 0, 28, 24.49
2026/04/14 11:40:55.830, 0, 6470, 68, 59, 45, 112.73
2026/04/14 11:40:55.844, 1, 4, 0, 0, 28, 24.59
2026/04/14 11:40:56.858, 0, 6470, 82, 80, 45, 77.11
2026/04/14 11:40:56.872, 1, 4, 0, 0, 28, 24.50
2026/04/14 11:40:57.888, 0, 6470, 78, 76, 46, 113.79
2026/04/14 11:40:57.902, 1, 4, 0, 0, 28, 24.48
2026/04/14 11:40:58.920, 0, 6470, 60, 54, 45, 112.73
2026/04/14 11:40:58.935, 1, 4, 0, 0, 28, 24.49
2026/04/14 11:40:59.948, 0, 6470, 52, 45, 46, 99.52
2026/04/14 11:40:59.966, 1, 4, 0, 0, 28, 24.49
2026/04/14 11:41:00.987, 0, 6470, 47, 33, 45, 91.42
2026/04/14 11:41:01.003, 1, 4, 0, 0, 28, 24.59
2026/04/14 11:41:02.018, 0, 6470, 66, 55, 45, 100.39
2026/04/14 11:41:02.033, 1, 4, 0, 0, 28, 24.49
2026/04/14 11:41:03.052, 0, 6470, 71, 62, 45, 107.62
2026/04/14 11:41:03.068, 1, 4, 0, 0, 28, 24.50
2026/04/14 11:41:04.081, 0, 6470, 47, 34, 45, 61.97
2026/04/14 11:41:04.096, 1, 4, 0, 0, 28, 24.49
2026/04/14 11:41:05.117, 0, 6470, 66, 55, 45, 75.48
2026/04/14 11:41:05.132, 1, 4, 0, 0, 28, 24.50
2026/04/14 11:41:06.146, 0, 6470, 68, 57, 45, 121.14
2026/04/14 11:41:06.162, 1, 4, 0, 0, 28, 24.49
2026/04/14 11:41:07.182, 0, 6470, 62, 49, 46, 117.28
2026/04/14 11:41:07.197, 1, 4, 0, 0, 28, 24.50
2026/04/14 11:41:08.211, 0, 6470, 53, 38, 46, 113.94
2026/04/14 11:41:08.225, 1, 4, 0, 0, 28, 24.59
2026/04/14 11:41:09.237, 0, 6470, 55, 43, 46, 152.01
2026/04/14 11:41:09.248, 1, 4, 0, 0, 28, 24.58
2026/04/14 11:41:10.260, 0, 6470, 62, 56, 46, 80.13
2026/04/14 11:41:10.277, 1, 4, 0, 0, 28, 24.49
2026/04/14 11:41:11.291, 0, 6470, 77, 67, 46, 63.92
2026/04/14 11:41:11.303, 1, 4, 0, 0, 28, 24.50
2026/04/14 11:41:12.314, 0, 6470, 68, 56, 46, 67.36
2026/04/14 11:41:12.327, 1, 4, 0, 0, 28, 24.59
2026/04/14 11:41:13.340, 0, 6470, 62, 49, 46, 100.97
2026/04/14 11:41:13.353, 1, 4, 0, 0, 28, 24.59
2026/04/14 11:41:14.371, 0, 6470, 67, 57, 46, 106.65
2026/04/14 11:41:14.384, 1, 4, 0, 0, 28, 24.59
2026/04/14 11:41:15.397, 0, 6470, 71, 61, 45, 85.71
2026/04/14 11:41:15.410, 1, 4, 0, 0, 28, 24.59
2026/04/14 11:41:16.424, 0, 6470, 83, 82, 46, 77.23
2026/04/14 11:41:16.437, 1, 4, 0, 0, 28, 24.50
2026/04/14 11:41:17.449, 0, 6470, 68, 64, 46, 75.21
2026/04/14 11:41:17.461, 1, 4, 0, 0, 28, 24.50
2026/04/14 11:41:18.474, 0, 6470, 69, 60, 46, 60.12
2026/04/14 11:41:18.488, 1, 4, 0, 0, 28, 24.50
2026/04/14 11:41:19.501, 0, 6470, 82, 77, 46, 99.78
2026/04/14 11:41:19.512, 1, 4, 0, 0, 28, 24.50
2026/04/14 11:41:20.524, 0, 6470, 81, 80, 46, 150.22
2026/04/14 11:41:20.535, 1, 4, 0, 0, 28, 24.49
2026/04/14 11:41:21.549, 0, 6470, 70, 67, 46, 112.63
2026/04/14 11:41:21.561, 1, 4, 0, 0, 28, 24.58
2026/04/14 11:41:22.574, 0, 6470, 66, 62, 46, 108.88
2026/04/14 11:41:22.586, 1, 4, 0, 0, 28, 24.49
2026/04/14 11:41:23.597, 0, 6470, 58, 52, 46, 105.20
2026/04/14 11:41:23.612, 1, 4, 0, 0, 28, 24.59
2026/04/14 11:41:24.628, 0, 6470, 61, 56, 45, 80.20
2026/04/14 11:41:24.641, 1, 4, 0, 0, 28, 24.59
2026/04/14 11:41:25.654, 0, 6470, 53, 46, 45, 121.79
2026/04/14 11:41:25.668, 1, 4, 0, 0, 28, 24.60
2026/04/14 11:41:26.681, 0, 6470, 46, 35, 46, 100.78
2026/04/14 11:41:26.693, 1, 4, 0, 0, 28, 24.48
2026/04/14 11:41:27.709, 0, 6470, 45, 32, 45, 105.49
2026/04/14 11:41:27.721, 1, 4, 0, 0, 28, 24.50
2026/04/14 11:41:28.739, 0, 6470, 58, 46, 46, 119.13
2026/04/14 11:41:28.753, 1, 4, 0, 0, 28, 24.59
2026/04/14 11:41:29.772, 0, 6470, 72, 63, 45, 69.18
2026/04/14 11:41:29.784, 1, 4, 0, 0, 28, 24.59
2026/04/14 11:41:30.796, 0, 6470, 74, 65, 45, 72.00
2026/04/14 11:41:30.809, 1, 4, 0, 0, 28, 24.50
2026/04/14 11:41:31.820, 0, 6470, 83, 82, 46, 75.36
2026/04/14 11:41:31.833, 1, 4, 0, 0, 28, 24.50
2026/04/14 11:41:32.846, 0, 6470, 71, 67, 46, 74.70
2026/04/14 11:41:32.858, 1, 4, 0, 0, 28, 24.50
2026/04/14 11:41:33.873, 0, 6470, 73, 64, 46, 107.91
2026/04/14 11:41:33.886, 1, 4, 0, 0, 28, 24.50
2026/04/14 11:41:34.904, 0, 6470, 78, 70, 46, 60.33
2026/04/14 11:41:34.918, 1, 4, 0, 0, 28, 24.59
2026/04/14 11:41:35.930, 0, 6470, 79, 77, 46, 112.01
2026/04/14 11:41:35.943, 1, 4, 0, 0, 28, 24.50
2026/04/14 11:41:36.957, 0, 6470, 63, 57, 46, 162.75
2026/04/14 11:41:36.981, 1, 4, 0, 0, 28, 24.50
2026/04/14 11:41:37.995, 0, 6470, 59, 54, 46, 116.61
2026/04/14 11:41:38.007, 1, 4, 0, 0, 28, 24.49
2026/04/14 11:41:39.020, 0, 6470, 46, 32, 46, 111.34
2026/04/14 11:41:39.065, 1, 4, 0, 0, 28, 24.48
2026/04/14 11:41:40.079, 0, 6470, 68, 64, 46, 109.42
2026/04/14 11:41:40.092, 1, 4, 0, 0, 28, 24.59
2026/04/14 11:41:41.106, 0, 6470, 58, 52, 46, 111.63
2026/04/14 11:41:41.143, 1, 4, 0, 0, 28, 24.49
2026/04/14 11:41:42.162, 0, 6470, 54, 46, 46, 112.01
2026/04/14 11:41:42.178, 1, 4, 0, 0, 28, 24.50
2026/04/14 11:41:43.192, 0, 6470, 47, 33, 46, 106.94
2026/04/14 11:41:43.208, 1, 4, 0, 0, 28, 24.59
2026/04/14 11:41:44.225, 0, 6470, 60, 48, 46, 99.60
2026/04/14 11:41:44.240, 1, 4, 0, 0, 28, 24.59
2026/04/14 11:41:45.254, 0, 6470, 60, 48, 45, 79.82
2026/04/14 11:41:45.269, 1, 4, 0, 0, 28, 24.41
2026/04/14 11:41:46.289, 0, 6470, 71, 62, 45, 61.41
2026/04/14 11:41:46.304, 1, 4, 0, 0, 28, 24.49
2026/04/14 11:41:47.318, 0, 6470, 79, 72, 46, 106.01
2026/04/14 11:41:47.332, 1, 4, 0, 0, 28, 24.50
2026/04/14 11:41:48.355, 0, 6470, 77, 75, 46, 79.97
2026/04/14 11:41:48.370, 1, 4, 0, 0, 28, 24.59
2026/04/14 11:41:49.385, 0, 6470, 58, 52, 46, 93.23
2026/04/14 11:41:49.399, 1, 4, 0, 0, 28, 24.50
2026/04/14 11:41:50.418, 0, 6470, 52, 44, 46, 164.32
2026/04/14 11:41:50.433, 1, 4, 0, 0, 28, 24.50
2026/04/14 11:41:51.447, 0, 6470, 76, 74, 46, 112.38
2026/04/14 11:41:51.459, 1, 4, 0, 0, 28, 24.49
2026/04/14 11:41:52.474, 0, 6470, 58, 52, 46, 111.14
2026/04/14 11:41:52.488, 1, 4, 0, 0, 28, 24.49
2026/04/14 11:41:53.501, 0, 6470, 51, 44, 46, 88.88
2026/04/14 11:41:53.516, 1, 4, 0, 0, 28, 24.49
2026/04/14 11:41:54.529, 0, 6470, 48, 34, 45, 114.32
2026/04/14 11:41:54.542, 1, 4, 0, 0, 28, 24.49
2026/04/14 11:41:55.554, 0, 6470, 66, 56, 46, 106.55
2026/04/14 11:41:55.565, 1, 4, 0, 0, 28, 24.50
2026/04/14 11:41:56.577, 0, 6470, 72, 62, 45, 60.14
2026/04/14 11:41:56.588, 1, 4, 0, 0, 28, 24.59
2026/04/14 11:41:57.600, 0, 6470, 82, 81, 46, 76.66
2026/04/14 11:41:57.611, 1, 4, 0, 0, 28, 24.50
2026/04/14 11:41:58.622, 0, 6470, 66, 61, 46, 112.88
2026/04/14 11:41:58.635, 1, 4, 0, 0, 28, 24.50
2026/04/14 11:41:59.656, 0, 6470, 72, 62, 46, 58.11
2026/04/14 11:41:59.679, 1, 4, 0, 0, 28, 24.50
2026/04/14 11:42:00.726, 0, 6470, 82, 81, 46, 100.61
2026/04/14 11:42:00.760, 1, 4, 0, 0, 28, 24.50
2026/04/14 11:42:01.781, 0, 6470, 65, 61, 46, 75.41
2026/04/14 11:42:01.793, 1, 4, 0, 0, 28, 24.49
2026/04/14 11:42:02.806, 0, 6470, 58, 53, 46, 108.48
2026/04/14 11:42:02.818, 1, 4, 0, 0, 28, 24.50
2026/04/14 11:42:03.831, 0, 6470, 82, 81, 46, 151.10
2026/04/14 11:42:03.844, 1, 4, 0, 0, 28, 24.38
2026/04/14 11:42:04.858, 0, 6470, 64, 59, 46, 113.66
2026/04/14 11:42:04.870, 1, 4, 0, 0, 28, 24.49
2026/04/14 11:42:05.889, 0, 6470, 56, 51, 45, 106.32
2026/04/14 11:42:05.901, 1, 4, 0, 0, 28, 24.49
2026/04/14 11:42:06.914, 0, 6470, 45, 32, 45, 107.95
2026/04/14 11:42:06.927, 1, 4, 0, 0, 28, 24.50
2026/04/14 11:42:07.942, 0, 6470, 63, 52, 46, 101.17
2026/04/14 11:42:07.955, 1, 4, 0, 0, 28, 24.50
2026/04/14 11:42:08.969, 0, 6470, 71, 62, 45, 113.35
2026/04/14 11:42:08.984, 1, 4, 0, 0, 28, 24.49
2026/04/14 11:42:10.001, 0, 6470, 82, 81, 45, 67.86
2026/04/14 11:42:10.013, 1, 4, 0, 0, 28, 24.50
2026/04/14 11:42:11.027, 0, 6470, 64, 53, 45, 66.13
2026/04/14 11:42:11.040, 1, 4, 0, 0, 28, 24.49
2026/04/14 11:42:12.055, 0, 6470, 72, 62, 46, 111.61
2026/04/14 11:42:12.069, 1, 4, 0, 0, 28, 24.50
2026/04/14 11:42:13.089, 0, 6470, 82, 81, 46, 60.44
2026/04/14 11:42:13.101, 1, 4, 0, 0, 28, 24.50
2026/04/14 11:42:14.114, 0, 6470, 66, 62, 46, 127.04
2026/04/14 11:42:14.128, 1, 4, 0, 0, 28, 24.50
2026/04/14 11:42:15.142, 0, 6470, 60, 55, 46, 135.08
2026/04/14 11:42:15.159, 1, 4, 0, 0, 28, 24.59
2026/04/14 11:42:16.172, 0, 6470, 42, 30, 46, 110.39
2026/04/14 11:42:16.187, 1, 4, 0, 0, 28, 24.49
2026/04/14 11:42:17.206, 0, 6470, 66, 62, 46, 105.78
2026/04/14 11:42:17.219, 1, 4, 0, 0, 28, 24.49
2026/04/14 11:42:18.236, 0, 6470, 60, 55, 46, 79.34
2026/04/14 11:42:18.249, 1, 4, 0, 0, 28, 24.50
2026/04/14 11:42:19.262, 0, 6470, 42, 30, 45, 100.20
2026/04/14 11:42:19.276, 1, 4, 0, 0, 28, 24.58
2026/04/14 11:42:20.289, 0, 6470, 58, 47, 46, 111.33
2026/04/14 11:42:20.304, 1, 4, 0, 0, 28, 24.49
2026/04/14 11:42:21.318, 0, 6470, 68, 59, 45, 59.53
2026/04/14 11:42:21.333, 1, 4, 0, 0, 28, 24.49
2026/04/14 11:42:22.351, 0, 6470, 81, 80, 45, 95.08
2026/04/14 11:42:22.365, 1, 4, 0, 0, 28, 24.41
2026/04/14 11:42:23.378, 0, 6470, 67, 63, 46, 79.17
2026/04/14 11:42:23.393, 1, 4, 0, 0, 28, 24.50
2026/04/14 11:42:24.408, 0, 6470, 68, 59, 46, 102.36
2026/04/14 11:42:24.425, 1, 4, 0, 0, 28, 24.59
2026/04/14 11:42:25.446, 0, 6470, 58, 52, 45, 107.58
2026/04/14 11:42:25.461, 1, 4, 0, 0, 28, 24.59
2026/04/14 11:42:26.476, 0, 6470, 49, 39, 45, 75.56
2026/04/14 11:42:26.491, 1, 4, 0, 0, 28, 24.59
2026/04/14 11:42:27.507, 0, 6470, 46, 33, 45, 111.86
2026/04/14 11:42:27.522, 1, 4, 0, 0, 28, 24.50
2026/04/14 11:42:28.542, 0, 6470, 59, 48, 45, 103.09
2026/04/14 11:42:28.557, 1, 4, 0, 0, 28, 24.49
2026/04/14 11:42:29.572, 0, 6470, 70, 60, 45, 111.43
2026/04/14 11:42:29.593, 1, 4, 0, 0, 28, 24.49
2026/04/14 11:42:30.606, 0, 6470, 68, 59, 45, 69.88
2026/04/14 11:42:30.620, 1, 4, 0, 0, 28, 24.50
2026/04/14 11:42:31.634, 0, 6470, 81, 75, 45, 62.26
2026/04/14 11:42:31.649, 1, 4, 0, 0, 28, 24.59
2026/04/14 11:42:32.663, 0, 6470, 82, 80, 46, 111.01
2026/04/14 11:42:32.677, 1, 4, 0, 0, 28, 24.59
2026/04/14 11:42:33.691, 0, 6470, 39, 32, 45, 79.64
2026/04/14 11:42:33.703, 1, 4, 0, 0, 28, 24.59
2026/04/14 11:42:34.717, 0, 6470, 60, 48, 45, 100.20
2026/04/14 11:42:34.729, 1, 4, 0, 0, 28, 24.59
2026/04/14 11:42:35.748, 0, 6470, 68, 59, 46, 105.58
2026/04/14 11:42:35.759, 1, 4, 0, 0, 28, 24.49
2026/04/14 11:42:36.778, 0, 6470, 82, 78, 45, 95.75
2026/04/14 11:42:36.791, 1, 4, 0, 0, 28, 24.49
2026/04/14 11:42:37.805, 0, 6470, 58, 45, 45, 72.39
2026/04/14 11:42:37.817, 1, 4, 0, 0, 28, 24.50
2026/04/14 11:42:38.829, 0, 6470, 71, 62, 45, 72.40
2026/04/14 11:42:38.840, 1, 4, 0, 0, 28, 24.59
2026/04/14 11:42:39.852, 0, 6470, 78, 70, 46, 108.41
2026/04/14 11:42:39.865, 1, 4, 0, 0, 28, 24.50
2026/04/14 11:42:40.877, 0, 6470, 79, 76, 46, 78.55
2026/04/14 11:42:40.889, 1, 4, 0, 0, 28, 24.50
2026/04/14 11:42:41.905, 0, 6470, 60, 55, 46, 162.87
2026/04/14 11:42:41.918, 1, 4, 0, 0, 28, 24.59
2026/04/14 11:42:42.936, 0, 6470, 53, 46, 46, 122.25
2026/04/14 11:42:42.948, 1, 4, 0, 0, 28, 24.49
2026/04/14 11:42:43.960, 0, 6470, 46, 33, 45, 108.45
2026/04/14 11:42:43.973, 1, 4, 0, 0, 28, 24.49
2026/04/14 11:42:44.985, 0, 6470, 64, 54, 46, 92.11
2026/04/14 11:42:44.999, 1, 4, 0, 0, 28, 24.49
2026/04/14 11:42:46.013, 0, 6470, 52, 45, 45, 117.60
2026/04/14 11:42:46.028, 1, 4, 0, 0, 28, 24.59
2026/04/14 11:42:47.046, 0, 6470, 47, 34, 46, 102.50
2026/04/14 11:42:47.059, 1, 4, 0, 0, 28, 24.50
2026/04/14 11:42:48.074, 0, 6470, 66, 56, 45, 97.52
2026/04/14 11:42:48.089, 1, 4, 0, 0, 28, 24.50
2026/04/14 11:42:49.103, 0, 6470, 72, 62, 46, 70.94
2026/04/14 11:42:49.115, 1, 4, 0, 0, 28, 24.50
2026/04/14 11:42:50.131, 0, 6470, 82, 81, 46, 59.47
2026/04/14 11:42:50.144, 1, 4, 0, 0, 28, 24.50
2026/04/14 11:42:51.157, 0, 6470, 66, 61, 46, 105.62
2026/04/14 11:42:51.171, 1, 4, 0, 0, 28, 24.50
2026/04/14 11:42:52.186, 0, 6470, 72, 62, 46, 72.89
2026/04/14 11:42:52.202, 1, 4, 0, 0, 28, 24.59
2026/04/14 11:42:53.220, 0, 6470, 82, 81, 46, 132.66
2026/04/14 11:42:53.236, 1, 4, 0, 0, 28, 24.50
2026/04/14 11:42:54.249, 0, 6470, 66, 61, 46, 144.66
2026/04/14 11:42:54.262, 1, 4, 0, 0, 28, 24.48
2026/04/14 11:42:55.274, 0, 6470, 60, 55, 46, 112.48
2026/04/14 11:42:55.288, 1, 4, 0, 0, 28, 24.59
2026/04/14 11:42:56.307, 0, 6470, 43, 30, 45, 107.89
2026/04/14 11:42:56.321, 1, 4, 0, 0, 28, 24.49
2026/04/14 11:42:57.335, 0, 6470, 59, 47, 46, 81.10
2026/04/14 11:42:57.349, 1, 4, 0, 0, 28, 24.49
2026/04/14 11:42:58.362, 0, 6470, 68, 59, 45, 100.39
2026/04/14 11:42:58.376, 1, 4, 0, 0, 28, 24.58
2026/04/14 11:42:59.398, 0, 6470, 43, 31, 46, 107.23
2026/04/14 11:42:59.414, 1, 4, 0, 0, 28, 24.50
2026/04/14 11:43:00.428, 0, 6470, 60, 48, 45, 61.78
2026/04/14 11:43:00.441, 1, 4, 0, 0, 28, 24.49
2026/04/14 11:43:01.460, 0, 6470, 68, 59, 45, 81.65
2026/04/14 11:43:01.473, 1, 4, 0, 0, 28, 24.50
2026/04/14 11:43:02.486, 0, 6470, 82, 81, 45, 68.85
2026/04/14 11:43:02.501, 1, 4, 0, 0, 28, 24.50
2026/04/14 11:43:03.514, 0, 6470, 67, 63, 45, 101.00
2026/04/14 11:43:03.529, 1, 4, 0, 0, 28, 24.59
2026/04/14 11:43:04.548, 0, 6470, 59, 54, 46, 81.26
2026/04/14 11:43:04.566, 1, 4, 0, 0, 28, 24.50
2026/04/14 11:43:05.580, 0, 6470, 82, 82, 46, 163.50
2026/04/14 11:43:05.596, 1, 4, 0, 0, 28, 24.50
2026/04/14 11:43:06.611, 0, 6470, 67, 63, 46, 120.94
2026/04/14 11:43:06.627, 1, 4, 0, 0, 28, 24.49
2026/04/14 11:43:07.641, 0, 6470, 60, 56, 46, 109.53
2026/04/14 11:43:07.658, 1, 4, 0, 0, 28, 24.49
2026/04/14 11:43:08.678, 0, 6470, 43, 30, 45, 108.05
2026/04/14 11:43:08.694, 1, 4, 0, 0, 28, 24.49
2026/04/14 11:43:09.710, 0, 6470, 58, 46, 46, 80.14
2026/04/14 11:43:09.725, 1, 4, 0, 0, 28, 24.50
2026/04/14 11:43:10.741, 0, 6470, 70, 60, 45, 100.13
2026/04/14 11:43:10.756, 1, 4, 0, 0, 28, 24.49
2026/04/14 11:43:11.770, 0, 6470, 43, 30, 46, 108.55
2026/04/14 11:43:11.785, 1, 4, 0, 0, 28, 24.49
2026/04/14 11:43:12.804, 0, 6470, 59, 47, 45, 61.59
2026/04/14 11:43:12.818, 1, 4, 0, 0, 28, 24.59
2026/04/14 11:43:13.833, 0, 6470, 69, 60, 45, 89.06
2026/04/14 11:43:13.849, 1, 4, 0, 0, 28, 24.50
2026/04/14 11:43:14.871, 0, 6470, 81, 78, 46, 59.85
2026/04/14 11:43:14.886, 1, 4, 0, 0, 28, 24.50
2026/04/14 11:43:15.901, 0, 6470, 71, 67, 46, 110.62
2026/04/14 11:43:15.913, 1, 4, 0, 0, 28, 24.59
2026/04/14 11:43:16.949, 0, 6470, 69, 59, 46, 99.63
2026/04/14 11:43:16.961, 1, 4, 0, 0, 28, 24.50
2026/04/14 11:43:17.975, 0, 6470, 81, 78, 46, 90.16
2026/04/14 11:43:17.987, 1, 4, 0, 0, 28, 24.50
2026/04/14 11:43:19.000, 0, 6470, 70, 66, 46, 164.82
2026/04/14 11:43:19.014, 1, 4, 0, 0, 28, 24.58
2026/04/14 11:43:20.027, 0, 6470, 58, 52, 46, 113.35
2026/04/14 11:43:20.041, 1, 4, 0, 0, 28, 24.59
2026/04/14 11:43:21.053, 0, 6470, 46, 35, 46, 106.36
2026/04/14 11:43:21.067, 1, 4, 0, 0, 28, 24.49
2026/04/14 11:43:22.083, 0, 6470, 45, 38, 45, 54.63
2026/04/14 11:43:22.098, 1, 4, 0, 0, 28, 24.50
2026/04/14 11:43:23.113, 0, 6470, 66, 62, 45, 110.93
2026/04/14 11:43:23.126, 1, 4, 0, 0, 28, 24.49
2026/04/14 11:43:24.139, 0, 6470, 61, 56, 46, 77.59
2026/04/14 11:43:24.153, 1, 4, 0, 0, 28, 24.50
2026/04/14 11:43:25.167, 0, 6470, 82, 82, 46, 164.47
2026/04/14 11:43:25.179, 1, 4, 0, 0, 28, 24.59
2026/04/14 11:43:26.192, 0, 6470, 66, 62, 46, 113.79
2026/04/14 11:43:26.206, 1, 4, 0, 0, 28, 24.49
2026/04/14 11:43:27.219, 0, 6470, 60, 56, 45, 110.75
2026/04/14 11:43:27.232, 1, 4, 0, 0, 28, 24.49
2026/04/14 11:43:28.245, 0, 6470, 43, 30, 45, 91.24
2026/04/14 11:43:28.257, 1, 4, 0, 0, 28, 24.50
2026/04/14 11:43:29.272, 0, 6470, 59, 48, 45, 112.90
2026/04/14 11:43:29.284, 1, 4, 0, 0, 28, 24.50
2026/04/14 11:43:30.298, 0, 6470, 68, 59, 45, 106.75
2026/04/14 11:43:30.311, 1, 4, 0, 0, 28, 24.49
2026/04/14 11:43:31.325, 0, 6470, 82, 81, 45, 61.48
2026/04/14 11:43:31.339, 1, 4, 0, 0, 28, 24.59
2026/04/14 11:43:32.358, 0, 6470, 59, 48, 45, 92.19
2026/04/14 11:43:32.370, 1, 4, 0, 0, 28, 24.50
2026/04/14 11:43:33.382, 0, 6470, 71, 61, 46, 79.45
2026/04/14 11:43:33.395, 1, 4, 0, 0, 28, 24.50
2026/04/14 11:43:34.409, 0, 6470, 75, 67, 46, 76.11
2026/04/14 11:43:34.422, 1, 4, 0, 0, 28, 24.59
2026/04/14 11:43:35.437, 0, 6470, 82, 81, 46, 120.79
2026/04/14 11:43:35.451, 1, 4, 0, 0, 28, 24.50
2026/04/14 11:43:36.466, 0, 6470, 73, 70, 46, 147.46
2026/04/14 11:43:36.480, 1, 4, 0, 0, 28, 24.49
2026/04/14 11:43:37.494, 0, 6470, 64, 59, 46, 111.96
2026/04/14 11:43:37.536, 1, 4, 0, 0, 28, 24.48
2026/04/14 11:43:38.550, 0, 6470, 58, 53, 46, 110.14
2026/04/14 11:43:38.564, 1, 4, 0, 0, 28, 24.49
2026/04/14 11:43:39.578, 0, 6470, 52, 44, 45, 104.83
2026/04/14 11:43:39.593, 1, 4, 0, 0, 28, 24.59
2026/04/14 11:43:40.608, 0, 6470, 43, 31, 45, 102.15
2026/04/14 11:43:40.624, 1, 4, 0, 0, 28, 24.50
2026/04/14 11:43:41.636, 0, 6470, 53, 40, 45, 100.68
2026/04/14 11:43:41.650, 1, 4, 0, 0, 28, 24.58
2026/04/14 11:43:42.666, 0, 6470, 70, 60, 45, 115.86
2026/04/14 11:43:42.683, 1, 4, 0, 0, 28, 24.50
2026/04/14 11:43:43.697, 0, 6470, 75, 66, 45, 59.76
2026/04/14 11:43:43.738, 1, 4, 0, 0, 28, 24.49
2026/04/14 11:43:44.751, 0, 6470, 52, 38, 45, 67.58
2026/04/14 11:43:44.764, 1, 4, 0, 0, 28, 24.50
2026/04/14 11:43:45.783, 0, 6470, 70, 61, 45, 73.85
2026/04/14 11:43:45.796, 1, 4, 0, 0, 28, 24.50
2026/04/14 11:43:46.810, 0, 6470, 76, 68, 45, 103.70
2026/04/14 11:43:46.826, 1, 4, 0, 0, 28, 24.50
2026/04/14 11:43:47.847, 0, 6470, 80, 77, 46, 87.84
2026/04/14 11:43:47.860, 1, 4, 0, 0, 28, 24.58
2026/04/14 11:43:48.874, 0, 6470, 62, 57, 46, 91.59
2026/04/14 11:43:48.889, 1, 4, 0, 0, 28, 24.50
2026/04/14 11:43:49.904, 0, 6470, 55, 49, 46, 158.44
2026/04/14 11:43:49.918, 1, 4, 0, 0, 28, 24.50
2026/04/14 11:43:50.933, 0, 6470, 46, 33, 45, 113.44
2026/04/14 11:43:50.947, 1, 4, 0, 0, 28, 24.49
2026/04/14 11:43:51.961, 0, 6470, 62, 57, 45, 110.99
2026/04/14 11:43:51.976, 1, 4, 0, 0, 28, 24.59
2026/04/14 11:43:52.997, 0, 6470, 55, 50, 45, 100.10
2026/04/14 11:43:53.013, 1, 4, 0, 0, 28, 24.49
2026/04/14 11:43:54.028, 0, 6470, 45, 33, 45, 110.16
2026/04/14 11:43:54.044, 1, 4, 0, 0, 28, 24.49
2026/04/14 11:43:55.063, 0, 6470, 63, 52, 45, 100.49
2026/04/14 11:43:55.078, 1, 4, 0, 0, 28, 24.58
2026/04/14 11:43:56.093, 0, 6470, 71, 61, 45, 111.04
2026/04/14 11:43:56.109, 1, 4, 0, 0, 28, 24.50
2026/04/14 11:43:57.126, 0, 6470, 82, 81, 45, 62.05
2026/04/14 11:43:57.141, 1, 4, 0, 0, 28, 24.49
2026/04/14 11:43:58.158, 0, 6470, 63, 52, 45, 87.14
2026/04/14 11:43:58.172, 1, 4, 0, 0, 28, 24.50
2026/04/14 11:43:59.188, 0, 6470, 70, 61, 45, 65.25
2026/04/14 11:43:59.201, 1, 4, 0, 0, 28, 24.49
2026/04/14 11:44:00.213, 0, 6470, 82, 81, 46, 100.18
2026/04/14 11:44:00.225, 1, 4, 0, 0, 28, 24.49
2026/04/14 11:44:01.238, 0, 6470, 67, 62, 46, 89.75
2026/04/14 11:44:01.251, 1, 4, 0, 0, 28, 24.59
2026/04/14 11:44:02.264, 0, 6470, 60, 56, 46, 155.07
2026/04/14 11:44:02.277, 1, 4, 0, 0, 28, 24.49
2026/04/14 11:44:03.289, 0, 6470, 43, 30, 46, 113.21
2026/04/14 11:44:03.302, 1, 4, 0, 0, 28, 24.49
2026/04/14 11:44:04.320, 0, 6470, 58, 47, 45, 110.97
2026/04/14 11:44:04.335, 1, 4, 0, 0, 28, 24.49
2026/04/14 11:44:05.351, 0, 6470, 60, 56, 45, 82.79
2026/04/14 11:44:05.365, 1, 4, 0, 0, 28, 24.59
2026/04/14 11:44:06.383, 0, 6470, 43, 30, 45, 115.38
2026/04/14 11:44:06.395, 1, 4, 0, 0, 28, 24.50
2026/04/14 11:44:07.409, 0, 6470, 59, 47, 45, 105.74
2026/04/14 11:44:07.421, 1, 4, 0, 0, 28, 24.49
2026/04/14 11:44:08.434, 0, 6470, 68, 59, 45, 60.43
2026/04/14 11:44:08.447, 1, 4, 0, 0, 28, 24.59
2026/04/14 11:44:09.461, 0, 6470, 82, 78, 45, 89.89
2026/04/14 11:44:09.475, 1, 4, 0, 0, 28, 24.50
2026/04/14 11:44:10.493, 0, 6470, 46, 39, 45, 83.86
2026/04/14 11:44:10.504, 1, 4, 0, 0, 28, 24.50
2026/04/14 11:44:11.519, 0, 6470, 57, 52, 45, 88.59
2026/04/14 11:44:11.533, 1, 4, 0, 0, 28, 24.50
2026/04/14 11:44:12.548, 0, 6470, 50, 41, 45, 122.13
2026/04/14 11:44:12.564, 1, 4, 0, 0, 28, 24.59
2026/04/14 11:44:13.580, 0, 6470, 49, 35, 45, 102.41
2026/04/14 11:44:13.594, 1, 4, 0, 0, 28, 24.50
2026/04/14 11:44:14.606, 0, 6470, 67, 57, 45, 82.87
2026/04/14 11:44:14.619, 1, 4, 0, 0, 28, 24.59
2026/04/14 11:44:15.631, 0, 6470, 73, 64, 45, 83.86
2026/04/14 11:44:15.644, 1, 4, 0, 0, 28, 24.50
2026/04/14 11:44:16.656, 0, 6470, 82, 81, 46, 72.10
2026/04/14 11:44:16.670, 1, 4, 0, 0, 28, 24.59
2026/04/14 11:44:17.689, 0, 6470, 64, 59, 46, 103.10
2026/04/14 11:44:17.702, 1, 4, 0, 0, 28, 24.49
2026/04/14 11:44:18.715, 0, 6470, 74, 65, 46, 78.95
2026/04/14 11:44:18.728, 1, 4, 0, 0, 28, 24.50
2026/04/14 11:44:19.741, 0, 6470, 82, 80, 46, 163.44
2026/04/14 11:44:19.754, 1, 4, 0, 0, 28, 24.58
2026/04/14 11:44:20.769, 0, 6470, 64, 59, 45, 112.92
2026/04/14 11:44:20.784, 1, 4, 0, 0, 28, 24.49
2026/04/14 11:44:21.799, 0, 6470, 57, 51, 46, 111.42
2026/04/14 11:44:21.815, 1, 4, 0, 0, 28, 24.49
2026/04/14 11:44:22.829, 0, 6470, 45, 32, 45, 99.94
2026/04/14 11:44:22.874, 1, 4, 0, 0, 28, 24.50
2026/04/14 11:44:23.890, 0, 6470, 62, 51, 46, 99.17
2026/04/14 11:44:23.905, 1, 4, 0, 0, 28, 24.59
2026/04/14 11:44:24.918, 0, 6470, 56, 50, 45, 120.22
2026/04/14 11:44:24.932, 1, 4, 0, 0, 28, 24.50
2026/04/14 11:44:25.951, 0, 6470, 45, 33, 46, 101.73
2026/04/14 11:44:25.965, 1, 4, 0, 0, 28, 24.59
2026/04/14 11:44:26.979, 0, 6470, 64, 53, 45, 106.15
2026/04/14 11:44:26.993, 1, 4, 0, 0, 28, 24.49
2026/04/14 11:44:28.006, 0, 6470, 71, 62, 45, 71.63
2026/04/14 11:44:28.020, 1, 4, 0, 0, 28, 24.50
2026/04/14 11:44:29.035, 0, 6470, 82, 82, 46, 61.60
2026/04/14 11:44:29.048, 1, 4, 0, 0, 28, 24.59
2026/04/14 11:44:30.068, 0, 6470, 66, 62, 46, 110.83
2026/04/14 11:44:30.085, 1, 4, 0, 0, 28, 24.50
2026/04/14 11:44:31.098, 0, 6470, 72, 62, 46, 71.32
2026/04/14 11:44:31.111, 1, 4, 0, 0, 28, 24.59
2026/04/14 11:44:32.124, 0, 6470, 82, 81, 46, 158.01
2026/04/14 11:44:32.138, 1, 4, 0, 0, 28, 24.59
2026/04/14 11:44:33.152, 0, 6470, 66, 61, 46, 116.71
2026/04/14 11:44:33.167, 1, 4, 0, 0, 28, 24.49
2026/04/14 11:44:34.180, 0, 6470, 59, 55, 46, 111.96
2026/04/14 11:44:34.195, 1, 4, 0, 0, 28, 24.49
2026/04/14 11:44:35.211, 0, 6470, 42, 30, 46, 107.00
2026/04/14 11:44:35.226, 1, 4, 0, 0, 28, 24.49
2026/04/14 11:44:36.241, 0, 6470, 51, 36, 46, 113.48
2026/04/14 11:44:36.257, 1, 4, 0, 0, 28, 24.49
2026/04/14 11:44:37.270, 0, 6470, 50, 36, 46, 152.03
2026/04/14 11:44:37.285, 1, 4, 0, 0, 28, 24.49
2026/04/14 11:44:38.298, 0, 6470, 85, 80, 46, 98.30
2026/04/14 11:44:38.315, 1, 4, 0, 0, 28, 24.50
2026/04/14 11:44:39.332, 0, 6470, 81, 74, 46, 106.77
2026/04/14 11:44:39.346, 1, 4, 0, 0, 28, 24.59
2026/04/14 11:44:40.361, 0, 6470, 71, 61, 46, 89.25
2026/04/14 11:44:40.375, 1, 4, 0, 0, 28, 24.50
2026/04/14 11:44:41.389, 0, 6470, 82, 79, 46, 101.13
2026/04/14 11:44:41.402, 1, 4, 0, 0, 28, 24.59
2026/04/14 11:44:42.413, 0, 6470, 77, 75, 46, 96.74
2026/04/14 11:44:42.425, 1, 4, 0, 0, 28, 24.50
2026/04/14 11:44:43.437, 0, 6470, 66, 62, 46, 148.19
2026/04/14 11:44:43.452, 1, 4, 0, 0, 28, 24.59
2026/04/14 11:44:44.464, 0, 6470, 56, 50, 46, 111.53
2026/04/14 11:44:44.477, 1, 4, 0, 0, 28, 24.49
2026/04/14 11:44:45.493, 0, 6470, 62, 56, 46, 112.09
2026/04/14 11:44:45.506, 1, 4, 0, 0, 28, 24.49
2026/04/14 11:44:46.527, 0, 6470, 52, 43, 46, 108.82
2026/04/14 11:44:46.542, 1, 4, 0, 0, 28, 24.49
2026/04/14 11:44:47.555, 0, 6470, 46, 32, 46, 83.01
2026/04/14 11:44:47.578, 1, 4, 0, 0, 28, 24.59
2026/04/14 11:44:48.591, 0, 6470, 49, 35, 46, 95.83
2026/04/14 11:44:48.602, 1, 4, 0, 0, 28, 24.49
2026/04/14 11:44:49.615, 0, 6470, 60, 49, 46, 105.41
2026/04/14 11:44:49.628, 1, 4, 0, 0, 28, 24.59
2026/04/14 11:44:50.645, 0, 6470, 70, 60, 46, 102.60
2026/04/14 11:44:50.659, 1, 4, 0, 0, 28, 24.49
2026/04/14 11:44:51.671, 0, 6470, 81, 76, 45, 107.68
2026/04/14 11:44:51.685, 1, 4, 0, 0, 28, 24.49
2026/04/14 11:44:52.698, 0, 6470, 57, 44, 45, 70.96
2026/04/14 11:44:52.711, 1, 4, 0, 0, 28, 24.50
2026/04/14 11:44:53.723, 0, 6470, 71, 62, 45, 76.94
2026/04/14 11:44:53.738, 1, 4, 0, 0, 28, 24.49
2026/04/14 11:44:54.756, 0, 6470, 72, 62, 46, 68.26
2026/04/14 11:44:54.772, 1, 4, 0, 0, 28, 24.49
2026/04/14 11:44:55.786, 0, 6470, 83, 81, 46, 108.25
2026/04/14 11:44:55.798, 1, 4, 0, 0, 28, 24.50
2026/04/14 11:44:56.811, 0, 6470, 72, 68, 46, 77.24
2026/04/14 11:44:56.825, 1, 4, 0, 0, 28, 24.59
2026/04/14 11:44:57.847, 0, 6470, 58, 52, 46, 72.11
2026/04/14 11:44:57.861, 1, 4, 0, 0, 28, 24.49
2026/04/14 11:44:58.875, 0, 6470, 49, 41, 45, 91.57
2026/04/14 11:44:58.890, 1, 4, 0, 0, 28, 24.59
2026/04/14 11:44:59.908, 0, 6470, 58, 53, 46, 96.99
2026/04/14 11:44:59.922, 1, 4, 0, 0, 28, 24.60
2026/04/14 11:45:00.935, 0, 6470, 45, 31, 46, 109.46
2026/04/14 11:45:00.949, 1, 4, 0, 0, 28, 24.49
2026/04/14 11:45:01.961, 0, 6470, 58, 45, 46, 101.92
2026/04/14 11:45:01.977, 1, 4, 0, 0, 28, 24.49
2026/04/14 11:45:02.996, 0, 6470, 70, 61, 46, 109.94
2026/04/14 11:45:03.010, 1, 4, 0, 0, 28, 24.50
2026/04/14 11:45:04.023, 0, 6470, 71, 62, 46, 90.78
2026/04/14 11:45:04.037, 1, 4, 0, 0, 28, 24.49
2026/04/14 11:45:05.050, 0, 6470, 82, 81, 46, 64.09
2026/04/14 11:45:05.067, 1, 4, 0, 0, 28, 24.59
2026/04/14 11:45:06.083, 0, 6470, 57, 45, 46, 97.85
2026/04/14 11:45:06.098, 1, 4, 0, 0, 28, 24.59
2026/04/14 11:45:07.112, 0, 6470, 72, 64, 45, 64.65
2026/04/14 11:45:07.126, 1, 4, 0, 0, 28, 24.49
2026/04/14 11:45:08.141, 0, 6470, 74, 65, 46, 79.15
2026/04/14 11:45:08.157, 1, 4, 0, 0, 28, 24.50
2026/04/14 11:45:09.173, 0, 6470, 83, 82, 46, 107.93
2026/04/14 11:45:09.189, 1, 4, 0, 0, 28, 24.50
2026/04/14 11:45:10.202, 0, 6470, 70, 66, 46, 87.21
2026/04/14 11:45:10.218, 1, 4, 0, 0, 28, 24.49
2026/04/14 11:45:11.238, 0, 6470, 58, 52, 46, 75.11
2026/04/14 11:45:11.250, 1, 4, 0, 0, 28, 24.50
2026/04/14 11:45:12.264, 0, 6470, 81, 75, 46, 139.07
2026/04/14 11:45:12.277, 1, 4, 0, 0, 28, 24.50
2026/04/14 11:45:13.292, 0, 6470, 77, 75, 46, 151.39
2026/04/14 11:45:13.306, 1, 4, 0, 0, 28, 24.49
2026/04/14 11:45:14.324, 0, 6470, 63, 57, 46, 112.86
2026/04/14 11:45:14.338, 1, 4, 0, 0, 28, 24.58
2026/04/14 11:45:15.352, 0, 6470, 60, 55, 46, 110.66
2026/04/14 11:45:15.369, 1, 4, 0, 0, 28, 24.49
2026/04/14 11:45:16.388, 0, 6470, 45, 32, 46, 110.97
2026/04/14 11:45:16.402, 1, 4, 0, 0, 28, 24.49
2026/04/14 11:45:17.417, 0, 6470, 56, 43, 46, 104.80
2026/04/14 11:45:17.433, 1, 4, 0, 0, 28, 24.49
2026/04/14 11:45:18.453, 0, 6470, 69, 60, 46, 86.04
2026/04/14 11:45:18.467, 1, 4, 0, 0, 28, 24.49
2026/04/14 11:45:19.482, 0, 6470, 56, 50, 46, 109.92
2026/04/14 11:45:19.497, 1, 4, 0, 0, 28, 24.49
2026/04/14 11:45:20.517, 0, 6470, 45, 32, 46, 112.21
2026/04/14 11:45:20.532, 1, 4, 0, 0, 28, 24.50
2026/04/14 11:45:21.548, 0, 6470, 59, 47, 46, 100.68
2026/04/14 11:45:21.565, 1, 4, 0, 0, 28, 24.58
2026/04/14 11:45:22.581, 0, 6470, 71, 62, 46, 103.28
2026/04/14 11:45:22.595, 1, 4, 0, 0, 28, 24.50
2026/04/14 11:45:23.608, 0, 6470, 72, 62, 45, 118.34
2026/04/14 11:45:23.621, 1, 4, 0, 0, 28, 24.59
2026/04/14 11:45:24.634, 0, 6470, 82, 81, 45, 63.31
2026/04/14 11:45:24.649, 1, 4, 0, 0, 28, 24.59
2026/04/14 11:45:25.663, 0, 6470, 59, 48, 46, 72.30
2026/04/14 11:45:25.676, 1, 4, 0, 0, 28, 24.50
2026/04/14 11:45:26.690, 0, 6470, 72, 64, 46, 76.55
2026/04/14 11:45:26.702, 1, 4, 0, 0, 28, 24.59
2026/04/14 11:45:27.716, 0, 6470, 75, 66, 46, 86.00
2026/04/14 11:45:27.728, 1, 4, 0, 0, 28, 24.60
2026/04/14 11:45:28.742, 0, 6470, 82, 81, 46, 87.47
2026/04/14 11:45:28.755, 1, 4, 0, 0, 28, 24.49
2026/04/14 11:45:29.772, 0, 6470, 65, 60, 46, 80.48
2026/04/14 11:45:29.786, 1, 4, 0, 0, 28, 24.50
2026/04/14 11:45:30.799, 0, 6470, 59, 53, 46, 139.79
2026/04/14 11:45:30.810, 1, 4, 0, 0, 28, 24.40
2026/04/14 11:45:31.823, 0, 6470, 50, 40, 46, 151.15
2026/04/14 11:45:31.836, 1, 4, 0, 0, 28, 24.58
2026/04/14 11:45:32.849, 0, 6470, 78, 76, 46, 111.88
2026/04/14 11:45:32.865, 1, 4, 0, 0, 28, 24.49
2026/04/14 11:45:33.878, 0, 6470, 65, 61, 46, 112.19
2026/04/14 11:45:33.892, 1, 4, 0, 0, 28, 24.49
2026/04/14 11:45:34.912, 0, 6470, 62, 57, 46, 111.24
2026/04/14 11:45:34.926, 1, 4, 0, 0, 28, 24.49
2026/04/14 11:45:35.939, 0, 6470, 46, 34, 46, 98.17
2026/04/14 11:45:35.952, 1, 4, 0, 0, 28, 24.50
2026/04/14 11:45:36.965, 0, 6470, 54, 41, 46, 81.29
2026/04/14 11:45:36.979, 1, 4, 0, 0, 28, 24.59
2026/04/14 11:45:37.992, 0, 6470, 66, 56, 46, 114.59
2026/04/14 11:45:38.006, 1, 4, 0, 0, 28, 24.60
2026/04/14 11:45:39.020, 0, 6470, 69, 60, 46, 100.78
2026/04/14 11:45:39.034, 1, 4, 0, 0, 28, 24.49
2026/04/14 11:45:40.046, 0, 6470, 45, 32, 46, 107.87
2026/04/14 11:45:40.059, 1, 4, 0, 0, 28, 24.59
2026/04/14 11:45:41.073, 0, 6470, 55, 42, 46, 103.79
2026/04/14 11:45:41.087, 1, 4, 0, 0, 28, 24.49
2026/04/14 11:45:42.106, 0, 6470, 68, 58, 46, 61.87
2026/04/14 11:45:42.119, 1, 4, 0, 0, 28, 24.59
2026/04/14 11:45:43.133, 0, 6470, 70, 61, 46, 81.11
2026/04/14 11:45:43.147, 1, 4, 0, 0, 28, 24.50
2026/04/14 11:45:44.160, 0, 6470, 82, 80, 46, 68.54
2026/04/14 11:45:44.174, 1, 4, 0, 0, 28, 24.50
2026/04/14 11:45:45.188, 0, 6470, 72, 69, 46, 110.93
2026/04/14 11:45:45.204, 1, 4, 0, 0, 28, 24.60
2026/04/14 11:45:46.217, 0, 6470, 58, 52, 46, 58.69
2026/04/14 11:45:46.230, 1, 4, 0, 0, 28, 24.50
2026/04/14 11:45:47.244, 0, 6470, 66, 56, 46, 101.30
2026/04/14 11:45:47.257, 1, 4, 0, 0, 28, 24.59
2026/04/14 11:45:48.277, 0, 6470, 61, 56, 46, 79.11
2026/04/14 11:45:48.291, 1, 4, 0, 0, 28, 24.49
2026/04/14 11:45:49.305, 0, 6470, 53, 46, 46, 109.27
2026/04/14 11:45:49.322, 1, 4, 0, 0, 28, 24.50
2026/04/14 11:45:50.335, 0, 6470, 43, 30, 46, 109.03
2026/04/14 11:45:50.349, 1, 4, 0, 0, 28, 24.49
2026/04/14 11:45:51.365, 0, 6470, 56, 43, 45, 60.24
2026/04/14 11:45:51.379, 1, 4, 0, 0, 28, 24.59
2026/04/14 11:45:52.394, 0, 6470, 67, 57, 46, 85.97
2026/04/14 11:45:52.412, 1, 4, 0, 0, 28, 24.50
2026/04/14 11:45:53.425, 0, 6470, 68, 59, 46, 83.03
2026/04/14 11:45:53.440, 1, 4, 0, 0, 28, 24.50
2026/04/14 11:45:54.455, 0, 6470, 80, 73, 46, 63.66
2026/04/14 11:45:54.468, 1, 4, 0, 0, 28, 24.59
2026/04/14 11:45:55.481, 0, 6470, 82, 81, 46, 107.56
2026/04/14 11:45:55.497, 1, 4, 0, 0, 28, 24.49
2026/04/14 11:45:56.510, 0, 6470, 65, 60, 46, 146.18
2026/04/14 11:45:56.527, 1, 4, 0, 0, 28, 24.49
2026/04/14 11:45:57.542, 0, 6470, 60, 55, 46, 112.98
2026/04/14 11:45:57.557, 1, 4, 0, 0, 28, 24.59
2026/04/14 11:45:58.575, 0, 6470, 43, 30, 46, 109.29
2026/04/14 11:45:58.591, 1, 4, 0, 0, 28, 24.49
2026/04/14 11:45:59.605, 0, 6470, 59, 48, 46, 81.96
2026/04/14 11:45:59.620, 1, 4, 0, 0, 28, 24.49
2026/04/14 11:46:00.643, 0, 6470, 59, 55, 46, 122.00
2026/04/14 11:46:00.657, 1, 4, 0, 0, 28, 24.59
2026/04/14 11:46:01.672, 0, 6470, 43, 31, 46, 101.34
2026/04/14 11:46:01.687, 1, 4, 0, 0, 28, 24.59
2026/04/14 11:46:02.708, 0, 6470, 60, 49, 46, 115.77
2026/04/14 11:46:02.724, 1, 4, 0, 0, 28, 24.59
2026/04/14 11:46:03.738, 0, 6470, 69, 60, 46, 60.13
2026/04/14 11:46:03.754, 1, 4, 0, 0, 28, 24.49
2026/04/14 11:46:04.772, 0, 6470, 83, 81, 45, 87.76
2026/04/14 11:46:04.788, 1, 4, 0, 0, 28, 24.60
2026/04/14 11:46:05.802, 0, 6470, 67, 62, 46, 75.57
2026/04/14 11:46:05.814, 1, 4, 0, 0, 28, 24.50
2026/04/14 11:46:06.834, 0, 6470, 70, 61, 46, 103.05
2026/04/14 11:46:06.845, 1, 4, 0, 0, 28, 24.49
2026/04/14 11:46:07.857, 0, 6470, 82, 81, 46, 100.15
2026/04/14 11:46:07.870, 1, 4, 0, 0, 28, 24.50
2026/04/14 11:46:08.886, 0, 6470, 67, 62, 46, 161.17
2026/04/14 11:46:08.897, 1, 4, 0, 0, 28, 24.58
2026/04/14 11:46:09.909, 0, 6470, 60, 56, 46, 112.40
2026/04/14 11:46:09.921, 1, 4, 0, 0, 28, 24.49
2026/04/14 11:46:10.934, 0, 6470, 43, 30, 46, 104.60
2026/04/14 11:46:10.946, 1, 4, 0, 0, 28, 24.59
2026/04/14 11:46:11.966, 0, 6470, 59, 48, 46, 95.34
2026/04/14 11:46:11.979, 1, 4, 0, 0, 28, 24.49
2026/04/14 11:46:12.993, 0, 6470, 69, 59, 46, 100.91
2026/04/14 11:46:13.007, 1, 4, 0, 0, 28, 24.59
2026/04/14 11:46:14.022, 0, 6470, 43, 30, 45, 115.54
2026/04/14 11:46:14.034, 1, 4, 0, 0, 28, 24.49
2026/04/14 11:46:15.055, 0, 6470, 59, 47, 45, 60.23
2026/04/14 11:46:15.069, 1, 4, 0, 0, 28, 24.59
2026/04/14 11:46:16.082, 0, 6470, 69, 59, 46, 77.69
2026/04/14 11:46:16.095, 1, 4, 0, 0, 28, 24.50
2026/04/14 11:46:17.108, 0, 6470, 82, 79, 46, 95.43
2026/04/14 11:46:17.120, 1, 4, 0, 0, 28, 24.50
2026/04/14 11:46:18.140, 0, 6470, 70, 66, 46, 60.56
2026/04/14 11:46:18.154, 1, 4, 0, 0, 28, 24.49
2026/04/14 11:46:19.168, 0, 6470, 57, 52, 46, 106.70
2026/04/14 11:46:19.180, 1, 4, 0, 0, 28, 24.50
2026/04/14 11:46:20.192, 0, 6470, 45, 34, 46, 149.39
2026/04/14 11:46:20.208, 1, 4, 0, 0, 28, 24.58
2026/04/14 11:46:21.229, 0, 6470, 70, 66, 46, 109.90
2026/04/14 11:46:21.242, 1, 4, 0, 0, 28, 24.49
2026/04/14 11:46:22.255, 0, 6470, 58, 52, 46, 109.69
2026/04/14 11:46:22.267, 1, 4, 0, 0, 28, 24.50
2026/04/14 11:46:23.278, 0, 6470, 44, 33, 45, 80.02
2026/04/14 11:46:23.292, 1, 4, 0, 0, 28, 24.49
2026/04/14 11:46:24.306, 0, 6470, 54, 42, 46, 100.00
2026/04/14 11:46:24.319, 1, 4, 0, 0, 28, 24.59
2026/04/14 11:46:25.337, 0, 6470, 72, 63, 45, 109.52
2026/04/14 11:46:25.351, 1, 4, 0, 0, 28, 24.59
2026/04/14 11:46:26.365, 0, 6470, 79, 72, 45, 60.24
2026/04/14 11:46:26.379, 1, 4, 0, 0, 28, 24.49
2026/04/14 11:46:27.392, 0, 6470, 77, 74, 45, 79.21
2026/04/14 11:46:27.404, 1, 4, 0, 0, 28, 24.50
2026/04/14 11:46:28.416, 0, 6470, 72, 64, 46, 95.33
2026/04/14 11:46:28.429, 1, 4, 0, 0, 28, 24.50
2026/04/14 11:46:29.449, 0, 6470, 80, 74, 46, 78.11
2026/04/14 11:46:29.462, 1, 4, 0, 0, 28, 24.59
2026/04/14 11:46:30.476, 0, 6470, 76, 73, 46, 99.51
2026/04/14 11:46:30.489, 1, 4, 0, 0, 28, 24.50
2026/04/14 11:46:31.502, 0, 6470, 58, 52, 46, 150.46
2026/04/14 11:46:31.519, 1, 4, 0, 0, 28, 24.59
2026/04/14 11:46:32.538, 0, 6470, 51, 42, 46, 112.67
2026/04/14 11:46:32.551, 1, 4, 0, 0, 28, 24.58
2026/04/14 11:46:33.563, 0, 6470, 51, 37, 46, 110.93
2026/04/14 11:46:33.578, 1, 4, 0, 0, 28, 24.49
2026/04/14 11:46:34.592, 0, 6470, 70, 60, 46, 79.92
2026/04/14 11:46:34.606, 1, 4, 0, 0, 28, 24.59
2026/04/14 11:46:35.627, 0, 6470, 72, 62, 45, 103.81
2026/04/14 11:46:35.642, 1, 4, 0, 0, 28, 24.49
2026/04/14 11:46:36.657, 0, 6470, 82, 81, 46, 79.85
2026/04/14 11:46:36.671, 1, 4, 0, 0, 28, 24.50
2026/04/14 11:46:37.685, 0, 6470, 77, 74, 46, 70.29
2026/04/14 11:46:37.704, 1, 4, 0, 0, 28, 24.59
2026/04/14 11:46:38.720, 0, 6470, 81, 79, 46, 81.13
2026/04/14 11:46:38.735, 1, 4, 0, 0, 28, 24.50
2026/04/14 11:46:39.749, 0, 6470, 83, 81, 46, 95.62
2026/04/14 11:46:39.764, 1, 4, 0, 0, 28, 24.60
2026/04/14 11:46:40.784, 0, 6470, 52, 37, 45, 108.63
2026/04/14 11:46:40.798, 1, 4, 0, 0, 28, 24.59
2026/04/14 11:46:41.813, 0, 6470, 52, 37, 46, 101.36
2026/04/14 11:46:41.828, 1, 4, 0, 0, 28, 24.50
2026/04/14 11:46:42.845, 0, 6470, 52, 41, 46, 85.23
2026/04/14 11:46:42.861, 1, 4, 0, 0, 28, 24.49
2026/04/14 11:46:43.877, 0, 6470, 52, 40, 46, 110.08
2026/04/14 11:46:43.895, 1, 4, 0, 0, 28, 24.49
2026/04/14 11:46:44.911, 0, 6470, 54, 45, 46, 114.99
2026/04/14 11:46:44.925, 1, 4, 0, 0, 28, 24.49
2026/04/14 11:46:45.947, 0, 6470, 59, 53, 46, 149.45
2026/04/14 11:46:45.962, 1, 4, 0, 0, 28, 24.49
2026/04/14 11:46:46.977, 0, 6470, 73, 62, 46, 92.61
2026/04/14 11:46:46.991, 1, 4, 0, 0, 28, 24.49
2026/04/14 11:46:48.004, 0, 6470, 72, 62, 46, 85.27
2026/04/14 11:46:48.018, 1, 4, 0, 0, 28, 24.59
2026/04/14 11:46:49.038, 0, 6470, 74, 64, 46, 83.01
2026/04/14 11:46:49.050, 1, 4, 0, 0, 28, 24.50
2026/04/14 11:46:50.064, 0, 6470, 76, 67, 45, 91.06
2026/04/14 11:46:50.078, 1, 4, 0, 0, 28, 24.49
2026/04/14 11:46:51.089, 0, 6470, 73, 62, 46, 102.41
2026/04/14 11:46:51.105, 1, 4, 0, 0, 28, 24.49
2026/04/14 11:46:52.117, 0, 6470, 67, 56, 46, 126.23
2026/04/14 11:46:52.128, 1, 4, 0, 0, 28, 24.50
2026/04/14 11:46:53.140, 0, 6470, 66, 55, 46, 100.23
2026/04/14 11:46:53.153, 1, 4, 0, 0, 28, 24.49
2026/04/14 11:46:54.166, 0, 6470, 61, 48, 46, 112.59
2026/04/14 11:46:54.178, 1, 4, 0, 0, 28, 24.49
2026/04/14 11:46:55.190, 0, 6470, 53, 39, 46, 128.54
2026/04/14 11:46:55.208, 1, 4, 0, 0, 28, 24.49
2026/04/14 11:46:56.220, 0, 6470, 86, 82, 46, 142.04
2026/04/14 11:46:56.233, 1, 4, 0, 0, 28, 24.50
2026/04/14 11:46:57.246, 0, 6470, 78, 70, 46, 64.65
2026/04/14 11:46:57.258, 1, 4, 0, 0, 28, 24.59
2026/04/14 11:46:58.271, 0, 6470, 74, 63, 46, 116.05
2026/04/14 11:46:58.286, 1, 4, 0, 0, 28, 24.59
2026/04/14 11:46:59.298, 0, 6470, 76, 66, 46, 78.10
2026/04/14 11:46:59.312, 1, 4, 0, 0, 28, 24.60
2026/04/14 11:47:00.329, 0, 6470, 68, 56, 46, 64.30
2026/04/14 11:47:00.341, 1, 4, 0, 0, 28, 24.49
2026/04/14 11:47:01.383, 0, 6470, 59, 46, 46, 105.15
2026/04/14 11:47:01.405, 1, 4, 0, 0, 28, 24.50
2026/04/14 11:47:02.422, 0, 6470, 53, 38, 46, 103.97
2026/04/14 11:47:02.451, 1, 4, 0, 0, 28, 24.49
2026/04/14 11:47:03.469, 0, 6470, 52, 38, 46, 111.20
2026/04/14 11:47:03.482, 1, 4, 0, 0, 28, 24.58
2026/04/14 11:47:04.496, 0, 6470, 52, 41, 46, 163.92
2026/04/14 11:47:04.509, 1, 4, 0, 0, 28, 24.59
2026/04/14 11:47:05.523, 0, 6470, 80, 73, 46, 88.02
2026/04/14 11:47:05.537, 1, 4, 0, 0, 28, 24.59
2026/04/14 11:47:06.569, 0, 6470, 78, 69, 46, 84.19
2026/04/14 11:47:06.583, 1, 4, 0, 0, 28, 24.59
2026/04/14 11:47:07.601, 0, 6470, 76, 66, 46, 92.45
2026/04/14 11:47:07.614, 1, 4, 0, 0, 28, 24.50
2026/04/14 11:47:08.629, 0, 6470, 73, 62, 46, 99.51
2026/04/14 11:47:08.644, 1, 4, 0, 0, 28, 24.59
2026/04/14 11:47:09.664, 0, 6470, 73, 63, 46, 101.36
2026/04/14 11:47:09.677, 1, 4, 0, 0, 28, 24.49
2026/04/14 11:47:10.691, 0, 6470, 77, 67, 46, 89.66
2026/04/14 11:47:10.704, 1, 4, 0, 0, 28, 24.50
2026/04/14 11:47:11.718, 0, 6470, 60, 54, 46, 106.73
2026/04/14 11:47:11.732, 1, 4, 0, 0, 28, 24.49
2026/04/14 11:47:12.752, 0, 6470, 65, 59, 46, 114.68
2026/04/14 11:47:12.765, 1, 4, 0, 0, 28, 24.49
2026/04/14 11:47:13.781, 0, 6470, 70, 65, 47, 162.48
2026/04/14 11:47:13.798, 1, 4, 0, 0, 28, 24.50
2026/04/14 11:47:14.819, 0, 6470, 63, 58, 46, 130.31
2026/04/14 11:47:14.833, 1, 4, 0, 0, 28, 24.60
2026/04/14 11:47:15.846, 0, 6470, 56, 50, 46, 156.38
2026/04/14 11:47:15.862, 1, 4, 0, 0, 28, 24.58
2026/04/14 11:47:16.875, 0, 6470, 64, 57, 47, 89.54
2026/04/14 11:47:16.890, 1, 4, 0, 0, 28, 24.50
2026/04/14 11:47:17.931, 0, 6470, 75, 65, 46, 102.04
2026/04/14 11:47:17.945, 1, 4, 0, 0, 28, 24.50
2026/04/14 11:47:18.958, 0, 6470, 66, 55, 46, 114.76
2026/04/14 11:47:18.974, 1, 4, 0, 0, 28, 24.49
2026/04/14 11:47:19.992, 0, 6470, 56, 43, 46, 100.16
2026/04/14 11:47:20.006, 1, 4, 0, 0, 28, 24.49
2026/04/14 11:47:21.019, 0, 6470, 52, 45, 45, 117.27
2026/04/14 11:47:21.035, 1, 4, 0, 0, 28, 24.49
2026/04/14 11:47:22.048, 0, 6470, 77, 67, 46, 116.36
2026/04/14 11:47:22.061, 1, 4, 0, 0, 28, 24.50
2026/04/14 11:47:23.084, 0, 6470, 68, 56, 46, 114.74
2026/04/14 11:47:23.101, 1, 4, 0, 0, 28, 24.49
2026/04/14 11:47:24.115, 0, 6470, 79, 77, 46, 164.41
2026/04/14 11:47:24.129, 1, 4, 0, 0, 28, 24.49
2026/04/14 11:47:25.149, 0, 6470, 86, 84, 46, 108.48
2026/04/14 11:47:25.167, 1, 4, 0, 0, 28, 24.49
2026/04/14 11:47:26.180, 0, 6470, 76, 73, 46, 74.53
2026/04/14 11:47:26.195, 1, 4, 0, 0, 28, 24.59
2026/04/14 11:47:27.213, 0, 6470, 72, 69, 46, 110.29
2026/04/14 11:47:27.228, 1, 4, 0, 0, 28, 24.50
2026/04/14 11:47:28.243, 0, 6470, 59, 53, 47, 71.26
2026/04/14 11:47:28.258, 1, 4, 0, 0, 28, 24.59
2026/04/14 11:47:29.277, 0, 6470, 79, 73, 47, 126.83
2026/04/14 11:47:29.291, 1, 4, 0, 0, 28, 24.50
2026/04/14 11:47:30.304, 0, 6470, 76, 73, 46, 140.43
2026/04/14 11:47:30.317, 1, 4, 0, 0, 28, 24.39
2026/04/14 11:47:31.332, 0, 6470, 58, 52, 46, 111.30
2026/04/14 11:47:31.345, 1, 4, 0, 0, 28, 24.49
2026/04/14 11:47:32.361, 0, 6470, 65, 58, 46, 111.28
2026/04/14 11:47:32.374, 1, 4, 0, 0, 28, 24.49
2026/04/14 11:47:33.387, 0, 6470, 52, 43, 46, 109.26
2026/04/14 11:47:33.400, 1, 4, 0, 0, 28, 24.59
2026/04/14 11:47:34.413, 0, 6470, 50, 36, 46, 99.89
2026/04/14 11:47:34.425, 1, 4, 0, 0, 28, 24.49
2026/04/14 11:47:35.438, 0, 6470, 68, 58, 46, 118.03
2026/04/14 11:47:35.450, 1, 4, 0, 0, 28, 24.59
2026/04/14 11:47:36.469, 0, 6470, 74, 65, 46, 103.75
2026/04/14 11:47:36.482, 1, 4, 0, 0, 28, 24.49
2026/04/14 11:47:37.496, 0, 6470, 51, 38, 46, 66.48
2026/04/14 11:47:37.509, 1, 4, 0, 0, 28, 24.49
2026/04/14 11:47:38.522, 0, 6470, 70, 61, 46, 91.00
2026/04/14 11:47:38.538, 1, 4, 0, 0, 28, 24.50
2026/04/14 11:47:39.556, 0, 6470, 79, 70, 46, 79.14
2026/04/14 11:47:39.569, 1, 4, 0, 0, 28, 24.50
2026/04/14 11:47:40.580, 0, 6470, 76, 66, 46, 72.40
2026/04/14 11:47:40.592, 1, 4, 0, 0, 28, 24.50
2026/04/14 11:47:41.604, 0, 6470, 70, 61, 46, 59.63
2026/04/14 11:47:41.618, 1, 4, 0, 0, 28, 24.49
2026/04/14 11:47:42.633, 0, 6470, 82, 82, 46, 82.43
2026/04/14 11:47:42.649, 1, 4, 0, 0, 28, 24.50
2026/04/14 11:47:43.666, 0, 6470, 71, 67, 46, 77.12
2026/04/14 11:47:43.679, 1, 4, 0, 0, 28, 24.50
2026/04/14 11:47:44.693, 0, 6470, 61, 49, 46, 62.92
2026/04/14 11:47:44.708, 1, 4, 0, 0, 28, 24.49
2026/04/14 11:47:45.721, 0, 6470, 57, 43, 46, 103.66
2026/04/14 11:47:45.736, 1, 4, 0, 0, 28, 24.50
2026/04/14 11:47:46.749, 0, 6470, 54, 39, 46, 83.47
2026/04/14 11:47:46.763, 1, 4, 0, 0, 28, 24.50
2026/04/14 11:47:47.777, 0, 6470, 57, 48, 46, 115.32
2026/04/14 11:47:47.793, 1, 4, 0, 0, 28, 24.59
2026/04/14 11:47:48.806, 0, 6470, 66, 59, 46, 170.80
2026/04/14 11:47:48.822, 1, 4, 0, 0, 28, 24.50
2026/04/14 11:47:49.843, 0, 6470, 64, 57, 46, 116.07
2026/04/14 11:47:49.857, 1, 4, 0, 0, 28, 24.50
2026/04/14 11:47:50.872, 0, 6470, 67, 55, 46, 77.34
2026/04/14 11:47:50.884, 1, 4, 0, 0, 28, 24.50
2026/04/14 11:47:51.897, 0, 6470, 56, 42, 46, 108.26
2026/04/14 11:47:51.910, 1, 4, 0, 0, 28, 24.49
2026/04/14 11:47:52.925, 0, 6470, 55, 41, 46, 106.03
2026/04/14 11:47:52.939, 1, 4, 0, 0, 28, 24.59
2026/04/14 11:47:53.954, 0, 6470, 59, 51, 46, 113.06
2026/04/14 11:47:53.968, 1, 4, 0, 0, 28, 24.49
2026/04/14 11:47:54.986, 0, 6470, 66, 59, 46, 169.92
2026/04/14 11:47:54.999, 1, 4, 0, 0, 28, 24.49
2026/04/14 11:47:56.013, 0, 6470, 65, 59, 46, 95.02
2026/04/14 11:47:56.026, 1, 4, 0, 0, 28, 24.40
2026/04/14 11:47:57.039, 0, 6470, 73, 68, 46, 80.13
2026/04/14 11:47:57.053, 1, 4, 0, 0, 28, 24.50
2026/04/14 11:47:58.068, 0, 6470, 54, 40, 46, 116.98
2026/04/14 11:47:58.081, 1, 4, 0, 0, 28, 24.59
2026/04/14 11:47:59.094, 0, 6470, 55, 43, 46, 114.88
2026/04/14 11:47:59.108, 1, 4, 0, 0, 28, 24.50
2026/04/14 11:48:00.122, 0, 6470, 63, 56, 46, 108.94
2026/04/14 11:48:00.137, 1, 4, 0, 0, 28, 24.49
2026/04/14 11:48:01.157, 0, 6470, 62, 55, 46, 154.32
2026/04/14 11:48:01.192, 1, 4, 0, 0, 28, 24.50
2026/04/14 11:48:02.206, 0, 6470, 74, 70, 46, 107.99
2026/04/14 11:48:02.221, 1, 4, 0, 0, 28, 24.59
2026/04/14 11:48:03.236, 0, 6470, 86, 84, 46, 88.23
2026/04/14 11:48:03.250, 1, 4, 0, 0, 28, 24.50
2026/04/14 11:48:04.265, 0, 6470, 73, 61, 46, 108.55
2026/04/14 11:48:04.280, 1, 4, 0, 0, 28, 24.50
2026/04/14 11:48:05.294, 0, 6470, 68, 57, 46, 100.35
2026/04/14 11:48:05.319, 1, 4, 0, 0, 28, 24.49
2026/04/14 11:48:06.340, 0, 6470, 54, 39, 46, 114.76
2026/04/14 11:48:06.357, 1, 4, 0, 0, 28, 24.48
2026/04/14 11:48:07.372, 0, 6470, 74, 64, 46, 85.97
2026/04/14 11:48:07.399, 1, 4, 0, 0, 28, 24.59
2026/04/14 11:48:08.418, 0, 6470, 60, 47, 46, 114.43
2026/04/14 11:48:08.438, 1, 4, 0, 0, 28, 24.49
2026/04/14 11:48:09.454, 0, 6470, 83, 78, 47, 89.45
2026/04/14 11:48:09.469, 1, 4, 0, 0, 28, 24.50
2026/04/14 11:48:10.483, 0, 6470, 72, 62, 46, 77.20
2026/04/14 11:48:10.499, 1, 4, 0, 0, 28, 24.50
2026/04/14 11:48:11.515, 0, 6470, 73, 63, 46, 65.37
2026/04/14 11:48:11.532, 1, 4, 0, 0, 28, 24.49
2026/04/14 11:48:12.557, 0, 6470, 66, 54, 46, 117.81
2026/04/14 11:48:12.569, 1, 4, 0, 0, 28, 24.49
2026/04/14 11:48:13.581, 0, 6470, 56, 42, 46, 110.87
2026/04/14 11:48:13.593, 1, 4, 0, 0, 28, 24.59
2026/04/14 11:48:14.605, 0, 6470, 54, 41, 46, 116.09
2026/04/14 11:48:14.617, 1, 4, 0, 0, 28, 24.49
2026/04/14 11:48:15.635, 0, 6470, 59, 51, 47, 88.98
2026/04/14 11:48:15.648, 1, 4, 0, 0, 28, 24.50
2026/04/14 11:48:16.660, 0, 6470, 75, 65, 46, 96.56
2026/04/14 11:48:16.672, 1, 4, 0, 0, 28, 24.50
2026/04/14 11:48:17.685, 0, 6470, 70, 59, 46, 72.75
2026/04/14 11:48:17.697, 1, 4, 0, 0, 28, 24.50
2026/04/14 11:48:18.711, 0, 6470, 64, 51, 46, 104.13
2026/04/14 11:48:18.722, 1, 4, 0, 0, 28, 24.50
2026/04/14 11:48:19.734, 0, 6470, 55, 39, 46, 87.83
2026/04/14 11:48:19.748, 1, 4, 0, 0, 28, 24.49
2026/04/14 11:48:20.766, 0, 6470, 55, 43, 46, 115.24
2026/04/14 11:48:20.779, 1, 4, 0, 0, 28, 24.49
2026/04/14 11:48:21.792, 0, 6470, 46, 33, 46, 112.21
2026/04/14 11:48:21.805, 1, 4, 0, 0, 28, 24.49
2026/04/14 11:48:22.818, 0, 6470, 61, 49, 46, 98.13
2026/04/14 11:48:22.832, 1, 4, 0, 0, 28, 24.59
2026/04/14 11:48:23.851, 0, 6470, 62, 57, 46, 90.35
2026/04/14 11:48:23.868, 1, 4, 0, 0, 28, 24.59
2026/04/14 11:48:24.885, 0, 6470, 45, 32, 46, 100.42
2026/04/14 11:48:24.897, 1, 4, 0, 0, 28, 24.40
2026/04/14 11:48:25.916, 0, 6470, 54, 41, 46, 101.36
2026/04/14 11:48:25.929, 1, 4, 0, 0, 28, 24.49
2026/04/14 11:48:26.943, 0, 6470, 66, 55, 46, 106.94
2026/04/14 11:48:26.956, 1, 4, 0, 0, 28, 24.49
2026/04/14 11:48:27.969, 0, 6470, 68, 59, 46, 107.83
2026/04/14 11:48:27.982, 1, 4, 0, 0, 28, 24.49
2026/04/14 11:48:28.995, 0, 6470, 81, 75, 46, 62.64
2026/04/14 11:48:29.008, 1, 4, 0, 0, 28, 24.59
2026/04/14 11:48:30.026, 0, 6470, 81, 80, 46, 74.43
2026/04/14 11:48:30.039, 1, 4, 0, 0, 28, 24.50
2026/04/14 11:48:31.052, 0, 6470, 64, 53, 46, 79.43
2026/04/14 11:48:31.067, 1, 4, 0, 0, 28, 24.50
2026/04/14 11:48:32.082, 0, 6470, 68, 59, 46, 77.01
2026/04/14 11:48:32.094, 1, 4, 0, 0, 28, 24.50
2026/04/14 11:48:33.110, 0, 6470, 82, 80, 46, 95.86
2026/04/14 11:48:33.123, 1, 4, 0, 0, 28, 24.50
2026/04/14 11:48:34.136, 0, 6470, 67, 62, 47, 97.46
2026/04/14 11:48:34.150, 1, 4, 0, 0, 28, 24.50
2026/04/14 11:48:35.164, 0, 6470, 58, 52, 46, 145.81
2026/04/14 11:48:35.177, 1, 4, 0, 0, 28, 24.49
2026/04/14 11:48:36.192, 0, 6470, 42, 29, 46, 109.71
2026/04/14 11:48:36.206, 1, 4, 0, 0, 28, 24.49
2026/04/14 11:48:37.220, 0, 6470, 58, 46, 46, 109.01
2026/04/14 11:48:37.234, 1, 4, 0, 0, 28, 24.59
2026/04/14 11:48:38.247, 0, 6470, 60, 55, 46, 79.23
2026/04/14 11:48:38.262, 1, 4, 0, 0, 28, 24.50
2026/04/14 11:48:39.275, 0, 6470, 42, 30, 46, 100.76
2026/04/14 11:48:39.290, 1, 4, 0, 0, 28, 24.40
2026/04/14 11:48:40.307, 0, 6470, 59, 48, 46, 115.90
2026/04/14 11:48:40.320, 1, 4, 0, 0, 28, 24.49
2026/04/14 11:48:41.334, 0, 6470, 68, 59, 46, 59.45
2026/04/14 11:48:41.353, 1, 4, 0, 0, 28, 24.50
2026/04/14 11:48:42.370, 0, 6470, 82, 81, 46, 46.59
2026/04/14 11:48:42.384, 1, 4, 0, 0, 28, 24.50
2026/04/14 11:48:43.397, 0, 6470, 43, 30, 46, 113.83
2026/04/14 11:48:43.411, 1, 4, 0, 0, 28, 24.58
2026/04/14 11:48:44.424, 0, 6470, 67, 63, 46, 110.56
2026/04/14 11:48:44.438, 1, 4, 0, 0, 28, 24.49
2026/04/14 11:48:45.460, 0, 6470, 60, 55, 46, 104.83
2026/04/14 11:48:45.474, 1, 4, 0, 0, 28, 24.50
2026/04/14 11:48:46.488, 0, 6470, 43, 30, 46, 116.16
2026/04/14 11:48:46.502, 1, 4, 0, 0, 28, 24.59
2026/04/14 11:48:47.524, 0, 6470, 58, 47, 46, 100.78
2026/04/14 11:48:47.539, 1, 4, 0, 0, 28, 24.59
2026/04/14 11:48:48.553, 0, 6470, 69, 59, 46, 119.65
2026/04/14 11:48:48.568, 1, 4, 0, 0, 28, 24.49
2026/04/14 11:48:49.589, 0, 6470, 82, 80, 46, 60.24
2026/04/14 11:48:49.606, 1, 4, 0, 0, 28, 24.40
2026/04/14 11:48:50.622, 0, 6470, 60, 49, 46, 78.47
2026/04/14 11:48:50.638, 1, 4, 0, 0, 28, 24.50
2026/04/14 11:48:51.654, 0, 6470, 69, 61, 46, 86.50
2026/04/14 11:48:51.668, 1, 4, 0, 0, 28, 24.50
2026/04/14 11:48:52.683, 0, 6470, 82, 81, 46, 58.59
2026/04/14 11:48:52.699, 1, 4, 0, 0, 28, 24.50
2026/04/14 11:48:53.714, 0, 6470, 66, 62, 46, 109.82
2026/04/14 11:48:53.727, 1, 4, 0, 0, 28, 24.49
2026/04/14 11:48:54.742, 0, 6470, 71, 61, 46, 103.20
2026/04/14 11:48:54.754, 1, 4, 0, 0, 28, 24.49
2026/04/14 11:48:55.766, 0, 6470, 78, 70, 45, 66.02
2026/04/14 11:48:55.779, 1, 4, 0, 0, 28, 24.49
2026/04/14 11:48:56.791, 0, 6470, 78, 76, 46, 99.81
2026/04/14 11:48:56.803, 1, 4, 0, 0, 28, 24.50
2026/04/14 11:48:57.816, 0, 6470, 72, 63, 46, 80.78
2026/04/14 11:48:57.828, 1, 4, 0, 0, 28, 24.50
2026/04/14 11:48:58.839, 0, 6470, 78, 71, 46, 60.24
2026/04/14 11:48:58.852, 1, 4, 0, 0, 28, 24.50
2026/04/14 11:48:59.863, 0, 6470, 78, 76, 46, 134.05
2026/04/14 11:48:59.875, 1, 4, 0, 0, 28, 24.50
2026/04/14 11:49:00.890, 0, 6470, 59, 54, 46, 136.93
2026/04/14 11:49:00.901, 1, 4, 0, 0, 28, 24.58
2026/04/14 11:49:01.913, 0, 6470, 52, 45, 46, 112.31
2026/04/14 11:49:01.926, 1, 4, 0, 0, 28, 24.49
2026/04/14 11:49:02.939, 0, 6470, 46, 33, 46, 99.93
2026/04/14 11:49:02.951, 1, 4, 0, 0, 28, 24.49
2026/04/14 11:49:03.963, 0, 6470, 65, 54, 46, 122.89
2026/04/14 11:49:03.978, 1, 4, 0, 0, 28, 24.50
2026/04/14 11:49:04.991, 0, 6470, 72, 63, 46, 102.80
2026/04/14 11:49:05.005, 1, 4, 0, 0, 28, 24.50
2026/04/14 11:49:06.019, 0, 6470, 48, 34, 45, 72.46
2026/04/14 11:49:06.031, 1, 4, 0, 0, 28, 24.49
2026/04/14 11:49:07.044, 0, 6470, 64, 54, 46, 91.22
2026/04/14 11:49:07.056, 1, 4, 0, 0, 28, 24.50
2026/04/14 11:49:08.067, 0, 6470, 69, 60, 46, 69.13
2026/04/14 11:49:08.085, 1, 4, 0, 0, 28, 24.50
2026/04/14 11:49:09.098, 0, 6470, 82, 78, 46, 96.52
2026/04/14 11:49:09.111, 1, 4, 0, 0, 28, 24.59
2026/04/14 11:49:10.124, 0, 6470, 78, 76, 46, 95.28
2026/04/14 11:49:10.143, 1, 4, 0, 0, 28, 24.50
2026/04/14 11:49:11.158, 0, 6470, 67, 63, 46, 169.74
2026/04/14 11:49:11.172, 1, 4, 0, 0, 28, 24.59
2026/04/14 11:49:12.189, 0, 6470, 56, 50, 46, 112.60
2026/04/14 11:49:12.202, 1, 4, 0, 0, 28, 24.49
2026/04/14 11:49:13.220, 0, 6470, 58, 53, 46, 111.33
2026/04/14 11:49:13.233, 1, 4, 0, 0, 28, 24.59
2026/04/14 11:49:14.244, 0, 6470, 45, 33, 46, 84.52
2026/04/14 11:49:14.257, 1, 4, 0, 0, 28, 24.49
2026/04/14 11:49:15.270, 0, 6470, 48, 34, 46, 107.78
2026/04/14 11:49:15.282, 1, 4, 0, 0, 28, 24.58
2026/04/14 11:49:16.298, 0, 6470, 59, 47, 46, 105.78
2026/04/14 11:49:16.312, 1, 4, 0, 0, 28, 24.50
2026/04/14 11:49:17.326, 0, 6470, 72, 63, 46, 61.67
2026/04/14 11:49:17.342, 1, 4, 0, 0, 28, 24.49
2026/04/14 11:49:18.355, 0, 6470, 81, 77, 46, 97.50
2026/04/14 11:49:18.367, 1, 4, 0, 0, 28, 24.50
2026/04/14 11:49:19.380, 0, 6470, 73, 70, 46, 82.64
2026/04/14 11:49:19.394, 1, 4, 0, 0, 28, 24.50
2026/04/14 11:49:20.409, 0, 6470, 56, 51, 46, 80.53
2026/04/14 11:49:20.422, 1, 4, 0, 0, 28, 24.50
2026/04/14 11:49:21.435, 0, 6470, 82, 77, 46, 107.85
2026/04/14 11:49:21.448, 1, 4, 0, 0, 28, 24.50
2026/04/14 11:49:22.469, 0, 6470, 72, 69, 46, 156.90
2026/04/14 11:49:22.482, 1, 4, 0, 0, 28, 24.49
2026/04/14 11:49:23.496, 0, 6470, 56, 51, 46, 112.17
2026/04/14 11:49:23.509, 1, 4, 0, 0, 28, 24.49
2026/04/14 11:49:24.523, 0, 6470, 46, 35, 46, 110.04
2026/04/14 11:49:24.538, 1, 4, 0, 0, 28, 24.59
2026/04/14 11:49:25.558, 0, 6470, 53, 40, 46, 82.53
2026/04/14 11:49:25.572, 1, 4, 0, 0, 28, 24.49
2026/04/14 11:49:26.586, 0, 6470, 71, 63, 45, 115.11
2026/04/14 11:49:26.642, 1, 4, 0, 0, 28, 24.49
2026/04/14 11:49:27.668, 0, 6470, 44, 33, 46, 89.69
2026/04/14 11:49:27.684, 1, 4, 0, 0, 28, 24.50
2026/04/14 11:49:28.703, 0, 6470, 55, 42, 46, 104.15
2026/04/14 11:49:28.718, 1, 4, 0, 0, 28, 24.40
2026/04/14 11:49:29.733, 0, 6470, 72, 63, 46, 107.10
2026/04/14 11:49:29.746, 1, 4, 0, 0, 28, 24.50
2026/04/14 11:49:30.760, 0, 6470, 79, 72, 45, 62.17
2026/04/14 11:49:30.776, 1, 4, 0, 0, 28, 24.49
2026/04/14 11:49:31.793, 0, 6470, 55, 43, 46, 76.56
2026/04/14 11:49:31.811, 1, 4, 0, 0, 28, 24.50
2026/04/14 11:49:32.826, 0, 6470, 72, 63, 46, 61.41
2026/04/14 11:49:32.842, 1, 4, 0, 0, 28, 24.50
2026/04/14 11:49:33.861, 0, 6470, 79, 72, 46, 111.57
2026/04/14 11:49:33.875, 1, 4, 0, 0, 28, 24.50
2026/04/14 11:49:34.889, 0, 6470, 77, 75, 46, 66.93
2026/04/14 11:49:34.904, 1, 4, 0, 0, 28, 24.49
2026/04/14 11:49:35.920, 0, 6470, 58, 52, 46, 142.44
2026/04/14 11:49:35.937, 1, 4, 0, 0, 28, 24.50
2026/04/14 11:49:36.954, 0, 6470, 51, 42, 46, 152.16
2026/04/14 11:49:36.969, 1, 4, 0, 0, 28, 24.48
2026/04/14 11:49:37.984, 0, 6470, 74, 72, 46, 109.90
2026/04/14 11:49:37.996, 1, 4, 0, 0, 28, 24.49
2026/04/14 11:49:39.008, 0, 6470, 57, 51, 46, 104.78
2026/04/14 11:49:39.021, 1, 4, 0, 0, 28, 24.50
2026/04/14 11:49:40.037, 0, 6470, 50, 40, 46, 99.48
2026/04/14 11:49:40.050, 1, 4, 0, 0, 28, 24.59
2026/04/14 11:49:41.064, 0, 6470, 52, 38, 46, 101.07
2026/04/14 11:49:41.076, 1, 4, 0, 0, 28, 24.40
2026/04/14 11:49:42.093, 0, 6470, 70, 61, 45, 117.80
2026/04/14 11:49:42.105, 1, 4, 0, 0, 28, 24.49
2026/04/14 11:49:43.119, 0, 6470, 56, 52, 46, 156.43
2026/04/14 11:49:43.132, 1, 4, 0, 0, 28, 24.59
2026/04/14 11:49:44.145, 0, 6470, 43, 30, 46, 112.88
2026/04/14 11:49:44.157, 1, 4, 0, 0, 28, 24.49
2026/04/14 11:49:45.169, 0, 6470, 59, 47, 45, 103.67
2026/04/14 11:49:45.183, 1, 4, 0, 0, 28, 24.49
2026/04/14 11:49:46.201, 0, 6470, 61, 56, 46, 84.76
2026/04/14 11:49:46.214, 1, 4, 0, 0, 28, 24.50
