timestamp,index,memory.used(MiB),util.gpu(%),util.mem(%),temp(C),power(W)
2026/03/30 12:13:00.878, 0, 0, 0, 0, 29, 63.03
2026/03/30 12:13:01.884, 0, 0, 0, 0, 29, 75.97
2026/03/30 12:13:02.884, 0, 0, 0, 0, 29, 55.99
2026/03/30 12:13:03.885, 0, 0, 0, 0, 29, 55.40
2026/03/30 12:13:04.887, 0, 0, 0, 0, 29, 55.40
2026/03/30 12:13:05.970, 0, 0, 0, 0, 29, 55.40
2026/03/30 12:13:06.971, 0, 0, 0, 0, 29, 55.40
2026/03/30 12:13:07.972, 0, 0, 0, 0, 29, 55.45
2026/03/30 12:13:08.973, 0, 0, 0, 0, 29, 55.40
2026/03/30 12:13:09.975, 0, 0, 0, 0, 29, 55.40
2026/03/30 12:13:10.977, 0, 4, 0, 0, 29, 55.40
2026/03/30 12:13:11.978, 0, 18, 0, 0, 29, 61.02
2026/03/30 12:13:12.979, 0, 85, 0, 0, 29, 61.02
2026/03/30 12:13:13.979, 0, 473, 0, 0, 29, 61.02
2026/03/30 12:13:14.979, 0, 473, 0, 0, 29, 60.69
2026/03/30 12:13:15.980, 0, 473, 0, 0, 29, 61.02
2026/03/30 12:13:16.980, 0, 559, 0, 0, 29, 61.02
2026/03/30 12:13:17.980, 0, 1067, 34, 14, 30, 74.50
2026/03/30 12:13:18.981, 0, 1351, 34, 14, 30, 84.16
2026/03/30 12:13:19.981, 0, 1431, 34, 14, 30, 62.16
2026/03/30 12:13:20.981, 0, 1431, 24, 9, 30, 87.37
2026/03/30 12:13:21.981, 0, 1431, 34, 14, 30, 88.25
2026/03/30 12:13:22.982, 0, 1431, 34, 14, 30, 83.28
2026/03/30 12:13:23.982, 0, 1431, 33, 13, 30, 87.10
2026/03/30 12:13:24.982, 0, 1431, 30, 12, 31, 90.59
2026/03/30 12:13:25.983, 0, 1431, 32, 13, 31, 87.70
2026/03/30 12:13:26.985, 0, 1431, 23, 8, 31, 62.44
2026/03/30 12:13:28.071, 0, 1431, 32, 13, 31, 87.10
2026/03/30 12:13:29.071, 0, 1431, 33, 14, 31, 88.85
2026/03/30 12:13:30.073, 0, 1431, 35, 14, 31, 88.85
2026/03/30 12:13:31.074, 0, 1431, 24, 9, 31, 82.68
2026/03/30 12:13:32.076, 0, 1431, 33, 13, 31, 88.85
2026/03/30 12:13:33.077, 0, 1431, 33, 13, 31, 81.21
2026/03/30 12:13:34.088, 0, 1431, 34, 14, 30, 63.36
2026/03/30 12:13:35.171, 0, 1431, 28, 11, 31, 86.22
2026/03/30 12:13:36.172, 0, 1431, 16, 7, 31, 82.40
2026/03/30 12:13:37.173, 0, 1431, 32, 13, 31, 86.50
2026/03/30 12:13:38.173, 0, 1431, 35, 14, 31, 63.64
2026/03/30 12:13:39.173, 0, 1491, 29, 11, 31, 85.36
2026/03/30 12:13:40.174, 0, 1491, 10, 3, 31, 87.98
2026/03/30 12:13:41.174, 0, 1491, 33, 14, 31, 88.25
2026/03/30 12:13:42.174, 0, 1491, 32, 13, 31, 85.36
2026/03/30 12:13:43.175, 0, 1491, 24, 8, 31, 88.85
2026/03/30 12:13:44.175, 0, 1491, 33, 13, 31, 90.05
2026/03/30 12:13:45.175, 0, 1491, 34, 14, 31, 63.03
2026/03/30 12:13:46.175, 0, 1491, 34, 14, 31, 86.22
2026/03/30 12:13:47.176, 0, 1491, 23, 8, 31, 85.90
2026/03/30 12:13:48.176, 0, 1491, 29, 12, 31, 88.57
2026/03/30 12:13:49.179, 0, 1491, 30, 11, 31, 70.40
2026/03/30 12:13:50.270, 0, 1491, 33, 13, 31, 89.45
2026/03/30 12:13:51.274, 0, 1491, 33, 13, 31, 85.02
2026/03/30 12:13:52.276, 0, 1491, 35, 14, 31, 85.36
2026/03/30 12:13:53.276, 0, 1491, 22, 8, 31, 87.98
2026/03/30 12:13:54.277, 0, 1491, 34, 14, 31, 86.22
2026/03/30 12:13:55.279, 0, 1491, 33, 14, 32, 93.26
2026/03/30 12:13:56.282, 0, 1491, 23, 9, 31, 61.29
2026/03/30 12:13:57.284, 0, 1491, 23, 8, 31, 80.66
2026/03/30 12:13:58.284, 0, 1491, 33, 14, 32, 85.63
2026/03/30 12:13:59.284, 0, 1491, 31, 13, 32, 83.55
2026/03/30 12:14:00.284, 0, 1491, 26, 10, 32, 79.19
2026/03/30 12:14:01.285, 0, 1491, 34, 13, 32, 90.59
2026/03/30 12:14:02.285, 0, 1491, 33, 13, 32, 86.83
2026/03/30 12:14:03.285, 0, 1491, 35, 14, 32, 89.17
2026/03/30 12:14:04.285, 0, 1491, 8, 2, 31, 61.88
2026/03/30 12:14:05.286, 0, 1491, 34, 14, 32, 86.22
2026/03/30 12:14:06.286, 0, 1491, 33, 14, 32, 88.85
2026/03/30 12:14:07.286, 0, 1491, 28, 11, 31, 84.75
2026/03/30 12:14:08.287, 0, 1491, 30, 12, 32, 76.51
2026/03/30 12:14:09.287, 0, 1491, 33, 13, 32, 84.48
2026/03/30 12:14:10.370, 0, 1491, 35, 14, 32, 90.59
2026/03/30 12:14:11.372, 0, 1491, 25, 10, 32, 86.22
2026/03/30 12:14:12.375, 0, 1491, 34, 14, 32, 85.63
2026/03/30 12:14:13.375, 0, 1491, 33, 14, 32, 87.98
2026/03/30 12:14:14.377, 0, 1491, 34, 14, 31, 62.44
2026/03/30 12:14:15.378, 0, 1491, 29, 12, 32, 84.48
2026/03/30 12:14:16.378, 0, 1491, 23, 9, 32, 87.70
2026/03/30 12:14:17.380, 0, 1491, 31, 13, 32, 90.32
2026/03/30 12:14:18.380, 0, 1491, 31, 13, 32, 63.64
2026/03/30 12:14:19.382, 0, 1491, 34, 14, 32, 91.19
2026/03/30 12:14:20.382, 0, 1491, 31, 12, 32, 89.45
2026/03/30 12:14:21.382, 0, 1491, 33, 13, 32, 78.59
2026/03/30 12:14:22.383, 0, 1491, 30, 12, 31, 65.71
2026/03/30 12:14:23.383, 0, 1491, 27, 10, 32, 90.32
2026/03/30 12:14:24.383, 0, 1491, 26, 11, 32, 89.17
2026/03/30 12:14:25.384, 0, 1491, 33, 14, 32, 74.50
2026/03/30 12:14:26.384, 0, 1491, 33, 13, 32, 85.90
2026/03/30 12:14:27.384, 0, 1491, 16, 6, 32, 87.37
2026/03/30 12:14:28.384, 0, 1491, 33, 14, 32, 91.79
2026/03/30 12:14:29.385, 0, 1491, 33, 14, 32, 64.23
2026/03/30 12:14:30.385, 0, 1491, 17, 6, 32, 85.90
2026/03/30 12:14:31.385, 0, 1491, 30, 12, 32, 88.57
2026/03/30 12:14:32.386, 0, 1491, 33, 14, 32, 90.92
2026/03/30 12:14:33.386, 0, 1491, 32, 12, 32, 62.76
2026/03/30 12:14:34.471, 0, 1491, 33, 13, 32, 85.90
2026/03/30 12:14:35.472, 0, 1491, 33, 13, 32, 89.17
2026/03/30 12:14:36.473, 0, 1491, 35, 14, 32, 75.64
2026/03/30 12:14:37.473, 0, 1491, 28, 11, 32, 89.72
2026/03/30 12:14:38.476, 0, 1491, 34, 14, 32, 89.45
2026/03/30 12:14:39.480, 0, 1491, 35, 14, 32, 75.64
2026/03/30 12:14:40.490, 0, 1491, 8, 3, 32, 86.83
2026/03/30 12:14:41.571, 0, 1491, 34, 14, 32, 89.45
2026/03/30 12:14:42.571, 0, 1491, 32, 13, 32, 75.97
2026/03/30 12:14:43.572, 0, 1491, 26, 10, 32, 89.45
2026/03/30 12:14:44.572, 0, 1491, 33, 13, 32, 86.22
2026/03/30 12:14:45.572, 0, 1491, 32, 13, 32, 90.92
2026/03/30 12:14:46.573, 0, 1491, 34, 14, 32, 74.16
2026/03/30 12:14:47.573, 0, 1491, 25, 9, 32, 85.90
2026/03/30 12:14:48.573, 0, 1491, 32, 13, 32, 88.57
2026/03/30 12:14:49.573, 0, 1491, 34, 14, 32, 93.87
2026/03/30 12:14:50.574, 0, 1491, 25, 10, 32, 62.16
2026/03/30 12:14:51.574, 0, 1491, 15, 5, 32, 83.28
2026/03/30 12:14:52.574, 0, 1491, 34, 14, 32, 90.05
2026/03/30 12:14:53.574, 0, 1491, 33, 14, 32, 89.72
2026/03/30 12:14:54.575, 0, 1491, 30, 11, 32, 72.75
2026/03/30 12:14:55.575, 0, 1491, 33, 14, 32, 88.85
2026/03/30 12:14:56.577, 0, 1491, 33, 14, 32, 90.32
2026/03/30 12:14:57.578, 0, 1491, 32, 13, 32, 74.50
2026/03/30 12:14:58.580, 0, 1491, 34, 14, 32, 86.83
2026/03/30 12:14:59.581, 0, 1491, 24, 9, 32, 88.25
2026/03/30 12:15:00.581, 0, 1491, 33, 13, 33, 90.92
2026/03/30 12:15:01.583, 0, 1491, 35, 14, 32, 90.92
2026/03/30 12:15:02.584, 0, 1491, 13, 4, 32, 90.59
2026/03/30 12:15:03.584, 0, 1491, 26, 10, 33, 86.50
2026/03/30 12:15:04.584, 0, 1491, 34, 14, 33, 85.90
2026/03/30 12:15:05.584, 0, 1491, 33, 13, 33, 86.22
2026/03/30 12:15:06.585, 0, 1491, 15, 6, 32, 86.83
2026/03/30 12:15:07.585, 0, 1491, 33, 13, 32, 85.63
2026/03/30 12:15:08.585, 0, 1491, 34, 14, 33, 90.59
2026/03/30 12:15:09.586, 0, 1491, 29, 12, 32, 85.63
2026/03/30 12:15:10.586, 0, 1491, 27, 10, 33, 87.10
2026/03/30 12:15:11.586, 0, 1491, 33, 14, 33, 88.85
2026/03/30 12:15:12.586, 0, 1491, 30, 12, 33, 88.25
2026/03/30 12:15:13.587, 0, 1491, 27, 10, 32, 88.25
2026/03/30 12:15:14.587, 0, 1491, 26, 10, 33, 87.70
2026/03/30 12:15:15.587, 0, 1491, 30, 12, 33, 92.07
2026/03/30 12:15:16.589, 0, 1491, 35, 14, 32, 62.16
2026/03/30 12:15:17.592, 0, 1491, 25, 10, 33, 89.72
2026/03/30 12:15:18.593, 0, 1491, 31, 13, 33, 85.90
2026/03/30 12:15:19.593, 0, 1491, 33, 13, 33, 90.59
2026/03/30 12:15:20.593, 0, 1491, 31, 13, 33, 89.17
2026/03/30 12:15:21.671, 0, 1491, 32, 13, 33, 88.57
2026/03/30 12:15:22.672, 0, 1491, 35, 14, 33, 71.27
2026/03/30 12:15:23.673, 0, 1491, 27, 11, 33, 87.70
2026/03/30 12:15:24.675, 0, 1491, 33, 13, 33, 87.37
2026/03/30 12:15:25.676, 0, 1491, 34, 14, 33, 90.05
2026/03/30 12:15:26.676, 0, 1491, 12, 4, 32, 62.76
2026/03/30 12:15:27.676, 0, 1491, 26, 10, 33, 85.63
2026/03/30 12:15:28.677, 0, 1491, 33, 14, 33, 86.50
2026/03/30 12:15:29.677, 0, 1491, 35, 14, 33, 87.10
2026/03/30 12:15:30.677, 0, 1491, 12, 4, 32, 62.44
2026/03/30 12:15:31.677, 0, 1491, 33, 14, 33, 87.70
2026/03/30 12:15:32.678, 0, 1491, 34, 14, 33, 88.85
2026/03/30 12:15:33.678, 0, 1491, 32, 13, 33, 91.19
2026/03/30 12:15:34.678, 0, 1491, 15, 6, 33, 84.48
2026/03/30 12:15:35.678, 0, 1491, 33, 13, 33, 88.85
2026/03/30 12:15:36.679, 0, 1491, 33, 13, 33, 82.68
2026/03/30 12:15:37.679, 0, 1491, 25, 9, 33, 89.72
2026/03/30 12:15:38.771, 0, 1491, 23, 8, 33, 89.72
2026/03/30 12:15:39.772, 0, 1491, 33, 14, 33, 87.37
2026/03/30 12:15:40.774, 0, 1491, 34, 14, 33, 75.64
2026/03/30 12:15:41.775, 0, 1491, 33, 14, 33, 85.02
2026/03/30 12:15:42.776, 0, 1491, 5, 1, 33, 90.05
2026/03/30 12:15:43.781, 0, 1491, 32, 13, 33, 90.59
2026/03/30 12:15:44.782, 0, 1491, 34, 14, 32, 61.88
2026/03/30 12:15:45.783, 0, 1491, 31, 13, 33, 88.85
2026/03/30 12:15:46.787, 0, 1491, 10, 3, 33, 88.57
2026/03/30 12:15:47.789, 0, 1491, 33, 13, 33, 87.10
2026/03/30 12:15:48.790, 0, 1491, 26, 10, 33, 82.40
2026/03/30 12:15:49.790, 0, 1491, 33, 13, 33, 87.70
2026/03/30 12:15:50.790, 0, 1491, 34, 14, 33, 90.92
2026/03/30 12:15:51.791, 0, 1491, 35, 14, 33, 90.32
2026/03/30 12:15:52.791, 0, 1491, 14, 5, 32, 62.16
2026/03/30 12:15:53.791, 0, 1491, 34, 14, 33, 89.17
2026/03/30 12:15:54.792, 0, 1491, 32, 13, 33, 86.22
2026/03/30 12:15:55.794, 0, 1491, 31, 13, 33, 92.40
2026/03/30 12:15:56.795, 0, 1491, 33, 14, 33, 88.57
2026/03/30 12:15:57.796, 0, 1491, 32, 13, 33, 88.85
2026/03/30 12:15:58.796, 0, 1491, 34, 14, 33, 89.72
2026/03/30 12:15:59.796, 0, 1491, 36, 14, 33, 85.90
2026/03/30 12:16:00.872, 0, 1491, 7, 2, 33, 87.10
2026/03/30 12:16:01.872, 0, 1491, 34, 14, 33, 91.19
2026/03/30 12:16:02.874, 0, 1491, 33, 13, 32, 61.88
2026/03/30 12:16:03.875, 0, 1491, 31, 13, 33, 86.50
2026/03/30 12:16:04.876, 0, 1491, 25, 10, 33, 89.72
2026/03/30 12:16:05.877, 0, 1491, 32, 13, 33, 92.40
2026/03/30 12:16:06.879, 0, 1491, 34, 14, 33, 89.17
2026/03/30 12:16:07.879, 0, 1491, 25, 9, 33, 90.32
2026/03/30 12:16:08.880, 0, 1491, 32, 13, 33, 90.92
2026/03/30 12:16:09.880, 0, 1491, 32, 13, 33, 88.57
2026/03/30 12:16:10.880, 0, 1491, 27, 10, 33, 84.75
2026/03/30 12:16:11.881, 0, 1491, 23, 9, 33, 87.10
2026/03/30 12:16:12.881, 0, 1491, 32, 13, 33, 93.26
2026/03/30 12:16:13.881, 0, 1491, 35, 14, 33, 61.88
2026/03/30 12:16:14.881, 0, 1491, 33, 13, 33, 90.92
2026/03/30 12:16:15.882, 0, 1491, 18, 7, 33, 90.05
2026/03/30 12:16:16.882, 0, 1491, 32, 13, 33, 90.92
2026/03/30 12:16:17.882, 0, 1491, 35, 14, 33, 85.36
2026/03/30 12:16:18.882, 0, 1491, 7, 2, 33, 87.70
2026/03/30 12:16:19.883, 0, 1491, 30, 12, 33, 90.92
2026/03/30 12:16:20.884, 0, 1491, 33, 13, 33, 92.40
2026/03/30 12:16:21.884, 0, 1491, 30, 12, 33, 80.33
2026/03/30 12:16:22.885, 0, 1491, 25, 9, 33, 89.72
2026/03/30 12:16:23.885, 0, 1491, 33, 13, 33, 83.28
2026/03/30 12:16:24.889, 0, 1491, 33, 13, 33, 74.16
2026/03/30 12:16:25.891, 0, 1491, 29, 11, 33, 89.45
2026/03/30 12:16:26.891, 0, 1491, 34, 14, 33, 86.50
2026/03/30 12:16:27.971, 0, 1491, 35, 15, 33, 92.94
2026/03/30 12:16:28.972, 0, 1491, 10, 4, 33, 76.51
2026/03/30 12:16:29.973, 0, 1491, 34, 14, 33, 87.98
2026/03/30 12:16:30.974, 0, 1491, 34, 14, 33, 88.57
2026/03/30 12:16:31.976, 0, 1491, 33, 13, 33, 85.36
2026/03/30 12:16:32.978, 0, 1491, 32, 13, 33, 87.37
2026/03/30 12:16:33.978, 0, 1491, 33, 14, 33, 85.02
2026/03/30 12:16:34.978, 0, 1491, 34, 14, 33, 90.59
2026/03/30 12:16:35.978, 0, 1491, 25, 10, 33, 83.55
2026/03/30 12:16:36.979, 0, 1491, 9, 4, 33, 76.51
2026/03/30 12:16:37.979, 0, 1491, 33, 14, 33, 88.85
2026/03/30 12:16:38.979, 0, 1491, 34, 14, 33, 87.70
2026/03/30 12:16:39.980, 0, 1491, 31, 13, 33, 94.41
2026/03/30 12:16:40.980, 0, 1491, 36, 14, 33, 87.70
2026/03/30 12:16:41.980, 0, 1491, 17, 7, 33, 89.45
2026/03/30 12:16:42.980, 0, 1491, 31, 13, 33, 85.63
2026/03/30 12:16:43.981, 0, 1491, 34, 14, 33, 63.36
2026/03/30 12:16:44.984, 0, 1491, 26, 10, 33, 90.05
2026/03/30 12:16:46.071, 0, 1491, 31, 13, 33, 90.32
2026/03/30 12:16:47.072, 0, 1491, 35, 14, 32, 68.60
2026/03/30 12:16:48.073, 0, 1491, 24, 9, 33, 89.45
2026/03/30 12:16:49.074, 0, 1491, 30, 13, 33, 86.50
2026/03/30 12:16:50.077, 0, 1491, 33, 13, 33, 86.50
2026/03/30 12:16:51.079, 0, 1491, 33, 14, 33, 86.50
2026/03/30 12:16:52.081, 0, 1491, 33, 14, 33, 89.72
2026/03/30 12:16:53.082, 0, 1491, 34, 14, 33, 91.52
2026/03/30 12:16:54.086, 0, 1491, 25, 9, 33, 73.89
2026/03/30 12:16:55.087, 0, 1491, 31, 13, 33, 90.92
2026/03/30 12:16:56.087, 0, 1491, 33, 13, 33, 89.72
2026/03/30 12:16:57.087, 0, 1491, 34, 14, 33, 90.92
2026/03/30 12:16:58.088, 0, 1491, 22, 8, 33, 72.15
2026/03/30 12:16:59.088, 0, 1491, 21, 9, 33, 90.32
2026/03/30 12:17:00.088, 0, 1491, 31, 12, 33, 86.50
2026/03/30 12:17:01.088, 0, 1491, 30, 12, 33, 92.07
2026/03/30 12:17:02.089, 0, 1491, 36, 14, 33, 87.10
2026/03/30 12:17:03.089, 0, 1491, 28, 11, 33, 90.59
2026/03/30 12:17:04.090, 0, 1491, 31, 12, 33, 85.90
2026/03/30 12:17:05.090, 0, 1491, 34, 13, 33, 71.82
2026/03/30 12:17:06.091, 0, 1491, 32, 12, 33, 87.70
2026/03/30 12:17:07.096, 0, 1491, 27, 11, 33, 86.83
2026/03/30 12:17:08.100, 0, 1491, 34, 14, 33, 87.10
2026/03/30 12:17:09.170, 0, 1491, 9, 3, 33, 62.44
2026/03/30 12:17:10.173, 0, 1491, 28, 12, 33, 87.37
2026/03/30 12:17:11.174, 0, 1491, 33, 13, 33, 88.25
2026/03/30 12:17:12.176, 0, 1491, 26, 10, 33, 70.95
2026/03/30 12:17:13.177, 0, 1491, 26, 10, 33, 86.50
2026/03/30 12:17:14.180, 0, 1491, 34, 14, 33, 85.90
2026/03/30 12:17:15.271, 0, 1491, 34, 14, 33, 83.01
2026/03/30 12:17:16.272, 0, 1491, 33, 13, 33, 68.93
2026/03/30 12:17:17.272, 0, 1491, 32, 13, 33, 87.10
2026/03/30 12:17:18.272, 0, 1491, 32, 13, 33, 86.83
2026/03/30 12:17:19.272, 0, 1491, 33, 14, 33, 91.79
2026/03/30 12:17:20.273, 0, 1491, 35, 14, 33, 84.75
2026/03/30 12:17:21.273, 0, 1491, 24, 9, 33, 86.50
2026/03/30 12:17:22.273, 0, 1491, 32, 13, 33, 90.59
2026/03/30 12:17:23.274, 0, 1491, 34, 14, 33, 62.76
2026/03/30 12:17:24.274, 0, 1491, 26, 10, 33, 91.79
2026/03/30 12:17:25.274, 0, 1491, 33, 13, 33, 90.92
2026/03/30 12:17:26.275, 0, 1491, 33, 14, 33, 87.98
2026/03/30 12:17:27.275, 0, 1491, 25, 9, 33, 68.93
2026/03/30 12:17:28.277, 0, 1491, 22, 9, 33, 87.70
2026/03/30 12:17:29.278, 0, 1491, 33, 14, 33, 90.05
2026/03/30 12:17:30.281, 0, 1491, 34, 14, 33, 92.40
2026/03/30 12:17:31.283, 0, 1491, 10, 4, 33, 84.75
2026/03/30 12:17:32.284, 0, 1491, 33, 14, 33, 87.70
2026/03/30 12:17:33.286, 0, 1491, 32, 13, 33, 91.52
2026/03/30 12:17:34.286, 0, 1491, 32, 13, 33, 76.51
2026/03/30 12:17:35.371, 0, 1491, 27, 10, 33, 87.70
2026/03/30 12:17:36.374, 0, 1491, 32, 13, 33, 87.70
2026/03/30 12:17:37.375, 0, 1491, 33, 13, 33, 88.57
2026/03/30 12:17:38.377, 0, 1491, 23, 9, 33, 87.10
2026/03/30 12:17:39.377, 0, 1491, 32, 13, 33, 88.85
2026/03/30 12:17:40.379, 0, 1491, 33, 13, 33, 92.07
2026/03/30 12:17:41.379, 0, 1491, 35, 14, 33, 86.50
2026/03/30 12:17:42.379, 0, 1491, 6, 2, 33, 90.05
2026/03/30 12:17:43.380, 0, 1491, 24, 9, 33, 88.57
2026/03/30 12:17:44.380, 0, 1491, 34, 14, 33, 91.79
2026/03/30 12:17:45.380, 0, 1491, 34, 14, 33, 86.83
2026/03/30 12:17:46.380, 0, 1491, 34, 14, 33, 86.22
2026/03/30 12:17:47.381, 0, 1491, 33, 14, 33, 89.72
2026/03/30 12:17:48.381, 0, 1491, 35, 14, 33, 88.57
2026/03/30 12:17:49.381, 0, 1491, 7, 2, 33, 70.95
2026/03/30 12:17:50.384, 0, 1491, 32, 13, 33, 89.17
2026/03/30 12:17:51.385, 0, 1491, 33, 13, 33, 92.07
2026/03/30 12:17:52.389, 0, 1491, 32, 13, 33, 83.55
2026/03/30 12:17:53.470, 0, 1491, 9, 3, 33, 89.72
2026/03/30 12:17:54.471, 0, 1491, 33, 13, 33, 85.36
2026/03/30 12:17:55.472, 0, 1491, 30, 12, 33, 91.79
2026/03/30 12:17:56.473, 0, 1491, 25, 9, 33, 87.70
2026/03/30 12:17:57.474, 0, 1491, 32, 13, 33, 89.17
2026/03/30 12:17:58.474, 0, 1491, 33, 13, 33, 90.59
2026/03/30 12:17:59.475, 0, 1491, 34, 14, 33, 62.44
2026/03/30 12:18:00.475, 0, 1491, 23, 9, 33, 85.36
2026/03/30 12:18:01.475, 0, 1491, 31, 13, 33, 86.22
2026/03/30 12:18:02.476, 0, 1491, 34, 14, 33, 89.17
2026/03/30 12:18:03.476, 0, 1491, 33, 14, 33, 89.45
2026/03/30 12:18:04.476, 0, 1491, 14, 6, 33, 87.70
2026/03/30 12:18:05.476, 0, 1491, 29, 12, 33, 88.85
2026/03/30 12:18:06.477, 0, 1491, 34, 14, 33, 81.21
2026/03/30 12:18:07.477, 0, 1491, 33, 13, 33, 86.22
2026/03/30 12:18:08.477, 0, 1491, 33, 13, 33, 89.45
2026/03/30 12:18:09.477, 0, 1491, 34, 14, 33, 92.67
2026/03/30 12:18:10.478, 0, 1491, 32, 13, 33, 90.92
2026/03/30 12:18:11.478, 0, 1491, 25, 9, 33, 85.90
2026/03/30 12:18:12.481, 0, 1491, 30, 12, 33, 83.28
2026/03/30 12:18:13.481, 0, 1491, 32, 13, 33, 87.98
2026/03/30 12:18:14.483, 0, 1491, 23, 8, 33, 85.90
2026/03/30 12:18:15.486, 0, 1491, 31, 13, 33, 89.17
2026/03/30 12:18:16.487, 0, 1491, 32, 13, 33, 85.90
2026/03/30 12:18:17.570, 0, 1491, 31, 12, 33, 61.88
2026/03/30 12:18:18.571, 0, 1491, 23, 9, 33, 86.22
2026/03/30 12:18:19.574, 0, 1491, 32, 13, 33, 86.50
2026/03/30 12:18:20.575, 0, 1491, 35, 14, 33, 75.97
2026/03/30 12:18:21.575, 0, 1491, 24, 9, 33, 87.98
2026/03/30 12:18:22.576, 0, 1491, 29, 12, 33, 86.22
2026/03/30 12:18:23.576, 0, 1491, 33, 13, 33, 93.54
2026/03/30 12:18:24.576, 0, 1491, 28, 11, 33, 85.36
2026/03/30 12:18:25.576, 0, 1491, 18, 7, 33, 85.63
2026/03/30 12:18:26.577, 0, 1491, 34, 14, 33, 86.50
2026/03/30 12:18:27.577, 0, 1491, 33, 13, 33, 87.37
2026/03/30 12:18:28.577, 0, 1491, 30, 12, 33, 89.17
2026/03/30 12:18:29.578, 0, 1491, 35, 14, 33, 88.25
2026/03/30 12:18:30.578, 0, 1491, 33, 13, 33, 91.52
2026/03/30 12:18:31.578, 0, 1491, 32, 13, 33, 89.17
2026/03/30 12:18:32.578, 0, 1491, 26, 10, 33, 70.68
2026/03/30 12:18:33.579, 0, 1491, 25, 9, 33, 86.50
2026/03/30 12:18:34.580, 0, 1491, 32, 13, 33, 89.17
2026/03/30 12:18:35.581, 0, 1491, 34, 14, 33, 63.91
2026/03/30 12:18:36.582, 0, 1491, 31, 12, 33, 86.50
2026/03/30 12:18:37.585, 0, 1491, 18, 7, 33, 85.90
2026/03/30 12:18:38.590, 0, 1491, 34, 14, 33, 88.25
2026/03/30 12:18:39.590, 0, 1491, 34, 14, 33, 87.10
2026/03/30 12:18:40.597, 0, 1491, 7, 2, 33, 88.25
2026/03/30 12:18:41.599, 0, 1491, 33, 14, 33, 82.13
2026/03/30 12:18:42.600, 0, 1491, 30, 11, 33, 66.85
2026/03/30 12:18:43.670, 0, 1491, 33, 13, 33, 89.45
2026/03/30 12:18:44.670, 0, 1491, 33, 14, 33, 88.25
2026/03/30 12:18:45.670, 0, 1491, 30, 12, 33, 89.72
2026/03/30 12:18:46.671, 0, 1491, 31, 13, 33, 74.16
2026/03/30 12:18:47.671, 0, 1491, 34, 14, 33, 63.64
2026/03/30 12:18:48.671, 0, 1491, 26, 11, 33, 90.59
2026/03/30 12:18:49.671, 0, 1491, 34, 14, 33, 90.59
2026/03/30 12:18:50.672, 0, 1491, 33, 14, 33, 85.36
2026/03/30 12:18:51.672, 0, 1491, 30, 11, 33, 86.83
2026/03/30 12:18:52.672, 0, 1491, 32, 13, 33, 88.57
2026/03/30 12:18:53.672, 0, 1491, 33, 13, 33, 90.59
2026/03/30 12:18:54.673, 0, 1491, 23, 9, 33, 73.29
2026/03/30 12:18:55.673, 0, 1491, 31, 13, 33, 85.63
2026/03/30 12:18:56.676, 0, 1491, 33, 13, 33, 90.59
2026/03/30 12:18:57.677, 0, 1491, 26, 10, 33, 72.75
2026/03/30 12:18:58.679, 0, 1491, 27, 11, 33, 88.25
2026/03/30 12:18:59.680, 0, 1491, 33, 13, 33, 90.92
2026/03/30 12:19:00.681, 0, 1491, 35, 14, 33, 90.05
2026/03/30 12:19:01.682, 0, 1491, 7, 3, 33, 80.66
2026/03/30 12:19:02.683, 0, 1491, 34, 14, 33, 88.57
2026/03/30 12:19:03.686, 0, 1491, 33, 13, 33, 90.92
2026/03/30 12:19:04.686, 0, 1491, 29, 12, 33, 91.52
2026/03/30 12:19:05.686, 0, 1491, 35, 14, 33, 90.32
2026/03/30 12:19:06.687, 0, 1491, 26, 10, 33, 90.05
2026/03/30 12:19:07.687, 0, 1491, 30, 12, 33, 89.17
2026/03/30 12:19:08.687, 0, 1491, 35, 14, 33, 80.33
2026/03/30 12:19:09.688, 0, 1491, 23, 9, 33, 83.28
2026/03/30 12:19:10.690, 0, 1491, 28, 11, 33, 86.83
2026/03/30 12:19:11.691, 0, 1491, 33, 14, 33, 93.26
2026/03/30 12:19:12.691, 0, 1491, 34, 14, 33, 79.46
2026/03/30 12:19:13.691, 0, 1491, 24, 9, 33, 88.57
2026/03/30 12:19:14.692, 0, 1491, 32, 13, 33, 87.10
2026/03/30 12:19:15.692, 0, 1491, 33, 14, 33, 90.59
2026/03/30 12:19:16.692, 0, 1491, 25, 9, 32, 62.16
2026/03/30 12:19:17.693, 0, 1491, 33, 14, 33, 86.50
2026/03/30 12:19:18.770, 0, 1491, 34, 14, 33, 87.70
2026/03/30 12:19:19.772, 0, 1491, 12, 4, 33, 87.98
2026/03/30 12:19:20.870, 0, 1491, 34, 14, 33, 89.17
2026/03/30 12:19:21.871, 0, 1491, 33, 14, 33, 86.50
2026/03/30 12:19:22.873, 0, 1491, 34, 14, 33, 91.19
2026/03/30 12:19:23.874, 0, 1491, 32, 13, 33, 90.32
2026/03/30 12:19:24.875, 0, 1491, 25, 9, 33, 88.57
2026/03/30 12:19:25.876, 0, 1491, 33, 13, 33, 84.16
2026/03/30 12:19:26.877, 0, 1491, 34, 14, 33, 71.27
2026/03/30 12:19:27.877, 0, 1491, 29, 12, 33, 87.10
2026/03/30 12:19:28.877, 0, 1491, 34, 14, 33, 87.10
2026/03/30 12:19:29.877, 0, 1491, 34, 14, 33, 85.63
2026/03/30 12:19:30.878, 0, 1491, 35, 14, 33, 86.22
2026/03/30 12:19:31.878, 0, 1491, 32, 13, 33, 90.32
2026/03/30 12:19:32.878, 0, 1491, 26, 11, 33, 89.72
2026/03/30 12:19:33.879, 0, 1491, 35, 14, 33, 88.25
2026/03/30 12:19:34.879, 0, 1491, 33, 13, 33, 69.47
2026/03/30 12:19:35.879, 0, 1491, 33, 14, 33, 85.02
2026/03/30 12:19:36.879, 0, 1491, 34, 14, 33, 89.17
2026/03/30 12:19:37.880, 0, 1491, 23, 9, 33, 63.91
2026/03/30 12:19:38.880, 0, 1491, 33, 13, 33, 91.52
2026/03/30 12:19:39.880, 0, 1491, 33, 13, 33, 88.57
2026/03/30 12:19:40.881, 0, 1491, 29, 12, 33, 83.55
2026/03/30 12:19:41.883, 0, 1491, 29, 11, 33, 80.06
2026/03/30 12:19:42.884, 0, 1491, 24, 9, 33, 85.02
2026/03/30 12:19:43.885, 0, 1491, 30, 12, 33, 83.88
2026/03/30 12:19:44.893, 0, 1491, 32, 13, 33, 90.05
2026/03/30 12:19:45.971, 0, 1491, 32, 12, 33, 87.10
2026/03/30 12:19:46.972, 0, 1491, 33, 14, 33, 85.63
2026/03/30 12:19:47.974, 0, 1491, 34, 14, 33, 90.59
2026/03/30 12:19:48.977, 0, 1491, 33, 14, 32, 75.97
2026/03/30 12:19:49.977, 0, 1491, 31, 12, 33, 85.63
2026/03/30 12:19:50.977, 0, 1491, 33, 14, 33, 86.83
2026/03/30 12:19:51.977, 0, 1491, 30, 12, 33, 69.80
2026/03/30 12:19:52.978, 0, 1491, 27, 10, 33, 89.45
2026/03/30 12:19:53.978, 0, 1491, 34, 14, 33, 88.57
2026/03/30 12:19:54.978, 0, 1491, 33, 14, 33, 90.32
2026/03/30 12:19:55.978, 0, 1491, 29, 11, 33, 81.81
2026/03/30 12:19:56.979, 0, 1491, 36, 14, 33, 88.85
2026/03/30 12:19:57.979, 0, 1491, 33, 13, 33, 85.63
2026/03/30 12:19:58.979, 0, 1491, 31, 12, 33, 85.63
2026/03/30 12:19:59.980, 0, 1491, 32, 13, 33, 69.80
2026/03/30 12:20:00.980, 0, 1491, 36, 14, 33, 88.85
2026/03/30 12:20:01.980, 0, 1491, 28, 11, 33, 86.22
2026/03/30 12:20:02.981, 0, 1491, 33, 13, 33, 87.70
2026/03/30 12:20:03.982, 0, 1491, 35, 14, 33, 86.50
2026/03/30 12:20:05.071, 0, 1491, 32, 13, 33, 86.50
2026/03/30 12:20:06.075, 0, 1491, 34, 14, 33, 88.85
2026/03/30 12:20:07.087, 0, 1491, 35, 14, 33, 85.63
2026/03/30 12:20:08.088, 0, 1491, 31, 13, 33, 84.75
2026/03/30 12:20:09.172, 0, 1491, 33, 13, 33, 93.87
2026/03/30 12:20:10.173, 0, 1491, 34, 14, 33, 83.01
2026/03/30 12:20:11.174, 0, 1491, 9, 4, 33, 85.63
2026/03/30 12:20:12.174, 0, 1491, 24, 9, 33, 88.85
2026/03/30 12:20:13.174, 0, 1491, 34, 14, 33, 90.92
2026/03/30 12:20:14.174, 0, 1491, 34, 14, 33, 61.88
2026/03/30 12:20:15.175, 0, 1491, 17, 7, 33, 86.50
2026/03/30 12:20:16.175, 0, 1491, 28, 11, 33, 89.17
2026/03/30 12:20:17.175, 0, 1491, 33, 13, 33, 91.79
2026/03/30 12:20:18.176, 0, 1491, 33, 13, 33, 90.05
2026/03/30 12:20:19.176, 0, 1491, 27, 11, 33, 87.10
2026/03/30 12:20:20.176, 0, 1491, 33, 14, 33, 88.85
2026/03/30 12:20:21.176, 0, 1491, 34, 14, 33, 89.17
2026/03/30 12:20:22.177, 0, 1491, 34, 14, 33, 83.01
2026/03/30 12:20:23.177, 0, 1491, 25, 9, 33, 85.36
2026/03/30 12:20:24.177, 0, 1491, 34, 14, 33, 88.85
2026/03/30 12:20:25.181, 0, 1491, 31, 12, 33, 82.40
2026/03/30 12:20:26.270, 0, 1491, 31, 13, 33, 87.37
2026/03/30 12:20:27.273, 0, 1491, 33, 13, 33, 91.19
2026/03/30 12:20:28.277, 0, 1491, 35, 14, 33, 64.78
2026/03/30 12:20:29.278, 0, 1491, 16, 6, 33, 86.83
2026/03/30 12:20:30.280, 0, 1491, 33, 14, 33, 86.83
2026/03/30 12:20:31.281, 0, 1491, 35, 14, 33, 77.12
2026/03/30 12:20:32.283, 0, 1491, 4, 1, 33, 83.01
2026/03/30 12:20:33.283, 0, 1491, 22, 9, 33, 87.10
2026/03/30 12:20:34.285, 0, 1491, 33, 14, 33, 88.57
2026/03/30 12:20:35.287, 0, 1491, 30, 12, 33, 93.87
2026/03/30 12:20:36.289, 0, 1491, 34, 14, 33, 88.85
2026/03/30 12:20:37.289, 0, 1491, 34, 14, 33, 87.70
2026/03/30 12:20:38.289, 0, 1491, 32, 13, 33, 94.14
2026/03/30 12:20:39.290, 0, 1491, 34, 14, 33, 72.75
2026/03/30 12:20:40.290, 0, 1491, 30, 12, 33, 90.59
2026/03/30 12:20:41.290, 0, 1491, 31, 13, 33, 90.59
2026/03/30 12:20:42.290, 0, 1491, 34, 14, 33, 89.17
2026/03/30 12:20:43.291, 0, 1491, 32, 13, 33, 66.58
2026/03/30 12:20:44.291, 0, 1491, 24, 9, 33, 83.88
2026/03/30 12:20:45.291, 0, 1491, 33, 13, 33, 85.63
2026/03/30 12:20:46.291, 0, 1491, 35, 14, 33, 94.14
2026/03/30 12:20:47.292, 0, 1491, 3, 1, 33, 61.88
2026/03/30 12:20:48.370, 0, 1491, 33, 14, 33, 85.90
2026/03/30 12:20:49.379, 0, 1491, 34, 14, 33, 91.19
2026/03/30 12:20:50.379, 0, 1491, 35, 14, 32, 62.16
2026/03/30 12:20:51.391, 0, 1491, 23, 9, 33, 87.37
2026/03/30 12:20:52.471, 0, 1491, 32, 13, 33, 90.92
2026/03/30 12:20:53.472, 0, 1491, 32, 13, 33, 85.90
2026/03/30 12:20:54.474, 0, 1491, 35, 14, 33, 62.76
2026/03/30 12:20:55.475, 0, 1491, 12, 5, 33, 89.45
2026/03/30 12:20:56.479, 0, 1491, 33, 14, 33, 87.10
2026/03/30 12:20:57.479, 0, 1491, 34, 14, 33, 74.16
2026/03/30 12:20:58.479, 0, 1491, 25, 9, 33, 92.07
2026/03/30 12:20:59.480, 0, 1491, 30, 12, 33, 86.83
2026/03/30 12:21:00.480, 0, 1491, 33, 14, 33, 89.45
2026/03/30 12:21:01.480, 0, 1491, 35, 14, 33, 90.59
2026/03/30 12:21:02.480, 0, 1491, 33, 13, 33, 85.36
2026/03/30 12:21:03.481, 0, 1491, 32, 13, 33, 88.25
2026/03/30 12:21:04.481, 0, 1491, 34, 14, 33, 92.07
2026/03/30 12:21:05.481, 0, 1491, 12, 5, 33, 62.16
2026/03/30 12:21:06.482, 0, 1491, 12, 4, 33, 84.48
2026/03/30 12:21:07.482, 0, 1491, 34, 14, 33, 89.45
2026/03/30 12:21:08.570, 0, 1491, 25, 10, 32, 61.88
2026/03/30 12:21:09.573, 0, 1491, 26, 10, 33, 88.57
2026/03/30 12:21:10.573, 0, 1491, 33, 13, 33, 88.25
2026/03/30 12:21:11.574, 0, 1491, 29, 12, 33, 90.92
2026/03/30 12:21:12.576, 0, 1491, 35, 14, 33, 67.12
2026/03/30 12:21:13.578, 0, 1491, 27, 11, 33, 85.02
2026/03/30 12:21:14.579, 0, 1491, 32, 13, 33, 85.63
2026/03/30 12:21:15.580, 0, 1491, 35, 14, 33, 90.59
2026/03/30 12:21:16.585, 0, 1491, 33, 14, 33, 90.32
2026/03/30 12:21:17.587, 0, 1491, 32, 13, 33, 87.70
2026/03/30 12:21:18.587, 0, 1491, 34, 14, 33, 92.67
2026/03/30 12:21:19.588, 0, 1491, 35, 14, 33, 84.75
2026/03/30 12:21:20.588, 0, 1491, 27, 11, 33, 86.83
2026/03/30 12:21:21.588, 0, 1491, 34, 14, 33, 90.32
2026/03/30 12:21:22.588, 0, 1491, 35, 14, 32, 70.68
2026/03/30 12:21:23.589, 0, 1491, 7, 2, 32, 62.44
2026/03/30 12:21:24.589, 0, 1491, 29, 12, 33, 87.37
2026/03/30 12:21:25.589, 0, 1491, 33, 13, 33, 87.70
2026/03/30 12:21:26.590, 0, 1491, 33, 13, 32, 61.88
2026/03/30 12:21:27.590, 0, 1491, 25, 9, 33, 87.70
2026/03/30 12:21:28.590, 0, 1491, 33, 14, 33, 90.05
2026/03/30 12:21:29.590, 0, 1491, 33, 13, 33, 73.89
2026/03/30 12:21:30.670, 0, 1491, 32, 13, 33, 70.07
2026/03/30 12:21:31.671, 0, 1491, 25, 9, 33, 88.25
2026/03/30 12:21:32.674, 0, 1491, 31, 13, 33, 84.48
2026/03/30 12:21:33.675, 0, 1491, 34, 14, 33, 71.27
2026/03/30 12:21:34.675, 0, 1491, 25, 9, 33, 92.07
2026/03/30 12:21:35.677, 0, 1491, 32, 13, 33, 87.98
2026/03/30 12:21:36.678, 0, 1491, 33, 13, 33, 87.98
2026/03/30 12:21:37.678, 0, 1491, 34, 14, 33, 91.19
2026/03/30 12:21:38.680, 0, 1491, 25, 10, 33, 85.90
2026/03/30 12:21:39.682, 0, 1491, 33, 14, 33, 87.70
2026/03/30 12:21:40.684, 0, 1491, 34, 14, 33, 89.17
2026/03/30 12:21:41.684, 0, 1491, 34, 14, 32, 61.88
2026/03/30 12:21:42.684, 0, 1491, 32, 13, 33, 86.50
2026/03/30 12:21:43.685, 0, 1491, 27, 11, 33, 92.07
2026/03/30 12:21:44.685, 0, 1491, 35, 14, 33, 90.92
2026/03/30 12:21:45.685, 0, 1491, 34, 14, 33, 62.76
2026/03/30 12:21:46.686, 0, 1491, 34, 14, 33, 89.72
2026/03/30 12:21:47.686, 0, 1491, 28, 11, 33, 89.72
2026/03/30 12:21:48.686, 0, 1491, 35, 14, 33, 90.32
2026/03/30 12:21:49.686, 0, 1491, 35, 14, 33, 86.22
2026/03/30 12:21:50.687, 0, 1491, 33, 14, 33, 92.07
2026/03/30 12:21:51.687, 0, 1491, 34, 14, 33, 91.19
2026/03/30 12:21:52.689, 0, 1491, 25, 10, 33, 86.22
2026/03/30 12:21:53.772, 0, 1491, 32, 13, 33, 87.37
2026/03/30 12:21:54.773, 0, 1491, 34, 14, 33, 88.57
2026/03/30 12:21:55.774, 0, 1491, 36, 14, 33, 85.36
2026/03/30 12:21:56.775, 0, 1491, 24, 9, 33, 89.72
2026/03/30 12:21:57.778, 0, 1491, 31, 13, 33, 91.52
2026/03/30 12:21:58.778, 0, 1491, 33, 14, 33, 87.37
2026/03/30 12:21:59.779, 0, 1491, 22, 8, 32, 64.78
2026/03/30 12:22:00.782, 0, 1491, 32, 13, 33, 86.50
2026/03/30 12:22:01.783, 0, 1491, 24, 10, 33, 87.70
2026/03/30 12:22:02.785, 0, 1491, 35, 14, 33, 92.07
2026/03/30 12:22:03.786, 0, 1491, 34, 14, 33, 84.16
2026/03/30 12:22:04.786, 0, 1491, 33, 13, 33, 85.63
2026/03/30 12:22:05.787, 0, 1491, 30, 12, 33, 85.90
2026/03/30 12:22:06.788, 0, 1491, 35, 14, 33, 92.40
2026/03/30 12:22:07.788, 0, 1491, 33, 14, 33, 65.38
2026/03/30 12:22:08.788, 0, 1491, 34, 14, 33, 89.45
2026/03/30 12:22:09.788, 0, 1491, 33, 13, 33, 89.45
2026/03/30 12:22:10.790, 0, 1491, 31, 12, 33, 82.40
2026/03/30 12:22:11.790, 0, 1491, 23, 9, 33, 84.16
2026/03/30 12:22:12.790, 0, 1491, 34, 14, 33, 88.57
2026/03/30 12:22:13.793, 0, 1491, 34, 13, 33, 88.57
2026/03/30 12:22:14.795, 0, 1491, 24, 9, 33, 87.10
2026/03/30 12:22:15.870, 0, 1491, 33, 13, 33, 90.05
2026/03/30 12:22:16.872, 0, 1491, 34, 14, 33, 92.94
2026/03/30 12:22:17.873, 0, 1491, 22, 8, 32, 63.91
2026/03/30 12:22:18.875, 0, 1491, 29, 12, 33, 89.45
2026/03/30 12:22:19.876, 0, 1491, 34, 14, 33, 88.85
2026/03/30 12:22:20.881, 0, 1491, 35, 14, 33, 85.63
2026/03/30 12:22:21.883, 0, 1491, 24, 9, 33, 86.50
2026/03/30 12:22:22.884, 0, 1491, 34, 14, 33, 85.90
2026/03/30 12:22:23.885, 0, 1491, 33, 14, 33, 85.02
2026/03/30 12:22:24.886, 0, 1491, 34, 14, 33, 90.32
2026/03/30 12:22:25.886, 0, 1491, 35, 14, 33, 84.48
2026/03/30 12:22:26.887, 0, 1491, 26, 10, 33, 82.68
2026/03/30 12:22:27.887, 0, 1491, 33, 14, 33, 90.05
2026/03/30 12:22:28.887, 0, 1491, 32, 13, 33, 76.84
2026/03/30 12:22:29.887, 0, 1491, 36, 14, 33, 89.17
2026/03/30 12:22:30.888, 0, 1491, 25, 10, 33, 86.50
2026/03/30 12:22:31.888, 0, 1491, 33, 14, 33, 92.07
2026/03/30 12:22:32.888, 0, 1491, 34, 14, 33, 81.81
2026/03/30 12:22:33.888, 0, 1491, 25, 9, 33, 85.02
2026/03/30 12:22:34.889, 0, 1491, 32, 13, 33, 89.72
2026/03/30 12:22:35.889, 0, 1491, 32, 13, 33, 87.70
2026/03/30 12:22:36.890, 0, 1491, 34, 14, 33, 63.64
2026/03/30 12:22:37.897, 0, 1491, 34, 14, 33, 86.83
2026/03/30 12:22:38.973, 0, 1491, 34, 14, 33, 93.54
2026/03/30 12:22:39.974, 0, 1491, 31, 12, 33, 65.38
2026/03/30 12:22:40.977, 0, 1491, 25, 10, 33, 84.16
2026/03/30 12:22:42.071, 0, 1491, 31, 13, 33, 86.50
2026/03/30 12:22:43.072, 0, 1491, 33, 13, 33, 89.45
2026/03/30 12:22:44.073, 0, 1491, 26, 10, 33, 85.63
2026/03/30 12:22:45.079, 0, 1491, 34, 14, 33, 87.70
2026/03/30 12:22:46.079, 0, 1491, 34, 14, 33, 87.98
2026/03/30 12:22:47.080, 0, 1491, 34, 14, 33, 84.48
2026/03/30 12:22:48.080, 0, 1491, 25, 10, 33, 83.88
2026/03/30 12:22:49.080, 0, 1491, 33, 14, 33, 88.25
2026/03/30 12:22:50.081, 0, 1491, 33, 14, 33, 90.05
2026/03/30 12:22:51.081, 0, 1491, 23, 9, 33, 83.88
2026/03/30 12:22:52.081, 0, 1491, 17, 7, 33, 87.37
2026/03/30 12:22:53.081, 0, 1491, 34, 14, 33, 85.90
2026/03/30 12:22:54.082, 0, 1491, 35, 14, 33, 92.07
2026/03/30 12:22:55.082, 0, 1491, 32, 13, 33, 82.13
2026/03/30 12:22:56.082, 0, 1491, 23, 9, 33, 90.59
2026/03/30 12:22:57.082, 0, 1491, 33, 13, 33, 87.10
2026/03/30 12:22:58.083, 0, 1491, 33, 13, 33, 90.05
2026/03/30 12:22:59.084, 0, 1491, 35, 14, 33, 90.32
2026/03/30 12:23:00.086, 0, 1491, 7, 2, 33, 86.50
2026/03/30 12:23:01.089, 0, 1491, 33, 14, 33, 85.90
2026/03/30 12:23:02.090, 0, 1491, 34, 14, 33, 78.59
2026/03/30 12:23:03.091, 0, 1491, 24, 9, 33, 85.63
2026/03/30 12:23:04.170, 0, 1491, 33, 14, 33, 87.10
2026/03/30 12:23:05.171, 0, 1491, 31, 13, 33, 78.31
2026/03/30 12:23:06.171, 0, 1491, 23, 9, 33, 86.22
2026/03/30 12:23:07.173, 0, 1491, 33, 13, 33, 88.25
2026/03/30 12:23:08.173, 0, 1491, 32, 13, 33, 89.45
2026/03/30 12:23:09.174, 0, 1491, 36, 14, 33, 84.75
2026/03/30 12:23:10.174, 0, 1491, 26, 10, 33, 84.48
2026/03/30 12:23:11.174, 0, 1491, 34, 14, 33, 88.85
2026/03/30 12:23:12.174, 0, 1491, 34, 14, 33, 89.45
2026/03/30 12:23:13.175, 0, 1491, 36, 14, 33, 70.68
2026/03/30 12:23:14.175, 0, 1491, 25, 9, 33, 88.85
2026/03/30 12:23:15.175, 0, 1491, 33, 13, 33, 90.32
2026/03/30 12:23:16.176, 0, 1491, 34, 14, 33, 90.92
2026/03/30 12:23:17.176, 0, 1491, 27, 10, 33, 62.76
2026/03/30 12:23:18.176, 0, 1491, 20, 8, 33, 70.40
2026/03/30 12:23:19.177, 0, 1491, 33, 13, 33, 89.72
2026/03/30 12:23:20.177, 0, 1491, 33, 13, 33, 84.48
2026/03/30 12:23:21.180, 0, 1491, 25, 9, 33, 88.25
2026/03/30 12:23:22.276, 0, 1491, 33, 13, 33, 87.70
2026/03/30 12:23:23.370, 0, 1491, 35, 14, 33, 77.44
2026/03/30 12:23:24.373, 0, 1491, 15, 6, 33, 90.59
2026/03/30 12:23:25.373, 0, 1491, 33, 13, 33, 87.37
2026/03/30 12:23:26.374, 0, 1491, 33, 13, 33, 86.83
2026/03/30 12:23:27.375, 0, 1491, 32, 13, 33, 66.85
2026/03/30 12:23:28.382, 0, 1491, 32, 13, 33, 85.90
2026/03/30 12:23:29.384, 0, 1491, 32, 13, 33, 88.25
2026/03/30 12:23:30.385, 0, 1491, 34, 14, 33, 91.52
2026/03/30 12:23:31.385, 0, 1491, 33, 14, 33, 70.95
2026/03/30 12:23:32.385, 0, 1491, 25, 9, 33, 87.37
2026/03/30 12:23:33.386, 0, 1491, 33, 13, 33, 86.83
2026/03/30 12:23:34.386, 0, 1491, 32, 13, 33, 93.87
2026/03/30 12:23:35.386, 0, 1491, 28, 11, 32, 65.98
2026/03/30 12:23:36.386, 0, 1491, 12, 5, 32, 62.16
2026/03/30 12:23:37.387, 0, 1491, 24, 9, 33, 90.92
2026/03/30 12:23:38.387, 0, 1491, 33, 14, 33, 85.90
2026/03/30 12:23:39.387, 0, 1491, 34, 14, 33, 81.81
2026/03/30 12:23:40.387, 0, 1491, 24, 9, 33, 88.25
2026/03/30 12:23:41.388, 0, 1491, 33, 14, 33, 73.02
2026/03/30 12:23:42.472, 0, 1491, 36, 15, 33, 71.54
2026/03/30 12:23:43.475, 0, 1491, 27, 11, 33, 83.01
2026/03/30 12:23:44.481, 0, 1491, 34, 14, 33, 87.10
2026/03/30 12:23:45.483, 0, 1491, 33, 13, 33, 92.07
2026/03/30 12:23:46.486, 0, 1491, 26, 10, 32, 87.37
2026/03/30 12:23:47.570, 0, 1491, 30, 12, 33, 86.50
2026/03/30 12:23:48.571, 0, 1491, 33, 14, 33, 83.88
2026/03/30 12:23:49.573, 0, 1491, 31, 13, 33, 89.72
2026/03/30 12:23:50.577, 0, 1491, 23, 9, 33, 86.50
2026/03/30 12:23:51.577, 0, 1491, 33, 13, 33, 87.37
2026/03/30 12:23:52.578, 0, 1491, 33, 14, 33, 86.50
2026/03/30 12:23:53.578, 0, 1491, 33, 13, 33, 68.60
2026/03/30 12:23:54.578, 0, 1491, 20, 8, 33, 73.02
2026/03/30 12:23:55.578, 0, 1491, 24, 9, 33, 85.90
2026/03/30 12:23:56.579, 0, 1491, 33, 13, 33, 92.07
2026/03/30 12:23:57.579, 0, 1491, 34, 14, 33, 64.50
2026/03/30 12:23:58.579, 0, 1491, 36, 15, 33, 84.16
2026/03/30 12:23:59.580, 0, 1491, 27, 11, 33, 86.83
2026/03/30 12:24:00.580, 0, 1491, 32, 13, 33, 90.92
2026/03/30 12:24:01.580, 0, 1491, 35, 14, 33, 85.02
2026/03/30 12:24:02.580, 0, 1491, 8, 3, 33, 89.45
2026/03/30 12:24:03.581, 0, 1491, 31, 13, 33, 85.90
2026/03/30 12:24:04.581, 0, 1491, 34, 14, 33, 73.62
2026/03/30 12:24:05.583, 0, 1491, 31, 12, 33, 85.90
2026/03/30 12:24:06.584, 0, 1491, 32, 13, 33, 87.37
2026/03/30 12:24:07.586, 0, 1491, 33, 14, 33, 86.83
2026/03/30 12:24:08.588, 0, 1491, 28, 11, 32, 72.15
2026/03/30 12:24:09.672, 0, 1491, 27, 11, 33, 91.19
2026/03/30 12:24:10.673, 0, 1491, 33, 14, 33, 85.90
2026/03/30 12:24:11.675, 0, 1491, 33, 14, 33, 88.57
2026/03/30 12:24:12.677, 0, 1491, 21, 9, 32, 61.88
2026/03/30 12:24:13.677, 0, 1491, 23, 9, 33, 85.02
2026/03/30 12:24:14.677, 0, 1491, 33, 13, 33, 88.57
2026/03/30 12:24:15.678, 0, 1491, 32, 13, 33, 91.79
2026/03/30 12:24:16.678, 0, 1491, 29, 11, 33, 76.84
2026/03/30 12:24:17.678, 0, 1491, 34, 14, 33, 88.57
2026/03/30 12:24:18.678, 0, 1491, 32, 13, 33, 92.07
2026/03/30 12:24:19.679, 0, 1491, 31, 12, 33, 68.33
2026/03/30 12:24:20.679, 0, 1491, 3, 1, 32, 61.88
2026/03/30 12:24:21.679, 0, 1491, 33, 14, 33, 85.90
2026/03/30 12:24:22.680, 0, 1491, 32, 13, 33, 87.37
2026/03/30 12:24:23.680, 0, 1491, 35, 14, 33, 84.48
2026/03/30 12:24:24.680, 0, 1491, 28, 11, 33, 82.40
2026/03/30 12:24:25.680, 0, 1491, 33, 14, 33, 86.83
2026/03/30 12:24:26.682, 0, 1491, 34, 14, 33, 85.02
2026/03/30 12:24:27.683, 0, 1491, 26, 10, 33, 80.33
2026/03/30 12:24:28.684, 0, 1491, 26, 11, 33, 88.57
2026/03/30 12:24:29.684, 0, 1491, 33, 14, 33, 87.98
2026/03/30 12:24:30.685, 0, 1491, 36, 14, 33, 90.92
2026/03/30 12:24:31.685, 0, 1491, 29, 12, 33, 92.94
2026/03/30 12:24:32.687, 0, 1491, 30, 11, 33, 88.85
2026/03/30 12:24:33.770, 0, 1491, 33, 13, 33, 92.94
2026/03/30 12:24:34.771, 0, 1491, 30, 12, 33, 77.44
2026/03/30 12:24:35.773, 0, 1491, 31, 12, 33, 91.19
2026/03/30 12:24:36.774, 0, 1491, 20, 8, 33, 90.05
2026/03/30 12:24:37.774, 0, 1491, 32, 13, 33, 89.17
2026/03/30 12:24:38.775, 0, 1491, 34, 14, 32, 61.88
2026/03/30 12:24:39.775, 0, 1491, 31, 12, 33, 84.48
2026/03/30 12:24:40.775, 0, 1491, 19, 7, 33, 87.70
2026/03/30 12:24:41.775, 0, 1491, 33, 13, 33, 90.05
2026/03/30 12:24:42.776, 0, 1491, 33, 13, 33, 65.11
2026/03/30 12:24:43.776, 0, 1491, 20, 8, 33, 87.37
2026/03/30 12:24:44.776, 0, 1491, 28, 11, 33, 88.85
2026/03/30 12:24:45.776, 0, 1491, 33, 13, 33, 91.19
2026/03/30 12:24:46.777, 0, 1491, 34, 14, 32, 62.44
2026/03/30 12:24:47.777, 0, 1491, 26, 10, 33, 84.75
2026/03/30 12:24:48.780, 0, 1491, 30, 12, 33, 85.63
2026/03/30 12:24:49.781, 0, 1491, 32, 13, 33, 84.48
2026/03/30 12:24:50.785, 0, 1491, 29, 11, 33, 63.36
2026/03/30 12:24:51.870, 0, 1491, 34, 14, 33, 87.98
2026/03/30 12:24:52.871, 0, 1491, 31, 12, 33, 85.36
2026/03/30 12:24:53.872, 0, 1491, 34, 14, 33, 85.90
2026/03/30 12:24:54.872, 0, 1491, 23, 9, 33, 90.05
2026/03/30 12:24:55.876, 0, 1491, 29, 12, 33, 84.48
2026/03/30 12:24:56.881, 0, 1491, 34, 14, 33, 93.87
2026/03/30 12:24:57.881, 0, 1491, 30, 11, 33, 73.89
2026/03/30 12:24:58.881, 0, 1491, 19, 8, 33, 84.16
2026/03/30 12:24:59.881, 0, 1491, 33, 14, 33, 89.17
2026/03/30 12:25:00.882, 0, 1491, 34, 14, 33, 90.05
2026/03/30 12:25:01.882, 0, 1491, 6, 2, 33, 88.25
2026/03/30 12:25:02.882, 0, 1491, 32, 13, 33, 87.10
2026/03/30 12:25:03.882, 0, 1491, 33, 14, 33, 91.52
2026/03/30 12:25:04.883, 0, 1491, 35, 14, 33, 90.32
2026/03/30 12:25:05.883, 0, 1491, 31, 12, 33, 89.72
2026/03/30 12:25:06.883, 0, 1491, 31, 13, 33, 85.02
2026/03/30 12:25:07.883, 0, 1491, 34, 14, 33, 88.57
2026/03/30 12:25:08.884, 0, 1491, 34, 14, 33, 87.10
2026/03/30 12:25:09.884, 0, 1491, 18, 7, 33, 63.03
2026/03/30 12:25:10.886, 0, 1491, 33, 14, 33, 87.70
2026/03/30 12:25:11.972, 0, 1491, 33, 14, 33, 92.40
2026/03/30 12:25:12.974, 0, 1491, 32, 13, 33, 63.03
2026/03/30 12:25:13.975, 0, 1491, 24, 9, 33, 86.50
2026/03/30 12:25:14.976, 0, 1491, 33, 14, 33, 87.37
2026/03/30 12:25:15.978, 0, 1491, 34, 14, 33, 90.32
2026/03/30 12:25:16.979, 0, 1491, 36, 15, 33, 86.50
2026/03/30 12:25:17.981, 0, 1491, 30, 12, 33, 86.22
2026/03/30 12:25:19.070, 0, 1491, 34, 14, 33, 83.55
2026/03/30 12:25:20.072, 0, 1491, 11, 4, 33, 85.36
2026/03/30 12:25:21.073, 0, 1491, 19, 8, 33, 86.83
2026/03/30 12:25:22.073, 0, 1491, 34, 14, 33, 90.59
2026/03/30 12:25:23.073, 0, 1491, 35, 14, 33, 62.76
2026/03/30 12:25:24.074, 0, 1491, 31, 12, 33, 89.17
2026/03/30 12:25:25.074, 0, 1491, 34, 14, 33, 92.94
2026/03/30 12:25:26.074, 0, 1491, 33, 14, 33, 90.59
2026/03/30 12:25:27.074, 0, 1491, 34, 14, 33, 87.10
2026/03/30 12:25:28.075, 0, 1491, 35, 14, 33, 73.02
2026/03/30 12:25:29.075, 0, 1491, 32, 13, 33, 88.25
2026/03/30 12:25:30.075, 0, 1491, 34, 14, 33, 85.63
2026/03/30 12:25:31.076, 0, 1491, 34, 14, 33, 74.77
2026/03/30 12:25:32.076, 0, 1491, 13, 5, 33, 86.22
2026/03/30 12:25:33.077, 0, 1491, 34, 14, 33, 87.70
2026/03/30 12:25:34.170, 0, 1491, 33, 14, 33, 89.17
2026/03/30 12:25:35.172, 0, 1491, 33, 13, 33, 87.98
2026/03/30 12:25:36.174, 0, 1491, 28, 12, 33, 87.10
2026/03/30 12:25:37.174, 0, 1491, 33, 14, 33, 91.52
2026/03/30 12:25:38.177, 0, 1491, 34, 14, 33, 68.93
2026/03/30 12:25:39.177, 0, 1491, 23, 9, 33, 86.50
2026/03/30 12:25:40.178, 0, 1491, 33, 13, 33, 85.90
2026/03/30 12:25:41.180, 0, 1491, 33, 13, 33, 89.45
2026/03/30 12:25:42.180, 0, 1491, 35, 14, 33, 63.03
2026/03/30 12:25:43.180, 0, 1491, 10, 3, 33, 93.26
2026/03/30 12:25:44.180, 0, 1491, 24, 10, 33, 90.05
2026/03/30 12:25:45.181, 0, 1491, 33, 13, 33, 87.37
2026/03/30 12:25:46.181, 0, 1491, 34, 14, 33, 90.92
2026/03/30 12:25:47.181, 0, 1491, 22, 8, 33, 87.98
2026/03/30 12:25:48.182, 0, 1491, 33, 14, 33, 87.98
2026/03/30 12:25:49.182, 0, 1491, 32, 13, 33, 89.72
2026/03/30 12:25:50.182, 0, 1491, 35, 14, 33, 70.40
2026/03/30 12:25:51.182, 0, 1491, 25, 10, 33, 87.70
2026/03/30 12:25:52.183, 0, 1491, 34, 14, 33, 90.92
2026/03/30 12:25:53.183, 0, 1491, 33, 13, 33, 91.52
2026/03/30 12:25:54.270, 0, 1491, 26, 10, 33, 84.16
2026/03/30 12:25:55.272, 0, 1491, 30, 12, 33, 87.98
2026/03/30 12:25:56.274, 0, 1491, 34, 14, 33, 87.10
2026/03/30 12:25:57.276, 0, 1491, 32, 13, 33, 63.36
2026/03/30 12:25:58.279, 0, 1491, 25, 10, 33, 88.57
2026/03/30 12:25:59.371, 0, 1491, 33, 13, 33, 88.57
2026/03/30 12:26:00.372, 0, 1491, 33, 13, 33, 63.64
2026/03/30 12:26:01.375, 0, 1491, 26, 10, 33, 90.32
2026/03/30 12:26:02.377, 0, 1491, 25, 10, 33, 87.98
2026/03/30 12:26:03.377, 0, 1491, 33, 14, 33, 93.26
2026/03/30 12:26:04.377, 0, 1491, 33, 13, 33, 71.82
2026/03/30 12:26:05.377, 0, 1491, 9, 3, 33, 89.17
2026/03/30 12:26:06.378, 0, 1491, 34, 14, 33, 88.57
2026/03/30 12:26:07.378, 0, 1491, 31, 13, 33, 89.72
2026/03/30 12:26:08.378, 0, 1491, 26, 10, 33, 86.22
2026/03/30 12:26:09.378, 0, 1491, 24, 9, 33, 85.90
2026/03/30 12:26:10.379, 0, 1491, 34, 14, 33, 87.10
2026/03/30 12:26:11.379, 0, 1491, 32, 13, 33, 90.59
2026/03/30 12:26:12.379, 0, 1491, 34, 14, 33, 92.07
2026/03/30 12:26:13.379, 0, 1491, 31, 12, 33, 90.05
2026/03/30 12:26:14.380, 0, 1491, 33, 14, 33, 88.25
2026/03/30 12:26:15.380, 0, 1491, 27, 10, 33, 87.37
2026/03/30 12:26:16.470, 0, 1491, 32, 13, 33, 89.17
2026/03/30 12:26:17.472, 0, 1491, 32, 13, 33, 90.05
2026/03/30 12:26:18.473, 0, 1491, 35, 14, 33, 89.72
2026/03/30 12:26:19.474, 0, 1491, 25, 9, 33, 88.85
2026/03/30 12:26:20.475, 0, 1491, 30, 12, 33, 86.83
2026/03/30 12:26:21.480, 0, 1491, 34, 14, 33, 89.72
2026/03/30 12:26:22.481, 0, 1491, 35, 14, 33, 75.97
2026/03/30 12:26:23.483, 0, 1491, 25, 10, 33, 92.94
2026/03/30 12:26:24.484, 0, 1491, 32, 13, 33, 88.25
2026/03/30 12:26:25.571, 0, 1491, 32, 13, 33, 85.63
2026/03/30 12:26:26.573, 0, 557, 5, 1, 33, 62.16
2026/03/30 12:26:27.573, 0, 7725, 67, 64, 36, 262.23
2026/03/30 12:26:28.573, 0, 7725, 67, 64, 38, 253.18
2026/03/30 12:26:29.573, 0, 7725, 67, 64, 39, 253.78
2026/03/30 12:26:30.574, 0, 7725, 67, 64, 39, 257.54
2026/03/30 12:26:31.574, 0, 7725, 67, 64, 40, 255.80
2026/03/30 12:26:32.574, 0, 7725, 67, 64, 40, 254.65
2026/03/30 12:26:33.574, 0, 7725, 67, 64, 40, 259.01
2026/03/30 12:26:34.575, 0, 7725, 67, 64, 41, 250.24
2026/03/30 12:26:35.575, 0, 7725, 67, 64, 41, 254.06
2026/03/30 12:26:36.575, 0, 7725, 67, 64, 41, 249.09
2026/03/30 12:26:37.575, 0, 7747, 28, 25, 37, 78.31
2026/03/30 12:26:38.670, 0, 11203, 0, 0, 36, 82.40
2026/03/30 12:26:39.671, 0, 11915, 0, 0, 35, 62.44
2026/03/30 12:26:40.673, 0, 12673, 7, 7, 34, 62.44
2026/03/30 12:26:41.677, 0, 13973, 57, 54, 38, 244.40
2026/03/30 12:26:42.678, 0, 13973, 66, 62, 40, 150.46
2026/03/30 12:26:43.681, 0, 13973, 67, 64, 40, 181.98
2026/03/30 12:26:44.682, 0, 13973, 67, 64, 41, 200.41
2026/03/30 12:26:45.683, 0, 13973, 66, 63, 40, 218.89
2026/03/30 12:26:46.684, 0, 13973, 66, 63, 41, 222.38
2026/03/30 12:26:47.686, 0, 13973, 67, 64, 41, 220.63
2026/03/30 12:26:48.687, 0, 13973, 67, 64, 42, 265.18
2026/03/30 12:26:49.687, 0, 13973, 67, 64, 42, 258.47
2026/03/30 12:26:50.688, 0, 13973, 67, 64, 42, 261.09
2026/03/30 12:26:51.688, 0, 13973, 67, 64, 43, 254.33
2026/03/30 12:26:52.688, 0, 15525, 67, 63, 42, 255.80
2026/03/30 12:26:53.689, 0, 15525, 67, 64, 43, 255.53
2026/03/30 12:26:54.689, 0, 15525, 67, 64, 43, 251.98
2026/03/30 12:26:55.689, 0, 15525, 66, 63, 43, 240.86
2026/03/30 12:26:56.689, 0, 15525, 66, 62, 43, 233.83
2026/03/30 12:26:57.690, 0, 15525, 66, 63, 43, 192.78
2026/03/30 12:26:58.690, 0, 15525, 66, 62, 43, 165.14
2026/03/30 12:26:59.690, 0, 15525, 67, 64, 43, 205.70
2026/03/30 12:27:00.692, 0, 15525, 67, 64, 44, 220.36
2026/03/30 12:27:01.770, 0, 15525, 67, 64, 44, 170.11
2026/03/30 12:27:02.771, 0, 15525, 67, 64, 43, 161.92
2026/03/30 12:27:03.774, 0, 16547, 58, 57, 41, 101.45
2026/03/30 12:27:04.775, 0, 16547, 67, 63, 43, 195.12
2026/03/30 12:27:05.777, 0, 16547, 67, 63, 43, 220.36
2026/03/30 12:27:06.778, 0, 16547, 66, 63, 44, 227.07
2026/03/30 12:27:07.779, 0, 16547, 66, 63, 44, 166.44
2026/03/30 12:27:08.870, 0, 16547, 67, 64, 44, 151.34
2026/03/30 12:27:09.870, 0, 16547, 67, 64, 44, 133.43
2026/03/30 12:27:10.871, 0, 16547, 67, 64, 44, 117.01
2026/03/30 12:27:11.871, 0, 16547, 67, 63, 44, 133.43
2026/03/30 12:27:12.871, 0, 16547, 67, 64, 44, 163.40
2026/03/30 12:27:13.871, 0, 16547, 67, 64, 44, 172.18
2026/03/30 12:27:14.872, 0, 16767, 53, 52, 44, 134.31
2026/03/30 12:27:15.872, 0, 16767, 67, 63, 44, 168.46
2026/03/30 12:27:16.872, 0, 16767, 67, 63, 45, 193.97
2026/03/30 12:27:17.872, 0, 16767, 66, 63, 45, 206.30
2026/03/30 12:27:18.873, 0, 16767, 67, 64, 45, 225.32
2026/03/30 12:27:19.873, 0, 16767, 67, 64, 46, 175.22
2026/03/30 12:27:20.873, 0, 16767, 67, 64, 46, 167.16
2026/03/30 12:27:21.874, 0, 16767, 66, 63, 45, 144.62
2026/03/30 12:27:22.875, 0, 16767, 67, 63, 45, 110.57
2026/03/30 12:27:23.876, 0, 16767, 67, 63, 45, 137.26
2026/03/30 12:27:24.879, 0, 16767, 67, 63, 46, 233.83
2026/03/30 12:27:25.970, 0, 16935, 39, 39, 43, 100.91
2026/03/30 12:27:26.971, 0, 16935, 66, 63, 44, 191.36
2026/03/30 12:27:27.976, 0, 16935, 67, 64, 45, 202.75
2026/03/30 12:27:28.976, 0, 16935, 67, 64, 46, 222.11
2026/03/30 12:27:29.977, 0, 16935, 67, 64, 45, 223.31
2026/03/30 12:27:30.977, 0, 16935, 67, 63, 46, 264.57
2026/03/30 12:27:31.979, 0, 16935, 66, 63, 46, 258.47
2026/03/30 12:27:32.980, 0, 16935, 67, 63, 46, 248.49
2026/03/30 12:27:33.981, 0, 16935, 67, 63, 46, 243.80
2026/03/30 12:27:34.981, 0, 16935, 66, 63, 46, 215.67
2026/03/30 12:27:35.981, 0, 16935, 67, 64, 46, 208.04
2026/03/30 12:27:36.981, 0, 17135, 63, 61, 46, 249.64
2026/03/30 12:27:37.982, 0, 17135, 67, 63, 46, 249.64
2026/03/30 12:27:38.982, 0, 17135, 67, 63, 46, 146.04
2026/03/30 12:27:39.982, 0, 17135, 67, 64, 46, 181.98
2026/03/30 12:27:40.983, 0, 17135, 67, 63, 46, 198.39
2026/03/30 12:27:41.983, 0, 17135, 66, 63, 46, 215.95
2026/03/30 12:27:42.983, 0, 17135, 67, 63, 46, 228.27
2026/03/30 12:27:43.983, 0, 17135, 65, 62, 47, 174.35
2026/03/30 12:27:45.071, 0, 17135, 67, 64, 46, 164.65
2026/03/30 12:27:46.072, 0, 17135, 67, 64, 46, 134.03
2026/03/30 12:27:47.073, 0, 17135, 66, 63, 47, 116.74
2026/03/30 12:27:48.075, 0, 17195, 36, 34, 45, 163.50
2026/03/30 12:27:49.075, 0, 17195, 67, 64, 46, 153.68
2026/03/30 12:27:50.077, 0, 17195, 67, 64, 46, 118.81
2026/03/30 12:27:51.078, 0, 17195, 66, 63, 46, 140.20
2026/03/30 12:27:52.079, 0, 17195, 67, 63, 46, 184.00
2026/03/30 12:27:53.082, 0, 17195, 66, 63, 47, 205.10
2026/03/30 12:27:54.093, 0, 17195, 67, 64, 47, 225.92
2026/03/30 12:27:55.094, 0, 17195, 67, 64, 47, 231.76
2026/03/30 12:27:56.094, 0, 17195, 66, 63, 48, 261.36
2026/03/30 12:27:57.094, 0, 17195, 66, 63, 47, 266.65
2026/03/30 12:27:58.095, 0, 17195, 67, 64, 47, 144.30
2026/03/30 12:27:59.095, 0, 17195, 56, 55, 47, 243.21
2026/03/30 12:28:00.095, 0, 17195, 67, 64, 47, 203.95
2026/03/30 12:28:01.095, 0, 17195, 67, 64, 48, 174.62
2026/03/30 12:28:02.095, 0, 17195, 67, 64, 47, 166.44
2026/03/30 12:28:03.096, 0, 17195, 67, 64, 47, 153.08
2026/03/30 12:28:04.096, 0, 17195, 67, 63, 47, 126.72
2026/03/30 12:28:05.097, 0, 17195, 67, 63, 47, 123.78
2026/03/30 12:28:06.097, 0, 17195, 67, 63, 47, 139.00
2026/03/30 12:28:07.098, 0, 17195, 67, 63, 48, 218.89
2026/03/30 12:28:08.170, 0, 17195, 66, 63, 48, 169.51
2026/03/30 12:28:09.175, 0, 17195, 67, 64, 48, 161.76
2026/03/30 12:28:10.176, 0, 17615, 19, 20, 46, 257.54
2026/03/30 12:28:11.180, 0, 17615, 67, 64, 48, 243.48
2026/03/30 12:28:12.180, 0, 17615, 67, 63, 48, 265.18
2026/03/30 12:28:13.181, 0, 17615, 67, 64, 48, 259.89
2026/03/30 12:28:14.181, 0, 17615, 67, 63, 48, 266.05
2026/03/30 12:28:15.183, 0, 17615, 66, 63, 48, 251.98
2026/03/30 12:28:16.184, 0, 17615, 66, 63, 47, 234.10
2026/03/30 12:28:17.185, 0, 17615, 66, 63, 48, 172.88
2026/03/30 12:28:18.185, 0, 17615, 66, 63, 48, 196.92
2026/03/30 12:28:19.185, 0, 17615, 65, 62, 47, 211.86
2026/03/30 12:28:20.187, 0, 17615, 67, 64, 47, 207.77
2026/03/30 12:28:21.189, 0, 17615, 64, 63, 46, 87.10
2026/03/30 12:28:22.189, 0, 17615, 65, 62, 47, 228.27
2026/03/30 12:28:23.189, 0, 17615, 66, 62, 48, 259.01
2026/03/30 12:28:24.189, 0, 17615, 67, 64, 48, 264.03
2026/03/30 12:28:25.190, 0, 17615, 67, 64, 48, 259.34
2026/03/30 12:28:26.190, 0, 17615, 66, 62, 48, 255.20
2026/03/30 12:28:27.191, 0, 17615, 67, 63, 48, 166.99
2026/03/30 12:28:28.191, 0, 17615, 67, 64, 47, 200.14
2026/03/30 12:28:29.279, 0, 17615, 67, 64, 48, 227.40
2026/03/30 12:28:30.280, 0, 17615, 67, 64, 48, 235.90
2026/03/30 12:28:31.281, 0, 17615, 67, 64, 48, 237.92
2026/03/30 12:28:32.283, 0, 17615, 53, 52, 47, 181.65
2026/03/30 12:28:33.284, 0, 17615, 66, 63, 48, 189.88
2026/03/30 12:28:34.371, 0, 17615, 67, 64, 48, 247.62
2026/03/30 12:28:35.375, 0, 17615, 67, 64, 47, 176.09
2026/03/30 12:28:36.377, 0, 17615, 67, 64, 47, 165.57
2026/03/30 12:28:37.378, 0, 17615, 66, 63, 47, 261.96
2026/03/30 12:28:38.381, 0, 17615, 67, 63, 48, 257.27
2026/03/30 12:28:39.384, 0, 17615, 67, 63, 48, 249.64
2026/03/30 12:28:40.385, 0, 17615, 67, 63, 48, 232.96
2026/03/30 12:28:41.385, 0, 17615, 67, 64, 49, 165.24
2026/03/30 12:28:42.385, 0, 17615, 67, 64, 49, 173.15
2026/03/30 12:28:43.385, 0, 17615, 66, 63, 48, 261.09
2026/03/30 12:28:44.386, 0, 17615, 67, 64, 49, 256.12
2026/03/30 12:28:45.386, 0, 17615, 66, 63, 49, 228.27
2026/03/30 12:28:46.386, 0, 17615, 67, 63, 49, 204.23
2026/03/30 12:28:47.386, 0, 17615, 66, 63, 49, 165.57
2026/03/30 12:28:48.387, 0, 17615, 67, 64, 49, 187.82
2026/03/30 12:28:49.387, 0, 17615, 67, 64, 48, 231.76
2026/03/30 12:28:50.388, 0, 17615, 67, 64, 48, 243.21
2026/03/30 12:28:51.390, 0, 17615, 67, 64, 48, 200.14
2026/03/30 12:28:52.391, 0, 17615, 67, 64, 49, 247.30
2026/03/30 12:28:53.471, 0, 17615, 62, 56, 47, 101.45
2026/03/30 12:28:54.472, 0, 17615, 66, 63, 48, 195.45
2026/03/30 12:28:55.477, 0, 17615, 67, 64, 49, 225.92
2026/03/30 12:28:56.478, 0, 17615, 67, 64, 49, 235.90
2026/03/30 12:28:57.479, 0, 17615, 67, 64, 49, 172.61
2026/03/30 12:28:58.482, 0, 17615, 65, 62, 48, 153.52
2026/03/30 12:28:59.482, 0, 17615, 66, 63, 48, 129.61
2026/03/30 12:29:00.482, 0, 17615, 66, 63, 48, 127.87
2026/03/30 12:29:01.483, 0, 17615, 67, 63, 48, 155.59
2026/03/30 12:29:02.483, 0, 17615, 67, 63, 48, 195.12
2026/03/30 12:29:03.483, 0, 17615, 67, 64, 48, 224.18
2026/03/30 12:29:04.484, 0, 17615, 67, 64, 47, 144.89
2026/03/30 12:29:05.484, 0, 17615, 66, 63, 48, 150.03
2026/03/30 12:29:06.484, 0, 17615, 67, 64, 48, 190.43
2026/03/30 12:29:07.484, 0, 17615, 67, 64, 48, 205.10
2026/03/30 12:29:08.485, 0, 17615, 67, 64, 48, 220.63
2026/03/30 12:29:09.485, 0, 17615, 67, 64, 49, 227.07
2026/03/30 12:29:10.485, 0, 17615, 67, 64, 49, 228.54
2026/03/30 12:29:11.486, 0, 17615, 66, 62, 49, 264.91
2026/03/30 12:29:12.486, 0, 17615, 66, 63, 49, 261.68
2026/03/30 12:29:13.488, 0, 17615, 67, 63, 49, 254.93
2026/03/30 12:29:14.488, 0, 17615, 67, 64, 49, 155.27
2026/03/30 12:29:15.572, 0, 17615, 58, 58, 48, 197.19
2026/03/30 12:29:16.575, 0, 17615, 65, 61, 48, 118.21
2026/03/30 12:29:17.575, 0, 17615, 66, 63, 49, 248.77
2026/03/30 12:29:18.578, 0, 17615, 66, 63, 49, 190.43
2026/03/30 12:29:19.676, 0, 17615, 66, 63, 48, 207.17
2026/03/30 12:29:20.679, 0, 17615, 63, 60, 48, 235.03
2026/03/30 12:29:21.680, 0, 17615, 66, 63, 49, 267.52
2026/03/30 12:29:22.681, 0, 17615, 66, 63, 49, 258.15
2026/03/30 12:29:23.681, 0, 17615, 66, 63, 49, 245.28
2026/03/30 12:29:24.682, 0, 17615, 67, 63, 49, 184.87
2026/03/30 12:29:25.682, 0, 17615, 67, 64, 49, 165.57
2026/03/30 12:29:26.682, 0, 17615, 64, 63, 48, 204.23
2026/03/30 12:29:27.682, 0, 17615, 67, 63, 49, 244.07
2026/03/30 12:29:28.683, 0, 17615, 67, 64, 49, 193.10
2026/03/30 12:29:29.683, 0, 17615, 67, 64, 49, 194.58
2026/03/30 12:29:30.683, 0, 17615, 67, 64, 48, 242.06
2026/03/30 12:29:31.684, 0, 17615, 67, 63, 48, 180.78
2026/03/30 12:29:32.684, 0, 17615, 67, 63, 49, 174.62
2026/03/30 12:29:33.684, 0, 17615, 65, 61, 48, 263.43
2026/03/30 12:29:34.771, 0, 17615, 66, 63, 49, 257.54
2026/03/30 12:29:35.773, 0, 17615, 65, 62, 49, 247.02
2026/03/30 12:29:36.773, 0, 17615, 66, 63, 49, 216.54
2026/03/30 12:29:37.775, 0, 17655, 63, 61, 48, 98.84
2026/03/30 12:29:38.777, 0, 17655, 66, 63, 49, 140.20
2026/03/30 12:29:39.778, 0, 17655, 66, 63, 48, 199.26
2026/03/30 12:29:40.782, 0, 17655, 67, 63, 48, 204.50
2026/03/30 12:29:41.783, 0, 17655, 66, 63, 49, 252.59
2026/03/30 12:29:42.870, 0, 17655, 67, 63, 49, 210.99
2026/03/30 12:29:43.870, 0, 17655, 67, 64, 49, 176.70
2026/03/30 12:29:44.877, 0, 17655, 67, 63, 49, 161.76
2026/03/30 12:29:45.878, 0, 17655, 66, 63, 49, 137.85
2026/03/30 12:29:46.878, 0, 17655, 67, 64, 48, 125.52
2026/03/30 12:29:47.878, 0, 17655, 67, 63, 48, 125.52
2026/03/30 12:29:48.878, 0, 17675, 53, 51, 48, 212.46
2026/03/30 12:29:49.878, 0, 17675, 67, 64, 49, 177.56
2026/03/30 12:29:50.879, 0, 17675, 67, 64, 48, 171.68
2026/03/30 12:29:51.879, 0, 17675, 67, 64, 48, 159.09
2026/03/30 12:29:52.879, 0, 17675, 67, 63, 48, 139.18
2026/03/30 12:29:53.880, 0, 17675, 67, 64, 48, 119.95
2026/03/30 12:29:54.880, 0, 17675, 67, 63, 49, 141.35
2026/03/30 12:29:55.880, 0, 17675, 66, 63, 49, 235.30
2026/03/30 12:29:56.884, 0, 17675, 67, 64, 49, 183.12
2026/03/30 12:29:57.887, 0, 17675, 67, 64, 49, 181.65
2026/03/30 12:29:58.887, 0, 17675, 67, 64, 50, 210.66
2026/03/30 12:29:59.972, 0, 17775, 52, 51, 48, 157.34
2026/03/30 12:30:00.972, 0, 17775, 65, 61, 49, 123.17
2026/03/30 12:30:01.974, 0, 17775, 66, 62, 49, 173.75
2026/03/30 12:30:02.978, 0, 17775, 67, 64, 48, 201.88
2026/03/30 12:30:03.981, 0, 17775, 67, 64, 49, 227.07
2026/03/30 12:30:04.982, 0, 17775, 66, 63, 49, 179.64
2026/03/30 12:30:06.075, 0, 17775, 67, 63, 49, 161.76
2026/03/30 12:30:07.077, 0, 17775, 67, 63, 49, 134.17
2026/03/30 12:30:08.077, 0, 17775, 67, 64, 48, 122.57
2026/03/30 12:30:09.078, 0, 17775, 67, 64, 48, 142.68
2026/03/30 12:30:10.079, 0, 17775, 67, 64, 48, 139.18
2026/03/30 12:30:11.079, 0, 17775, 66, 63, 48, 177.29
2026/03/30 12:30:12.079, 0, 17775, 67, 63, 48, 164.65
2026/03/30 12:30:13.079, 0, 17775, 66, 62, 48, 137.98
2026/03/30 12:30:14.080, 0, 17775, 67, 63, 49, 123.50
2026/03/30 12:30:15.080, 0, 17775, 66, 63, 49, 242.33
2026/03/30 12:30:16.080, 0, 17775, 66, 63, 49, 187.54
2026/03/30 12:30:17.081, 0, 17775, 66, 63, 50, 195.72
2026/03/30 12:30:18.081, 0, 17775, 67, 64, 49, 214.48
2026/03/30 12:30:19.083, 0, 17775, 66, 63, 49, 171.13
2026/03/30 12:30:20.086, 0, 17775, 67, 64, 49, 152.65
2026/03/30 12:30:21.087, 0, 17775, 67, 64, 49, 128.74
2026/03/30 12:30:22.088, 0, 17775, 66, 64, 49, 213.60
2026/03/30 12:30:23.089, 0, 17775, 66, 63, 49, 172.88
2026/03/30 12:30:24.090, 0, 17775, 66, 63, 49, 155.59
2026/03/30 12:30:25.092, 0, 17775, 66, 63, 49, 117.01
2026/03/30 12:30:26.175, 0, 17775, 66, 63, 48, 149.59
2026/03/30 12:30:27.178, 0, 17775, 67, 64, 48, 196.32
2026/03/30 12:30:28.179, 0, 17775, 66, 63, 49, 258.74
2026/03/30 12:30:29.186, 0, 17775, 67, 64, 49, 228.54
2026/03/30 12:30:30.186, 0, 17775, 66, 63, 49, 265.77
2026/03/30 12:30:31.186, 0, 17775, 67, 64, 49, 261.96
2026/03/30 12:30:32.187, 0, 17775, 67, 64, 49, 117.61
2026/03/30 12:30:33.187, 0, 17775, 67, 63, 49, 161.76
2026/03/30 12:30:34.187, 0, 17775, 66, 63, 49, 112.31
2026/03/30 12:30:35.187, 0, 17775, 66, 62, 49, 249.37
2026/03/30 12:30:36.188, 0, 17775, 67, 64, 49, 231.21
2026/03/30 12:30:37.188, 0, 17775, 67, 64, 48, 167.32
2026/03/30 12:30:38.188, 0, 17775, 67, 64, 48, 251.71
2026/03/30 12:30:39.189, 0, 17775, 67, 64, 48, 216.54
2026/03/30 12:30:40.189, 0, 17775, 66, 63, 49, 251.98
2026/03/30 12:30:41.189, 0, 17775, 67, 63, 49, 269.00
2026/03/30 12:30:42.194, 0, 17775, 67, 64, 49, 261.36
2026/03/30 12:30:43.199, 0, 17775, 66, 63, 47, 115.54
2026/03/30 12:30:44.270, 0, 17815, 65, 62, 49, 257.00
2026/03/30 12:30:45.271, 0, 17815, 67, 64, 49, 216.54
2026/03/30 12:30:46.272, 0, 17815, 67, 64, 49, 178.17
2026/03/30 12:30:47.274, 0, 17815, 67, 63, 49, 171.13
2026/03/30 12:30:48.277, 0, 17815, 66, 62, 48, 149.16
2026/03/30 12:30:49.278, 0, 17815, 67, 63, 48, 127.26
2026/03/30 12:30:50.279, 0, 17815, 67, 63, 48, 127.60
2026/03/30 12:30:51.281, 0, 17815, 66, 63, 49, 147.96
2026/03/30 12:30:52.282, 0, 17815, 67, 64, 50, 199.54
2026/03/30 12:30:53.284, 0, 17815, 67, 64, 49, 166.99
2026/03/30 12:30:54.284, 0, 17815, 67, 64, 47, 200.14
2026/03/30 12:30:55.284, 0, 17815, 67, 64, 49, 116.13
2026/03/30 12:30:56.284, 0, 17815, 67, 63, 49, 135.09
2026/03/30 12:30:57.286, 0, 17815, 67, 64, 50, 152.54
2026/03/30 12:30:58.287, 0, 17815, 67, 64, 50, 190.43
2026/03/30 12:30:59.287, 0, 17815, 67, 64, 50, 199.26
2026/03/30 12:31:00.287, 0, 17815, 67, 64, 50, 211.26
2026/03/30 12:31:01.287, 0, 17815, 67, 64, 50, 242.06
2026/03/30 12:31:02.288, 0, 17815, 67, 64, 49, 235.90
2026/03/30 12:31:03.372, 0, 17815, 65, 61, 49, 268.39
2026/03/30 12:31:04.382, 0, 17815, 67, 64, 49, 168.79
2026/03/30 12:31:05.470, 0, 17815, 64, 63, 49, 160.29
2026/03/30 12:31:06.471, 0, 17815, 66, 63, 49, 202.75
2026/03/30 12:31:07.472, 0, 17815, 66, 63, 48, 172.00
2026/03/30 12:31:08.474, 0, 17815, 65, 61, 49, 146.82
2026/03/30 12:31:09.475, 0, 17815, 66, 63, 48, 125.85
2026/03/30 12:31:10.477, 0, 17815, 66, 63, 49, 149.71
2026/03/30 12:31:11.478, 0, 17815, 67, 64, 49, 190.76
2026/03/30 12:31:12.479, 0, 17815, 66, 63, 50, 206.30
2026/03/30 12:31:13.479, 0, 17815, 67, 64, 50, 229.41
2026/03/30 12:31:14.480, 0, 17815, 66, 63, 50, 176.09
2026/03/30 12:31:15.480, 0, 17815, 66, 63, 50, 176.37
2026/03/30 12:31:16.480, 0, 17815, 64, 63, 48, 174.35
2026/03/30 12:31:17.482, 0, 17815, 66, 63, 50, 162.90
2026/03/30 12:31:18.483, 0, 17815, 66, 63, 50, 218.02
2026/03/30 12:31:19.483, 0, 17815, 67, 64, 49, 244.40
2026/03/30 12:31:20.483, 0, 17815, 67, 64, 49, 183.73
2026/03/30 12:31:21.483, 0, 17815, 66, 63, 49, 170.53
2026/03/30 12:31:22.484, 0, 17815, 66, 62, 49, 144.74
2026/03/30 12:31:23.484, 0, 17815, 64, 60, 49, 128.94
2026/03/30 12:31:24.486, 0, 17815, 67, 64, 49, 161.15
2026/03/30 12:31:25.488, 0, 17815, 67, 64, 49, 201.88
2026/03/30 12:31:26.491, 0, 17815, 67, 64, 49, 205.97
2026/03/30 12:31:27.493, 0, 17815, 50, 48, 49, 264.57
2026/03/30 12:31:28.570, 0, 17815, 67, 64, 50, 247.30
2026/03/30 12:31:29.571, 0, 17815, 67, 64, 49, 225.05
2026/03/30 12:31:30.573, 0, 17815, 67, 64, 49, 171.68
2026/03/30 12:31:31.574, 0, 17815, 67, 63, 49, 207.17
2026/03/30 12:31:32.581, 0, 17815, 67, 64, 50, 241.13
2026/03/30 12:31:33.671, 0, 17815, 65, 62, 50, 180.18
2026/03/30 12:31:34.671, 0, 17815, 66, 63, 49, 169.33
2026/03/30 12:31:35.672, 0, 17815, 66, 63, 49, 151.77
2026/03/30 12:31:36.673, 0, 17815, 67, 63, 49, 117.33
2026/03/30 12:31:37.673, 0, 17815, 66, 63, 49, 120.55
2026/03/30 12:31:38.673, 0, 17815, 62, 60, 49, 243.80
2026/03/30 12:31:39.673, 0, 17815, 65, 62, 49, 178.44
2026/03/30 12:31:40.674, 0, 17815, 65, 62, 49, 167.59
2026/03/30 12:31:41.674, 0, 17815, 67, 64, 49, 136.65
2026/03/30 12:31:42.674, 0, 17815, 66, 63, 49, 132.56
2026/03/30 12:31:43.674, 0, 17815, 65, 62, 49, 183.73
2026/03/30 12:31:44.675, 0, 17815, 66, 62, 49, 203.95
2026/03/30 12:31:45.675, 0, 17815, 67, 64, 50, 226.52
2026/03/30 12:31:46.681, 0, 17815, 67, 64, 50, 248.49
2026/03/30 12:31:47.683, 0, 17815, 66, 63, 50, 263.16
2026/03/30 12:31:48.684, 0, 17815, 67, 64, 50, 265.50
2026/03/30 12:31:49.687, 0, 17815, 67, 63, 50, 230.34
2026/03/30 12:31:50.689, 0, 17815, 66, 63, 49, 248.49
2026/03/30 12:31:51.770, 0, 17815, 66, 63, 49, 267.52
2026/03/30 12:31:52.772, 0, 17815, 66, 63, 50, 266.92
2026/03/30 12:31:53.774, 0, 17815, 67, 64, 50, 258.15
2026/03/30 12:31:54.775, 0, 17815, 67, 64, 50, 231.21
2026/03/30 12:31:55.776, 0, 17815, 65, 62, 50, 237.37
2026/03/30 12:31:56.777, 0, 17815, 67, 64, 50, 221.51
2026/03/30 12:31:57.778, 0, 17815, 67, 63, 49, 179.91
2026/03/30 12:31:58.779, 0, 17815, 67, 64, 49, 175.49
2026/03/30 12:31:59.779, 0, 17815, 68, 64, 49, 186.34
2026/03/30 12:32:00.779, 0, 17815, 67, 64, 49, 179.03
2026/03/30 12:32:01.780, 0, 17815, 67, 63, 50, 196.32
2026/03/30 12:32:02.780, 0, 17815, 66, 63, 49, 235.03
2026/03/30 12:32:03.780, 0, 17815, 64, 61, 49, 179.31
2026/03/30 12:32:04.780, 0, 17815, 66, 63, 49, 167.32
2026/03/30 12:32:05.781, 0, 17815, 66, 63, 48, 133.43
2026/03/30 12:32:06.781, 0, 17815, 66, 63, 49, 117.61
2026/03/30 12:32:07.781, 0, 17815, 67, 64, 49, 124.05
2026/03/30 12:32:08.783, 0, 17815, 67, 63, 50, 249.37
2026/03/30 12:32:09.785, 0, 17815, 67, 64, 50, 238.51
2026/03/30 12:32:10.786, 0, 17815, 66, 63, 48, 198.94
2026/03/30 12:32:11.790, 0, 17815, 67, 63, 49, 268.72
2026/03/30 12:32:12.791, 0, 17815, 67, 64, 49, 266.92
2026/03/30 12:32:13.791, 0, 17815, 67, 64, 49, 124.37
2026/03/30 12:32:14.870, 0, 17815, 66, 63, 49, 145.89
2026/03/30 12:32:15.871, 0, 17815, 66, 63, 49, 193.97
2026/03/30 12:32:16.872, 0, 17815, 66, 64, 49, 219.49
2026/03/30 12:32:17.873, 0, 17815, 67, 64, 49, 230.01
2026/03/30 12:32:18.874, 0, 17815, 66, 63, 49, 255.20
2026/03/30 12:32:19.876, 0, 17815, 66, 63, 50, 265.50
2026/03/30 12:32:20.876, 0, 17815, 67, 64, 50, 261.68
2026/03/30 12:32:21.876, 0, 17815, 47, 42, 49, 179.91
2026/03/30 12:32:22.876, 0, 17815, 66, 63, 50, 253.45
2026/03/30 12:32:23.877, 0, 17815, 65, 62, 50, 269.00
2026/03/30 12:32:24.877, 0, 17815, 66, 62, 50, 266.05
2026/03/30 12:32:25.877, 0, 17815, 67, 64, 49, 258.47
2026/03/30 12:32:26.878, 0, 17815, 67, 64, 49, 137.58
2026/03/30 12:32:27.878, 0, 17815, 67, 64, 49, 172.00
2026/03/30 12:32:28.878, 0, 17815, 67, 64, 49, 204.23
2026/03/30 12:32:29.878, 0, 17815, 66, 63, 49, 231.21
2026/03/30 12:32:30.880, 0, 17815, 66, 62, 48, 237.92
2026/03/30 12:32:31.881, 0, 17815, 66, 63, 49, 263.71
2026/03/30 12:32:32.883, 0, 17815, 50, 44, 49, 255.53
2026/03/30 12:32:33.885, 0, 17815, 67, 64, 48, 205.43
2026/03/30 12:32:34.886, 0, 17815, 67, 63, 49, 247.89
2026/03/30 12:32:35.971, 0, 17815, 65, 62, 49, 181.38
2026/03/30 12:32:36.972, 0, 17815, 66, 62, 49, 171.68
2026/03/30 12:32:37.974, 0, 17815, 66, 63, 49, 144.47
2026/03/30 12:32:38.975, 0, 17815, 67, 63, 49, 122.03
2026/03/30 12:32:39.976, 0, 17815, 67, 64, 49, 150.03
2026/03/30 12:32:40.976, 0, 17815, 67, 63, 50, 191.63
2026/03/30 12:32:41.977, 0, 17815, 67, 64, 49, 205.43
2026/03/30 12:32:42.977, 0, 17815, 67, 64, 50, 204.82
2026/03/30 12:32:43.977, 0, 17815, 63, 63, 48, 141.20
2026/03/30 12:32:44.977, 0, 17815, 66, 63, 49, 262.83
2026/03/30 12:32:45.978, 0, 17815, 67, 63, 49, 257.00
2026/03/30 12:32:46.978, 0, 17815, 67, 64, 50, 248.16
2026/03/30 12:32:47.978, 0, 17815, 67, 64, 50, 233.23
2026/03/30 12:32:48.978, 0, 17815, 67, 64, 50, 201.28
2026/03/30 12:32:49.979, 0, 17815, 67, 64, 50, 171.13
2026/03/30 12:32:50.979, 0, 17815, 67, 64, 50, 202.15
2026/03/30 12:32:51.979, 0, 17815, 67, 64, 50, 246.15
2026/03/30 12:32:52.980, 0, 17815, 67, 64, 49, 232.68
2026/03/30 12:32:54.070, 0, 17815, 66, 63, 50, 240.86
2026/03/30 12:32:55.071, 0, 17815, 49, 46, 49, 191.90
2026/03/30 12:32:56.071, 0, 17815, 67, 64, 49, 201.01
2026/03/30 12:32:57.072, 0, 17815, 67, 63, 50, 232.96
2026/03/30 12:32:58.073, 0, 17815, 66, 63, 50, 230.61
2026/03/30 12:32:59.077, 0, 17815, 66, 62, 50, 255.53
2026/03/30 12:33:00.078, 0, 17815, 67, 64, 50, 268.12
2026/03/30 12:33:01.080, 0, 17815, 67, 64, 49, 262.83
2026/03/30 12:33:02.081, 0, 17815, 67, 64, 50, 255.80
2026/03/30 12:33:03.081, 0, 17815, 67, 64, 49, 156.74
2026/03/30 12:33:04.082, 0, 17815, 67, 63, 49, 193.97
2026/03/30 12:33:05.082, 0, 17815, 67, 64, 50, 190.43
2026/03/30 12:33:06.082, 0, 17817, 67, 64, 49, 127.60
2026/03/30 12:33:07.082, 0, 17817, 67, 64, 49, 124.92
2026/03/30 12:33:08.083, 0, 17817, 67, 64, 49, 141.35
2026/03/30 12:33:09.083, 0, 17817, 67, 64, 49, 167.32
2026/03/30 12:33:10.083, 0, 17817, 67, 64, 49, 198.66
2026/03/30 12:33:11.083, 0, 17817, 67, 64, 49, 204.50
2026/03/30 12:33:12.084, 0, 17817, 67, 63, 49, 232.36
2026/03/30 12:33:13.084, 0, 17817, 67, 63, 49, 231.21
2026/03/30 12:33:14.084, 0, 17817, 67, 63, 50, 245.28
2026/03/30 12:33:15.087, 0, 17817, 67, 64, 50, 262.56
2026/03/30 12:33:16.087, 0, 17817, 66, 63, 50, 274.56
2026/03/30 12:33:17.091, 0, 17817, 67, 64, 48, 114.12
2026/03/30 12:33:18.092, 0, 17817, 67, 64, 50, 249.09
2026/03/30 12:33:19.170, 0, 17817, 66, 63, 49, 214.80
2026/03/30 12:33:20.172, 0, 17817, 67, 64, 49, 159.95
2026/03/30 12:33:21.174, 0, 17817, 67, 64, 49, 211.53
2026/03/30 12:33:22.176, 0, 17817, 66, 63, 49, 228.27
2026/03/30 12:33:23.178, 0, 17817, 65, 61, 49, 241.74
2026/03/30 12:33:24.180, 0, 17817, 67, 64, 49, 269.86
2026/03/30 12:33:25.181, 0, 17817, 67, 64, 49, 268.72
2026/03/30 12:33:26.181, 0, 17817, 67, 64, 50, 259.89
2026/03/30 12:33:27.181, 0, 17817, 67, 64, 50, 260.21
2026/03/30 12:33:28.181, 0, 17817, 60, 58, 49, 230.34
2026/03/30 12:33:29.182, 0, 17817, 67, 63, 50, 273.68
2026/03/30 12:33:30.182, 0, 17817, 67, 63, 50, 261.36
2026/03/30 12:33:31.182, 0, 17817, 66, 63, 50, 262.83
2026/03/30 12:33:32.183, 0, 17817, 66, 63, 50, 253.45
2026/03/30 12:33:33.183, 0, 17817, 64, 61, 50, 235.90
2026/03/30 12:33:34.183, 0, 17817, 66, 63, 50, 208.31
2026/03/30 12:33:35.183, 0, 17817, 67, 64, 49, 166.44
2026/03/30 12:33:36.184, 0, 17817, 67, 64, 49, 206.84
2026/03/30 12:33:37.186, 0, 17817, 67, 64, 50, 232.68
2026/03/30 12:33:38.272, 0, 17817, 62, 56, 48, 126.72
2026/03/30 12:33:39.275, 0, 17817, 64, 61, 49, 148.83
2026/03/30 12:33:40.277, 0, 17817, 67, 64, 50, 189.88
2026/03/30 12:33:41.278, 0, 17817, 67, 64, 49, 210.66
2026/03/30 12:33:42.372, 0, 17817, 66, 63, 49, 227.99
2026/03/30 12:33:43.373, 0, 17817, 66, 63, 49, 234.10
2026/03/30 12:33:44.374, 0, 17817, 67, 63, 49, 264.57
2026/03/30 12:33:45.379, 0, 17817, 67, 64, 50, 260.82
2026/03/30 12:33:46.382, 0, 17817, 67, 64, 50, 249.97
2026/03/30 12:33:47.382, 0, 17817, 67, 64, 50, 243.80
2026/03/30 12:33:48.382, 0, 17817, 67, 64, 50, 219.49
2026/03/30 12:33:49.382, 0, 17821, 42, 35, 49, 169.06
2026/03/30 12:33:50.383, 0, 17821, 67, 63, 50, 267.85
2026/03/30 12:33:51.383, 0, 17821, 67, 64, 50, 258.47
2026/03/30 12:33:52.383, 0, 17821, 67, 64, 50, 244.40
2026/03/30 12:33:53.384, 0, 17821, 67, 64, 50, 182.53
2026/03/30 12:33:54.384, 0, 17821, 66, 62, 50, 217.69
2026/03/30 12:33:55.384, 0, 17821, 67, 63, 50, 215.07
2026/03/30 12:33:56.384, 0, 17821, 66, 62, 49, 174.62
2026/03/30 12:33:57.385, 0, 17821, 67, 63, 49, 147.69
2026/03/30 12:33:58.386, 0, 17821, 66, 63, 49, 261.68
2026/03/30 12:33:59.386, 0, 17821, 66, 63, 50, 248.77
2026/03/30 12:34:00.391, 0, 17821, 50, 46, 49, 173.15
2026/03/30 12:34:01.391, 0, 17821, 67, 64, 49, 272.81
2026/03/30 12:34:02.392, 0, 17821, 67, 64, 49, 153.25
2026/03/30 12:34:03.470, 0, 17821, 66, 63, 49, 270.47
2026/03/30 12:34:04.471, 0, 17821, 66, 63, 49, 135.23
2026/03/30 12:34:05.475, 0, 17821, 67, 64, 49, 170.80
2026/03/30 12:34:06.479, 0, 17821, 66, 63, 49, 203.08
2026/03/30 12:34:07.481, 0, 17821, 67, 64, 49, 225.92
2026/03/30 12:34:08.482, 0, 17821, 67, 64, 50, 229.14
2026/03/30 12:34:09.482, 0, 17821, 66, 62, 50, 240.59
2026/03/30 12:34:10.482, 0, 17821, 67, 64, 50, 242.93
2026/03/30 12:34:11.482, 0, 17821, 64, 63, 48, 118.48
2026/03/30 12:34:12.483, 0, 17821, 67, 64, 49, 195.45
2026/03/30 12:34:13.483, 0, 17821, 67, 63, 50, 212.13
2026/03/30 12:34:14.483, 0, 17821, 67, 63, 50, 228.87
2026/03/30 12:34:15.484, 0, 17821, 66, 62, 50, 232.68
2026/03/30 12:34:16.484, 0, 17821, 66, 63, 50, 271.06
2026/03/30 12:34:17.484, 0, 17821, 67, 64, 50, 149.44
2026/03/30 12:34:18.485, 0, 17821, 67, 64, 50, 116.74
2026/03/30 12:34:19.485, 0, 17821, 67, 64, 50, 254.06
2026/03/30 12:34:20.570, 0, 17821, 66, 63, 50, 225.05
2026/03/30 12:34:21.572, 0, 17821, 67, 64, 50, 214.48
2026/03/30 12:34:22.573, 0, 17821, 55, 53, 50, 269.59
2026/03/30 12:34:23.573, 0, 17821, 67, 64, 50, 260.48
2026/03/30 12:34:24.576, 0, 17821, 67, 63, 51, 144.89
2026/03/30 12:34:25.577, 0, 17821, 66, 63, 51, 182.53
2026/03/30 12:34:26.578, 0, 17821, 66, 62, 50, 227.99
2026/03/30 12:34:27.580, 0, 17821, 65, 62, 49, 206.30
2026/03/30 12:34:28.581, 0, 17821, 66, 63, 49, 170.26
2026/03/30 12:34:29.582, 0, 17821, 66, 63, 49, 137.58
2026/03/30 12:34:30.583, 0, 17821, 65, 62, 49, 134.17
2026/03/30 12:34:31.586, 0, 17821, 67, 64, 49, 194.85
2026/03/30 12:34:32.587, 0, 17821, 67, 64, 50, 199.81
2026/03/30 12:34:33.588, 0, 17921, 55, 51, 49, 147.36
2026/03/30 12:34:34.588, 0, 17921, 67, 63, 49, 117.01
2026/03/30 12:34:35.588, 0, 17921, 66, 63, 50, 136.11
2026/03/30 12:34:36.588, 0, 17921, 67, 64, 50, 213.87
2026/03/30 12:34:37.589, 0, 17921, 67, 63, 50, 259.01
2026/03/30 12:34:38.589, 0, 17921, 67, 63, 51, 226.52
2026/03/30 12:34:39.589, 0, 17921, 67, 64, 50, 180.78
2026/03/30 12:34:40.590, 0, 17921, 65, 61, 50, 168.79
2026/03/30 12:34:41.590, 0, 17921, 67, 64, 50, 156.47
2026/03/30 12:34:42.591, 0, 17921, 67, 64, 50, 128.94
2026/03/30 12:34:43.592, 0, 17921, 67, 64, 50, 119.08
2026/03/30 12:34:44.597, 0, 17921, 67, 63, 50, 229.74
2026/03/30 12:34:45.673, 0, 17921, 65, 62, 50, 262.23
2026/03/30 12:34:46.673, 0, 17921, 67, 64, 50, 266.05
2026/03/30 12:34:47.675, 0, 17921, 67, 64, 51, 268.12
2026/03/30 12:34:48.678, 0, 17921, 67, 64, 51, 258.15
2026/03/30 12:34:49.679, 0, 17921, 67, 64, 50, 218.02
2026/03/30 12:34:50.680, 0, 17921, 65, 62, 50, 172.28
2026/03/30 12:34:51.686, 0, 17921, 66, 63, 50, 256.40
2026/03/30 12:34:52.687, 0, 17921, 66, 63, 49, 178.17
2026/03/30 12:34:53.688, 0, 17921, 67, 63, 49, 168.79
2026/03/30 12:34:54.688, 0, 17921, 66, 63, 49, 143.88
2026/03/30 12:34:55.689, 0, 17921, 66, 62, 50, 203.95
2026/03/30 12:34:56.690, 0, 17921, 66, 63, 49, 212.13
2026/03/30 12:34:57.690, 0, 17921, 67, 63, 49, 227.99
2026/03/30 12:34:58.690, 0, 17921, 67, 64, 49, 231.48
2026/03/30 12:34:59.691, 0, 17921, 67, 64, 50, 255.53
2026/03/30 12:35:00.691, 0, 17921, 67, 63, 50, 265.23
2026/03/30 12:35:01.691, 0, 17921, 66, 63, 50, 264.57
2026/03/30 12:35:02.691, 0, 17921, 67, 64, 51, 263.71
2026/03/30 12:35:03.693, 0, 17921, 67, 64, 50, 254.06
2026/03/30 12:35:04.695, 0, 17921, 67, 64, 51, 244.40
2026/03/30 12:35:05.700, 0, 17921, 66, 64, 49, 208.31
2026/03/30 12:35:06.702, 0, 17921, 55, 51, 50, 234.70
2026/03/30 12:35:07.702, 0, 17921, 66, 63, 49, 164.65
2026/03/30 12:35:08.773, 0, 17921, 66, 63, 49, 126.12
2026/03/30 12:35:09.774, 0, 17921, 66, 63, 49, 128.20
2026/03/30 12:35:10.778, 0, 17921, 67, 64, 50, 153.52
2026/03/30 12:35:11.779, 0, 17921, 66, 63, 50, 196.92
2026/03/30 12:35:12.779, 0, 17921, 66, 63, 50, 205.97
2026/03/30 12:35:13.870, 0, 17921, 65, 61, 50, 224.18
2026/03/30 12:35:14.872, 0, 17921, 66, 63, 49, 240.86
2026/03/30 12:35:15.872, 0, 17921, 67, 64, 50, 269.27
2026/03/30 12:35:16.872, 0, 17921, 67, 64, 49, 101.45
2026/03/30 12:35:17.873, 0, 17921, 67, 64, 49, 196.92
2026/03/30 12:35:18.873, 0, 17921, 66, 63, 49, 212.13
2026/03/30 12:35:19.873, 0, 17921, 65, 61, 49, 232.08
2026/03/30 12:35:20.873, 0, 17921, 66, 62, 50, 243.80
2026/03/30 12:35:21.874, 0, 17921, 67, 64, 50, 269.59
2026/03/30 12:35:22.874, 0, 17921, 67, 64, 50, 271.33
2026/03/30 12:35:23.874, 0, 17921, 67, 64, 51, 256.40
2026/03/30 12:35:24.874, 0, 17921, 66, 63, 50, 251.71
2026/03/30 12:35:25.875, 0, 17921, 67, 64, 51, 219.16
2026/03/30 12:35:26.880, 0, 17921, 67, 64, 50, 187.21
2026/03/30 12:35:27.881, 0, 17921, 41, 33, 49, 169.33
2026/03/30 12:35:28.887, 0, 17921, 67, 64, 49, 126.12
2026/03/30 12:35:29.970, 0, 17921, 67, 63, 50, 139.33
2026/03/30 12:35:30.971, 0, 17921, 67, 64, 50, 168.46
2026/03/30 12:35:31.973, 0, 17921, 67, 63, 50, 199.54
2026/03/30 12:35:32.973, 0, 17921, 66, 62, 50, 181.98
2026/03/30 12:35:33.974, 0, 17921, 66, 63, 51, 257.54
2026/03/30 12:35:34.975, 0, 17921, 67, 64, 51, 225.05
2026/03/30 12:35:35.976, 0, 17921, 67, 64, 51, 181.38
2026/03/30 12:35:36.979, 0, 17921, 65, 62, 50, 262.56
2026/03/30 12:35:37.979, 0, 17921, 66, 63, 50, 168.46
2026/03/30 12:35:38.980, 0, 17921, 53, 51, 49, 170.53
2026/03/30 12:35:39.980, 0, 17921, 67, 63, 51, 227.67
2026/03/30 12:35:40.980, 0, 17921, 66, 63, 50, 233.23
2026/03/30 12:35:41.980, 0, 17921, 67, 63, 50, 179.91
2026/03/30 12:35:42.981, 0, 17921, 66, 63, 50, 170.80
2026/03/30 12:35:43.981, 0, 17921, 66, 63, 49, 146.49
2026/03/30 12:35:44.981, 0, 17921, 66, 63, 49, 119.68
2026/03/30 12:35:45.981, 0, 17921, 67, 64, 49, 140.65
2026/03/30 12:35:46.982, 0, 17921, 67, 63, 50, 180.78
2026/03/30 12:35:47.982, 0, 17921, 66, 62, 50, 198.39
2026/03/30 12:35:48.983, 0, 17921, 66, 63, 50, 170.53
2026/03/30 12:35:50.075, 0, 17921, 64, 63, 50, 268.72
2026/03/30 12:35:51.076, 0, 17921, 66, 63, 50, 258.47
2026/03/30 12:35:52.076, 0, 17921, 67, 64, 50, 160.29
2026/03/30 12:35:53.078, 0, 17921, 66, 63, 50, 193.70
2026/03/30 12:35:54.080, 0, 17921, 67, 63, 49, 205.97
2026/03/30 12:35:55.082, 0, 17921, 67, 64, 49, 234.70
2026/03/30 12:35:56.084, 0, 17921, 66, 63, 51, 183.40
2026/03/30 12:35:57.171, 0, 17921, 67, 64, 50, 168.79
2026/03/30 12:35:58.172, 0, 17921, 67, 64, 50, 269.00
2026/03/30 12:35:59.172, 0, 17921, 67, 64, 50, 117.61
2026/03/30 12:36:00.173, 0, 17921, 67, 64, 50, 120.23
2026/03/30 12:36:01.174, 0, 17921, 27, 25, 49, 263.71
2026/03/30 12:36:02.174, 0, 17921, 67, 64, 51, 257.00
2026/03/30 12:36:03.175, 0, 17921, 67, 64, 50, 237.92
2026/03/30 12:36:04.175, 0, 17921, 66, 63, 51, 215.67
2026/03/30 12:36:05.175, 0, 17921, 67, 63, 50, 165.57
2026/03/30 12:36:06.175, 0, 17921, 66, 62, 50, 255.53
2026/03/30 12:36:07.175, 0, 17921, 66, 62, 50, 180.51
2026/03/30 12:36:08.176, 0, 17921, 67, 64, 49, 173.15
2026/03/30 12:36:09.176, 0, 17921, 67, 64, 51, 270.74
2026/03/30 12:36:10.270, 0, 17921, 67, 64, 51, 265.18
2026/03/30 12:36:11.273, 0, 17921, 67, 64, 50, 136.24
2026/03/30 12:36:12.281, 0, 17921, 66, 63, 49, 222.11
2026/03/30 12:36:13.372, 0, 17921, 66, 63, 49, 233.83
2026/03/30 12:36:14.374, 0, 17921, 67, 64, 49, 227.99
2026/03/30 12:36:15.375, 0, 17921, 67, 64, 49, 238.79
2026/03/30 12:36:16.377, 0, 17921, 67, 64, 50, 257.87
2026/03/30 12:36:17.378, 0, 17921, 67, 64, 50, 273.41
2026/03/30 12:36:18.379, 0, 17921, 67, 64, 50, 268.72
2026/03/30 12:36:19.381, 0, 17921, 67, 64, 51, 267.24
2026/03/30 12:36:20.383, 0, 17921, 67, 64, 50, 268.39
2026/03/30 12:36:21.383, 0, 17921, 67, 64, 51, 251.11
2026/03/30 12:36:22.384, 0, 17921, 67, 64, 49, 163.50
2026/03/30 12:36:23.384, 0, 17921, 67, 64, 50, 228.27
2026/03/30 12:36:24.384, 0, 17921, 67, 64, 50, 247.89
2026/03/30 12:36:25.384, 0, 17921, 67, 64, 51, 269.00
2026/03/30 12:36:26.385, 0, 17921, 67, 64, 51, 263.43
2026/03/30 12:36:27.385, 0, 17921, 67, 64, 50, 258.15
2026/03/30 12:36:28.385, 0, 17921, 67, 64, 50, 250.24
2026/03/30 12:36:29.385, 0, 17921, 65, 62, 50, 224.18
2026/03/30 12:36:30.386, 0, 17921, 67, 63, 50, 190.76
2026/03/30 12:36:31.386, 0, 17921, 65, 62, 50, 211.86
2026/03/30 12:36:32.470, 0, 17921, 67, 63, 51, 254.65
2026/03/30 12:36:33.471, 0, 17921, 52, 46, 49, 254.65
2026/03/30 12:36:34.473, 0, 17921, 67, 63, 50, 237.37
2026/03/30 12:36:35.474, 0, 17921, 67, 63, 51, 195.45
2026/03/30 12:36:36.475, 0, 17921, 66, 63, 50, 193.38
2026/03/30 12:36:37.478, 0, 17921, 66, 63, 50, 214.80
2026/03/30 12:36:38.479, 0, 17921, 66, 63, 50, 270.74
2026/03/30 12:36:39.571, 0, 17921, 66, 62, 50, 267.24
2026/03/30 12:36:40.575, 0, 17921, 67, 64, 51, 260.48
2026/03/30 12:36:41.576, 0, 17921, 67, 64, 50, 224.18
2026/03/30 12:36:42.578, 0, 17921, 66, 62, 50, 203.95
2026/03/30 12:36:43.578, 0, 17921, 67, 64, 50, 227.07
2026/03/30 12:36:44.579, 0, 17921, 64, 63, 50, 250.84
2026/03/30 12:36:45.579, 0, 17921, 66, 63, 50, 237.37
2026/03/30 12:36:46.579, 0, 17921, 66, 62, 50, 189.29
2026/03/30 12:36:47.579, 0, 17921, 66, 63, 50, 190.43
2026/03/30 12:36:48.580, 0, 17921, 67, 63, 50, 250.51
2026/03/30 12:36:49.580, 0, 17921, 67, 64, 49, 185.47
2026/03/30 12:36:50.580, 0, 17921, 67, 64, 49, 255.80
2026/03/30 12:36:51.580, 0, 17921, 67, 64, 49, 261.36
2026/03/30 12:36:52.581, 0, 17921, 67, 64, 50, 264.03
2026/03/30 12:36:53.581, 0, 17921, 66, 63, 50, 135.23
2026/03/30 12:36:54.670, 0, 17921, 67, 64, 50, 148.99
2026/03/30 12:36:55.670, 0, 17921, 56, 56, 50, 176.37
2026/03/30 12:36:56.673, 0, 17921, 67, 64, 50, 167.32
2026/03/30 12:36:57.676, 0, 17921, 67, 64, 50, 129.34
2026/03/30 12:36:58.679, 0, 17921, 67, 64, 50, 251.11
2026/03/30 12:36:59.773, 0, 17921, 66, 62, 51, 225.65
2026/03/30 12:37:00.774, 0, 17921, 66, 63, 50, 167.32
2026/03/30 12:37:01.776, 0, 17921, 66, 63, 50, 220.63
2026/03/30 12:37:02.777, 0, 17921, 65, 62, 50, 173.15
2026/03/30 12:37:03.777, 0, 17921, 67, 64, 50, 163.77
2026/03/30 12:37:04.778, 0, 17921, 67, 64, 49, 116.46
2026/03/30 12:37:05.778, 0, 17921, 67, 64, 49, 121.16
2026/03/30 12:37:06.779, 0, 17921, 54, 50, 50, 220.90
2026/03/30 12:37:07.779, 0, 17921, 66, 63, 49, 178.44
2026/03/30 12:37:08.779, 0, 17921, 66, 63, 49, 168.46
2026/03/30 12:37:09.780, 0, 17921, 66, 63, 49, 271.33
2026/03/30 12:37:10.780, 0, 17921, 67, 64, 50, 254.93
2026/03/30 12:37:11.780, 0, 17921, 66, 63, 50, 251.44
2026/03/30 12:37:12.780, 0, 17921, 67, 63, 50, 244.07
2026/03/30 12:37:13.781, 0, 17921, 67, 63, 50, 211.26
2026/03/30 12:37:14.781, 0, 17921, 66, 63, 51, 187.21
2026/03/30 12:37:15.781, 0, 17921, 67, 64, 51, 259.89
2026/03/30 12:37:16.782, 0, 17921, 67, 64, 50, 237.65
2026/03/30 12:37:17.783, 0, 17921, 66, 63, 49, 187.21
2026/03/30 12:37:18.870, 0, 17921, 66, 62, 49, 206.57
2026/03/30 12:37:19.872, 0, 17921, 66, 63, 50, 225.32
2026/03/30 12:37:20.874, 0, 17921, 67, 64, 50, 238.24
2026/03/30 12:37:21.876, 0, 17921, 66, 63, 51, 264.03
2026/03/30 12:37:22.878, 0, 17921, 67, 63, 50, 262.29
2026/03/30 12:37:23.879, 0, 17921, 66, 62, 50, 244.68
2026/03/30 12:37:24.880, 0, 17921, 66, 63, 50, 165.57
2026/03/30 12:37:25.882, 0, 17921, 66, 63, 50, 249.09
2026/03/30 12:37:26.882, 0, 17921, 67, 64, 50, 189.56
2026/03/30 12:37:27.883, 0, 17921, 66, 63, 49, 148.39
2026/03/30 12:37:28.883, 0, 17921, 64, 61, 50, 194.85
2026/03/30 12:37:29.884, 0, 17921, 65, 62, 50, 205.70
2026/03/30 12:37:30.884, 0, 17921, 66, 63, 49, 232.36
2026/03/30 12:37:31.884, 0, 17921, 67, 63, 49, 227.07
2026/03/30 12:37:32.885, 0, 17921, 67, 64, 49, 244.95
2026/03/30 12:37:33.885, 0, 17921, 66, 63, 50, 266.05
2026/03/30 12:37:34.885, 0, 17921, 67, 64, 50, 261.68
2026/03/30 12:37:35.885, 0, 17921, 66, 63, 50, 239.99
2026/03/30 12:37:36.886, 0, 17921, 67, 63, 51, 220.90
2026/03/30 12:37:37.886, 0, 17921, 67, 64, 51, 167.91
2026/03/30 12:37:38.887, 0, 17921, 66, 62, 50, 169.93
2026/03/30 12:37:39.971, 0, 17921, 67, 64, 49, 123.78
2026/03/30 12:37:40.972, 0, 17921, 67, 63, 49, 145.02
2026/03/30 12:37:41.973, 0, 17921, 66, 63, 50, 197.19
2026/03/30 12:37:42.974, 0, 17921, 65, 62, 50, 227.99
2026/03/30 12:37:43.977, 0, 17921, 67, 64, 50, 239.39
2026/03/30 12:37:44.977, 0, 17921, 67, 64, 51, 266.65
2026/03/30 12:37:45.979, 0, 17921, 67, 64, 51, 273.08
2026/03/30 12:37:46.980, 0, 17921, 67, 64, 50, 257.27
2026/03/30 12:37:47.981, 0, 17921, 66, 63, 50, 156.47
2026/03/30 12:37:48.982, 0, 17921, 67, 63, 50, 191.03
2026/03/30 12:37:49.982, 0, 17921, 48, 42, 50, 177.29
2026/03/30 12:37:50.982, 0, 17921, 66, 63, 50, 156.47
2026/03/30 12:37:51.982, 0, 17921, 66, 63, 50, 114.12
2026/03/30 12:37:52.983, 0, 17921, 66, 63, 50, 126.99
2026/03/30 12:37:53.983, 0, 17921, 67, 63, 49, 143.42
2026/03/30 12:37:54.983, 0, 17921, 67, 63, 50, 186.07
2026/03/30 12:37:55.983, 0, 17921, 67, 63, 49, 203.08
2026/03/30 12:37:56.984, 0, 17921, 66, 63, 50, 224.45
2026/03/30 12:37:57.984, 0, 17921, 67, 63, 50, 228.54
2026/03/30 12:37:58.984, 0, 17921, 67, 64, 50, 240.59
2026/03/30 12:37:59.984, 0, 17921, 67, 64, 50, 274.60
2026/03/30 12:38:00.985, 0, 17921, 51, 48, 49, 255.80
2026/03/30 12:38:01.986, 0, 17921, 67, 63, 50, 218.29
2026/03/30 12:38:02.987, 0, 17921, 66, 63, 50, 233.56
2026/03/30 12:38:03.989, 0, 17921, 67, 63, 49, 163.50
2026/03/30 12:38:05.071, 0, 17921, 66, 64, 49, 115.54
2026/03/30 12:38:06.074, 0, 17921, 67, 63, 49, 139.79
2026/03/30 12:38:07.074, 0, 17921, 64, 61, 50, 191.63
2026/03/30 12:38:08.076, 0, 17921, 66, 63, 51, 187.21
2026/03/30 12:38:09.078, 0, 17921, 67, 64, 51, 232.36
2026/03/30 12:38:10.078, 0, 17921, 67, 64, 50, 176.09
2026/03/30 12:38:11.078, 0, 17921, 67, 64, 50, 176.37
2026/03/30 12:38:12.078, 0, 17921, 32, 30, 49, 168.79
2026/03/30 12:38:13.079, 0, 17921, 67, 63, 49, 167.91
2026/03/30 12:38:14.079, 0, 17921, 66, 63, 49, 192.78
2026/03/30 12:38:15.079, 0, 17921, 66, 63, 49, 207.44
2026/03/30 12:38:16.079, 0, 17921, 66, 63, 50, 231.21
2026/03/30 12:38:17.080, 0, 17921, 66, 63, 50, 230.61
2026/03/30 12:38:18.080, 0, 17921, 65, 62, 50, 266.38
2026/03/30 12:38:19.080, 0, 17921, 67, 63, 50, 263.71
2026/03/30 12:38:20.080, 0, 17921, 67, 64, 50, 265.50
2026/03/30 12:38:21.081, 0, 17921, 66, 63, 51, 138.12
2026/03/30 12:38:22.170, 0, 17921, 67, 64, 50, 136.51
2026/03/30 12:38:23.170, 0, 18061, 12, 11, 48, 174.95
2026/03/30 12:38:24.174, 0, 18061, 65, 62, 49, 171.41
2026/03/30 12:38:25.176, 0, 18061, 66, 63, 49, 254.06
2026/03/30 12:38:26.177, 0, 18061, 67, 64, 49, 224.18
2026/03/30 12:38:27.178, 0, 18061, 67, 63, 50, 177.29
2026/03/30 12:38:28.271, 0, 18061, 66, 63, 50, 162.62
2026/03/30 12:38:29.272, 0, 18061, 67, 64, 50, 120.83
2026/03/30 12:38:30.275, 0, 18061, 67, 64, 50, 131.28
2026/03/30 12:38:31.277, 0, 18061, 66, 63, 50, 167.32
2026/03/30 12:38:32.278, 0, 18061, 65, 61, 49, 203.63
2026/03/30 12:38:33.280, 0, 18061, 66, 63, 49, 202.48
2026/03/30 12:38:34.280, 0, 18061, 64, 63, 49, 125.85
2026/03/30 12:38:35.280, 0, 18061, 67, 64, 49, 129.94
2026/03/30 12:38:36.280, 0, 18061, 67, 63, 49, 156.47
2026/03/30 12:38:37.281, 0, 18061, 66, 63, 49, 195.45
2026/03/30 12:38:38.281, 0, 18061, 67, 63, 50, 216.54
2026/03/30 12:38:39.281, 0, 18061, 67, 64, 50, 226.80
2026/03/30 12:38:40.281, 0, 18061, 67, 64, 50, 227.07
2026/03/30 12:38:41.282, 0, 18061, 67, 64, 50, 230.34
2026/03/30 12:38:42.282, 0, 18061, 66, 63, 50, 264.30
2026/03/30 12:38:43.282, 0, 18061, 65, 62, 50, 258.74
2026/03/30 12:38:44.282, 0, 18061, 66, 62, 50, 248.77
2026/03/30 12:38:45.283, 0, 18061, 58, 57, 50, 176.97
2026/03/30 12:38:46.372, 0, 18061, 67, 64, 50, 160.56
2026/03/30 12:38:47.375, 0, 18061, 67, 64, 49, 261.36
2026/03/30 12:38:48.377, 0, 18061, 66, 63, 50, 258.74
2026/03/30 12:38:49.377, 0, 18061, 67, 63, 50, 251.44
2026/03/30 12:38:50.378, 0, 18061, 67, 63, 50, 223.31
2026/03/30 12:38:51.380, 0, 18061, 66, 63, 51, 164.10
2026/03/30 12:38:52.381, 0, 18061, 66, 63, 50, 259.01
2026/03/30 12:38:53.382, 0, 18061, 66, 63, 50, 225.32
2026/03/30 12:38:54.383, 0, 18061, 67, 64, 50, 249.37
2026/03/30 12:38:55.384, 0, 18061, 67, 64, 50, 175.49
2026/03/30 12:38:56.385, 0, 18061, 67, 63, 50, 199.54
2026/03/30 12:38:57.385, 0, 18061, 66, 63, 50, 233.83
2026/03/30 12:38:58.386, 0, 18061, 67, 63, 50, 185.20
2026/03/30 12:38:59.386, 0, 18061, 66, 63, 50, 175.82
2026/03/30 12:39:00.386, 0, 18061, 67, 64, 49, 164.10
2026/03/30 12:39:01.387, 0, 18061, 67, 64, 49, 146.21
2026/03/30 12:39:02.387, 0, 18061, 66, 63, 49, 115.86
2026/03/30 12:39:03.387, 0, 18061, 64, 61, 50, 138.12
2026/03/30 12:39:04.387, 0, 18061, 66, 63, 50, 165.57
2026/03/30 12:39:05.388, 0, 18061, 67, 64, 50, 195.12
2026/03/30 12:39:06.388, 0, 18061, 67, 64, 50, 195.45
2026/03/30 12:39:07.388, 0, 18061, 66, 63, 50, 270.47
2026/03/30 12:39:08.470, 0, 18061, 66, 63, 50, 255.80
2026/03/30 12:39:09.474, 0, 18061, 65, 62, 50, 223.58
2026/03/30 12:39:10.474, 0, 18061, 66, 63, 50, 170.53
2026/03/30 12:39:11.475, 0, 18061, 67, 64, 49, 231.76
2026/03/30 12:39:12.485, 0, 18061, 67, 64, 49, 229.14
2026/03/30 12:39:13.486, 0, 18061, 66, 63, 50, 276.03
2026/03/30 12:39:14.487, 0, 18061, 67, 64, 50, 262.83
2026/03/30 12:39:15.571, 0, 18061, 66, 62, 50, 259.01
2026/03/30 12:39:16.572, 0, 18061, 67, 64, 51, 242.06
2026/03/30 12:39:17.573, 0, 18061, 66, 63, 49, 191.03
2026/03/30 12:39:18.573, 0, 18061, 65, 62, 50, 266.05
2026/03/30 12:39:19.573, 0, 18061, 67, 63, 50, 266.05
2026/03/30 12:39:20.573, 0, 18061, 67, 63, 50, 259.01
2026/03/30 12:39:21.574, 0, 18061, 67, 63, 50, 229.14
2026/03/30 12:39:22.574, 0, 18061, 67, 63, 50, 182.26
2026/03/30 12:39:23.574, 0, 18061, 67, 64, 50, 177.84
2026/03/30 12:39:24.574, 0, 18061, 66, 63, 50, 257.27
2026/03/30 12:39:25.575, 0, 18061, 67, 63, 49, 226.19
2026/03/30 12:39:26.575, 0, 18061, 67, 63, 49, 240.59
2026/03/30 12:39:27.575, 0, 18061, 67, 64, 51, 176.97
2026/03/30 12:39:28.670, 0, 18061, 62, 56, 49, 171.13
2026/03/30 12:39:29.670, 0, 18061, 65, 62, 50, 170.80
2026/03/30 12:39:30.672, 0, 18061, 66, 63, 51, 251.98
2026/03/30 12:39:31.673, 0, 18061, 66, 63, 50, 179.91
2026/03/30 12:39:32.674, 0, 18061, 66, 64, 50, 169.66
2026/03/30 12:39:33.674, 0, 18061, 67, 64, 50, 148.24
2026/03/30 12:39:34.676, 0, 18061, 67, 63, 49, 124.64
2026/03/30 12:39:35.678, 0, 18061, 66, 62, 49, 145.89
2026/03/30 12:39:36.679, 0, 18061, 67, 63, 49, 198.39
2026/03/30 12:39:37.680, 0, 18061, 67, 64, 50, 232.96
2026/03/30 12:39:38.691, 0, 18061, 67, 64, 50, 191.03
2026/03/30 12:39:39.691, 0, 18061, 63, 62, 49, 179.31
2026/03/30 12:39:40.691, 0, 18061, 67, 63, 50, 176.97
2026/03/30 12:39:41.692, 0, 18061, 67, 64, 50, 255.20
2026/03/30 12:39:42.692, 0, 18061, 67, 64, 49, 186.34
2026/03/30 12:39:43.692, 0, 18061, 67, 64, 49, 172.00
2026/03/30 12:39:44.693, 0, 18061, 67, 64, 49, 155.59
2026/03/30 12:39:45.693, 0, 18061, 66, 63, 49, 115.26
2026/03/30 12:39:46.693, 0, 18061, 66, 63, 50, 252.31
2026/03/30 12:39:47.693, 0, 18061, 67, 63, 50, 219.76
2026/03/30 12:39:48.694, 0, 18061, 66, 63, 50, 171.13
2026/03/30 12:39:49.694, 0, 18061, 66, 63, 51, 187.54
2026/03/30 12:39:50.699, 0, 18061, 54, 52, 50, 241.13
2026/03/30 12:39:51.770, 0, 18061, 67, 63, 50, 254.33
2026/03/30 12:39:52.772, 0, 18061, 66, 62, 51, 207.17
2026/03/30 12:39:53.773, 0, 18061, 66, 63, 50, 210.39
2026/03/30 12:39:54.775, 0, 18061, 67, 64, 50, 247.30
2026/03/30 12:39:55.776, 0, 18061, 66, 63, 50, 186.94
2026/03/30 12:39:56.777, 0, 18061, 67, 64, 50, 170.53
2026/03/30 12:39:57.778, 0, 18061, 65, 62, 50, 128.74
2026/03/30 12:39:58.779, 0, 18061, 67, 64, 49, 129.07
2026/03/30 12:39:59.780, 0, 18061, 66, 62, 50, 176.97
2026/03/30 12:40:00.782, 0, 18061, 67, 64, 49, 194.85
2026/03/30 12:40:01.783, 0, 18061, 64, 63, 48, 135.78
2026/03/30 12:40:02.783, 0, 18061, 66, 63, 49, 124.05
2026/03/30 12:40:03.783, 0, 18061, 66, 63, 49, 144.47
2026/03/30 12:40:04.783, 0, 18061, 66, 63, 50, 190.76
2026/03/30 12:40:05.784, 0, 18061, 66, 64, 51, 231.21
2026/03/30 12:40:06.784, 0, 18061, 66, 63, 51, 234.10
2026/03/30 12:40:07.784, 0, 18061, 67, 64, 50, 171.68
2026/03/30 12:40:08.785, 0, 18061, 67, 64, 50, 144.62
2026/03/30 12:40:09.785, 0, 18061, 66, 63, 50, 119.08
2026/03/30 12:40:10.785, 0, 18061, 66, 62, 50, 148.39
2026/03/30 12:40:11.785, 0, 18061, 67, 64, 49, 159.95
2026/03/30 12:40:12.788, 0, 18061, 62, 61, 50, 169.66
2026/03/30 12:40:13.790, 0, 18061, 65, 61, 50, 134.91
2026/03/30 12:40:14.791, 0, 18061, 66, 62, 50, 255.53
2026/03/30 12:40:15.871, 0, 18061, 66, 63, 51, 226.19
2026/03/30 12:40:16.872, 0, 18061, 65, 62, 50, 182.26
2026/03/30 12:40:17.875, 0, 18061, 67, 63, 50, 256.40
2026/03/30 12:40:18.877, 0, 18061, 66, 63, 50, 193.10
2026/03/30 12:40:19.879, 0, 18061, 67, 64, 49, 173.15
2026/03/30 12:40:20.880, 0, 18061, 66, 63, 49, 142.55
2026/03/30 12:40:21.881, 0, 18061, 67, 64, 49, 126.99
2026/03/30 12:40:22.883, 0, 18061, 66, 63, 50, 152.92
2026/03/30 12:40:23.884, 0, 18061, 55, 54, 49, 179.31
2026/03/30 12:40:24.884, 0, 18061, 67, 64, 49, 160.29
2026/03/30 12:40:25.884, 0, 18061, 66, 62, 49, 263.71
2026/03/30 12:40:26.884, 0, 18061, 66, 62, 50, 256.40
2026/03/30 12:40:27.885, 0, 18061, 66, 63, 50, 244.07
2026/03/30 12:40:28.885, 0, 18061, 66, 63, 50, 206.57
2026/03/30 12:40:29.885, 0, 18061, 67, 64, 51, 182.26
2026/03/30 12:40:30.885, 0, 18061, 67, 64, 50, 258.74
2026/03/30 12:40:31.886, 0, 18061, 67, 64, 51, 224.18
2026/03/30 12:40:32.886, 0, 18061, 67, 64, 50, 177.84
2026/03/30 12:40:33.886, 0, 18061, 67, 64, 50, 177.29
2026/03/30 12:40:34.887, 0, 18061, 67, 64, 50, 168.79
2026/03/30 12:40:35.888, 0, 18061, 67, 64, 50, 231.48
2026/03/30 12:40:36.971, 0, 18061, 65, 62, 50, 263.43
2026/03/30 12:40:37.971, 0, 18061, 66, 63, 50, 269.00
2026/03/30 12:40:38.973, 0, 18061, 66, 63, 50, 251.71
2026/03/30 12:40:39.974, 0, 18061, 65, 62, 50, 209.51
2026/03/30 12:40:40.975, 0, 18061, 66, 63, 50, 201.61
2026/03/30 12:40:41.975, 0, 18061, 66, 63, 49, 195.45
2026/03/30 12:40:42.981, 0, 18061, 67, 64, 49, 172.88
2026/03/30 12:40:43.982, 0, 18061, 66, 63, 49, 160.56
2026/03/30 12:40:44.983, 0, 18061, 68, 64, 49, 140.65
2026/03/30 12:40:45.983, 0, 18061, 67, 64, 50, 197.19
2026/03/30 12:40:46.983, 0, 18061, 66, 63, 49, 215.35
2026/03/30 12:40:47.983, 0, 18061, 66, 63, 49, 232.96
2026/03/30 12:40:48.983, 0, 18061, 67, 64, 49, 247.02
2026/03/30 12:40:49.984, 0, 18061, 66, 63, 50, 265.50
2026/03/30 12:40:50.984, 0, 18061, 67, 64, 50, 267.24
2026/03/30 12:40:51.984, 0, 18061, 67, 63, 50, 257.87
2026/03/30 12:40:52.985, 0, 18061, 67, 64, 51, 249.97
2026/03/30 12:40:53.985, 0, 18061, 67, 63, 51, 227.99
2026/03/30 12:40:54.985, 0, 18061, 67, 64, 51, 188.41
2026/03/30 12:40:55.985, 0, 18061, 67, 64, 49, 210.66
2026/03/30 12:40:56.986, 0, 18061, 66, 63, 50, 266.65
2026/03/30 12:40:57.989, 0, 18061, 67, 63, 50, 266.38
2026/03/30 12:40:58.991, 0, 18061, 66, 63, 49, 126.12
2026/03/30 12:41:00.070, 0, 18061, 67, 64, 49, 147.09
2026/03/30 12:41:01.070, 0, 18061, 67, 64, 50, 195.12
2026/03/30 12:41:02.075, 0, 18061, 67, 64, 50, 205.70
2026/03/30 12:41:03.076, 0, 18061, 67, 64, 50, 234.10
2026/03/30 12:41:04.076, 0, 18061, 67, 63, 51, 242.33
2026/03/30 12:41:05.079, 0, 18061, 66, 63, 50, 169.33
2026/03/30 12:41:06.080, 0, 18061, 68, 65, 51, 166.12
2026/03/30 12:41:07.080, 0, 18061, 42, 34, 49, 169.66
2026/03/30 12:41:08.080, 0, 18061, 67, 64, 50, 257.27
2026/03/30 12:41:09.080, 0, 18061, 67, 64, 51, 226.19
2026/03/30 12:41:10.081, 0, 18061, 67, 64, 50, 179.03
2026/03/30 12:41:11.081, 0, 18061, 67, 63, 50, 172.00
2026/03/30 12:41:12.082, 0, 18061, 66, 63, 50, 157.34
2026/03/30 12:41:13.082, 0, 18061, 66, 63, 50, 128.47
2026/03/30 12:41:14.082, 0, 18061, 67, 63, 50, 126.99
2026/03/30 12:41:15.083, 0, 18061, 66, 63, 49, 145.62
2026/03/30 12:41:16.083, 0, 18061, 67, 64, 49, 193.38
2026/03/30 12:41:17.083, 0, 18061, 67, 64, 50, 189.88
2026/03/30 12:41:18.170, 0, 18061, 61, 60, 49, 188.41
2026/03/30 12:41:19.172, 0, 18061, 66, 63, 51, 263.16
2026/03/30 12:41:20.175, 0, 18061, 67, 63, 50, 249.64
2026/03/30 12:41:21.175, 0, 18061, 66, 63, 50, 213.60
2026/03/30 12:41:22.176, 0, 18061, 66, 62, 50, 166.71
2026/03/30 12:41:23.178, 0, 18061, 66, 63, 50, 234.10
2026/03/30 12:41:24.181, 0, 18061, 67, 64, 49, 230.01
2026/03/30 12:41:25.184, 0, 18061, 67, 63, 49, 252.59
2026/03/30 12:41:26.184, 0, 18061, 65, 61, 49, 122.03
2026/03/30 12:41:27.270, 0, 18061, 65, 62, 50, 135.23
2026/03/30 12:41:28.272, 0, 18061, 67, 63, 50, 141.68
2026/03/30 12:41:29.273, 0, 18061, 63, 62, 49, 167.32
2026/03/30 12:41:30.274, 0, 18061, 66, 62, 49, 266.05
2026/03/30 12:41:31.274, 0, 18061, 66, 63, 50, 257.00
2026/03/30 12:41:32.275, 0, 18061, 67, 64, 49, 256.40
2026/03/30 12:41:33.275, 0, 18061, 67, 64, 49, 237.04
2026/03/30 12:41:34.275, 0, 18061, 67, 64, 49, 210.99
2026/03/30 12:41:35.276, 0, 18061, 67, 64, 50, 178.44
2026/03/30 12:41:36.276, 0, 18061, 66, 63, 50, 258.47
2026/03/30 12:41:37.276, 0, 18061, 67, 64, 50, 221.84
2026/03/30 12:41:38.277, 0, 18061, 66, 63, 51, 178.44
2026/03/30 12:41:39.277, 0, 18061, 67, 64, 50, 174.95
2026/03/30 12:41:40.277, 0, 18061, 56, 55, 50, 189.88
2026/03/30 12:41:41.282, 0, 18061, 67, 64, 50, 207.17
2026/03/30 12:41:42.283, 0, 18061, 66, 63, 50, 228.27
2026/03/30 12:41:43.284, 0, 18061, 67, 64, 50, 177.84
2026/03/30 12:41:44.288, 0, 18061, 66, 63, 50, 164.10
2026/03/30 12:41:45.290, 0, 18061, 66, 63, 50, 269.27
2026/03/30 12:41:46.370, 0, 18061, 66, 63, 50, 240.86
2026/03/30 12:41:47.372, 0, 18061, 66, 63, 50, 203.35
2026/03/30 12:41:48.374, 0, 18061, 66, 63, 50, 182.53
2026/03/30 12:41:49.375, 0, 18061, 67, 64, 50, 260.48
2026/03/30 12:41:50.375, 0, 18061, 67, 64, 50, 251.71
2026/03/30 12:41:51.376, 0, 18061, 67, 64, 50, 257.87
2026/03/30 12:41:52.376, 0, 18061, 67, 64, 50, 250.24
2026/03/30 12:41:53.376, 0, 18061, 67, 64, 51, 245.28
2026/03/30 12:41:54.376, 0, 18061, 67, 64, 50, 234.70
2026/03/30 12:41:55.377, 0, 18061, 67, 64, 50, 215.95
2026/03/30 12:41:56.377, 0, 18061, 67, 64, 50, 189.29
2026/03/30 12:41:57.377, 0, 18061, 66, 63, 50, 169.66
2026/03/30 12:41:58.377, 0, 18061, 66, 63, 50, 192.78
2026/03/30 12:41:59.378, 0, 18061, 67, 64, 50, 246.75
2026/03/30 12:42:00.378, 0, 18061, 67, 64, 50, 256.40
2026/03/30 12:42:01.378, 0, 18061, 67, 64, 49, 186.67
2026/03/30 12:42:02.378, 0, 18061, 66, 63, 50, 124.92
2026/03/30 12:42:03.381, 0, 18061, 67, 63, 50, 150.58
2026/03/30 12:42:04.382, 0, 18061, 66, 63, 49, 189.88
2026/03/30 12:42:05.382, 0, 18061, 65, 62, 49, 203.95
2026/03/30 12:42:06.383, 0, 18061, 67, 64, 49, 234.10
2026/03/30 12:42:07.385, 0, 18061, 67, 64, 49, 238.51
2026/03/30 12:42:08.386, 0, 18061, 66, 63, 50, 166.71
2026/03/30 12:42:09.472, 0, 18061, 65, 61, 49, 131.96
2026/03/30 12:42:10.480, 0, 18061, 67, 64, 49, 127.60
2026/03/30 12:42:11.481, 0, 18061, 67, 64, 49, 174.62
2026/03/30 12:42:12.482, 0, 18061, 67, 64, 49, 195.45
2026/03/30 12:42:13.482, 0, 18061, 67, 64, 50, 171.41
2026/03/30 12:42:14.482, 0, 18061, 67, 63, 49, 158.21
2026/03/30 12:42:15.483, 0, 18061, 67, 63, 49, 137.85
2026/03/30 12:42:16.483, 0, 18061, 67, 63, 49, 119.68
2026/03/30 12:42:17.485, 0, 18061, 66, 62, 50, 134.64
2026/03/30 12:42:18.485, 0, 18061, 67, 64, 50, 151.77
2026/03/30 12:42:19.485, 0, 18061, 67, 64, 50, 194.85
2026/03/30 12:42:20.485, 0, 18061, 67, 64, 50, 177.84
2026/03/30 12:42:21.486, 0, 18061, 67, 64, 50, 234.10
2026/03/30 12:42:22.487, 0, 18061, 67, 64, 51, 263.16
2026/03/30 12:42:23.488, 0, 18061, 44, 37, 49, 246.15
2026/03/30 12:42:24.489, 0, 18061, 67, 64, 50, 258.74
2026/03/30 12:42:25.492, 0, 18061, 67, 64, 49, 145.77
2026/03/30 12:42:26.571, 0, 18061, 67, 64, 50, 165.57
2026/03/30 12:42:27.574, 0, 18061, 67, 64, 49, 189.02
2026/03/30 12:42:28.576, 0, 18061, 67, 64, 49, 197.19
2026/03/30 12:42:29.577, 0, 18061, 66, 63, 49, 212.46
2026/03/30 12:42:30.578, 0, 18061, 65, 62, 50, 230.89
2026/03/30 12:42:31.579, 0, 18061, 66, 63, 50, 263.16
2026/03/30 12:42:32.580, 0, 18061, 66, 63, 50, 269.59
2026/03/30 12:42:33.580, 0, 18061, 67, 64, 51, 267.52
2026/03/30 12:42:34.583, 0, 18061, 60, 58, 49, 206.30
2026/03/30 12:42:35.670, 0, 18061, 66, 63, 50, 248.49
2026/03/30 12:42:36.671, 0, 18061, 66, 63, 49, 196.32
2026/03/30 12:42:37.671, 0, 18061, 66, 63, 49, 176.37
2026/03/30 12:42:38.671, 0, 18061, 67, 64, 49, 272.21
2026/03/30 12:42:39.671, 0, 18061, 67, 63, 50, 261.96
2026/03/30 12:42:40.672, 0, 18061, 66, 63, 50, 262.23
2026/03/30 12:42:41.672, 0, 18061, 67, 64, 50, 259.89
2026/03/30 12:42:42.672, 0, 18061, 67, 64, 50, 244.07
2026/03/30 12:42:43.673, 0, 18061, 66, 63, 50, 215.67
2026/03/30 12:42:44.673, 0, 18061, 67, 64, 51, 221.23
2026/03/30 12:42:45.673, 0, 18061, 64, 63, 50, 268.39
2026/03/30 12:42:46.674, 0, 18061, 64, 61, 50, 252.86
2026/03/30 12:42:47.676, 0, 18061, 66, 63, 51, 247.62
2026/03/30 12:42:48.678, 0, 18061, 67, 64, 50, 222.71
2026/03/30 12:42:49.678, 0, 18061, 66, 63, 50, 182.53
2026/03/30 12:42:50.680, 0, 18061, 67, 64, 49, 238.24
2026/03/30 12:42:51.681, 0, 18061, 66, 63, 49, 175.49
2026/03/30 12:42:52.683, 0, 18061, 67, 63, 49, 164.10
2026/03/30 12:42:53.685, 0, 18061, 67, 64, 49, 122.57
2026/03/30 12:42:54.689, 0, 18061, 67, 63, 50, 127.26
2026/03/30 12:42:55.691, 0, 18061, 67, 64, 50, 257.27
2026/03/30 12:42:56.770, 0, 18061, 67, 64, 50, 211.86
2026/03/30 12:42:57.770, 0, 18061, 67, 64, 51, 180.78
2026/03/30 12:42:58.770, 0, 18061, 67, 64, 50, 176.09
2026/03/30 12:42:59.770, 0, 18061, 67, 64, 50, 171.68
2026/03/30 12:43:00.771, 0, 18061, 67, 64, 50, 163.77
2026/03/30 12:43:01.771, 0, 18061, 67, 63, 50, 146.04
2026/03/30 12:43:02.771, 0, 18061, 66, 63, 49, 122.03
2026/03/30 12:43:03.772, 0, 18061, 67, 64, 50, 137.12
2026/03/30 12:43:04.772, 0, 18061, 67, 64, 49, 153.25
2026/03/30 12:43:05.772, 0, 18061, 67, 64, 49, 184.00
2026/03/30 12:43:06.772, 0, 18061, 67, 64, 49, 182.85
2026/03/30 12:43:07.773, 0, 18061, 66, 63, 49, 165.24
2026/03/30 12:43:08.777, 0, 18061, 67, 63, 50, 269.27
2026/03/30 12:43:09.871, 0, 18061, 67, 64, 50, 249.37
2026/03/30 12:43:10.873, 0, 18061, 67, 64, 49, 217.69
2026/03/30 12:43:11.875, 0, 18061, 67, 64, 50, 176.09
2026/03/30 12:43:12.877, 0, 18061, 67, 64, 50, 260.21
2026/03/30 12:43:13.877, 0, 18061, 66, 62, 49, 180.51
2026/03/30 12:43:14.879, 0, 18061, 66, 63, 49, 271.61
2026/03/30 12:43:15.886, 0, 18061, 65, 62, 50, 264.30
2026/03/30 12:43:16.886, 0, 18061, 66, 63, 50, 254.93
2026/03/30 12:43:17.888, 0, 18061, 67, 64, 48, 162.90
2026/03/30 12:43:18.888, 0, 18061, 67, 63, 49, 268.72
2026/03/30 12:43:19.888, 0, 18061, 67, 63, 50, 267.85
2026/03/30 12:43:20.889, 0, 18061, 66, 62, 50, 261.36
2026/03/30 12:43:21.889, 0, 18061, 66, 63, 50, 249.64
2026/03/30 12:43:22.889, 0, 18061, 67, 64, 51, 243.48
2026/03/30 12:43:23.889, 0, 18061, 67, 64, 50, 183.40
2026/03/30 12:43:24.890, 0, 18061, 67, 64, 50, 186.07
2026/03/30 12:43:25.890, 0, 18061, 67, 64, 50, 254.65
2026/03/30 12:43:26.890, 0, 18061, 67, 63, 50, 189.88
2026/03/30 12:43:27.891, 0, 18061, 67, 64, 50, 178.17
2026/03/30 12:43:28.891, 0, 18061, 62, 57, 49, 166.12
2026/03/30 12:43:29.891, 0, 18061, 66, 63, 50, 225.05
2026/03/30 12:43:30.897, 0, 18061, 65, 62, 50, 264.91
2026/03/30 12:43:31.970, 0, 18061, 66, 63, 50, 265.77
2026/03/30 12:43:32.971, 0, 18061, 66, 63, 50, 131.41
2026/03/30 12:43:33.974, 0, 18061, 67, 64, 50, 127.87
2026/03/30 12:43:34.976, 0, 18061, 67, 64, 50, 149.59
2026/03/30 12:43:35.977, 0, 18061, 67, 64, 49, 194.25
2026/03/30 12:43:36.979, 0, 18061, 66, 63, 49, 210.11
2026/03/30 12:43:37.980, 0, 18061, 66, 63, 49, 227.40
2026/03/30 12:43:38.982, 0, 18061, 67, 64, 50, 180.18
2026/03/30 12:43:40.072, 0, 18061, 64, 63, 49, 176.37
2026/03/30 12:43:41.073, 0, 18061, 66, 63, 50, 170.53
2026/03/30 12:43:42.073, 0, 18061, 66, 63, 50, 245.28
2026/03/30 12:43:43.073, 0, 18061, 66, 63, 50, 218.02
2026/03/30 12:43:44.074, 0, 18061, 66, 63, 50, 177.84
2026/03/30 12:43:45.074, 0, 18061, 66, 63, 49, 167.91
2026/03/30 12:43:46.074, 0, 18061, 66, 63, 49, 151.77
2026/03/30 12:43:47.075, 0, 18061, 67, 63, 49, 115.26
2026/03/30 12:43:48.075, 0, 18061, 67, 63, 49, 130.68
2026/03/30 12:43:49.075, 0, 18061, 66, 62, 50, 160.29
2026/03/30 12:43:50.076, 0, 18061, 67, 64, 50, 174.95
2026/03/30 12:43:51.076, 0, 18061, 51, 48, 48, 156.74
2026/03/30 12:43:52.076, 0, 18061, 67, 64, 49, 264.91
2026/03/30 12:43:53.077, 0, 18061, 65, 62, 50, 257.27
2026/03/30 12:43:54.078, 0, 18061, 67, 64, 50, 250.84
2026/03/30 12:43:55.079, 0, 18061, 67, 64, 50, 244.68
2026/03/30 12:43:56.080, 0, 18061, 67, 64, 49, 198.39
2026/03/30 12:43:57.171, 0, 18061, 66, 63, 49, 230.61
2026/03/30 12:43:58.172, 0, 18061, 67, 64, 50, 233.83
2026/03/30 12:43:59.173, 0, 18061, 67, 64, 50, 246.42
2026/03/30 12:44:00.173, 0, 18061, 67, 63, 50, 268.12
2026/03/30 12:44:01.176, 0, 18061, 67, 63, 50, 259.89
2026/03/30 12:44:02.176, 0, 18061, 63, 62, 49, 246.75
2026/03/30 12:44:03.177, 0, 18061, 67, 63, 49, 246.42
2026/03/30 12:44:04.177, 0, 18061, 67, 64, 50, 207.44
2026/03/30 12:44:05.177, 0, 18061, 67, 64, 50, 180.78
2026/03/30 12:44:06.178, 0, 18061, 67, 64, 49, 177.84
2026/03/30 12:44:07.178, 0, 18061, 65, 62, 49, 159.09
2026/03/30 12:44:08.178, 0, 18061, 67, 63, 49, 137.85
2026/03/30 12:44:09.178, 0, 18061, 66, 63, 50, 257.00
2026/03/30 12:44:10.179, 0, 18061, 66, 62, 50, 235.30
2026/03/30 12:44:11.179, 0, 18061, 67, 64, 50, 183.73
2026/03/30 12:44:12.179, 0, 18061, 67, 64, 50, 172.61
2026/03/30 12:44:13.180, 0, 18061, 57, 54, 50, 265.50
2026/03/30 12:44:14.180, 0, 18061, 65, 62, 50, 264.30
2026/03/30 12:44:15.181, 0, 18061, 65, 62, 50, 248.77
2026/03/30 12:44:16.188, 0, 18061, 67, 64, 49, 194.25
2026/03/30 12:44:17.272, 0, 18061, 66, 63, 49, 226.19
2026/03/30 12:44:18.273, 0, 18061, 66, 62, 50, 261.96
2026/03/30 12:44:19.277, 0, 18061, 67, 64, 50, 246.42
2026/03/30 12:44:20.278, 0, 18061, 66, 63, 50, 167.59
2026/03/30 12:44:21.280, 0, 18061, 67, 63, 49, 259.01
2026/03/30 12:44:22.283, 0, 18061, 67, 63, 50, 179.31
2026/03/30 12:44:23.284, 0, 18061, 67, 64, 49, 174.62
2026/03/30 12:44:24.285, 0, 18061, 61, 60, 49, 187.54
2026/03/30 12:44:25.285, 0, 18061, 63, 59, 50, 227.67
2026/03/30 12:44:26.285, 0, 18061, 65, 62, 49, 227.99
2026/03/30 12:44:27.286, 0, 18061, 66, 63, 49, 242.60
2026/03/30 12:44:28.286, 0, 18061, 67, 63, 49, 175.49
2026/03/30 12:44:29.286, 0, 18061, 67, 64, 49, 167.91
2026/03/30 12:44:30.286, 0, 18061, 67, 64, 50, 133.43
2026/03/30 12:44:31.286, 0, 18061, 66, 63, 50, 122.03
2026/03/30 12:44:32.287, 0, 18061, 67, 64, 50, 132.88
2026/03/30 12:44:33.287, 0, 18061, 67, 64, 51, 147.96
2026/03/30 12:44:34.287, 0, 18061, 68, 64, 50, 150.03
2026/03/30 12:44:35.287, 0, 18061, 62, 60, 50, 176.97
2026/03/30 12:44:36.289, 0, 18061, 65, 62, 50, 273.40
2026/03/30 12:44:37.294, 0, 18061, 67, 63, 49, 137.26
2026/03/30 12:44:38.371, 0, 18061, 67, 63, 49, 126.12
2026/03/30 12:44:39.372, 0, 18061, 66, 63, 49, 144.47
2026/03/30 12:44:40.373, 0, 18061, 67, 64, 49, 193.10
2026/03/30 12:44:41.381, 0, 18061, 67, 64, 50, 174.95
2026/03/30 12:44:42.473, 0, 18061, 67, 64, 50, 183.73
2026/03/30 12:44:43.475, 0, 18061, 66, 63, 50, 219.16
2026/03/30 12:44:44.475, 0, 18061, 67, 64, 50, 245.83
2026/03/30 12:44:45.476, 0, 18061, 64, 59, 49, 182.26
2026/03/30 12:44:46.482, 0, 18061, 67, 64, 50, 143.00
2026/03/30 12:44:47.484, 0, 18061, 67, 64, 50, 173.47
2026/03/30 12:44:48.484, 0, 18061, 67, 64, 49, 195.45
2026/03/30 12:44:49.484, 0, 18061, 67, 64, 50, 201.88
2026/03/30 12:44:50.485, 0, 18061, 67, 64, 49, 217.14
2026/03/30 12:44:51.485, 0, 18061, 67, 64, 49, 233.23
2026/03/30 12:44:52.485, 0, 18061, 66, 63, 49, 231.76
2026/03/30 12:44:53.486, 0, 18061, 67, 64, 50, 233.56
2026/03/30 12:44:54.486, 0, 18061, 67, 64, 50, 246.75
2026/03/30 12:44:55.486, 0, 18061, 68, 65, 50, 259.34
2026/03/30 12:44:56.486, 0, 18061, 48, 42, 49, 237.65
2026/03/30 12:44:57.487, 0, 18061, 67, 64, 49, 195.12
2026/03/30 12:44:58.487, 0, 18061, 67, 64, 49, 199.26
2026/03/30 12:44:59.488, 0, 18061, 66, 63, 50, 220.04
2026/03/30 12:45:00.491, 0, 18061, 65, 62, 49, 204.23
2026/03/30 12:45:01.571, 0, 18061, 65, 62, 49, 175.82
2026/03/30 12:45:02.573, 0, 18061, 66, 62, 49, 165.24
2026/03/30 12:45:03.577, 0, 18061, 67, 64, 49, 113.78
2026/03/30 12:45:04.579, 0, 18061, 67, 64, 50, 138.46
2026/03/30 12:45:05.581, 0, 18061, 66, 63, 50, 219.49
2026/03/30 12:45:06.582, 0, 18061, 67, 64, 50, 166.44
2026/03/30 12:45:07.586, 0, 18061, 63, 62, 49, 263.43
2026/03/30 12:45:08.586, 0, 18061, 67, 64, 50, 261.96
2026/03/30 12:45:09.586, 0, 18061, 67, 64, 50, 251.71
2026/03/30 12:45:10.586, 0, 18061, 67, 64, 50, 239.99
2026/03/30 12:45:11.587, 0, 18061, 67, 64, 50, 191.63
2026/03/30 12:45:12.587, 0, 18061, 67, 64, 50, 186.94
2026/03/30 12:45:13.587, 0, 18061, 66, 62, 50, 259.01
2026/03/30 12:45:14.587, 0, 18061, 66, 63, 50, 190.76
2026/03/30 12:45:15.588, 0, 18061, 67, 63, 50, 176.70
2026/03/30 12:45:16.588, 0, 18061, 66, 63, 50, 166.12
2026/03/30 12:45:17.588, 0, 18061, 67, 64, 49, 167.32
2026/03/30 12:45:18.589, 0, 18061, 63, 62, 49, 241.46
2026/03/30 12:45:19.589, 0, 18061, 66, 62, 50, 232.08
2026/03/30 12:45:20.671, 0, 18061, 65, 62, 50, 271.94
2026/03/30 12:45:21.671, 0, 18061, 67, 63, 50, 266.92
2026/03/30 12:45:22.674, 0, 18061, 67, 63, 50, 263.43
2026/03/30 12:45:23.676, 0, 18061, 66, 62, 50, 256.40
2026/03/30 12:45:24.677, 0, 18061, 67, 64, 50, 141.08
2026/03/30 12:45:25.681, 0, 18061, 67, 64, 49, 192.78
2026/03/30 12:45:26.683, 0, 18061, 67, 63, 49, 214.80
2026/03/30 12:45:27.684, 0, 18061, 67, 63, 49, 227.99
2026/03/30 12:45:28.685, 0, 18061, 67, 64, 50, 250.24
2026/03/30 12:45:29.771, 0, 18061, 67, 64, 50, 238.24
2026/03/30 12:45:30.774, 0, 18061, 64, 61, 50, 197.46
2026/03/30 12:45:31.775, 0, 18061, 67, 63, 50, 179.64
2026/03/30 12:45:32.776, 0, 18061, 65, 61, 50, 168.46
2026/03/30 12:45:33.776, 0, 18061, 67, 64, 50, 152.92
2026/03/30 12:45:34.776, 0, 18061, 67, 64, 49, 127.87
2026/03/30 12:45:35.776, 0, 18061, 67, 64, 49, 121.43
2026/03/30 12:45:36.777, 0, 18061, 67, 64, 49, 133.16
2026/03/30 12:45:37.777, 0, 18061, 67, 64, 49, 156.47
2026/03/30 12:45:38.777, 0, 18061, 67, 64, 50, 190.16
2026/03/30 12:45:39.778, 0, 18061, 68, 64, 49, 174.62
2026/03/30 12:45:40.778, 0, 18061, 67, 63, 49, 175.49
2026/03/30 12:45:41.778, 0, 18061, 67, 64, 49, 161.15
2026/03/30 12:45:42.780, 0, 18061, 67, 64, 49, 134.77
2026/03/30 12:45:43.780, 0, 18061, 67, 64, 50, 257.00
2026/03/30 12:45:44.782, 0, 18061, 67, 64, 50, 138.59
2026/03/30 12:45:45.871, 0, 18061, 67, 64, 50, 168.79
2026/03/30 12:45:46.871, 0, 18061, 67, 64, 49, 196.92
2026/03/30 12:45:47.873, 0, 18061, 67, 63, 49, 207.44
2026/03/30 12:45:48.876, 0, 18061, 67, 63, 49, 227.67
2026/03/30 12:45:49.878, 0, 18061, 66, 63, 50, 236.17
2026/03/30 12:45:50.879, 0, 18061, 66, 63, 50, 102.65
2026/03/30 12:45:51.883, 0, 18061, 66, 63, 49, 172.61
2026/03/30 12:45:52.883, 0, 18061, 67, 64, 49, 190.16
2026/03/30 12:45:53.883, 0, 18061, 67, 63, 49, 203.95
2026/03/30 12:45:54.883, 0, 18061, 66, 63, 50, 212.73
2026/03/30 12:45:55.884, 0, 18061, 67, 63, 50, 228.54
2026/03/30 12:45:56.884, 0, 18061, 67, 64, 50, 231.21
2026/03/30 12:45:57.884, 0, 18061, 67, 64, 50, 242.06
2026/03/30 12:45:58.884, 0, 18061, 67, 64, 50, 264.91
2026/03/30 12:45:59.885, 0, 18061, 67, 64, 51, 267.24
2026/03/30 12:46:00.885, 0, 18061, 67, 64, 50, 266.05
2026/03/30 12:46:01.885, 0, 18061, 50, 47, 49, 181.05
2026/03/30 12:46:02.885, 0, 18061, 67, 64, 50, 243.80
2026/03/30 12:46:03.886, 0, 18061, 67, 64, 50, 185.47
2026/03/30 12:46:04.891, 0, 18061, 66, 63, 49, 271.33
2026/03/30 12:46:05.972, 0, 18061, 66, 62, 50, 267.24
2026/03/30 12:46:06.974, 0, 18061, 67, 63, 50, 264.03
2026/03/30 12:46:07.974, 0, 18061, 67, 64, 50, 257.27
2026/03/30 12:46:08.976, 0, 18061, 67, 64, 51, 226.52
2026/03/30 12:46:09.982, 0, 18061, 66, 63, 51, 169.93
2026/03/30 12:46:10.984, 0, 18061, 66, 63, 50, 228.27
2026/03/30 12:46:11.985, 0, 18061, 66, 63, 50, 180.51
2026/03/30 12:46:12.987, 0, 18061, 47, 42, 49, 176.97
2026/03/30 12:46:13.989, 0, 18061, 66, 63, 50, 237.92
2026/03/30 12:46:14.989, 0, 18061, 66, 63, 50, 235.57
2026/03/30 12:46:15.989, 0, 18061, 67, 63, 50, 179.64
2026/03/30 12:46:16.989, 0, 18061, 66, 63, 50, 171.68
2026/03/30 12:46:17.990, 0, 18061, 67, 64, 49, 165.57
2026/03/30 12:46:18.990, 0, 18061, 67, 64, 49, 151.50
2026/03/30 12:46:19.990, 0, 18061, 67, 64, 49, 131.55
2026/03/30 12:46:20.990, 0, 18061, 67, 64, 50, 121.70
2026/03/30 12:46:21.991, 0, 18061, 67, 64, 50, 250.24
2026/03/30 12:46:22.991, 0, 18061, 67, 64, 50, 253.78
2026/03/30 12:46:23.991, 0, 18061, 64, 63, 49, 168.19
2026/03/30 12:46:24.992, 0, 18061, 67, 64, 49, 247.02
2026/03/30 12:46:25.992, 0, 18061, 67, 64, 50, 268.72
2026/03/30 12:46:26.995, 0, 18061, 67, 64, 50, 267.52
2026/03/30 12:46:27.997, 0, 18061, 67, 64, 50, 264.03
2026/03/30 12:46:28.999, 0, 18061, 67, 64, 49, 132.42
2026/03/30 12:46:30.077, 0, 18061, 67, 64, 49, 155.86
2026/03/30 12:46:31.083, 0, 18061, 67, 64, 49, 197.19
2026/03/30 12:46:32.084, 0, 18061, 67, 63, 50, 210.66
2026/03/30 12:46:33.088, 0, 18061, 66, 63, 50, 228.87
2026/03/30 12:46:34.093, 0, 18061, 67, 63, 50, 227.07
2026/03/30 12:46:35.170, 0, 18061, 63, 61, 50, 241.13
2026/03/30 12:46:36.176, 0, 18061, 66, 63, 50, 200.14
2026/03/30 12:46:37.178, 0, 18061, 66, 62, 50, 197.79
2026/03/30 12:46:38.178, 0, 18061, 67, 64, 50, 237.65
2026/03/30 12:46:39.179, 0, 18061, 67, 64, 49, 246.15
2026/03/30 12:46:40.179, 0, 18061, 66, 63, 50, 268.39
2026/03/30 12:46:41.179, 0, 18061, 65, 62, 50, 111.77
2026/03/30 12:46:42.179, 0, 18061, 66, 63, 50, 133.89
2026/03/30 12:46:43.180, 0, 18061, 66, 63, 51, 187.54
2026/03/30 12:46:44.180, 0, 18061, 67, 64, 51, 203.08
2026/03/30 12:46:45.180, 0, 18061, 68, 64, 51, 202.75
2026/03/30 12:46:46.180, 0, 18061, 54, 51, 50, 141.35
2026/03/30 12:46:47.181, 0, 18061, 67, 64, 50, 123.50
2026/03/30 12:46:48.181, 0, 18061, 67, 64, 51, 256.12
2026/03/30 12:46:49.181, 0, 18061, 67, 64, 51, 230.89
2026/03/30 12:46:50.272, 0, 18061, 67, 64, 49, 202.15
2026/03/30 12:46:51.282, 0, 18061, 64, 60, 50, 228.27
2026/03/30 12:46:52.283, 0, 18061, 66, 63, 50, 245.83
2026/03/30 12:46:53.288, 0, 18061, 66, 64, 51, 263.43
2026/03/30 12:46:54.289, 0, 18061, 65, 63, 51, 258.74
2026/03/30 12:46:55.294, 0, 18061, 67, 64, 51, 240.26
2026/03/30 12:46:56.297, 0, 18061, 67, 64, 50, 212.46
2026/03/30 12:46:57.298, 0, 18061, 67, 64, 50, 262.83
2026/03/30 12:46:58.299, 0, 18061, 67, 64, 51, 266.38
2026/03/30 12:46:59.370, 0, 18061, 67, 64, 50, 256.67
2026/03/30 12:47:00.371, 0, 18061, 67, 64, 50, 238.51
2026/03/30 12:47:01.371, 0, 18061, 67, 63, 50, 216.54
2026/03/30 12:47:02.371, 0, 18061, 65, 62, 50, 196.05
2026/03/30 12:47:03.372, 0, 18061, 66, 62, 50, 215.07
2026/03/30 12:47:04.372, 0, 18061, 66, 63, 50, 227.67
2026/03/30 12:47:05.372, 0, 18061, 65, 62, 50, 234.10
2026/03/30 12:47:06.372, 0, 18061, 68, 64, 49, 234.10
2026/03/30 12:47:07.373, 0, 18061, 56, 51, 49, 99.11
2026/03/30 12:47:08.373, 0, 18061, 67, 64, 50, 247.89
2026/03/30 12:47:09.373, 0, 18061, 67, 63, 50, 268.39
2026/03/30 12:47:10.374, 0, 18061, 67, 63, 51, 265.77
2026/03/30 12:47:11.375, 0, 18061, 67, 64, 51, 251.11
2026/03/30 12:47:12.378, 0, 18061, 66, 63, 51, 234.43
2026/03/30 12:47:13.378, 0, 18061, 67, 64, 51, 222.11
2026/03/30 12:47:14.380, 0, 18061, 66, 63, 51, 202.48
2026/03/30 12:47:15.382, 0, 18061, 65, 62, 50, 228.54
2026/03/30 12:47:16.471, 0, 18061, 67, 64, 50, 236.45
2026/03/30 12:47:17.474, 0, 18061, 67, 64, 51, 267.52
2026/03/30 12:47:18.478, 0, 18061, 47, 41, 50, 229.41
2026/03/30 12:47:19.482, 0, 18061, 66, 63, 50, 245.83
2026/03/30 12:47:20.571, 0, 18061, 66, 63, 50, 204.50
2026/03/30 12:47:21.571, 0, 18061, 67, 63, 50, 178.71
2026/03/30 12:47:22.572, 0, 18061, 67, 64, 50, 265.18
2026/03/30 12:47:23.573, 0, 18061, 67, 64, 50, 265.77
2026/03/30 12:47:24.573, 0, 18061, 67, 64, 50, 269.86
2026/03/30 12:47:25.573, 0, 18061, 67, 64, 50, 257.27
2026/03/30 12:47:26.573, 0, 18061, 67, 64, 51, 250.84
2026/03/30 12:47:27.574, 0, 18061, 65, 62, 51, 195.12
2026/03/30 12:47:28.574, 0, 18061, 67, 64, 51, 188.41
2026/03/30 12:47:29.574, 0, 18061, 64, 63, 50, 161.43
2026/03/30 12:47:30.574, 0, 18061, 67, 63, 50, 270.74
2026/03/30 12:47:31.575, 0, 18061, 67, 63, 51, 254.33
2026/03/30 12:47:32.581, 0, 18061, 67, 64, 51, 243.80
2026/03/30 12:47:33.581, 0, 18061, 66, 62, 51, 188.41
2026/03/30 12:47:34.582, 0, 18061, 67, 63, 50, 181.38
2026/03/30 12:47:35.582, 0, 18061, 66, 63, 50, 244.68
2026/03/30 12:47:36.584, 0, 18061, 66, 63, 50, 179.03
2026/03/30 12:47:37.584, 0, 18061, 66, 63, 50, 162.90
2026/03/30 12:47:38.590, 0, 18061, 65, 62, 51, 259.01
2026/03/30 12:47:39.671, 0, 18061, 67, 64, 50, 258.74
2026/03/30 12:47:40.672, 0, 18061, 64, 63, 50, 230.61
2026/03/30 12:47:41.674, 0, 18061, 65, 62, 51, 267.24
2026/03/30 12:47:42.676, 0, 18061, 66, 63, 50, 147.09
2026/03/30 12:47:43.677, 0, 18061, 67, 64, 50, 125.52
2026/03/30 12:47:44.677, 0, 18061, 67, 63, 50, 143.42
2026/03/30 12:47:45.677, 0, 18061, 67, 63, 50, 193.97
2026/03/30 12:47:46.677, 0, 18061, 67, 63, 50, 203.95
2026/03/30 12:47:47.679, 0, 18061, 67, 63, 50, 224.18
2026/03/30 12:47:48.679, 0, 18061, 67, 64, 50, 232.96
2026/03/30 12:47:49.679, 0, 18061, 67, 64, 50, 237.92
2026/03/30 12:47:50.680, 0, 18061, 67, 64, 50, 244.07
2026/03/30 12:47:51.680, 0, 18061, 54, 53, 49, 185.74
2026/03/30 12:47:52.680, 0, 18061, 65, 62, 49, 210.11
2026/03/30 12:47:53.680, 0, 18061, 66, 62, 50, 227.99
2026/03/30 12:47:54.681, 0, 18061, 66, 63, 50, 235.03
2026/03/30 12:47:55.682, 0, 18061, 67, 64, 50, 270.47
2026/03/30 12:47:56.687, 0, 18061, 67, 64, 49, 150.30
2026/03/30 12:47:57.770, 0, 18061, 66, 63, 49, 124.05
2026/03/30 12:47:58.770, 0, 18061, 67, 64, 50, 137.44
2026/03/30 12:47:59.772, 0, 18061, 66, 63, 50, 179.03
2026/03/30 12:48:00.773, 0, 18061, 66, 63, 50, 203.08
2026/03/30 12:48:01.775, 0, 18061, 66, 63, 51, 208.91
2026/03/30 12:48:02.775, 0, 18061, 63, 62, 50, 263.43
2026/03/30 12:48:03.777, 0, 18061, 67, 64, 50, 254.33
2026/03/30 12:48:04.778, 0, 18061, 67, 63, 50, 238.51
2026/03/30 12:48:05.779, 0, 18061, 66, 62, 51, 196.05
2026/03/30 12:48:06.779, 0, 18061, 65, 62, 51, 178.71
2026/03/30 12:48:07.779, 0, 18061, 67, 64, 51, 256.67
2026/03/30 12:48:08.780, 0, 18061, 67, 64, 50, 229.14
2026/03/30 12:48:09.780, 0, 18061, 66, 63, 50, 179.91
2026/03/30 12:48:10.780, 0, 18061, 65, 62, 50, 172.28
2026/03/30 12:48:11.780, 0, 18061, 67, 64, 50, 165.24
2026/03/30 12:48:12.781, 0, 18061, 68, 64, 50, 152.38
2026/03/30 12:48:13.781, 0, 18061, 67, 63, 50, 180.51
2026/03/30 12:48:14.781, 0, 18061, 65, 62, 50, 235.90
2026/03/30 12:48:15.781, 0, 18061, 67, 64, 50, 180.78
2026/03/30 12:48:16.785, 0, 18061, 67, 64, 49, 172.61
2026/03/30 12:48:17.787, 0, 18061, 66, 63, 49, 161.15
2026/03/30 12:48:18.787, 0, 18061, 67, 64, 49, 115.26
2026/03/30 12:48:19.789, 0, 18061, 66, 63, 50, 141.80
2026/03/30 12:48:20.792, 0, 18061, 66, 63, 50, 176.70
2026/03/30 12:48:21.870, 0, 18061, 67, 64, 50, 198.94
2026/03/30 12:48:22.872, 0, 18061, 67, 64, 50, 218.02
2026/03/30 12:48:23.874, 0, 18061, 66, 62, 49, 141.20
2026/03/30 12:48:24.875, 0, 18061, 67, 64, 50, 133.16
2026/03/30 12:48:25.875, 0, 18061, 66, 63, 49, 165.24
2026/03/30 12:48:26.879, 0, 18061, 67, 64, 49, 190.43
2026/03/30 12:48:27.880, 0, 18061, 65, 62, 49, 197.46
2026/03/30 12:48:28.881, 0, 18061, 66, 63, 50, 218.89
2026/03/30 12:48:29.882, 0, 18061, 67, 64, 50, 227.67
2026/03/30 12:48:30.882, 0, 18061, 67, 64, 50, 239.99
2026/03/30 12:48:31.882, 0, 18061, 67, 64, 51, 267.52
2026/03/30 12:48:32.882, 0, 18061, 67, 64, 51, 268.39
2026/03/30 12:48:33.883, 0, 18061, 67, 64, 51, 262.83
2026/03/30 12:48:34.883, 0, 18061, 45, 38, 50, 236.45
2026/03/30 12:48:35.883, 0, 18061, 66, 63, 50, 204.23
2026/03/30 12:48:36.883, 0, 18061, 67, 63, 50, 230.34
2026/03/30 12:48:37.884, 0, 18061, 67, 64, 51, 236.45
2026/03/30 12:48:38.886, 0, 18061, 67, 64, 51, 271.33
2026/03/30 12:48:39.887, 0, 18061, 66, 63, 51, 153.85
2026/03/30 12:48:40.893, 0, 18061, 67, 64, 50, 264.30
2026/03/30 12:48:41.971, 0, 18061, 66, 63, 50, 244.40
2026/03/30 12:48:42.971, 0, 18061, 65, 61, 51, 189.88
2026/03/30 12:48:43.974, 0, 18061, 65, 62, 51, 247.62
2026/03/30 12:48:44.977, 0, 18061, 66, 63, 50, 222.38
2026/03/30 12:48:45.978, 0, 18061, 50, 48, 49, 175.82
2026/03/30 12:48:46.984, 0, 18061, 67, 64, 51, 167.32
2026/03/30 12:48:47.984, 0, 18061, 67, 63, 50, 227.67
2026/03/30 12:48:48.985, 0, 18061, 67, 63, 50, 232.68
2026/03/30 12:48:50.071, 0, 18061, 66, 63, 50, 238.24
2026/03/30 12:48:51.071, 0, 18061, 66, 63, 50, 252.59
2026/03/30 12:48:52.072, 0, 18061, 66, 63, 50, 264.30
2026/03/30 12:48:53.072, 0, 18061, 66, 63, 51, 266.92
2026/03/30 12:48:54.073, 0, 18061, 67, 64, 51, 263.71
2026/03/30 12:48:55.073, 0, 18061, 67, 64, 51, 259.34
2026/03/30 12:48:56.073, 0, 18061, 68, 64, 51, 259.62
2026/03/30 12:48:57.073, 0, 18061, 56, 52, 50, 228.54
2026/03/30 12:48:58.074, 0, 18061, 67, 64, 50, 230.61
2026/03/30 12:48:59.074, 0, 18061, 67, 64, 51, 238.79
2026/03/30 12:49:00.074, 0, 18061, 67, 63, 51, 173.47
2026/03/30 12:49:01.075, 0, 18061, 66, 63, 50, 155.59
2026/03/30 12:49:02.078, 0, 18061, 67, 64, 50, 137.12
2026/03/30 12:49:03.083, 0, 18061, 67, 64, 50, 140.80
2026/03/30 12:49:04.085, 0, 18061, 66, 63, 51, 219.76
2026/03/30 12:49:05.171, 0, 18061, 66, 63, 51, 172.88
2026/03/30 12:49:06.176, 0, 18061, 67, 64, 51, 192.50
2026/03/30 12:49:07.178, 0, 18061, 67, 64, 50, 237.04
2026/03/30 12:49:08.179, 0, 18061, 66, 63, 50, 261.42
2026/03/30 12:49:09.179, 0, 18061, 67, 63, 51, 253.78
2026/03/30 12:49:10.180, 0, 18061, 66, 63, 50, 215.95
2026/03/30 12:49:11.181, 0, 18061, 67, 64, 50, 180.78
2026/03/30 12:49:12.181, 0, 18061, 66, 63, 50, 215.67
2026/03/30 12:49:13.181, 0, 18061, 67, 64, 50, 248.16
2026/03/30 12:49:14.182, 0, 18061, 67, 64, 50, 203.63
2026/03/30 12:49:15.182, 0, 18061, 67, 64, 49, 176.09
2026/03/30 12:49:16.182, 0, 18061, 67, 64, 49, 163.50
2026/03/30 12:49:17.182, 0, 18061, 67, 64, 49, 146.37
2026/03/30 12:49:18.183, 0, 18061, 67, 64, 49, 125.25
2026/03/30 12:49:19.183, 0, 18061, 67, 64, 49, 211.53
2026/03/30 12:49:20.183, 0, 18061, 67, 64, 49, 231.48
2026/03/30 12:49:21.183, 0, 18061, 67, 64, 49, 237.92
2026/03/30 12:49:22.184, 0, 18061, 67, 64, 50, 263.71
2026/03/30 12:49:23.185, 0, 18061, 67, 64, 50, 264.03
2026/03/30 12:49:24.187, 0, 18061, 65, 62, 50, 259.34
2026/03/30 12:49:25.189, 0, 18061, 66, 62, 51, 238.79
2026/03/30 12:49:26.192, 0, 18061, 67, 64, 51, 201.61
2026/03/30 12:49:27.196, 0, 18061, 67, 64, 50, 199.81
2026/03/30 12:49:28.272, 0, 18061, 66, 63, 49, 218.02
2026/03/30 12:49:29.273, 0, 18061, 67, 64, 50, 163.50
2026/03/30 12:49:30.273, 0, 18061, 67, 64, 49, 119.68
2026/03/30 12:49:31.274, 0, 18061, 66, 63, 49, 153.25
2026/03/30 12:49:32.275, 0, 18061, 66, 63, 50, 192.78
2026/03/30 12:49:33.278, 0, 18061, 66, 63, 50, 219.76
2026/03/30 12:49:34.279, 0, 18061, 67, 63, 50, 232.08
2026/03/30 12:49:35.279, 0, 18061, 65, 61, 51, 162.90
2026/03/30 12:49:36.280, 0, 18061, 67, 64, 50, 146.21
2026/03/30 12:49:37.280, 0, 18061, 67, 64, 50, 115.26
2026/03/30 12:49:38.281, 0, 18061, 67, 64, 50, 255.20
2026/03/30 12:49:39.281, 0, 18061, 67, 64, 50, 245.28
2026/03/30 12:49:40.281, 0, 18061, 63, 58, 50, 180.78
2026/03/30 12:49:41.281, 0, 18061, 65, 62, 50, 267.24
2026/03/30 12:49:42.282, 0, 18061, 67, 64, 50, 267.85
2026/03/30 12:49:43.282, 0, 18061, 67, 64, 50, 261.09
2026/03/30 12:49:44.282, 0, 18061, 66, 63, 49, 127.74
2026/03/30 12:49:45.283, 0, 18061, 66, 62, 49, 160.56
2026/03/30 12:49:46.283, 0, 18061, 66, 63, 49, 202.75
2026/03/30 12:49:47.284, 0, 18061, 67, 64, 50, 228.54
2026/03/30 12:49:48.286, 0, 18061, 67, 64, 50, 230.34
2026/03/30 12:49:49.286, 0, 18061, 67, 64, 50, 244.68
2026/03/30 12:49:50.288, 0, 18061, 67, 64, 50, 265.77
2026/03/30 12:49:51.289, 0, 18061, 45, 40, 50, 210.11
2026/03/30 12:49:52.291, 0, 18061, 66, 63, 50, 199.54
2026/03/30 12:49:53.292, 0, 18061, 67, 64, 50, 225.32
2026/03/30 12:49:54.295, 0, 18061, 67, 64, 50, 233.23
2026/03/30 12:49:55.296, 0, 18061, 66, 64, 51, 262.23
2026/03/30 12:49:56.296, 0, 18061, 67, 64, 50, 155.27
2026/03/30 12:49:57.296, 0, 18061, 66, 63, 50, 266.92
2026/03/30 12:49:58.297, 0, 18061, 67, 63, 50, 265.18
2026/03/30 12:49:59.297, 0, 18061, 67, 63, 50, 247.02
2026/03/30 12:50:00.297, 0, 18061, 67, 64, 49, 215.95
2026/03/30 12:50:01.297, 0, 18061, 67, 64, 50, 186.07
2026/03/30 12:50:02.297, 0, 18061, 61, 61, 49, 148.39
2026/03/30 12:50:03.298, 0, 18061, 67, 64, 50, 266.92
2026/03/30 12:50:04.298, 0, 18061, 67, 64, 50, 264.57
2026/03/30 12:50:05.298, 0, 18061, 67, 63, 49, 254.06
2026/03/30 12:50:06.299, 0, 18061, 66, 63, 51, 236.77
2026/03/30 12:50:07.371, 0, 18061, 66, 63, 50, 221.23
2026/03/30 12:50:08.372, 0, 18061, 66, 63, 51, 184.60
2026/03/30 12:50:09.373, 0, 18061, 67, 64, 50, 175.22
2026/03/30 12:50:10.374, 0, 18061, 67, 64, 50, 216.54
2026/03/30 12:50:11.375, 0, 18061, 66, 62, 50, 238.24
2026/03/30 12:50:12.377, 0, 18061, 66, 63, 50, 222.98
2026/03/30 12:50:13.378, 0, 18061, 64, 63, 50, 246.15
2026/03/30 12:50:14.384, 0, 18061, 66, 63, 50, 160.56
2026/03/30 12:50:15.471, 0, 18061, 65, 62, 50, 208.31
2026/03/30 12:50:16.472, 0, 18061, 67, 64, 50, 237.37
2026/03/30 12:50:17.473, 0, 18061, 67, 64, 51, 218.57
2026/03/30 12:50:18.473, 0, 18061, 67, 64, 50, 179.64
2026/03/30 12:50:19.474, 0, 18061, 67, 64, 50, 175.22
2026/03/30 12:50:20.474, 0, 18061, 67, 64, 50, 162.90
2026/03/30 12:50:21.474, 0, 18061, 67, 63, 50, 137.44
2026/03/30 12:50:22.474, 0, 18061, 66, 62, 50, 132.29
2026/03/30 12:50:23.475, 0, 18061, 66, 63, 50, 132.29
2026/03/30 12:50:24.475, 0, 18061, 65, 62, 49, 173.75
2026/03/30 12:50:25.475, 0, 18061, 67, 64, 49, 163.23
2026/03/30 12:50:26.475, 0, 18061, 67, 64, 49, 124.92
2026/03/30 12:50:27.476, 0, 18061, 66, 63, 49, 126.72
2026/03/30 12:50:28.478, 0, 18061, 67, 64, 49, 156.47
2026/03/30 12:50:29.479, 0, 18061, 65, 62, 50, 196.92
2026/03/30 12:50:30.481, 0, 18061, 67, 64, 50, 228.54
2026/03/30 12:50:31.485, 0, 18061, 66, 63, 50, 258.47
2026/03/30 12:50:32.487, 0, 18061, 66, 63, 51, 270.19
2026/03/30 12:50:33.487, 0, 18061, 67, 64, 50, 260.82
2026/03/30 12:50:34.492, 0, 18061, 67, 64, 50, 266.65
2026/03/30 12:50:35.494, 0, 18061, 66, 63, 50, 237.37
2026/03/30 12:50:36.495, 0, 18061, 66, 63, 49, 262.23
2026/03/30 12:50:37.570, 0, 18061, 65, 62, 50, 261.09
2026/03/30 12:50:38.571, 0, 18061, 66, 63, 50, 242.33
2026/03/30 12:50:39.573, 0, 18061, 66, 63, 50, 218.29
2026/03/30 12:50:40.573, 0, 18061, 66, 63, 50, 195.45
2026/03/30 12:50:41.573, 0, 18061, 66, 63, 50, 169.66
2026/03/30 12:50:42.574, 0, 18061, 66, 63, 51, 197.19
2026/03/30 12:50:43.574, 0, 18061, 66, 63, 50, 259.34
2026/03/30 12:50:44.574, 0, 18061, 68, 64, 50, 237.92
2026/03/30 12:50:45.574, 0, 18061, 68, 64, 49, 166.12
2026/03/30 12:50:46.575, 0, 18061, 66, 63, 50, 251.98
2026/03/30 12:50:47.575, 0, 18061, 67, 63, 50, 241.13
2026/03/30 12:50:48.575, 0, 18061, 67, 64, 50, 215.35
2026/03/30 12:50:49.575, 0, 18061, 66, 63, 50, 178.71
2026/03/30 12:50:50.577, 0, 18061, 67, 63, 50, 221.23
2026/03/30 12:50:51.673, 0, 18061, 66, 63, 50, 237.04
2026/03/30 12:50:52.675, 0, 18061, 67, 64, 50, 266.65
2026/03/30 12:50:53.677, 0, 18061, 67, 63, 50, 263.16
2026/03/30 12:50:54.678, 0, 18061, 67, 64, 50, 266.65
2026/03/30 12:50:55.679, 0, 18061, 67, 64, 50, 258.47
2026/03/30 12:50:56.771, 0, 18061, 50, 46, 49, 176.09
2026/03/30 12:50:57.775, 0, 18061, 67, 64, 50, 166.99
2026/03/30 12:50:58.777, 0, 18061, 67, 64, 50, 155.27
2026/03/30 12:50:59.780, 0, 18061, 67, 64, 49, 132.75
2026/03/30 12:51:00.780, 0, 18061, 66, 63, 49, 127.26
2026/03/30 12:51:01.780, 0, 18061, 66, 63, 50, 142.13
2026/03/30 12:51:02.780, 0, 18061, 66, 63, 49, 179.64
2026/03/30 12:51:03.781, 0, 18061, 66, 63, 49, 196.32
2026/03/30 12:51:04.781, 0, 18061, 65, 62, 49, 217.69
2026/03/30 12:51:05.782, 0, 18061, 66, 63, 50, 228.27
2026/03/30 12:51:06.782, 0, 18061, 67, 64, 50, 233.83
2026/03/30 12:51:07.782, 0, 18061, 51, 48, 49, 144.74
2026/03/30 12:51:08.782, 0, 18061, 67, 64, 49, 142.40
2026/03/30 12:51:09.783, 0, 18061, 67, 64, 49, 170.53
2026/03/30 12:51:10.783, 0, 18061, 67, 64, 50, 200.14
2026/03/30 12:51:11.783, 0, 18061, 66, 63, 50, 205.43
2026/03/30 12:51:12.784, 0, 18061, 67, 63, 50, 232.96
2026/03/30 12:51:13.785, 0, 18061, 66, 63, 50, 232.08
2026/03/30 12:51:14.790, 0, 18061, 66, 63, 49, 250.24
2026/03/30 12:51:15.870, 0, 18061, 67, 64, 49, 267.52
2026/03/30 12:51:16.873, 0, 18061, 66, 62, 50, 257.00
2026/03/30 12:51:17.875, 0, 18061, 66, 63, 50, 256.40
2026/03/30 12:51:18.876, 0, 18061, 64, 64, 48, 193.70
2026/03/30 12:51:19.878, 0, 18061, 66, 63, 49, 233.56
2026/03/30 12:51:20.880, 0, 18061, 66, 64, 50, 264.03
2026/03/30 12:51:21.881, 0, 18061, 67, 64, 50, 266.38
2026/03/30 12:51:22.881, 0, 18061, 67, 64, 50, 125.72
2026/03/30 12:51:23.881, 0, 18061, 67, 64, 50, 257.54
2026/03/30 12:51:24.882, 0, 18061, 66, 63, 50, 215.95
2026/03/30 12:51:25.882, 0, 18061, 67, 64, 50, 180.51
2026/03/30 12:51:26.882, 0, 18061, 67, 64, 50, 182.85
2026/03/30 12:51:27.883, 0, 18061, 67, 64, 50, 229.14
2026/03/30 12:51:28.883, 0, 18061, 67, 64, 50, 224.18
2026/03/30 12:51:29.883, 0, 18061, 63, 62, 50, 260.48
2026/03/30 12:51:30.883, 0, 18061, 66, 63, 50, 248.49
2026/03/30 12:51:31.884, 0, 18061, 66, 63, 49, 232.36
2026/03/30 12:51:32.884, 0, 18061, 67, 64, 49, 193.97
2026/03/30 12:51:33.884, 0, 18061, 67, 64, 50, 163.50
2026/03/30 12:51:34.971, 0, 18061, 67, 64, 50, 201.88
2026/03/30 12:51:35.972, 0, 18061, 67, 64, 50, 222.98
2026/03/30 12:51:36.973, 0, 18061, 67, 64, 50, 178.71
2026/03/30 12:51:37.974, 0, 18061, 66, 63, 50, 172.61
2026/03/30 12:51:38.980, 0, 18061, 67, 64, 50, 164.97
2026/03/30 12:51:39.983, 0, 18061, 67, 64, 50, 158.21
2026/03/30 12:51:40.986, 0, 18061, 67, 64, 50, 257.54
2026/03/30 12:51:41.988, 0, 18061, 66, 63, 50, 208.91
2026/03/30 12:51:42.993, 0, 18061, 67, 64, 50, 178.71
2026/03/30 12:51:43.995, 0, 18061, 67, 64, 50, 170.53
2026/03/30 12:51:44.995, 0, 18061, 67, 63, 49, 156.74
2026/03/30 12:51:45.995, 0, 18061, 67, 64, 49, 143.54
2026/03/30 12:51:46.996, 0, 18061, 67, 64, 49, 120.55
2026/03/30 12:51:47.996, 0, 18061, 66, 62, 49, 124.37
2026/03/30 12:51:48.996, 0, 18061, 66, 63, 50, 134.91
2026/03/30 12:51:49.996, 0, 18061, 67, 64, 49, 146.49
2026/03/30 12:51:50.997, 0, 18061, 68, 65, 50, 137.26
2026/03/30 12:51:51.997, 0, 18061, 62, 61, 49, 248.49
2026/03/30 12:51:52.997, 0, 18061, 66, 63, 49, 270.74
2026/03/30 12:51:53.998, 0, 18061, 66, 63, 50, 261.36
2026/03/30 12:51:54.998, 0, 18061, 66, 63, 50, 256.40
2026/03/30 12:51:55.998, 0, 18061, 66, 63, 49, 198.39
2026/03/30 12:51:57.072, 0, 18061, 66, 63, 50, 237.92
2026/03/30 12:51:58.073, 0, 18061, 66, 63, 50, 265.77
2026/03/30 12:51:59.074, 0, 18061, 66, 62, 50, 253.18
2026/03/30 12:52:00.075, 0, 18061, 66, 62, 50, 202.15
2026/03/30 12:52:01.089, 0, 18061, 67, 64, 50, 227.40
2026/03/30 12:52:02.170, 0, 18061, 66, 63, 48, 99.43
2026/03/30 12:52:03.172, 0, 18061, 67, 64, 49, 206.57
2026/03/30 12:52:04.173, 0, 18061, 66, 63, 50, 235.57
2026/03/30 12:52:05.174, 0, 18061, 66, 62, 50, 265.50
2026/03/30 12:52:06.174, 0, 18061, 66, 62, 50, 263.43
2026/03/30 12:52:07.174, 0, 18061, 66, 62, 49, 208.04
2026/03/30 12:52:08.174, 0, 18061, 65, 62, 49, 255.20
2026/03/30 12:52:09.175, 0, 18061, 67, 64, 49, 177.29
2026/03/30 12:52:10.179, 0, 18061, 66, 63, 49, 260.82
2026/03/30 12:52:11.179, 0, 18061, 66, 62, 50, 248.77
2026/03/30 12:52:12.180, 0, 18061, 67, 64, 50, 194.85
2026/03/30 12:52:13.181, 0, 18061, 67, 64, 48, 200.41
2026/03/30 12:52:14.181, 0, 18061, 65, 62, 50, 259.62
2026/03/30 12:52:15.181, 0, 18061, 67, 64, 50, 170.80
2026/03/30 12:52:16.182, 0, 18061, 67, 64, 50, 254.93
2026/03/30 12:52:17.182, 0, 18061, 66, 63, 49, 175.82
2026/03/30 12:52:18.271, 0, 18061, 64, 60, 50, 259.89
2026/03/30 12:52:19.273, 0, 18061, 66, 63, 50, 212.73
2026/03/30 12:52:20.275, 0, 18061, 67, 64, 50, 200.73
2026/03/30 12:52:21.277, 0, 18061, 67, 64, 49, 235.03
2026/03/30 12:52:22.278, 0, 18061, 67, 64, 49, 179.03
2026/03/30 12:52:23.279, 0, 18061, 66, 63, 50, 171.41
2026/03/30 12:52:24.284, 0, 18061, 61, 55, 49, 171.41
2026/03/30 12:52:25.285, 0, 18061, 67, 64, 49, 178.17
2026/03/30 12:52:26.286, 0, 18061, 65, 62, 49, 145.62
2026/03/30 12:52:27.287, 0, 18061, 65, 61, 50, 149.44
2026/03/30 12:52:28.289, 0, 18061, 67, 64, 50, 202.15
2026/03/30 12:52:29.290, 0, 18061, 66, 63, 50, 227.07
2026/03/30 12:52:30.290, 0, 18061, 65, 62, 50, 263.71
2026/03/30 12:52:31.290, 0, 18061, 66, 63, 50, 254.33
2026/03/30 12:52:32.290, 0, 18061, 66, 63, 49, 223.85
2026/03/30 12:52:33.291, 0, 18061, 65, 62, 49, 219.16
2026/03/30 12:52:34.291, 0, 18061, 67, 64, 50, 215.07
2026/03/30 12:52:35.291, 0, 18061, 60, 54, 49, 154.12
2026/03/30 12:52:36.292, 0, 18061, 66, 63, 49, 192.50
2026/03/30 12:52:37.292, 0, 18061, 67, 64, 50, 259.89
2026/03/30 12:52:38.292, 0, 18061, 67, 64, 50, 220.63
2026/03/30 12:52:39.292, 0, 18061, 66, 63, 50, 169.33
2026/03/30 12:52:40.293, 0, 18061, 65, 61, 50, 261.36
2026/03/30 12:52:41.296, 0, 18061, 67, 64, 49, 171.68
2026/03/30 12:52:42.372, 0, 18061, 66, 63, 49, 220.63
2026/03/30 12:52:43.373, 0, 18061, 67, 64, 50, 244.95
2026/03/30 12:52:44.373, 0, 18061, 67, 63, 50, 269.27
2026/03/30 12:52:45.374, 0, 18061, 67, 64, 50, 271.33
2026/03/30 12:52:46.375, 0, 18061, 44, 37, 49, 202.15
2026/03/30 12:52:47.376, 0, 18061, 67, 64, 50, 240.86
2026/03/30 12:52:48.378, 0, 18061, 65, 61, 50, 168.46
2026/03/30 12:52:49.380, 0, 18061, 66, 63, 50, 149.16
2026/03/30 12:52:50.382, 0, 18061, 67, 64, 49, 115.26
2026/03/30 12:52:51.382, 0, 18061, 67, 64, 49, 130.22
2026/03/30 12:52:52.383, 0, 18061, 66, 63, 49, 158.81
2026/03/30 12:52:53.383, 0, 18061, 67, 64, 49, 193.97
2026/03/30 12:52:54.383, 0, 18061, 67, 64, 49, 207.17
2026/03/30 12:52:55.383, 0, 18061, 67, 63, 49, 231.21
2026/03/30 12:52:56.384, 0, 18061, 67, 64, 50, 228.54
2026/03/30 12:52:57.384, 0, 18061, 14, 12, 48, 176.37
2026/03/30 12:52:58.384, 0, 18061, 67, 64, 50, 200.41
2026/03/30 12:52:59.384, 0, 18061, 67, 64, 50, 172.88
2026/03/30 12:53:00.385, 0, 18061, 67, 64, 50, 227.07
2026/03/30 12:53:01.385, 0, 18061, 67, 64, 49, 249.64
2026/03/30 12:53:02.385, 0, 18061, 66, 63, 49, 194.85
2026/03/30 12:53:03.386, 0, 18061, 66, 63, 49, 176.97
2026/03/30 12:53:04.387, 0, 18061, 67, 63, 50, 265.77
2026/03/30 12:53:05.472, 0, 18061, 64, 61, 50, 256.40
2026/03/30 12:53:06.474, 0, 18061, 67, 63, 49, 250.51
2026/03/30 12:53:07.476, 0, 18061, 67, 64, 50, 159.09
2026/03/30 12:53:08.478, 0, 18061, 55, 54, 49, 215.35
2026/03/30 12:53:09.479, 0, 18061, 66, 62, 49, 130.95
2026/03/30 12:53:10.485, 0, 18061, 66, 63, 50, 257.00
2026/03/30 12:53:11.570, 0, 18061, 66, 63, 50, 219.76
2026/03/30 12:53:12.572, 0, 18061, 67, 63, 50, 172.00
2026/03/30 12:53:13.572, 0, 18061, 67, 64, 50, 257.27
2026/03/30 12:53:14.573, 0, 18061, 65, 62, 49, 174.35
2026/03/30 12:53:15.573, 0, 18061, 65, 61, 49, 112.04
2026/03/30 12:53:16.573, 0, 18061, 67, 64, 49, 171.68
2026/03/30 12:53:17.573, 0, 18061, 66, 63, 50, 230.01
2026/03/30 12:53:18.574, 0, 18061, 68, 64, 50, 227.99
2026/03/30 12:53:19.574, 0, 18061, 48, 46, 47, 92.94
2026/03/30 12:53:20.574, 0, 18061, 67, 64, 50, 228.87
2026/03/30 12:53:21.574, 0, 18061, 67, 64, 50, 234.70
2026/03/30 12:53:22.576, 0, 18061, 67, 64, 50, 258.47
2026/03/30 12:53:23.576, 0, 18061, 66, 63, 49, 168.46
2026/03/30 12:53:24.670, 0, 18061, 67, 63, 49, 154.12
2026/03/30 12:53:25.671, 0, 18061, 66, 62, 50, 264.91
2026/03/30 12:53:26.674, 0, 18061, 66, 63, 50, 256.12
2026/03/30 12:53:27.675, 0, 18061, 66, 63, 50, 239.99
2026/03/30 12:53:28.676, 0, 18061, 64, 61, 50, 190.76
2026/03/30 12:53:29.677, 0, 18061, 67, 64, 50, 243.48
2026/03/30 12:53:30.685, 0, 18061, 63, 62, 50, 217.42
2026/03/30 12:53:31.687, 0, 18061, 65, 62, 50, 255.53
2026/03/30 12:53:32.691, 0, 18061, 66, 63, 49, 178.17
2026/03/30 12:53:33.693, 0, 18061, 66, 63, 50, 135.64
2026/03/30 12:53:34.693, 0, 18061, 66, 63, 49, 144.74
2026/03/30 12:53:35.694, 0, 18061, 67, 64, 49, 198.06
2026/03/30 12:53:36.694, 0, 18061, 66, 63, 50, 226.19
2026/03/30 12:53:37.694, 0, 18061, 66, 62, 50, 251.11
2026/03/30 12:53:38.695, 0, 18061, 66, 63, 50, 254.93
2026/03/30 12:53:39.695, 0, 18061, 65, 62, 50, 257.54
2026/03/30 12:53:40.695, 0, 18061, 67, 64, 50, 242.93
2026/03/30 12:53:41.695, 0, 18061, 63, 62, 47, 133.62
2026/03/30 12:53:42.695, 0, 18061, 66, 63, 49, 130.82
2026/03/30 12:53:43.696, 0, 18061, 67, 64, 50, 169.33
2026/03/30 12:53:44.696, 0, 18061, 67, 64, 50, 171.13
2026/03/30 12:53:45.696, 0, 18061, 67, 63, 50, 237.65
2026/03/30 12:53:46.698, 0, 18061, 65, 62, 50, 169.66
2026/03/30 12:53:47.705, 0, 18061, 65, 62, 50, 263.43
2026/03/30 12:53:48.770, 0, 18061, 66, 63, 50, 241.13
2026/03/30 12:53:49.771, 0, 18061, 66, 63, 50, 170.80
2026/03/30 12:53:50.774, 0, 18061, 67, 64, 50, 257.54
2026/03/30 12:53:51.775, 0, 18061, 67, 64, 50, 262.83
2026/03/30 12:53:52.780, 0, 18061, 54, 51, 49, 129.21
2026/03/30 12:53:53.872, 0, 18061, 66, 63, 49, 179.64
2026/03/30 12:53:54.873, 0, 18061, 65, 62, 49, 208.31
2026/03/30 12:53:55.875, 0, 18061, 66, 64, 50, 227.67
2026/03/30 12:53:56.875, 0, 18061, 66, 62, 50, 243.21
2026/03/30 12:53:57.876, 0, 18061, 66, 63, 50, 263.16
2026/03/30 12:53:58.876, 0, 18061, 66, 62, 50, 259.01
2026/03/30 12:53:59.876, 0, 18061, 67, 64, 50, 252.59
2026/03/30 12:54:00.876, 0, 18061, 67, 64, 50, 251.11
2026/03/30 12:54:01.877, 0, 18061, 67, 64, 50, 229.74
2026/03/30 12:54:02.877, 0, 18061, 67, 64, 50, 193.70
2026/03/30 12:54:03.877, 0, 18061, 52, 50, 50, 169.66
2026/03/30 12:54:04.877, 0, 18061, 67, 64, 50, 154.73
2026/03/30 12:54:05.878, 0, 18061, 67, 64, 50, 133.03
2026/03/30 12:54:06.878, 0, 18061, 67, 64, 50, 119.36
2026/03/30 12:54:07.878, 0, 18061, 67, 64, 50, 129.34
2026/03/30 12:54:08.884, 0, 18061, 67, 64, 50, 145.62
2026/03/30 12:54:09.885, 0, 18061, 67, 64, 49, 169.33
2026/03/30 12:54:10.886, 0, 18061, 67, 64, 51, 181.38
2026/03/30 12:54:11.971, 0, 18061, 66, 63, 50, 257.27
2026/03/30 12:54:12.973, 0, 18061, 67, 64, 50, 229.41
2026/03/30 12:54:13.974, 0, 18061, 68, 64, 49, 134.64
2026/03/30 12:54:14.975, 0, 18061, 67, 64, 50, 217.69
2026/03/30 12:54:15.977, 0, 18061, 66, 63, 50, 170.26
2026/03/30 12:54:16.983, 0, 18061, 67, 63, 50, 211.53
2026/03/30 12:54:17.986, 0, 18061, 67, 64, 50, 253.18
2026/03/30 12:54:18.986, 0, 18061, 67, 64, 49, 229.74
2026/03/30 12:54:19.987, 0, 18061, 67, 63, 50, 188.69
2026/03/30 12:54:20.987, 0, 18061, 67, 63, 49, 178.71
2026/03/30 12:54:21.987, 0, 18061, 67, 64, 49, 262.23
2026/03/30 12:54:22.987, 0, 18061, 67, 64, 49, 264.03
2026/03/30 12:54:23.988, 0, 18061, 68, 64, 50, 269.59
2026/03/30 12:54:24.988, 0, 18061, 49, 43, 49, 104.40
2026/03/30 12:54:25.988, 0, 18061, 66, 63, 49, 218.89
2026/03/30 12:54:26.989, 0, 18061, 67, 63, 49, 228.27
2026/03/30 12:54:27.989, 0, 18061, 65, 62, 50, 243.80
2026/03/30 12:54:28.989, 0, 18061, 67, 63, 50, 267.85
2026/03/30 12:54:29.990, 0, 18061, 66, 63, 50, 265.18
2026/03/30 12:54:30.991, 0, 18061, 64, 61, 51, 119.95
2026/03/30 12:54:32.072, 0, 18061, 67, 64, 49, 135.51
2026/03/30 12:54:33.073, 0, 18061, 66, 63, 50, 156.74
2026/03/30 12:54:34.076, 0, 18061, 67, 64, 49, 185.74
2026/03/30 12:54:35.082, 0, 18061, 67, 64, 50, 202.15
2026/03/30 12:54:36.083, 0, 18061, 53, 50, 49, 176.09
2026/03/30 12:54:37.084, 0, 18061, 67, 63, 49, 113.78
2026/03/30 12:54:38.086, 0, 18061, 67, 64, 50, 136.65
2026/03/30 12:54:39.088, 0, 18061, 66, 63, 50, 190.16
2026/03/30 12:54:40.090, 0, 18061, 67, 64, 51, 182.53
2026/03/30 12:54:41.090, 0, 18061, 67, 64, 51, 260.82
2026/03/30 12:54:42.090, 0, 18061, 66, 63, 51, 207.17
2026/03/30 12:54:43.091, 0, 18061, 67, 63, 51, 175.49
2026/03/30 12:54:44.091, 0, 18061, 67, 64, 50, 167.32
2026/03/30 12:54:45.091, 0, 18061, 67, 63, 50, 129.34
2026/03/30 12:54:46.091, 0, 18061, 67, 64, 50, 133.62
2026/03/30 12:54:47.092, 0, 18061, 48, 43, 50, 154.12
2026/03/30 12:54:48.092, 0, 18061, 67, 64, 50, 226.19
2026/03/30 12:54:49.092, 0, 18061, 67, 64, 50, 181.05
2026/03/30 12:54:50.092, 0, 18061, 67, 64, 50, 176.09
2026/03/30 12:54:51.093, 0, 18061, 67, 64, 50, 164.37
2026/03/30 12:54:52.093, 0, 18061, 67, 63, 50, 140.33
2026/03/30 12:54:53.094, 0, 18061, 67, 63, 51, 257.27
2026/03/30 12:54:54.270, 0, 18061, 67, 64, 51, 135.78
2026/03/30 12:54:55.274, 0, 18061, 67, 64, 50, 166.12
2026/03/30 12:54:56.275, 0, 18061, 67, 64, 50, 200.73
2026/03/30 12:54:57.277, 0, 18061, 67, 64, 51, 200.41
2026/03/30 12:54:58.281, 0, 18061, 52, 50, 49, 157.34
2026/03/30 12:54:59.283, 0, 18061, 66, 63, 50, 263.16
2026/03/30 12:55:00.370, 0, 18061, 67, 64, 50, 260.48
2026/03/30 12:55:01.371, 0, 18061, 66, 63, 51, 163.77
2026/03/30 12:55:02.373, 0, 18061, 67, 63, 51, 246.75
2026/03/30 12:55:03.374, 0, 18061, 66, 62, 51, 234.43
2026/03/30 12:55:04.374, 0, 18061, 65, 62, 51, 181.38
2026/03/30 12:55:05.375, 0, 18061, 67, 64, 50, 172.61
2026/03/30 12:55:06.375, 0, 18061, 65, 62, 50, 140.65
2026/03/30 12:55:07.375, 0, 18061, 67, 64, 51, 117.33
2026/03/30 12:55:08.376, 0, 18061, 67, 64, 50, 118.21
2026/03/30 12:55:09.376, 0, 18061, 63, 61, 50, 264.30
2026/03/30 12:55:10.376, 0, 18061, 66, 62, 50, 206.57
2026/03/30 12:55:11.376, 0, 18061, 66, 63, 50, 174.95
2026/03/30 12:55:12.377, 0, 18061, 67, 63, 50, 264.91
2026/03/30 12:55:13.377, 0, 18061, 67, 64, 50, 143.15
2026/03/30 12:55:14.379, 0, 18061, 67, 63, 51, 260.21
2026/03/30 12:55:15.390, 0, 18061, 67, 64, 51, 244.07
2026/03/30 12:55:16.391, 0, 18061, 67, 63, 50, 201.01
2026/03/30 12:55:17.394, 0, 18061, 66, 64, 50, 203.95
2026/03/30 12:55:18.470, 0, 18061, 67, 64, 50, 227.40
2026/03/30 12:55:19.478, 0, 18061, 65, 61, 50, 242.93
2026/03/30 12:55:20.478, 0, 18061, 66, 62, 50, 194.58
2026/03/30 12:55:21.479, 0, 18061, 67, 64, 50, 254.33
2026/03/30 12:55:22.484, 0, 18061, 66, 62, 51, 180.18
2026/03/30 12:55:23.486, 0, 18061, 66, 62, 50, 159.95
2026/03/30 12:55:24.488, 0, 18061, 67, 64, 50, 124.37
2026/03/30 12:55:25.489, 0, 18061, 67, 64, 50, 171.13
2026/03/30 12:55:26.489, 0, 18061, 66, 63, 50, 201.28
2026/03/30 12:55:27.489, 0, 18061, 66, 62, 50, 231.21
2026/03/30 12:55:28.489, 0, 18061, 67, 64, 50, 239.12
2026/03/30 12:55:29.490, 0, 18061, 67, 64, 51, 267.52
2026/03/30 12:55:30.490, 0, 18061, 52, 46, 49, 99.98
2026/03/30 12:55:31.490, 0, 18061, 67, 63, 50, 232.36
2026/03/30 12:55:32.491, 0, 18061, 66, 63, 51, 228.87
2026/03/30 12:55:33.491, 0, 18061, 67, 63, 51, 248.16
2026/03/30 12:55:34.491, 0, 18061, 67, 63, 50, 271.94
2026/03/30 12:55:35.491, 0, 18061, 66, 63, 51, 264.03
2026/03/30 12:55:36.492, 0, 18061, 66, 63, 50, 132.88
2026/03/30 12:55:37.570, 0, 18061, 66, 63, 50, 138.32
2026/03/30 12:55:38.572, 0, 18061, 67, 63, 50, 167.32
2026/03/30 12:55:39.573, 0, 18061, 67, 64, 50, 197.46
2026/03/30 12:55:40.576, 0, 18061, 67, 64, 50, 210.99
2026/03/30 12:55:41.577, 0, 18061, 60, 54, 49, 167.59
2026/03/30 12:55:42.579, 0, 18061, 66, 63, 50, 128.94
2026/03/30 12:55:43.579, 0, 18061, 66, 63, 50, 186.94
2026/03/30 12:55:44.581, 0, 18061, 67, 64, 51, 208.64
2026/03/30 12:55:45.670, 0, 18061, 66, 63, 51, 230.61
2026/03/30 12:55:46.670, 0, 18061, 67, 63, 50, 177.84
2026/03/30 12:55:47.671, 0, 18061, 67, 64, 50, 164.10
2026/03/30 12:55:48.671, 0, 18061, 67, 64, 50, 124.37
2026/03/30 12:55:49.671, 0, 18061, 67, 64, 50, 137.85
2026/03/30 12:55:50.671, 0, 18061, 66, 64, 50, 165.24
2026/03/30 12:55:51.672, 0, 18061, 67, 64, 50, 194.85
2026/03/30 12:55:52.672, 0, 18061, 43, 36, 50, 182.85
2026/03/30 12:55:53.672, 0, 18061, 67, 64, 50, 134.91
2026/03/30 12:55:54.672, 0, 18061, 67, 64, 50, 122.03
2026/03/30 12:55:55.673, 0, 18061, 67, 64, 51, 255.80
2026/03/30 12:55:56.673, 0, 18061, 67, 64, 51, 237.04
2026/03/30 12:55:57.673, 0, 18061, 66, 63, 51, 169.33
2026/03/30 12:55:58.673, 0, 18061, 67, 64, 51, 245.83
2026/03/30 12:55:59.675, 0, 18061, 65, 61, 51, 222.11
2026/03/30 12:56:00.676, 0, 18061, 66, 63, 51, 176.70
2026/03/30 12:56:01.678, 0, 18061, 66, 63, 50, 130.82
2026/03/30 12:56:02.679, 0, 18061, 66, 63, 50, 117.88
2026/03/30 12:56:03.680, 0, 18061, 52, 49, 50, 201.88
2026/03/30 12:56:04.683, 0, 18061, 67, 64, 50, 178.44
2026/03/30 12:56:05.685, 0, 18061, 67, 64, 50, 146.37
2026/03/30 12:56:06.685, 0, 18061, 65, 62, 51, 264.30
2026/03/30 12:56:07.771, 0, 18061, 67, 64, 51, 250.51
2026/03/30 12:56:08.771, 0, 18061, 66, 63, 51, 240.59
2026/03/30 12:56:09.772, 0, 18061, 67, 64, 50, 185.47
2026/03/30 12:56:10.772, 0, 18061, 67, 64, 50, 182.85
2026/03/30 12:56:11.772, 0, 18061, 66, 63, 50, 239.12
2026/03/30 12:56:12.772, 0, 18061, 67, 64, 50, 181.98
2026/03/30 12:56:13.773, 0, 18061, 67, 64, 50, 183.40
2026/03/30 12:56:14.773, 0, 18061, 51, 49, 49, 107.35
2026/03/30 12:56:15.773, 0, 18061, 67, 64, 50, 193.70
2026/03/30 12:56:16.773, 0, 18061, 67, 64, 51, 167.59
2026/03/30 12:56:17.774, 0, 18061, 66, 63, 50, 140.93
2026/03/30 12:56:18.774, 0, 18061, 67, 64, 50, 125.52
2026/03/30 12:56:19.775, 0, 18061, 66, 63, 50, 171.41
2026/03/30 12:56:20.776, 0, 18061, 67, 64, 50, 208.04
2026/03/30 12:56:21.777, 0, 18061, 66, 62, 50, 228.27
2026/03/30 12:56:22.777, 0, 18061, 66, 62, 50, 271.94
2026/03/30 12:56:23.778, 0, 18061, 67, 64, 51, 267.24
2026/03/30 12:56:24.779, 0, 18061, 67, 64, 51, 252.59
2026/03/30 12:56:25.780, 0, 18061, 63, 63, 49, 172.28
2026/03/30 12:56:26.782, 0, 18061, 66, 63, 49, 163.50
2026/03/30 12:56:27.784, 0, 18061, 67, 64, 50, 147.84
2026/03/30 12:56:28.786, 0, 18061, 67, 64, 51, 264.03
2026/03/30 12:56:29.871, 0, 18061, 66, 63, 50, 242.06
2026/03/30 12:56:30.872, 0, 18061, 66, 64, 50, 175.49
2026/03/30 12:56:31.872, 0, 18061, 67, 64, 50, 205.70
2026/03/30 12:56:32.873, 0, 18061, 67, 64, 50, 225.32
2026/03/30 12:56:33.873, 0, 18061, 66, 62, 50, 229.14
2026/03/30 12:56:34.873, 0, 18061, 66, 62, 50, 244.07
2026/03/30 12:56:35.873, 0, 18061, 67, 64, 50, 264.30
2026/03/30 12:56:36.874, 0, 18061, 64, 63, 50, 155.59
2026/03/30 12:56:37.874, 0, 18061, 67, 64, 50, 204.82
2026/03/30 12:56:38.874, 0, 18061, 66, 63, 50, 231.48
2026/03/30 12:56:39.874, 0, 18061, 67, 64, 50, 234.43
2026/03/30 12:56:40.875, 0, 18061, 67, 64, 51, 255.53
2026/03/30 12:56:41.875, 0, 18061, 67, 64, 51, 265.77
2026/03/30 12:56:42.875, 0, 18061, 67, 64, 51, 255.53
2026/03/30 12:56:43.877, 0, 18061, 67, 64, 51, 239.39
2026/03/30 12:56:44.879, 0, 18061, 67, 64, 51, 180.18
2026/03/30 12:56:45.881, 0, 18061, 64, 61, 50, 254.33
2026/03/30 12:56:46.882, 0, 18061, 65, 62, 50, 190.16
2026/03/30 12:56:47.883, 0, 18061, 60, 58, 50, 236.17
2026/03/30 12:56:48.884, 0, 18061, 66, 63, 50, 189.56
2026/03/30 12:56:49.886, 0, 18061, 66, 63, 50, 208.91
2026/03/30 12:56:50.887, 0, 18061, 64, 61, 50, 219.49
2026/03/30 12:56:51.889, 0, 18061, 67, 64, 50, 237.65
2026/03/30 12:56:52.889, 0, 18061, 66, 63, 50, 265.77
2026/03/30 12:56:53.889, 0, 18061, 67, 64, 51, 266.38
2026/03/30 12:56:54.889, 0, 18061, 67, 64, 51, 265.18
2026/03/30 12:56:55.890, 0, 18061, 67, 64, 51, 250.24
2026/03/30 12:56:56.890, 0, 18061, 67, 64, 51, 230.34
2026/03/30 12:56:57.890, 0, 18061, 67, 64, 51, 214.80
2026/03/30 12:56:58.890, 0, 18061, 64, 63, 50, 261.36
2026/03/30 12:56:59.891, 0, 18061, 67, 64, 51, 263.16
2026/03/30 12:57:00.891, 0, 18061, 67, 64, 51, 245.28
2026/03/30 12:57:01.891, 0, 18061, 67, 64, 51, 197.19
2026/03/30 12:57:02.891, 0, 18061, 67, 63, 51, 203.08
2026/03/30 12:57:03.892, 0, 18061, 66, 62, 50, 225.92
2026/03/30 12:57:04.893, 0, 18061, 65, 62, 51, 265.77
2026/03/30 12:57:05.970, 0, 18061, 67, 64, 51, 263.16
2026/03/30 12:57:06.972, 0, 18061, 67, 64, 51, 259.01
2026/03/30 12:57:07.974, 0, 18061, 67, 63, 50, 214.48
2026/03/30 12:57:08.975, 0, 18061, 67, 64, 50, 186.67
2026/03/30 12:57:09.976, 0, 18061, 66, 63, 50, 265.77
2026/03/30 12:57:10.977, 0, 18061, 66, 63, 50, 163.77
2026/03/30 12:57:11.980, 0, 18061, 67, 64, 50, 192.78
2026/03/30 12:57:12.982, 0, 18061, 67, 63, 50, 206.30
2026/03/30 12:57:13.983, 0, 18061, 67, 63, 50, 228.87
2026/03/30 12:57:14.983, 0, 18061, 67, 63, 50, 229.74
2026/03/30 12:57:15.983, 0, 18061, 67, 64, 50, 248.77
2026/03/30 12:57:16.983, 0, 18061, 67, 64, 50, 268.99
2026/03/30 12:57:17.984, 0, 18061, 66, 63, 51, 262.83
2026/03/30 12:57:18.984, 0, 18061, 67, 63, 51, 260.22
2026/03/30 12:57:19.984, 0, 18061, 66, 63, 51, 250.51
2026/03/30 12:57:20.984, 0, 18061, 66, 63, 50, 240.86
2026/03/30 12:57:21.985, 0, 18061, 67, 64, 51, 264.91
2026/03/30 12:57:22.985, 0, 18061, 67, 64, 51, 268.39
2026/03/30 12:57:23.985, 0, 18061, 67, 64, 51, 267.24
2026/03/30 12:57:24.985, 0, 18061, 67, 64, 51, 262.83
2026/03/30 12:57:25.986, 0, 18061, 67, 64, 51, 255.20
2026/03/30 12:57:26.989, 0, 18061, 67, 64, 50, 224.18
2026/03/30 12:57:27.989, 0, 18061, 66, 63, 51, 203.63
2026/03/30 12:57:29.071, 0, 18061, 66, 62, 51, 226.80
2026/03/30 12:57:30.071, 0, 18061, 67, 64, 51, 237.04
2026/03/30 12:57:31.076, 0, 18061, 66, 62, 49, 146.21
2026/03/30 12:57:32.076, 0, 18061, 67, 64, 51, 227.99
2026/03/30 12:57:33.077, 0, 18061, 66, 63, 50, 196.92
2026/03/30 12:57:34.171, 0, 18061, 66, 62, 50, 217.42
2026/03/30 12:57:35.173, 0, 18061, 66, 63, 50, 227.99
2026/03/30 12:57:36.175, 0, 18061, 66, 63, 50, 252.86
2026/03/30 12:57:37.176, 0, 18061, 67, 64, 51, 272.54
2026/03/30 12:57:38.176, 0, 18061, 67, 64, 51, 263.43
2026/03/30 12:57:39.176, 0, 18061, 67, 64, 51, 262.56
2026/03/30 12:57:40.176, 0, 18061, 66, 63, 51, 259.01
2026/03/30 12:57:41.177, 0, 18061, 67, 64, 51, 238.79
2026/03/30 12:57:42.177, 0, 18061, 43, 36, 50, 168.79
2026/03/30 12:57:43.177, 0, 18061, 67, 63, 51, 267.24
2026/03/30 12:57:44.177, 0, 18061, 67, 64, 51, 269.59
2026/03/30 12:57:45.178, 0, 18061, 66, 63, 50, 251.44
2026/03/30 12:57:46.178, 0, 18061, 65, 62, 50, 172.61
2026/03/30 12:57:47.178, 0, 18061, 66, 63, 50, 245.55
2026/03/30 12:57:48.178, 0, 18061, 66, 63, 50, 229.74
2026/03/30 12:57:49.179, 0, 18061, 66, 63, 49, 265.50
2026/03/30 12:57:50.181, 0, 18061, 65, 62, 50, 265.18
2026/03/30 12:57:51.182, 0, 18061, 66, 63, 50, 251.98
2026/03/30 12:57:52.186, 0, 18061, 67, 64, 51, 241.74
2026/03/30 12:57:53.188, 0, 18061, 54, 51, 50, 149.44
2026/03/30 12:57:54.192, 0, 18061, 66, 63, 50, 273.95
2026/03/30 12:57:55.193, 0, 18061, 67, 63, 51, 261.09
2026/03/30 12:57:56.196, 0, 18061, 67, 64, 50, 138.46
2026/03/30 12:57:57.270, 0, 18061, 67, 64, 50, 183.73
2026/03/30 12:57:58.271, 0, 18061, 66, 63, 50, 167.59
2026/03/30 12:57:59.271, 0, 18061, 66, 62, 50, 243.21
2026/03/30 12:58:00.272, 0, 18061, 65, 62, 51, 224.72
2026/03/30 12:58:01.272, 0, 18061, 66, 62, 51, 178.17
2026/03/30 12:58:02.272, 0, 18061, 66, 64, 51, 131.96
2026/03/30 12:58:03.272, 0, 18061, 67, 64, 51, 147.36
2026/03/30 12:58:04.272, 0, 18061, 64, 63, 49, 146.82
2026/03/30 12:58:05.273, 0, 18061, 67, 64, 51, 226.52
2026/03/30 12:58:06.273, 0, 18061, 67, 63, 51, 179.31
2026/03/30 12:58:07.273, 0, 18061, 67, 64, 51, 277.77
2026/03/30 12:58:08.273, 0, 18061, 67, 64, 51, 269.86
2026/03/30 12:58:09.274, 0, 18061, 67, 64, 50, 262.23
2026/03/30 12:58:10.275, 0, 18061, 67, 64, 50, 126.40
2026/03/30 12:58:11.276, 0, 18061, 67, 64, 50, 145.62
2026/03/30 12:58:12.278, 0, 18061, 66, 63, 50, 199.54
2026/03/30 12:58:13.278, 0, 18061, 65, 62, 50, 231.48
2026/03/30 12:58:14.280, 0, 18061, 67, 64, 50, 231.76
2026/03/30 12:58:15.283, 0, 18061, 61, 60, 49, 108.82
2026/03/30 12:58:16.284, 0, 18061, 67, 64, 50, 147.96
2026/03/30 12:58:17.286, 0, 18061, 66, 63, 49, 191.90
2026/03/30 12:58:18.287, 0, 18061, 65, 62, 51, 206.57
2026/03/30 12:58:19.371, 0, 18061, 66, 63, 50, 225.32
2026/03/30 12:58:20.371, 0, 18061, 66, 63, 50, 179.03
2026/03/30 12:58:21.372, 0, 18061, 66, 63, 50, 173.15
2026/03/30 12:58:22.372, 0, 18061, 65, 62, 50, 156.74
2026/03/30 12:58:23.372, 0, 18061, 66, 63, 50, 132.56
2026/03/30 12:58:24.373, 0, 18061, 66, 63, 50, 129.07
2026/03/30 12:58:25.373, 0, 18061, 67, 64, 50, 128.20
2026/03/30 12:58:26.373, 0, 18061, 57, 57, 50, 150.58
2026/03/30 12:58:27.384, 0, 18061, 67, 63, 50, 187.21
2026/03/30 12:58:28.395, 0, 18061, 67, 63, 51, 175.82
2026/03/30 12:58:29.405, 0, 18061, 67, 63, 51, 229.14
2026/03/30 12:58:30.417, 0, 18061, 67, 63, 51, 235.03
2026/03/30 12:58:31.427, 0, 18061, 67, 64, 50, 249.97
2026/03/30 12:58:32.483, 0, 18061, 67, 64, 50, 268.12
2026/03/30 12:58:33.493, 0, 18061, 66, 64, 51, 258.74
2026/03/30 12:58:34.504, 0, 18061, 67, 64, 50, 140.65
2026/03/30 12:58:35.579, 0, 18061, 67, 64, 50, 155.86
2026/03/30 12:58:36.590, 0, 18061, 68, 64, 49, 199.54
2026/03/30 12:58:37.682, 0, 18061, 67, 64, 51, 266.05
2026/03/30 12:58:38.696, 0, 18061, 67, 64, 51, 259.89
2026/03/30 12:58:39.709, 0, 18061, 67, 64, 50, 121.70
2026/03/30 12:58:40.780, 0, 18061, 67, 64, 50, 140.47
2026/03/30 12:58:41.792, 0, 18061, 66, 63, 50, 193.97
2026/03/30 12:58:42.804, 0, 18061, 66, 63, 50, 202.75
2026/03/30 12:58:43.815, 0, 18061, 67, 64, 51, 220.90
2026/03/30 12:58:44.826, 0, 18061, 67, 64, 50, 223.58
2026/03/30 12:58:45.837, 0, 18061, 67, 64, 50, 235.03
2026/03/30 12:58:46.847, 0, 18061, 67, 64, 50, 244.95
2026/03/30 12:58:47.857, 0, 18061, 54, 53, 50, 192.50
2026/03/30 12:58:48.868, 0, 18061, 67, 63, 49, 189.88
2026/03/30 12:58:49.878, 0, 18061, 67, 63, 50, 203.08
2026/03/30 12:58:50.891, 0, 18061, 67, 64, 50, 207.17
2026/03/30 12:58:51.902, 0, 18061, 66, 63, 50, 227.99
2026/03/30 12:58:52.912, 0, 18061, 66, 63, 50, 227.40
2026/03/30 12:58:53.922, 0, 18061, 66, 63, 50, 191.90
2026/03/30 12:58:54.982, 0, 18061, 67, 64, 50, 179.31
2026/03/30 12:58:55.994, 0, 18061, 67, 64, 50, 168.46
2026/03/30 12:58:57.005, 0, 18061, 67, 63, 51, 274.56
2026/03/30 12:58:58.083, 0, 18061, 68, 64, 51, 269.59
2026/03/30 12:58:59.095, 0, 18061, 61, 58, 50, 203.63
2026/03/30 12:59:00.185, 0, 18061, 67, 64, 50, 248.16
2026/03/30 12:59:01.197, 0, 18061, 66, 63, 51, 238.51
2026/03/30 12:59:02.282, 0, 18061, 66, 62, 51, 266.92
2026/03/30 12:59:03.295, 0, 18061, 67, 63, 51, 265.77
2026/03/30 12:59:04.308, 0, 18061, 67, 64, 51, 131.41
2026/03/30 12:59:05.319, 0, 18061, 67, 64, 50, 259.62
2026/03/30 12:59:06.322, 0, 18061, 67, 63, 50, 217.42
2026/03/30 12:59:07.322, 0, 18061, 67, 64, 50, 170.53
2026/03/30 12:59:08.322, 0, 18061, 68, 65, 50, 212.73
2026/03/30 12:59:09.323, 0, 18061, 66, 62, 49, 197.19
2026/03/30 12:59:10.323, 0, 18061, 67, 64, 50, 262.56
2026/03/30 12:59:11.324, 0, 18061, 67, 64, 50, 253.78
2026/03/30 12:59:12.324, 0, 18061, 67, 63, 49, 239.72
2026/03/30 12:59:13.324, 0, 18061, 65, 62, 50, 175.82
2026/03/30 12:59:14.324, 0, 18061, 67, 63, 50, 201.28
2026/03/30 12:59:15.325, 0, 18061, 67, 63, 50, 240.26
2026/03/30 12:59:16.325, 0, 18061, 67, 64, 50, 179.31
2026/03/30 12:59:17.374, 0, 18061, 67, 64, 50, 163.50
2026/03/30 12:59:18.376, 0, 18061, 66, 63, 50, 118.81
2026/03/30 12:59:19.377, 0, 18061, 67, 64, 50, 122.90
2026/03/30 12:59:20.379, 0, 18061, 67, 64, 49, 259.89
2026/03/30 12:59:21.383, 0, 18061, 67, 64, 49, 172.88
2026/03/30 12:59:22.383, 0, 18061, 67, 64, 49, 152.92
2026/03/30 12:59:23.386, 0, 18061, 66, 63, 51, 261.09
2026/03/30 12:59:24.471, 0, 18061, 66, 62, 50, 145.89
2026/03/30 12:59:25.472, 0, 18061, 65, 62, 50, 195.72
2026/03/30 12:59:26.475, 0, 18061, 66, 63, 50, 207.44
2026/03/30 12:59:27.477, 0, 18061, 66, 63, 50, 228.54
2026/03/30 12:59:28.479, 0, 18061, 67, 64, 50, 229.74
2026/03/30 12:59:29.479, 0, 18061, 67, 64, 50, 245.28
2026/03/30 12:59:30.479, 0, 18061, 67, 64, 50, 270.19
2026/03/30 12:59:31.480, 0, 18061, 49, 45, 50, 242.93
2026/03/30 12:59:32.480, 0, 18061, 66, 63, 49, 216.22
2026/03/30 12:59:33.480, 0, 18061, 67, 63, 50, 227.67
2026/03/30 12:59:34.480, 0, 18061, 67, 63, 50, 239.39
2026/03/30 12:59:35.481, 0, 18061, 66, 63, 51, 268.12
2026/03/30 12:59:36.481, 0, 18061, 67, 64, 51, 268.39
2026/03/30 12:59:37.481, 0, 18061, 67, 64, 50, 135.78
2026/03/30 12:59:38.570, 0, 18061, 66, 64, 49, 121.70
2026/03/30 12:59:39.571, 0, 18061, 66, 63, 50, 140.93
2026/03/30 12:59:40.574, 0, 18061, 66, 63, 50, 193.97
2026/03/30 12:59:41.575, 0, 18061, 66, 63, 51, 194.25
2026/03/30 12:59:42.577, 0, 18061, 64, 63, 49, 153.08
2026/03/30 12:59:43.579, 0, 18061, 67, 64, 50, 257.00
2026/03/30 12:59:44.582, 0, 18061, 67, 63, 50, 237.65
2026/03/30 12:59:45.583, 0, 18061, 65, 62, 51, 176.09
2026/03/30 12:59:46.584, 0, 18061, 67, 63, 51, 216.22
2026/03/30 12:59:47.584, 0, 18061, 67, 64, 51, 218.57
2026/03/30 12:59:48.585, 0, 18061, 67, 64, 51, 175.22
2026/03/30 12:59:49.585, 0, 18061, 66, 63, 50, 145.35
2026/03/30 12:59:50.585, 0, 18061, 66, 63, 50, 123.50
2026/03/30 12:59:51.586, 0, 18061, 65, 61, 49, 157.94
2026/03/30 12:59:52.586, 0, 18061, 67, 64, 50, 160.56
2026/03/30 12:59:53.586, 0, 18061, 64, 63, 50, 177.84
2026/03/30 12:59:54.586, 0, 18061, 67, 64, 50, 170.53
2026/03/30 12:59:55.586, 0, 18061, 67, 64, 50, 159.95
2026/03/30 12:59:56.587, 0, 18061, 67, 64, 49, 134.91
2026/03/30 12:59:57.587, 0, 18061, 67, 64, 50, 125.52
2026/03/30 12:59:58.587, 0, 18061, 67, 63, 50, 139.45
2026/03/30 12:59:59.587, 0, 18061, 66, 63, 50, 160.88
2026/03/30 13:00:00.589, 0, 18061, 66, 63, 50, 183.73
2026/03/30 13:00:01.670, 0, 18061, 64, 61, 50, 205.70
2026/03/30 13:00:02.671, 0, 18061, 67, 64, 50, 225.32
2026/03/30 13:00:03.673, 0, 18061, 67, 64, 50, 228.87
2026/03/30 13:00:04.674, 0, 18061, 56, 52, 49, 191.03
2026/03/30 13:00:05.675, 0, 18061, 66, 63, 49, 210.66
2026/03/30 13:00:06.675, 0, 18061, 67, 63, 49, 232.36
2026/03/30 13:00:07.678, 0, 18061, 66, 63, 50, 257.00
2026/03/30 13:00:08.680, 0, 18061, 66, 62, 50, 261.96
2026/03/30 13:00:09.680, 0, 18061, 67, 64, 51, 264.30
2026/03/30 13:00:10.680, 0, 18061, 67, 63, 51, 254.93
2026/03/30 13:00:11.680, 0, 18061, 67, 63, 51, 235.90
2026/03/30 13:00:12.681, 0, 18061, 66, 63, 51, 184.00
2026/03/30 13:00:13.681, 0, 18061, 67, 64, 50, 186.07
2026/03/30 13:00:14.681, 0, 18061, 67, 64, 50, 212.13
2026/03/30 13:00:15.681, 0, 18061, 67, 63, 51, 266.38
2026/03/30 13:00:16.682, 0, 18061, 67, 63, 50, 244.95
2026/03/30 13:00:17.682, 0, 18061, 66, 62, 50, 176.37
2026/03/30 13:00:18.682, 0, 18061, 67, 63, 50, 213.87
2026/03/30 13:00:19.683, 0, 18061, 67, 64, 49, 235.57
2026/03/30 13:00:20.683, 0, 18061, 67, 64, 49, 179.91
2026/03/30 13:00:21.683, 0, 18061, 66, 63, 49, 266.38
2026/03/30 13:00:22.684, 0, 18061, 67, 64, 50, 261.09
2026/03/30 13:00:23.684, 0, 18061, 66, 63, 50, 131.41
2026/03/30 13:00:24.770, 0, 18061, 67, 64, 50, 153.25
2026/03/30 13:00:25.772, 0, 18061, 66, 63, 49, 167.59
2026/03/30 13:00:26.778, 0, 18061, 67, 64, 50, 140.80
2026/03/30 13:00:27.779, 0, 18061, 67, 64, 50, 119.95
2026/03/30 13:00:28.786, 0, 18061, 65, 61, 51, 241.74
2026/03/30 13:00:29.870, 0, 18061, 66, 62, 50, 236.17
2026/03/30 13:00:30.872, 0, 18061, 65, 62, 50, 176.09
2026/03/30 13:00:31.874, 0, 18061, 67, 64, 49, 146.82
2026/03/30 13:00:32.874, 0, 18061, 67, 63, 49, 130.22
2026/03/30 13:00:33.874, 0, 18061, 66, 63, 49, 174.35
2026/03/30 13:00:34.875, 0, 18061, 66, 63, 50, 204.82
2026/03/30 13:00:35.875, 0, 18061, 67, 64, 51, 231.48
2026/03/30 13:00:36.875, 0, 18061, 67, 64, 49, 101.78
2026/03/30 13:00:37.876, 0, 18061, 66, 62, 50, 195.45
2026/03/30 13:00:38.876, 0, 18061, 66, 62, 50, 207.77
2026/03/30 13:00:39.876, 0, 18061, 67, 64, 50, 229.74
2026/03/30 13:00:40.877, 0, 18061, 67, 64, 51, 178.71
2026/03/30 13:00:41.877, 0, 18061, 66, 63, 51, 165.85
2026/03/30 13:00:42.877, 0, 18061, 66, 63, 50, 125.85
2026/03/30 13:00:43.877, 0, 18061, 65, 61, 50, 134.31
2026/03/30 13:00:44.880, 0, 18061, 66, 63, 50, 169.93
2026/03/30 13:00:45.882, 0, 18061, 66, 63, 49, 199.54
2026/03/30 13:00:46.882, 0, 18061, 67, 64, 50, 234.43
2026/03/30 13:00:47.887, 0, 18061, 61, 56, 49, 182.53
2026/03/30 13:00:48.973, 0, 18061, 66, 63, 51, 225.05
2026/03/30 13:00:49.973, 0, 18061, 65, 62, 51, 181.65
2026/03/30 13:00:50.978, 0, 18061, 67, 64, 50, 203.35
2026/03/30 13:00:52.070, 0, 18061, 67, 64, 50, 221.23
2026/03/30 13:00:53.078, 0, 18061, 67, 63, 50, 228.54
2026/03/30 13:00:54.080, 0, 18061, 66, 63, 51, 240.59
2026/03/30 13:00:55.083, 0, 18061, 66, 63, 51, 261.36
2026/03/30 13:00:56.083, 0, 18061, 67, 64, 51, 271.61
2026/03/30 13:00:57.084, 0, 18061, 67, 64, 51, 269.59
2026/03/30 13:00:58.084, 0, 18061, 67, 64, 51, 267.85
2026/03/30 13:00:59.085, 0, 18061, 64, 63, 50, 164.37
2026/03/30 13:01:00.085, 0, 18061, 67, 64, 51, 194.58
2026/03/30 13:01:01.085, 0, 18061, 67, 64, 51, 176.70
2026/03/30 13:01:02.085, 0, 18061, 67, 64, 50, 164.97
2026/03/30 13:01:03.086, 0, 18061, 67, 64, 50, 143.27
2026/03/30 13:01:04.086, 0, 18061, 67, 64, 50, 120.55
2026/03/30 13:01:05.086, 0, 18061, 67, 64, 51, 259.01
2026/03/30 13:01:06.170, 0, 18061, 65, 62, 50, 221.51
2026/03/30 13:01:07.171, 0, 18061, 66, 63, 51, 169.06
2026/03/30 13:01:08.176, 0, 18061, 67, 64, 50, 240.26
2026/03/30 13:01:09.179, 0, 18061, 67, 64, 50, 180.78
2026/03/30 13:01:10.180, 0, 18061, 49, 47, 50, 208.91
2026/03/30 13:01:11.182, 0, 18061, 67, 63, 50, 176.70
2026/03/30 13:01:12.183, 0, 18061, 67, 64, 50, 254.65
2026/03/30 13:01:13.184, 0, 18061, 67, 64, 50, 203.35
2026/03/30 13:01:14.186, 0, 18061, 67, 64, 49, 177.84
2026/03/30 13:01:15.188, 0, 18061, 67, 64, 50, 173.75
2026/03/30 13:01:16.188, 0, 18061, 67, 64, 49, 166.44
2026/03/30 13:01:17.189, 0, 18061, 67, 64, 49, 153.85
2026/03/30 13:01:18.191, 0, 18061, 67, 64, 49, 125.52
2026/03/30 13:01:19.191, 0, 18061, 66, 62, 50, 264.91
2026/03/30 13:01:20.191, 0, 18061, 68, 64, 50, 260.82
2026/03/30 13:01:21.192, 0, 18061, 57, 57, 49, 229.14
2026/03/30 13:01:22.192, 0, 18061, 67, 64, 49, 243.21
2026/03/30 13:01:23.192, 0, 18061, 67, 64, 50, 265.50
2026/03/30 13:01:24.193, 0, 18061, 67, 64, 50, 264.57
2026/03/30 13:01:25.193, 0, 18061, 66, 63, 50, 262.56
2026/03/30 13:01:26.193, 0, 18061, 66, 63, 51, 260.21
2026/03/30 13:01:27.193, 0, 18061, 66, 63, 49, 144.74
2026/03/30 13:01:28.271, 0, 18061, 67, 64, 49, 157.34
2026/03/30 13:01:29.272, 0, 18061, 66, 63, 49, 192.23
2026/03/30 13:01:30.275, 0, 18061, 67, 64, 50, 200.73
2026/03/30 13:01:31.276, 0, 18061, 67, 64, 50, 211.53
2026/03/30 13:01:32.278, 0, 18061, 65, 62, 49, 195.45
2026/03/30 13:01:33.279, 0, 18061, 66, 63, 50, 207.77
2026/03/30 13:01:34.280, 0, 18061, 66, 63, 50, 230.01
2026/03/30 13:01:35.282, 0, 18061, 67, 63, 50, 252.31
2026/03/30 13:01:36.287, 0, 18061, 67, 64, 51, 269.59
2026/03/30 13:01:37.290, 0, 18061, 67, 64, 49, 152.05
2026/03/30 13:01:38.370, 0, 18061, 67, 64, 50, 261.68
2026/03/30 13:01:39.371, 0, 18061, 67, 63, 50, 256.40
2026/03/30 13:01:40.371, 0, 18061, 67, 64, 50, 258.74
2026/03/30 13:01:41.371, 0, 18061, 67, 64, 50, 239.39
2026/03/30 13:01:42.372, 0, 18061, 66, 62, 49, 208.64
2026/03/30 13:01:43.372, 0, 18061, 67, 64, 49, 265.18
2026/03/30 13:01:44.372, 0, 18061, 67, 64, 50, 272.54
2026/03/30 13:01:45.372, 0, 18061, 67, 64, 50, 266.38
2026/03/30 13:01:46.373, 0, 18061, 66, 63, 50, 261.96
2026/03/30 13:01:47.373, 0, 18061, 66, 62, 51, 258.47
2026/03/30 13:01:48.373, 0, 18061, 66, 63, 51, 247.62
2026/03/30 13:01:49.373, 0, 18061, 66, 63, 51, 208.04
2026/03/30 13:01:50.374, 0, 18061, 67, 64, 50, 191.03
2026/03/30 13:01:51.376, 0, 18061, 67, 64, 50, 262.83
2026/03/30 13:01:52.377, 0, 18061, 67, 64, 50, 234.10
2026/03/30 13:01:53.378, 0, 18061, 46, 40, 49, 183.40
2026/03/30 13:01:54.379, 0, 18061, 67, 63, 50, 225.65
2026/03/30 13:01:55.380, 0, 18061, 67, 64, 50, 169.93
2026/03/30 13:01:56.382, 0, 18061, 67, 64, 51, 211.53
2026/03/30 13:01:57.472, 0, 18061, 67, 64, 51, 248.49
2026/03/30 13:01:58.478, 0, 18061, 67, 64, 51, 224.18
2026/03/30 13:01:59.480, 0, 18061, 67, 64, 51, 190.43
2026/03/30 13:02:00.483, 0, 18061, 67, 64, 51, 177.56
2026/03/30 13:02:01.483, 0, 18061, 67, 64, 50, 175.22
2026/03/30 13:02:02.483, 0, 18061, 67, 64, 50, 162.62
2026/03/30 13:02:03.483, 0, 18061, 68, 64, 50, 159.95
2026/03/30 13:02:04.484, 0, 18061, 32, 32, 49, 177.56
2026/03/30 13:02:05.484, 0, 18061, 67, 64, 50, 264.57
2026/03/30 13:02:06.484, 0, 18061, 67, 64, 50, 269.59
2026/03/30 13:02:07.484, 0, 18061, 67, 63, 51, 264.30
2026/03/30 13:02:08.485, 0, 18061, 66, 62, 50, 259.01
2026/03/30 13:02:09.485, 0, 18061, 66, 62, 51, 256.40
2026/03/30 13:02:10.485, 0, 18061, 66, 63, 50, 240.59
2026/03/30 13:02:11.485, 0, 18061, 67, 64, 51, 215.35
2026/03/30 13:02:12.488, 0, 18061, 67, 64, 50, 201.88
2026/03/30 13:02:13.570, 0, 18061, 67, 64, 50, 220.36
2026/03/30 13:02:14.574, 0, 18061, 67, 64, 50, 230.01
2026/03/30 13:02:15.575, 0, 18061, 63, 62, 49, 95.61
2026/03/30 13:02:16.576, 0, 18061, 67, 64, 50, 198.06
2026/03/30 13:02:17.582, 0, 18061, 67, 64, 50, 172.00
2026/03/30 13:02:18.584, 0, 18061, 67, 64, 50, 220.36
2026/03/30 13:02:19.671, 0, 18061, 67, 64, 49, 232.36
2026/03/30 13:02:20.672, 0, 18061, 67, 64, 50, 235.90
2026/03/30 13:02:21.676, 0, 18061, 67, 64, 50, 266.38
2026/03/30 13:02:22.677, 0, 18061, 66, 63, 50, 263.43
2026/03/30 13:02:23.678, 0, 18061, 67, 63, 50, 266.65
2026/03/30 13:02:24.678, 0, 18061, 68, 64, 50, 262.56
2026/03/30 13:02:25.678, 0, 18061, 67, 64, 51, 258.74
2026/03/30 13:02:26.678, 0, 18061, 67, 64, 50, 231.48
2026/03/30 13:02:27.679, 0, 18061, 67, 64, 50, 229.41
2026/03/30 13:02:28.679, 0, 18061, 67, 64, 50, 234.10
2026/03/30 13:02:29.679, 0, 18061, 67, 64, 50, 251.71
2026/03/30 13:02:30.679, 0, 18061, 66, 63, 50, 274.88
2026/03/30 13:02:31.680, 0, 18061, 67, 64, 51, 265.50
2026/03/30 13:02:32.680, 0, 18061, 67, 64, 51, 259.34
2026/03/30 13:02:33.680, 0, 18061, 67, 64, 49, 144.15
2026/03/30 13:02:34.770, 0, 18061, 67, 63, 49, 117.88
2026/03/30 13:02:35.771, 0, 18061, 66, 63, 50, 131.55
2026/03/30 13:02:36.773, 0, 18061, 67, 64, 50, 249.64
2026/03/30 13:02:37.774, 0, 18061, 67, 64, 49, 264.57
2026/03/30 13:02:38.775, 0, 18061, 67, 63, 49, 268.72
2026/03/30 13:02:39.776, 0, 18061, 66, 62, 50, 266.65
2026/03/30 13:02:40.779, 0, 18061, 67, 64, 50, 262.23
2026/03/30 13:02:41.779, 0, 18061, 67, 64, 50, 255.20
2026/03/30 13:02:42.783, 0, 18061, 66, 62, 50, 158.54
2026/03/30 13:02:43.871, 0, 18061, 66, 63, 49, 199.81
2026/03/30 13:02:44.871, 0, 18061, 66, 63, 49, 197.19
2026/03/30 13:02:45.871, 0, 18061, 66, 63, 49, 203.95
2026/03/30 13:02:46.872, 0, 18061, 67, 64, 49, 208.64
2026/03/30 13:02:47.872, 0, 18061, 60, 55, 49, 166.71
2026/03/30 13:02:48.872, 0, 18061, 67, 63, 50, 123.78
2026/03/30 13:02:49.872, 0, 18061, 67, 64, 49, 124.92
2026/03/30 13:02:50.873, 0, 18061, 67, 64, 49, 131.69
2026/03/30 13:02:51.873, 0, 18061, 67, 64, 49, 141.95
2026/03/30 13:02:52.873, 0, 18061, 67, 64, 50, 156.20
2026/03/30 13:02:53.873, 0, 18061, 67, 64, 50, 174.62
2026/03/30 13:02:54.874, 0, 18061, 67, 64, 50, 192.78
2026/03/30 13:02:55.874, 0, 18061, 66, 63, 50, 219.16
2026/03/30 13:02:56.877, 0, 18061, 66, 63, 50, 226.19
2026/03/30 13:02:57.879, 0, 18061, 67, 64, 51, 179.31
2026/03/30 13:02:58.880, 0, 18061, 53, 51, 49, 180.51
2026/03/30 13:02:59.882, 0, 18061, 66, 63, 51, 246.75
2026/03/30 13:03:00.883, 0, 18061, 66, 62, 49, 230.01
2026/03/30 13:03:01.975, 0, 18061, 67, 64, 50, 256.12
2026/03/30 13:03:02.977, 0, 18061, 67, 64, 50, 276.03
2026/03/30 13:03:03.979, 0, 18061, 67, 64, 50, 266.65
2026/03/30 13:03:04.980, 0, 18061, 65, 62, 51, 260.21
2026/03/30 13:03:05.981, 0, 18061, 66, 63, 51, 249.64
2026/03/30 13:03:06.983, 0, 18061, 67, 64, 51, 245.28
2026/03/30 13:03:07.983, 0, 18061, 67, 63, 50, 204.23
2026/03/30 13:03:08.984, 0, 18061, 67, 64, 51, 208.31
2026/03/30 13:03:09.984, 0, 18061, 64, 63, 49, 153.52
2026/03/30 13:03:10.984, 0, 18061, 67, 63, 50, 264.91
2026/03/30 13:03:11.985, 0, 18061, 67, 64, 50, 242.60
2026/03/30 13:03:12.985, 0, 18061, 67, 64, 50, 235.57
2026/03/30 13:03:13.985, 0, 18061, 67, 64, 50, 217.69
2026/03/30 13:03:14.985, 0, 18061, 67, 64, 50, 183.73
2026/03/30 13:03:15.986, 0, 18061, 67, 64, 50, 198.94
2026/03/30 13:03:16.986, 0, 18061, 67, 64, 49, 218.02
2026/03/30 13:03:17.986, 0, 18061, 67, 64, 49, 227.67
2026/03/30 13:03:18.987, 0, 18061, 66, 63, 49, 239.72
2026/03/30 13:03:19.989, 0, 18061, 67, 64, 49, 240.86
2026/03/30 13:03:21.071, 0, 18061, 53, 51, 49, 129.61
2026/03/30 13:03:22.072, 0, 18061, 67, 64, 50, 183.40
2026/03/30 13:03:23.079, 0, 18061, 67, 64, 51, 183.12
2026/03/30 13:03:24.080, 0, 18061, 67, 64, 50, 253.18
2026/03/30 13:03:25.082, 0, 18061, 67, 64, 50, 215.95
2026/03/30 13:03:26.084, 0, 18061, 66, 63, 50, 179.03
2026/03/30 13:03:27.084, 0, 18061, 66, 63, 50, 169.66
2026/03/30 13:03:28.087, 0, 18061, 66, 63, 50, 152.38
2026/03/30 13:03:29.088, 0, 18061, 67, 64, 49, 119.36
2026/03/30 13:03:30.089, 0, 18061, 67, 64, 49, 131.09
2026/03/30 13:03:31.089, 0, 18061, 68, 64, 49, 130.82
2026/03/30 13:03:32.089, 0, 18061, 64, 62, 50, 215.07
2026/03/30 13:03:33.090, 0, 18061, 67, 63, 49, 179.03
2026/03/30 13:03:34.090, 0, 18061, 66, 62, 49, 167.91
2026/03/30 13:03:35.090, 0, 18061, 67, 64, 49, 150.03
2026/03/30 13:03:36.090, 0, 18061, 66, 62, 50, 269.59
2026/03/30 13:03:37.091, 0, 18061, 67, 64, 50, 250.24
2026/03/30 13:03:38.091, 0, 18061, 67, 63, 50, 242.93
2026/03/30 13:03:39.091, 0, 18061, 67, 64, 51, 219.16
2026/03/30 13:03:40.091, 0, 18061, 67, 64, 51, 180.51
2026/03/30 13:03:41.170, 0, 18061, 68, 64, 51, 203.63
2026/03/30 13:03:42.170, 0, 18061, 68, 64, 50, 212.13
2026/03/30 13:03:43.172, 0, 18061, 66, 63, 50, 129.94
2026/03/30 13:03:44.175, 0, 18061, 67, 64, 51, 143.00
2026/03/30 13:03:45.176, 0, 18061, 67, 64, 51, 162.30
2026/03/30 13:03:46.181, 0, 18061, 66, 63, 49, 197.19
2026/03/30 13:03:47.184, 0, 18061, 66, 63, 50, 201.88
2026/03/30 13:03:48.184, 0, 18061, 66, 63, 50, 219.16
2026/03/30 13:03:49.190, 0, 18061, 67, 64, 50, 231.21
2026/03/30 13:03:50.270, 0, 18061, 67, 64, 51, 242.60
2026/03/30 13:03:51.274, 0, 18061, 66, 63, 51, 268.72
2026/03/30 13:03:52.278, 0, 18061, 67, 64, 51, 268.39
2026/03/30 13:03:53.278, 0, 18061, 67, 64, 49, 143.88
2026/03/30 13:03:54.280, 0, 18061, 67, 64, 50, 172.61
2026/03/30 13:03:55.280, 0, 18061, 66, 63, 51, 214.48
2026/03/30 13:03:56.281, 0, 18061, 67, 64, 50, 228.54
2026/03/30 13:03:57.281, 0, 18061, 67, 64, 51, 238.79
2026/03/30 13:03:58.281, 0, 18061, 67, 64, 49, 266.65
2026/03/30 13:03:59.284, 0, 18061, 67, 64, 50, 264.91
2026/03/30 13:04:00.284, 0, 18061, 67, 64, 50, 264.03
2026/03/30 13:04:01.284, 0, 18061, 66, 62, 51, 250.51
2026/03/30 13:04:02.370, 0, 18061, 67, 64, 51, 214.48
2026/03/30 13:04:03.371, 0, 18061, 67, 64, 51, 199.26
2026/03/30 13:04:04.375, 0, 18061, 49, 43, 50, 159.95
2026/03/30 13:04:05.376, 0, 18061, 66, 63, 50, 260.82
2026/03/30 13:04:06.377, 0, 18061, 66, 63, 51, 250.51
2026/03/30 13:04:07.378, 0, 18061, 66, 63, 51, 237.04
2026/03/30 13:04:08.382, 0, 18061, 67, 64, 50, 193.97
2026/03/30 13:04:09.384, 0, 18061, 67, 64, 50, 208.91
2026/03/30 13:04:10.386, 0, 18061, 67, 64, 50, 224.18
2026/03/30 13:04:11.472, 0, 18061, 67, 64, 51, 231.76
2026/03/30 13:04:12.474, 0, 18061, 67, 64, 50, 230.89
2026/03/30 13:04:13.478, 0, 18061, 67, 64, 51, 248.77
2026/03/30 13:04:14.478, 0, 18061, 67, 64, 51, 246.42
2026/03/30 13:04:15.478, 0, 18061, 64, 63, 49, 179.64
2026/03/30 13:04:16.479, 0, 18061, 67, 64, 50, 219.76
2026/03/30 13:04:17.480, 0, 18061, 67, 64, 51, 180.51
2026/03/30 13:04:18.480, 0, 18061, 67, 64, 50, 178.17
2026/03/30 13:04:19.481, 0, 18061, 67, 64, 51, 225.05
2026/03/30 13:04:20.481, 0, 18061, 67, 64, 50, 243.80
2026/03/30 13:04:21.481, 0, 18061, 66, 63, 50, 191.63
2026/03/30 13:04:22.481, 0, 18061, 66, 63, 50, 177.56
2026/03/30 13:04:23.482, 0, 18061, 67, 63, 50, 269.00
2026/03/30 13:04:24.570, 0, 18061, 66, 63, 51, 261.36
2026/03/30 13:04:25.572, 0, 18061, 67, 64, 51, 262.83
2026/03/30 13:04:26.575, 0, 18061, 61, 59, 50, 230.34
2026/03/30 13:04:27.575, 0, 18061, 66, 63, 50, 239.99
2026/03/30 13:04:28.576, 0, 18061, 66, 63, 51, 268.39
2026/03/30 13:04:29.578, 0, 18061, 67, 63, 51, 262.83
2026/03/30 13:04:30.580, 0, 18061, 66, 63, 50, 249.09
2026/03/30 13:04:31.582, 0, 18061, 66, 63, 50, 161.15
2026/03/30 13:04:32.671, 0, 18061, 67, 64, 50, 193.10
2026/03/30 13:04:33.674, 0, 18061, 66, 64, 50, 219.76
2026/03/30 13:04:34.677, 0, 18061, 66, 63, 51, 175.22
2026/03/30 13:04:35.679, 0, 18061, 67, 64, 50, 160.88
2026/03/30 13:04:36.679, 0, 18061, 67, 64, 50, 158.54
2026/03/30 13:04:37.679, 0, 18061, 67, 64, 50, 232.96
2026/03/30 13:04:38.679, 0, 18061, 67, 63, 50, 179.64
2026/03/30 13:04:39.680, 0, 18061, 67, 63, 50, 172.00
2026/03/30 13:04:40.680, 0, 18061, 66, 63, 50, 151.77
2026/03/30 13:04:41.680, 0, 18061, 66, 63, 49, 116.74
2026/03/30 13:04:42.680, 0, 18061, 66, 62, 49, 140.06
2026/03/30 13:04:43.681, 0, 18061, 67, 64, 49, 174.62
2026/03/30 13:04:44.681, 0, 18061, 67, 64, 50, 196.59
2026/03/30 13:04:45.681, 0, 18061, 66, 63, 50, 209.79
2026/03/30 13:04:46.682, 0, 18061, 67, 64, 50, 229.14
2026/03/30 13:04:47.682, 0, 18061, 67, 64, 50, 229.14
2026/03/30 13:04:48.685, 0, 18061, 67, 64, 49, 193.10
2026/03/30 13:04:49.688, 0, 18061, 67, 64, 50, 205.10
2026/03/30 13:04:50.688, 0, 18061, 67, 64, 50, 208.64
2026/03/30 13:04:51.689, 0, 18061, 67, 63, 50, 227.67
2026/03/30 13:04:52.690, 0, 18061, 65, 62, 49, 243.80
2026/03/30 13:04:53.771, 0, 18061, 66, 62, 49, 268.39
2026/03/30 13:04:54.773, 0, 18061, 67, 64, 50, 270.47
2026/03/30 13:04:55.774, 0, 18061, 67, 64, 50, 264.03
2026/03/30 13:04:56.776, 0, 18061, 66, 63, 50, 258.47
2026/03/30 13:04:57.776, 0, 18061, 68, 64, 50, 251.11
2026/03/30 13:04:58.776, 0, 18061, 58, 52, 48, 168.46
2026/03/30 13:04:59.777, 0, 18061, 66, 63, 50, 270.47
2026/03/30 13:05:00.777, 0, 18061, 67, 63, 50, 270.74
2026/03/30 13:05:01.777, 0, 18061, 67, 64, 50, 264.03
2026/03/30 13:05:02.777, 0, 18061, 67, 64, 50, 262.23
2026/03/30 13:05:03.778, 0, 18061, 67, 64, 51, 261.36
2026/03/30 13:05:04.778, 0, 18061, 67, 64, 50, 250.24
2026/03/30 13:05:05.778, 0, 18061, 67, 64, 50, 237.92
2026/03/30 13:05:06.779, 0, 18061, 67, 64, 50, 232.96
2026/03/30 13:05:07.779, 0, 18061, 66, 63, 50, 193.97
2026/03/30 13:05:08.785, 0, 18061, 66, 63, 50, 200.73
2026/03/30 13:05:09.871, 0, 18061, 50, 47, 49, 181.38
2026/03/30 13:05:10.871, 0, 18061, 67, 63, 49, 148.83
2026/03/30 13:05:11.872, 0, 18061, 67, 63, 50, 261.09
2026/03/30 13:05:12.873, 0, 18061, 66, 63, 50, 263.16
2026/03/30 13:05:13.878, 0, 18061, 66, 63, 50, 251.44
2026/03/30 13:05:14.879, 0, 18061, 67, 64, 50, 239.72
2026/03/30 13:05:15.880, 0, 18061, 67, 64, 50, 228.27
2026/03/30 13:05:16.880, 0, 18061, 66, 63, 51, 191.03
2026/03/30 13:05:17.883, 0, 18061, 67, 64, 50, 164.10
2026/03/30 13:05:18.884, 0, 18061, 66, 64, 50, 208.64
2026/03/30 13:05:19.884, 0, 18061, 67, 64, 50, 208.31
2026/03/30 13:05:20.884, 0, 18061, 64, 63, 49, 258.74
2026/03/30 13:05:21.885, 0, 18061, 66, 63, 50, 259.01
2026/03/30 13:05:22.885, 0, 18061, 66, 63, 50, 225.32
2026/03/30 13:05:23.885, 0, 18061, 66, 62, 50, 173.47
2026/03/30 13:05:24.885, 0, 18061, 66, 64, 50, 256.40
2026/03/30 13:05:25.886, 0, 18061, 66, 63, 50, 182.26
2026/03/30 13:05:26.886, 0, 18061, 66, 63, 49, 170.26
2026/03/30 13:05:27.886, 0, 18061, 65, 61, 49, 135.78
2026/03/30 13:05:28.886, 0, 18061, 66, 62, 49, 123.78
2026/03/30 13:05:29.887, 0, 18061, 67, 64, 50, 244.40
2026/03/30 13:05:30.887, 0, 18061, 67, 64, 50, 237.92
2026/03/30 13:05:31.891, 0, 18061, 62, 62, 48, 153.85
2026/03/30 13:05:32.892, 0, 18061, 66, 63, 50, 161.76
2026/03/30 13:05:33.970, 0, 18061, 67, 63, 50, 149.16
2026/03/30 13:05:34.971, 0, 18061, 67, 63, 50, 119.68
2026/03/30 13:05:35.972, 0, 18061, 67, 64, 50, 146.49
2026/03/30 13:05:36.973, 0, 18061, 67, 64, 49, 173.15
2026/03/30 13:05:37.974, 0, 18061, 67, 64, 49, 201.61
2026/03/30 13:05:38.975, 0, 18061, 66, 63, 49, 230.61
2026/03/30 13:05:39.978, 0, 18061, 66, 63, 50, 227.07
2026/03/30 13:05:40.981, 0, 18061, 67, 64, 50, 247.89
2026/03/30 13:05:41.983, 0, 18061, 67, 64, 50, 252.59
2026/03/30 13:05:42.983, 0, 18061, 66, 64, 49, 178.44
2026/03/30 13:05:43.983, 0, 18061, 66, 63, 50, 201.28
2026/03/30 13:05:44.984, 0, 18061, 67, 64, 50, 227.07
2026/03/30 13:05:45.984, 0, 18061, 67, 63, 50, 227.40
2026/03/30 13:05:46.984, 0, 18061, 67, 63, 50, 239.99
2026/03/30 13:05:47.984, 0, 18061, 66, 63, 50, 166.99
2026/03/30 13:05:48.985, 0, 18061, 66, 63, 50, 149.16
2026/03/30 13:05:49.985, 0, 18061, 67, 64, 49, 121.43
2026/03/30 13:05:50.985, 0, 18061, 66, 62, 49, 130.54
2026/03/30 13:05:51.985, 0, 18061, 67, 64, 50, 155.59
2026/03/30 13:05:52.986, 0, 18061, 67, 64, 49, 162.90
2026/03/30 13:05:53.988, 0, 18061, 64, 60, 50, 265.18
2026/03/30 13:05:55.071, 0, 18061, 65, 62, 50, 261.68
2026/03/30 13:05:56.076, 0, 18061, 67, 64, 50, 257.27
2026/03/30 13:05:57.078, 0, 18061, 67, 64, 50, 237.65
2026/03/30 13:05:58.086, 0, 18061, 66, 63, 50, 231.76
2026/03/30 13:05:59.086, 0, 18061, 66, 63, 50, 183.40
2026/03/30 13:06:00.088, 0, 18061, 66, 64, 50, 215.95
2026/03/30 13:06:01.171, 0, 18061, 67, 64, 50, 229.14
2026/03/30 13:06:02.171, 0, 18061, 66, 63, 50, 256.12
2026/03/30 13:06:03.171, 0, 18061, 67, 64, 50, 264.03
2026/03/30 13:06:04.172, 0, 18061, 64, 60, 48, 98.56
2026/03/30 13:06:05.172, 0, 18061, 65, 62, 50, 200.73
2026/03/30 13:06:06.175, 0, 18061, 67, 64, 50, 187.82
2026/03/30 13:06:07.175, 0, 18061, 67, 64, 50, 236.45
2026/03/30 13:06:08.176, 0, 18061, 67, 64, 50, 246.42
2026/03/30 13:06:09.176, 0, 18061, 66, 63, 50, 191.63
2026/03/30 13:06:10.176, 0, 18061, 67, 63, 50, 177.84
2026/03/30 13:06:11.176, 0, 18061, 67, 64, 50, 170.80
2026/03/30 13:06:12.176, 0, 18061, 67, 63, 50, 157.34
2026/03/30 13:06:13.177, 0, 18061, 67, 63, 50, 134.91
2026/03/30 13:06:14.178, 0, 18061, 67, 64, 49, 122.57
2026/03/30 13:06:15.178, 0, 18061, 67, 64, 49, 203.08
2026/03/30 13:06:16.179, 0, 18061, 67, 64, 50, 186.07
2026/03/30 13:06:17.181, 0, 18061, 67, 63, 50, 173.15
2026/03/30 13:06:18.184, 0, 18061, 66, 63, 49, 149.71
2026/03/30 13:06:19.184, 0, 18061, 66, 63, 49, 119.08
2026/03/30 13:06:20.186, 0, 18061, 67, 64, 49, 126.72
2026/03/30 13:06:21.187, 0, 18061, 67, 64, 49, 137.12
2026/03/30 13:06:22.188, 0, 18061, 67, 64, 50, 159.09
2026/03/30 13:06:23.189, 0, 18061, 67, 64, 50, 184.87
2026/03/30 13:06:24.270, 0, 18061, 67, 64, 50, 198.06
2026/03/30 13:06:25.271, 0, 18061, 67, 64, 49, 172.61
2026/03/30 13:06:26.271, 0, 18061, 44, 37, 49, 173.75
2026/03/30 13:06:27.272, 0, 18061, 67, 64, 50, 264.91
2026/03/30 13:06:28.272, 0, 18061, 67, 64, 49, 263.16
2026/03/30 13:06:29.272, 0, 18061, 67, 64, 49, 258.74
2026/03/30 13:06:30.272, 0, 18061, 67, 64, 50, 257.00
2026/03/30 13:06:31.273, 0, 18061, 67, 64, 49, 229.74
2026/03/30 13:06:32.273, 0, 18061, 67, 63, 49, 213.87
2026/03/30 13:06:33.273, 0, 18061, 67, 64, 49, 179.64
2026/03/30 13:06:34.273, 0, 18061, 67, 64, 49, 178.17
2026/03/30 13:06:35.274, 0, 18061, 67, 64, 50, 226.80
2026/03/30 13:06:36.274, 0, 18061, 67, 64, 50, 213.87
2026/03/30 13:06:37.277, 0, 18061, 64, 63, 48, 124.05
2026/03/30 13:06:38.279, 0, 18061, 67, 64, 49, 131.09
2026/03/30 13:06:39.280, 0, 18061, 67, 64, 49, 147.36
2026/03/30 13:06:40.281, 0, 18061, 67, 64, 50, 189.29
2026/03/30 13:06:41.286, 0, 18061, 66, 63, 50, 198.06
2026/03/30 13:06:42.289, 0, 18061, 67, 64, 50, 172.61
2026/03/30 13:06:43.289, 0, 18061, 67, 64, 50, 204.50
2026/03/30 13:06:44.375, 0, 18061, 67, 63, 49, 224.72
2026/03/30 13:06:45.377, 0, 18061, 66, 62, 49, 228.54
2026/03/30 13:06:46.378, 0, 18061, 67, 64, 49, 229.14
2026/03/30 13:06:47.378, 0, 18061, 67, 64, 49, 233.23
2026/03/30 13:06:48.378, 0, 18061, 67, 64, 49, 133.16
2026/03/30 13:06:49.379, 0, 18061, 67, 64, 49, 165.85
2026/03/30 13:06:50.379, 0, 18061, 67, 64, 49, 195.72
2026/03/30 13:06:51.379, 0, 18061, 67, 64, 49, 202.48
2026/03/30 13:06:52.379, 0, 18061, 67, 64, 49, 213.87
2026/03/30 13:06:53.380, 0, 18061, 67, 64, 50, 229.41
2026/03/30 13:06:54.380, 0, 18061, 67, 64, 50, 229.14
2026/03/30 13:06:55.380, 0, 18061, 67, 64, 50, 236.17
2026/03/30 13:06:56.381, 0, 18061, 67, 64, 50, 258.15
2026/03/30 13:06:57.381, 0, 18061, 67, 64, 51, 270.47
2026/03/30 13:06:58.381, 0, 18061, 66, 63, 50, 268.12
2026/03/30 13:06:59.382, 0, 18061, 67, 64, 50, 206.84
2026/03/30 13:07:00.383, 0, 18061, 66, 63, 50, 231.21
2026/03/30 13:07:01.471, 0, 18061, 66, 62, 49, 178.17
2026/03/30 13:07:02.472, 0, 18061, 66, 63, 49, 266.05
2026/03/30 13:07:03.475, 0, 18061, 67, 64, 49, 266.65
2026/03/30 13:07:04.477, 0, 18061, 67, 64, 50, 261.09
2026/03/30 13:07:05.478, 0, 18061, 66, 63, 50, 258.47
2026/03/30 13:07:06.479, 0, 18061, 66, 63, 50, 222.11
2026/03/30 13:07:07.479, 0, 18061, 67, 64, 50, 192.23
2026/03/30 13:07:08.479, 0, 18061, 67, 64, 50, 169.33
2026/03/30 13:07:09.480, 0, 18061, 67, 64, 48, 210.66
2026/03/30 13:07:10.480, 0, 18061, 67, 64, 50, 264.91
2026/03/30 13:07:11.480, 0, 18061, 67, 64, 50, 264.30
2026/03/30 13:07:12.480, 0, 18061, 67, 64, 50, 259.89
2026/03/30 13:07:13.481, 0, 18061, 67, 64, 50, 261.09
2026/03/30 13:07:14.481, 0, 18061, 65, 62, 50, 222.38
2026/03/30 13:07:15.481, 0, 18061, 67, 64, 50, 158.21
2026/03/30 13:07:16.482, 0, 18061, 66, 63, 50, 227.67
2026/03/30 13:07:17.482, 0, 18061, 66, 63, 49, 241.13
2026/03/30 13:07:18.483, 0, 18061, 66, 63, 49, 203.35
2026/03/30 13:07:19.483, 0, 18061, 66, 63, 49, 177.84
2026/03/30 13:07:20.484, 0, 18061, 66, 62, 49, 99.98
2026/03/30 13:07:21.488, 0, 18061, 67, 63, 49, 205.43
2026/03/30 13:07:22.493, 0, 18061, 67, 63, 50, 254.06
2026/03/30 13:07:23.570, 0, 18061, 66, 62, 50, 192.50
2026/03/30 13:07:24.570, 0, 18061, 67, 63, 50, 177.56
2026/03/30 13:07:25.572, 0, 18061, 67, 63, 50, 167.59
2026/03/30 13:07:26.575, 0, 18061, 67, 64, 49, 145.35
2026/03/30 13:07:27.577, 0, 18061, 67, 64, 49, 117.88
2026/03/30 13:07:28.577, 0, 18061, 67, 64, 50, 134.91
2026/03/30 13:07:29.578, 0, 18061, 67, 64, 49, 166.71
2026/03/30 13:07:30.580, 0, 18061, 67, 64, 49, 191.90
2026/03/30 13:07:31.581, 0, 18061, 64, 63, 49, 183.12
2026/03/30 13:07:32.581, 0, 18061, 67, 64, 49, 152.65
2026/03/30 13:07:33.581, 0, 18061, 67, 64, 49, 132.15
2026/03/30 13:07:34.582, 0, 18061, 67, 64, 49, 127.87
2026/03/30 13:07:35.582, 0, 18061, 67, 64, 49, 139.33
2026/03/30 13:07:36.582, 0, 18061, 67, 64, 50, 148.24
2026/03/30 13:07:37.582, 0, 18061, 67, 64, 49, 161.43
2026/03/30 13:07:38.583, 0, 18061, 66, 63, 50, 192.23
2026/03/30 13:07:39.583, 0, 18061, 67, 64, 50, 160.56
2026/03/30 13:07:40.583, 0, 18061, 65, 62, 50, 186.94
2026/03/30 13:07:41.583, 0, 18061, 67, 64, 49, 203.95
2026/03/30 13:07:42.671, 0, 18061, 64, 63, 49, 104.40
2026/03/30 13:07:43.672, 0, 18061, 67, 64, 50, 141.20
2026/03/30 13:07:44.674, 0, 18061, 67, 64, 49, 196.05
2026/03/30 13:07:45.678, 0, 18061, 67, 64, 50, 166.71
2026/03/30 13:07:46.770, 0, 18061, 67, 64, 50, 208.04
2026/03/30 13:07:47.773, 0, 18061, 66, 63, 50, 254.65
2026/03/30 13:07:48.774, 0, 18061, 66, 63, 50, 225.92
2026/03/30 13:07:49.775, 0, 18061, 67, 64, 49, 191.63
2026/03/30 13:07:50.776, 0, 18061, 67, 64, 49, 177.29
2026/03/30 13:07:51.777, 0, 18061, 67, 64, 50, 170.26
2026/03/30 13:07:52.777, 0, 18061, 68, 64, 49, 173.47
2026/03/30 13:07:53.777, 0, 18061, 62, 60, 50, 166.99
2026/03/30 13:07:54.777, 0, 18061, 66, 63, 49, 193.10
2026/03/30 13:07:55.778, 0, 18061, 65, 62, 49, 259.34
2026/03/30 13:07:56.778, 0, 18061, 66, 63, 50, 225.05
2026/03/30 13:07:57.778, 0, 18061, 67, 64, 49, 198.66
2026/03/30 13:07:58.778, 0, 18061, 67, 64, 49, 233.56
2026/03/30 13:07:59.779, 0, 18061, 67, 63, 49, 257.00
2026/03/30 13:08:00.779, 0, 18061, 67, 64, 49, 269.86
2026/03/30 13:08:01.779, 0, 18061, 67, 64, 50, 269.86
2026/03/30 13:08:02.780, 0, 18061, 68, 64, 50, 266.38
2026/03/30 13:08:03.780, 0, 18061, 68, 64, 50, 267.57
2026/03/30 13:08:04.781, 0, 18061, 67, 63, 49, 207.17
2026/03/30 13:08:05.781, 0, 18061, 66, 63, 49, 227.99
2026/03/30 13:08:06.782, 0, 18061, 67, 64, 49, 195.72
2026/03/30 13:08:07.870, 0, 18061, 67, 63, 50, 176.09
2026/03/30 13:08:08.872, 0, 18061, 67, 63, 50, 167.59
2026/03/30 13:08:09.872, 0, 18061, 66, 63, 49, 264.91
2026/03/30 13:08:10.874, 0, 18061, 67, 64, 49, 145.17
2026/03/30 13:08:11.875, 0, 18061, 67, 64, 49, 115.54
2026/03/30 13:08:12.876, 0, 18061, 67, 64, 49, 126.12
2026/03/30 13:08:13.877, 0, 18061, 67, 64, 49, 131.69
2026/03/30 13:08:14.877, 0, 18061, 62, 57, 49, 221.51
2026/03/30 13:08:15.877, 0, 18061, 66, 63, 49, 177.56
2026/03/30 13:08:16.878, 0, 18061, 65, 62, 49, 169.93
2026/03/30 13:08:17.878, 0, 18061, 67, 63, 49, 269.86
2026/03/30 13:08:18.878, 0, 18061, 67, 64, 50, 260.48
2026/03/30 13:08:19.878, 0, 18061, 67, 64, 50, 257.27
2026/03/30 13:08:20.879, 0, 18061, 67, 64, 50, 253.78
2026/03/30 13:08:21.879, 0, 18061, 67, 64, 50, 245.55
2026/03/30 13:08:22.879, 0, 18061, 67, 64, 50, 234.10
2026/03/30 13:08:23.879, 0, 18061, 67, 64, 51, 186.94
2026/03/30 13:08:24.880, 0, 18061, 68, 64, 50, 176.97
2026/03/30 13:08:25.882, 0, 18061, 61, 55, 50, 164.97
2026/03/30 13:08:26.883, 0, 18061, 67, 63, 50, 266.05
2026/03/30 13:08:27.884, 0, 18061, 66, 63, 50, 251.11
2026/03/30 13:08:28.887, 0, 18061, 66, 62, 49, 142.40
2026/03/30 13:08:29.971, 0, 18061, 67, 64, 50, 196.92
2026/03/30 13:08:30.972, 0, 18061, 67, 64, 50, 188.41
2026/03/30 13:08:31.974, 0, 18061, 65, 62, 50, 229.14
2026/03/30 13:08:32.975, 0, 18061, 67, 63, 51, 227.99
2026/03/30 13:08:33.978, 0, 18061, 67, 64, 51, 265.50
2026/03/30 13:08:34.985, 0, 18061, 67, 64, 50, 268.39
2026/03/30 13:08:35.985, 0, 18061, 67, 64, 50, 157.61
2026/03/30 13:08:36.987, 0, 18061, 64, 63, 49, 162.90
2026/03/30 13:08:37.987, 0, 18061, 66, 63, 50, 177.56
2026/03/30 13:08:38.988, 0, 18061, 67, 64, 50, 172.00
2026/03/30 13:08:39.988, 0, 18061, 67, 64, 50, 162.62
2026/03/30 13:08:40.988, 0, 18061, 67, 64, 50, 149.59
2026/03/30 13:08:41.988, 0, 18061, 67, 64, 50, 124.64
2026/03/30 13:08:42.988, 0, 18061, 67, 64, 50, 123.50
2026/03/30 13:08:43.989, 0, 18061, 67, 64, 49, 136.11
2026/03/30 13:08:44.989, 0, 18061, 67, 64, 49, 167.91
2026/03/30 13:08:45.989, 0, 18061, 66, 62, 49, 192.78
2026/03/30 13:08:46.990, 0, 18061, 67, 64, 49, 198.39
2026/03/30 13:08:47.990, 0, 18061, 56, 55, 49, 140.33
2026/03/30 13:08:48.994, 0, 18061, 67, 64, 50, 257.87
2026/03/30 13:08:50.072, 0, 18061, 67, 64, 50, 244.40
2026/03/30 13:08:51.072, 0, 18061, 67, 64, 50, 197.79
2026/03/30 13:08:52.073, 0, 18061, 66, 62, 50, 189.56
2026/03/30 13:08:53.074, 0, 18061, 66, 63, 50, 254.06
2026/03/30 13:08:54.075, 0, 18061, 66, 63, 49, 183.40
2026/03/30 13:08:55.076, 0, 18061, 66, 63, 49, 173.15
2026/03/30 13:08:56.090, 0, 18061, 66, 63, 51, 159.68
2026/03/30 13:08:57.171, 0, 18061, 68, 64, 50, 124.92
2026/03/30 13:08:58.172, 0, 18061, 68, 64, 50, 123.17
2026/03/30 13:08:59.172, 0, 18061, 67, 64, 50, 173.47
2026/03/30 13:09:00.172, 0, 18061, 67, 64, 50, 166.12
2026/03/30 13:09:01.173, 0, 18061, 67, 64, 50, 157.34
2026/03/30 13:09:02.173, 0, 18061, 67, 63, 50, 117.61
2026/03/30 13:09:03.173, 0, 18061, 66, 63, 50, 124.92
2026/03/30 13:09:04.173, 0, 18061, 66, 63, 50, 134.03
2026/03/30 13:09:05.174, 0, 18061, 67, 64, 49, 148.24
2026/03/30 13:09:06.174, 0, 18061, 67, 64, 49, 159.95
2026/03/30 13:09:07.174, 0, 18061, 67, 64, 49, 174.95
2026/03/30 13:09:08.174, 0, 18061, 68, 64, 50, 194.58
2026/03/30 13:09:09.175, 0, 18061, 68, 64, 50, 181.65
2026/03/30 13:09:10.175, 0, 18061, 65, 62, 49, 116.74
2026/03/30 13:09:11.176, 0, 18061, 67, 64, 49, 130.22
2026/03/30 13:09:12.177, 0, 18061, 67, 64, 50, 148.83
2026/03/30 13:09:13.177, 0, 18061, 67, 64, 50, 173.75
2026/03/30 13:09:14.181, 0, 18061, 66, 63, 50, 198.39
2026/03/30 13:09:15.271, 0, 18061, 66, 63, 50, 215.07
2026/03/30 13:09:16.277, 0, 18061, 66, 62, 51, 227.99
2026/03/30 13:09:17.371, 0, 18061, 67, 63, 51, 189.88
2026/03/30 13:09:18.372, 0, 18061, 67, 64, 51, 174.02
2026/03/30 13:09:19.373, 0, 18061, 67, 64, 50, 171.68
2026/03/30 13:09:20.374, 0, 18061, 67, 64, 49, 169.06
2026/03/30 13:09:21.374, 0, 18061, 66, 63, 51, 188.69
2026/03/30 13:09:22.374, 0, 18061, 67, 63, 50, 257.00
2026/03/30 13:09:23.375, 0, 18061, 67, 63, 51, 221.51
2026/03/30 13:09:24.375, 0, 18061, 66, 63, 50, 179.03
2026/03/30 13:09:25.375, 0, 18061, 67, 64, 50, 172.88
2026/03/30 13:09:26.375, 0, 18061, 67, 64, 50, 164.37
2026/03/30 13:09:27.376, 0, 18061, 67, 64, 50, 145.62
2026/03/30 13:09:28.376, 0, 18061, 67, 64, 50, 117.33
2026/03/30 13:09:29.377, 0, 18061, 67, 64, 50, 123.78
2026/03/30 13:09:30.378, 0, 18061, 67, 64, 50, 140.65
2026/03/30 13:09:31.378, 0, 18061, 42, 34, 50, 243.21
2026/03/30 13:09:32.381, 0, 18061, 67, 64, 50, 175.49
2026/03/30 13:09:33.382, 0, 18061, 67, 64, 50, 167.91
2026/03/30 13:09:34.382, 0, 18061, 67, 64, 50, 158.54
2026/03/30 13:09:35.384, 0, 18061, 67, 64, 50, 266.05
2026/03/30 13:09:36.384, 0, 18061, 67, 64, 50, 115.54
2026/03/30 13:09:37.471, 0, 18061, 66, 63, 50, 126.40
2026/03/30 13:09:38.473, 0, 18061, 67, 64, 51, 251.11
2026/03/30 13:09:39.475, 0, 18061, 66, 63, 50, 184.60
2026/03/30 13:09:40.477, 0, 18061, 65, 61, 50, 211.26
2026/03/30 13:09:41.479, 0, 18061, 66, 62, 50, 228.87
2026/03/30 13:09:42.479, 0, 18061, 60, 59, 49, 102.06
2026/03/30 13:09:43.480, 0, 18061, 67, 64, 50, 152.92
2026/03/30 13:09:44.480, 0, 18061, 67, 63, 49, 196.59
2026/03/30 13:09:45.480, 0, 18061, 66, 62, 50, 214.20
2026/03/30 13:09:46.480, 0, 18061, 67, 63, 50, 228.54
2026/03/30 13:09:47.482, 0, 18061, 66, 63, 51, 254.93
2026/03/30 13:09:48.483, 0, 18061, 67, 63, 51, 269.00
2026/03/30 13:09:49.483, 0, 18061, 67, 64, 51, 267.52
2026/03/30 13:09:50.483, 0, 18061, 67, 64, 51, 262.56
2026/03/30 13:09:51.483, 0, 18061, 67, 64, 51, 242.93
2026/03/30 13:09:52.484, 0, 18061, 67, 64, 51, 244.40
2026/03/30 13:09:53.484, 0, 18061, 56, 52, 51, 246.75
2026/03/30 13:09:54.485, 0, 18061, 65, 62, 51, 163.50
2026/03/30 13:09:55.487, 0, 18061, 67, 64, 51, 148.56
2026/03/30 13:09:56.488, 0, 18061, 67, 64, 51, 262.56
2026/03/30 13:09:57.570, 0, 18061, 67, 64, 51, 234.10
2026/03/30 13:09:58.572, 0, 18061, 66, 63, 51, 184.00
2026/03/30 13:09:59.575, 0, 18061, 67, 64, 51, 250.24
2026/03/30 13:10:00.577, 0, 18061, 66, 62, 51, 189.29
2026/03/30 13:10:01.578, 0, 18061, 67, 64, 50, 164.10
2026/03/30 13:10:02.580, 0, 18061, 66, 63, 50, 120.71
2026/03/30 13:10:03.581, 0, 18061, 67, 64, 50, 134.77
2026/03/30 13:10:04.581, 0, 18061, 54, 52, 50, 196.32
2026/03/30 13:10:05.582, 0, 18061, 67, 64, 50, 176.97
2026/03/30 13:10:06.582, 0, 18061, 67, 64, 50, 169.06
2026/03/30 13:10:07.582, 0, 18061, 67, 64, 50, 148.24
2026/03/30 13:10:08.582, 0, 18061, 67, 64, 50, 115.26
2026/03/30 13:10:09.583, 0, 18061, 67, 64, 50, 130.54
2026/03/30 13:10:10.583, 0, 18061, 67, 63, 50, 149.16
2026/03/30 13:10:11.583, 0, 18061, 64, 60, 50, 194.25
2026/03/30 13:10:12.584, 0, 18061, 66, 63, 51, 211.53
2026/03/30 13:10:13.584, 0, 18061, 67, 64, 51, 258.74
2026/03/30 13:10:14.584, 0, 18061, 67, 63, 51, 259.01
2026/03/30 13:10:15.584, 0, 18061, 66, 63, 50, 256.67
2026/03/30 13:10:16.586, 0, 18061, 67, 63, 51, 234.10
2026/03/30 13:10:17.587, 0, 18061, 67, 63, 51, 167.32
2026/03/30 13:10:18.590, 0, 18061, 66, 63, 50, 227.40
2026/03/30 13:10:19.670, 0, 18061, 66, 62, 50, 234.10
2026/03/30 13:10:20.672, 0, 18061, 67, 63, 50, 264.03
2026/03/30 13:10:21.674, 0, 18061, 67, 64, 51, 268.72
2026/03/30 13:10:22.679, 0, 18061, 67, 64, 51, 258.15
2026/03/30 13:10:23.681, 0, 18061, 67, 64, 51, 238.51
2026/03/30 13:10:24.684, 0, 18061, 67, 64, 51, 214.20
2026/03/30 13:10:25.685, 0, 18061, 66, 63, 49, 210.11
2026/03/30 13:10:26.686, 0, 18061, 66, 62, 51, 268.12
2026/03/30 13:10:27.688, 0, 18061, 67, 64, 51, 257.27
2026/03/30 13:10:28.688, 0, 18061, 67, 64, 51, 253.78
2026/03/30 13:10:29.689, 0, 18061, 67, 64, 51, 235.57
2026/03/30 13:10:30.689, 0, 18061, 66, 63, 50, 188.41
2026/03/30 13:10:31.689, 0, 18061, 67, 63, 50, 198.39
2026/03/30 13:10:32.690, 0, 18061, 65, 61, 50, 237.92
2026/03/30 13:10:33.691, 0, 18061, 67, 64, 50, 239.39
2026/03/30 13:10:34.691, 0, 18061, 67, 64, 50, 270.47
2026/03/30 13:10:35.691, 0, 18061, 67, 64, 50, 274.88
2026/03/30 13:10:36.692, 0, 18061, 67, 64, 49, 101.18
2026/03/30 13:10:37.692, 0, 18061, 67, 64, 51, 179.91
2026/03/30 13:10:38.771, 0, 18061, 65, 62, 51, 257.27
2026/03/30 13:10:39.772, 0, 18061, 67, 64, 51, 225.65
2026/03/30 13:10:40.774, 0, 18061, 67, 64, 50, 178.44
2026/03/30 13:10:41.775, 0, 18061, 67, 64, 50, 169.06
2026/03/30 13:10:42.781, 0, 18061, 67, 63, 50, 138.59
2026/03/30 13:10:43.784, 0, 18061, 67, 63, 50, 116.74
2026/03/30 13:10:44.788, 0, 18061, 67, 63, 50, 147.96
2026/03/30 13:10:45.790, 0, 18061, 67, 64, 50, 197.19
2026/03/30 13:10:46.791, 0, 18061, 66, 63, 51, 210.99
2026/03/30 13:10:47.792, 0, 18061, 63, 62, 50, 175.82
2026/03/30 13:10:48.797, 0, 18061, 67, 64, 50, 120.23
2026/03/30 13:10:49.798, 0, 18061, 67, 63, 50, 140.93
2026/03/30 13:10:50.798, 0, 18061, 67, 63, 50, 162.30
2026/03/30 13:10:51.798, 0, 18061, 67, 63, 51, 198.39
2026/03/30 13:10:52.798, 0, 18061, 66, 63, 51, 190.76
2026/03/30 13:10:53.799, 0, 18061, 66, 63, 51, 256.40
2026/03/30 13:10:54.799, 0, 18061, 66, 63, 51, 201.61
2026/03/30 13:10:55.799, 0, 18061, 66, 63, 51, 176.97
2026/03/30 13:10:56.801, 0, 18061, 65, 62, 51, 162.62
2026/03/30 13:10:57.802, 0, 18061, 67, 64, 50, 158.81
2026/03/30 13:10:58.802, 0, 18061, 64, 63, 49, 157.06
2026/03/30 13:10:59.802, 0, 18061, 67, 64, 50, 168.46
2026/03/30 13:11:00.870, 0, 18061, 67, 64, 50, 153.52
2026/03/30 13:11:01.872, 0, 18061, 67, 64, 50, 122.30
2026/03/30 13:11:02.872, 0, 18061, 65, 62, 50, 165.24
2026/03/30 13:11:03.873, 0, 18061, 67, 63, 50, 200.14
2026/03/30 13:11:04.877, 0, 18061, 67, 63, 50, 212.73
2026/03/30 13:11:05.879, 0, 18061, 67, 64, 51, 232.36
2026/03/30 13:11:06.880, 0, 18061, 66, 63, 51, 252.59
2026/03/30 13:11:07.881, 0, 18061, 65, 62, 51, 267.85
2026/03/30 13:11:08.882, 0, 18061, 67, 64, 51, 263.43
2026/03/30 13:11:09.883, 0, 18061, 64, 63, 50, 209.19
2026/03/30 13:11:10.884, 0, 18061, 66, 63, 51, 238.79
2026/03/30 13:11:11.884, 0, 18061, 67, 64, 51, 268.99
2026/03/30 13:11:12.884, 0, 18061, 67, 64, 51, 132.75
2026/03/30 13:11:13.884, 0, 18061, 67, 64, 50, 130.82
2026/03/30 13:11:14.885, 0, 18061, 67, 63, 51, 161.43
2026/03/30 13:11:15.885, 0, 18061, 67, 64, 50, 197.19
2026/03/30 13:11:16.885, 0, 18061, 66, 63, 50, 212.46
2026/03/30 13:11:17.885, 0, 18061, 67, 64, 50, 228.27
2026/03/30 13:11:18.886, 0, 18061, 66, 63, 50, 273.68
2026/03/30 13:11:19.886, 0, 18061, 67, 64, 51, 267.52
2026/03/30 13:11:20.886, 0, 18061, 63, 62, 49, 184.32
2026/03/30 13:11:21.886, 0, 18061, 66, 64, 50, 276.03
2026/03/30 13:11:22.887, 0, 18061, 66, 63, 51, 262.83
2026/03/30 13:11:23.970, 0, 18061, 66, 62, 51, 250.51
2026/03/30 13:11:24.971, 0, 18061, 66, 63, 51, 198.39
2026/03/30 13:11:25.973, 0, 18061, 66, 63, 50, 208.91
2026/03/30 13:11:26.976, 0, 18061, 67, 63, 51, 231.21
2026/03/30 13:11:27.978, 0, 18061, 66, 63, 51, 239.12
2026/03/30 13:11:28.979, 0, 18061, 67, 64, 51, 251.71
2026/03/30 13:11:29.979, 0, 18061, 66, 63, 51, 271.06
2026/03/30 13:11:30.984, 0, 18061, 67, 64, 51, 265.50
2026/03/30 13:11:31.986, 0, 18061, 63, 62, 50, 204.82
2026/03/30 13:11:32.987, 0, 18061, 67, 64, 51, 205.70
2026/03/30 13:11:34.072, 0, 18061, 67, 64, 51, 213.00
2026/03/30 13:11:35.073, 0, 18061, 66, 62, 51, 228.87
2026/03/30 13:11:36.074, 0, 18061, 66, 63, 50, 240.59
2026/03/30 13:11:37.076, 0, 18061, 67, 64, 51, 270.19
2026/03/30 13:11:38.077, 0, 18061, 67, 64, 50, 271.33
2026/03/30 13:11:39.077, 0, 18061, 67, 64, 51, 260.21
2026/03/30 13:11:40.077, 0, 18061, 65, 62, 51, 238.79
2026/03/30 13:11:41.078, 0, 18061, 67, 64, 50, 220.36
2026/03/30 13:11:42.078, 0, 18061, 67, 64, 51, 222.11
2026/03/30 13:11:43.079, 0, 18061, 67, 64, 51, 265.77
2026/03/30 13:11:44.080, 0, 18061, 67, 64, 51, 258.74
2026/03/30 13:11:45.083, 0, 18061, 67, 63, 51, 249.09
2026/03/30 13:11:46.084, 0, 18061, 67, 63, 50, 225.05
2026/03/30 13:11:47.171, 0, 18061, 67, 63, 51, 176.09
2026/03/30 13:11:48.175, 0, 18061, 66, 62, 50, 228.87
2026/03/30 13:11:49.176, 0, 18061, 67, 64, 51, 228.87
2026/03/30 13:11:50.178, 0, 18061, 67, 64, 50, 261.68
2026/03/30 13:11:51.178, 0, 18061, 66, 63, 51, 264.57
2026/03/30 13:11:52.270, 0, 18061, 67, 64, 51, 125.52
2026/03/30 13:11:53.274, 0, 18061, 67, 64, 50, 111.77
2026/03/30 13:11:54.276, 0, 18061, 67, 64, 51, 197.79
2026/03/30 13:11:55.278, 0, 18061, 67, 64, 51, 265.18
2026/03/30 13:11:56.279, 0, 18061, 67, 64, 50, 274.56
2026/03/30 13:11:57.280, 0, 18061, 67, 64, 50, 272.54
2026/03/30 13:11:58.280, 0, 18061, 67, 64, 50, 266.37
2026/03/30 13:11:59.280, 0, 18061, 67, 63, 50, 255.80
2026/03/30 13:12:00.280, 0, 18061, 66, 63, 50, 238.24
2026/03/30 13:12:01.281, 0, 18061, 67, 63, 50, 214.20
2026/03/30 13:12:02.281, 0, 18061, 67, 64, 50, 173.15
2026/03/30 13:12:03.281, 0, 18061, 67, 64, 50, 195.45
2026/03/30 13:12:04.281, 0, 18061, 67, 64, 50, 203.95
2026/03/30 13:12:05.282, 0, 18061, 67, 63, 51, 258.47
2026/03/30 13:12:06.370, 0, 18061, 65, 61, 51, 239.99
2026/03/30 13:12:07.373, 0, 18061, 67, 63, 50, 205.10
2026/03/30 13:12:08.374, 0, 18061, 67, 63, 50, 193.10
2026/03/30 13:12:09.376, 0, 18061, 67, 64, 50, 228.54
2026/03/30 13:12:10.379, 0, 18061, 66, 63, 50, 180.78
2026/03/30 13:12:11.379, 0, 18061, 66, 63, 50, 168.79
2026/03/30 13:12:12.380, 0, 18061, 67, 64, 50, 271.94
2026/03/30 13:12:13.381, 0, 18061, 67, 64, 51, 117.33
2026/03/30 13:12:14.390, 0, 18061, 67, 64, 50, 128.47
2026/03/30 13:12:15.471, 0, 18061, 53, 50, 50, 226.19
2026/03/30 13:12:16.473, 0, 18061, 67, 64, 51, 266.05
2026/03/30 13:12:17.474, 0, 18061, 67, 64, 50, 138.86
2026/03/30 13:12:18.475, 0, 18061, 67, 64, 50, 122.03
2026/03/30 13:12:19.475, 0, 18061, 67, 63, 50, 139.79
2026/03/30 13:12:20.475, 0, 18061, 65, 62, 50, 170.26
2026/03/30 13:12:21.476, 0, 18061, 66, 63, 50, 199.81
2026/03/30 13:12:22.476, 0, 18061, 67, 64, 50, 213.87
2026/03/30 13:12:23.476, 0, 18061, 67, 64, 51, 229.14
2026/03/30 13:12:24.476, 0, 18061, 67, 64, 50, 236.45
2026/03/30 13:12:25.478, 0, 18061, 67, 64, 51, 235.30
2026/03/30 13:12:26.479, 0, 18061, 63, 62, 49, 115.86
2026/03/30 13:12:27.479, 0, 18061, 66, 63, 51, 204.50
2026/03/30 13:12:28.480, 0, 18061, 67, 64, 51, 228.54
2026/03/30 13:12:29.481, 0, 18061, 67, 64, 51, 255.53
2026/03/30 13:12:30.482, 0, 18061, 67, 64, 51, 265.77
2026/03/30 13:12:31.484, 0, 18061, 65, 61, 51, 261.68
2026/03/30 13:12:32.486, 0, 18061, 67, 63, 50, 240.26
2026/03/30 13:12:33.571, 0, 18061, 67, 64, 51, 212.73
2026/03/30 13:12:34.575, 0, 18061, 67, 64, 51, 172.28
2026/03/30 13:12:35.576, 0, 18061, 65, 62, 51, 258.74
2026/03/30 13:12:36.577, 0, 18061, 66, 63, 51, 248.49
2026/03/30 13:12:37.577, 0, 18061, 64, 63, 50, 250.24
2026/03/30 13:12:38.581, 0, 18061, 67, 64, 51, 232.08
2026/03/30 13:12:39.581, 0, 18061, 67, 63, 51, 176.09
2026/03/30 13:12:40.581, 0, 18061, 67, 64, 51, 206.30
2026/03/30 13:12:41.581, 0, 18061, 65, 62, 50, 222.38
2026/03/30 13:12:42.582, 0, 18061, 67, 64, 50, 169.93
2026/03/30 13:12:43.582, 0, 18061, 66, 63, 50, 120.23
2026/03/30 13:12:44.582, 0, 18061, 65, 62, 50, 130.82
2026/03/30 13:12:45.582, 0, 18061, 65, 62, 50, 159.95
2026/03/30 13:12:46.583, 0, 18061, 67, 64, 51, 198.06
2026/03/30 13:12:47.583, 0, 18061, 67, 63, 50, 197.19
2026/03/30 13:12:48.583, 0, 18061, 55, 54, 49, 170.26
2026/03/30 13:12:49.583, 0, 18061, 67, 64, 50, 263.16
2026/03/30 13:12:50.584, 0, 18061, 66, 63, 50, 115.26
2026/03/30 13:12:51.586, 0, 18061, 67, 63, 50, 256.12
2026/03/30 13:12:52.587, 0, 18061, 66, 63, 50, 156.47
2026/03/30 13:12:53.672, 0, 18061, 67, 63, 50, 196.05
2026/03/30 13:12:54.672, 0, 18061, 67, 64, 50, 200.41
2026/03/30 13:12:55.673, 0, 18061, 67, 64, 50, 218.89
2026/03/30 13:12:56.675, 0, 18061, 67, 64, 50, 231.48
2026/03/30 13:12:57.676, 0, 18061, 67, 64, 51, 253.45
2026/03/30 13:12:58.678, 0, 18061, 67, 64, 50, 250.84
2026/03/30 13:12:59.679, 0, 18061, 66, 63, 49, 175.82
2026/03/30 13:13:00.679, 0, 18061, 66, 62, 50, 201.88
2026/03/30 13:13:01.679, 0, 18061, 67, 64, 50, 205.10
2026/03/30 13:13:02.679, 0, 18061, 67, 64, 50, 232.36
2026/03/30 13:13:03.680, 0, 18061, 67, 64, 50, 232.68
2026/03/30 13:13:04.680, 0, 18061, 67, 64, 51, 237.65
2026/03/30 13:13:05.680, 0, 18061, 67, 64, 51, 264.30
2026/03/30 13:13:06.680, 0, 18061, 67, 64, 51, 266.05
2026/03/30 13:13:07.681, 0, 18061, 67, 63, 51, 269.00
2026/03/30 13:13:08.681, 0, 18061, 68, 65, 51, 258.15
2026/03/30 13:13:09.681, 0, 18061, 68, 65, 50, 141.95
2026/03/30 13:13:10.681, 0, 18061, 67, 64, 50, 244.40
2026/03/30 13:13:11.682, 0, 18061, 67, 63, 50, 184.87
2026/03/30 13:13:12.682, 0, 18061, 66, 63, 50, 198.66
2026/03/30 13:13:13.683, 0, 18061, 67, 63, 50, 208.04
2026/03/30 13:13:14.683, 0, 18061, 67, 63, 50, 232.68
2026/03/30 13:13:15.684, 0, 18061, 66, 62, 50, 242.33
2026/03/30 13:13:16.685, 0, 18061, 67, 64, 50, 274.28
2026/03/30 13:13:17.689, 0, 18061, 67, 63, 51, 262.56
2026/03/30 13:13:18.690, 0, 18061, 66, 63, 51, 258.47
2026/03/30 13:13:19.690, 0, 18061, 67, 63, 51, 236.45
2026/03/30 13:13:20.690, 0, 18061, 66, 62, 49, 186.67
2026/03/30 13:13:21.691, 0, 18061, 66, 63, 50, 267.52
2026/03/30 13:13:22.692, 0, 18061, 67, 63, 51, 256.40
2026/03/30 13:13:23.693, 0, 18061, 67, 64, 51, 250.24
2026/03/30 13:13:24.693, 0, 18061, 67, 63, 51, 234.10
2026/03/30 13:13:25.694, 0, 18061, 65, 62, 50, 180.18
2026/03/30 13:13:26.694, 0, 18061, 67, 64, 50, 211.26
2026/03/30 13:13:27.694, 0, 18061, 67, 64, 50, 227.99
2026/03/30 13:13:28.694, 0, 18061, 67, 64, 50, 181.05
2026/03/30 13:13:29.695, 0, 18061, 67, 64, 50, 172.88
2026/03/30 13:13:30.695, 0, 18061, 67, 64, 50, 167.91
2026/03/30 13:13:31.695, 0, 18061, 43, 36, 49, 99.71
2026/03/30 13:13:32.695, 0, 18061, 67, 63, 50, 196.92
2026/03/30 13:13:33.696, 0, 18061, 67, 64, 51, 178.44
2026/03/30 13:13:34.773, 0, 18061, 67, 64, 51, 257.54
2026/03/30 13:13:35.773, 0, 18061, 67, 64, 51, 204.82
2026/03/30 13:13:36.776, 0, 18061, 67, 64, 50, 178.17
2026/03/30 13:13:37.778, 0, 18061, 67, 64, 50, 170.26
2026/03/30 13:13:38.780, 0, 18061, 67, 63, 50, 149.59
2026/03/30 13:13:39.781, 0, 18061, 65, 62, 50, 125.52
2026/03/30 13:13:40.782, 0, 18061, 66, 63, 50, 150.58
2026/03/30 13:13:41.784, 0, 18061, 68, 64, 50, 198.94
2026/03/30 13:13:42.785, 0, 18061, 62, 61, 50, 196.32
2026/03/30 13:13:43.871, 0, 18061, 66, 62, 51, 261.96
2026/03/30 13:13:44.871, 0, 18061, 66, 63, 51, 244.40
2026/03/30 13:13:45.872, 0, 18061, 67, 64, 50, 209.19
2026/03/30 13:13:46.872, 0, 18061, 66, 63, 50, 165.57
2026/03/30 13:13:47.872, 0, 18061, 67, 64, 50, 221.23
2026/03/30 13:13:48.874, 0, 18061, 67, 64, 50, 260.48
2026/03/30 13:13:49.874, 0, 18061, 67, 64, 50, 232.36
2026/03/30 13:13:50.875, 0, 18061, 67, 64, 50, 230.61
2026/03/30 13:13:51.875, 0, 18061, 67, 64, 50, 248.16
2026/03/30 13:13:52.875, 0, 18061, 67, 64, 50, 242.93
2026/03/30 13:13:53.876, 0, 18061, 64, 63, 50, 111.17
2026/03/30 13:13:54.876, 0, 18061, 67, 64, 50, 181.38
2026/03/30 13:13:55.876, 0, 18061, 66, 63, 50, 201.88
2026/03/30 13:13:56.877, 0, 18061, 66, 63, 49, 203.35
2026/03/30 13:13:57.879, 0, 18061, 66, 63, 50, 227.67
2026/03/30 13:13:58.882, 0, 18061, 67, 64, 50, 246.42
2026/03/30 13:13:59.887, 0, 18061, 67, 64, 51, 264.30
2026/03/30 13:14:00.888, 0, 18061, 67, 63, 50, 148.99
2026/03/30 13:14:01.970, 0, 18061, 66, 63, 50, 124.64
2026/03/30 13:14:02.971, 0, 18061, 67, 64, 50, 200.41
2026/03/30 13:14:03.972, 0, 18061, 67, 64, 50, 203.35
2026/03/30 13:14:04.974, 0, 18061, 48, 45, 50, 140.93
2026/03/30 13:14:05.975, 0, 18061, 67, 63, 50, 174.95
2026/03/30 13:14:06.975, 0, 18061, 67, 64, 50, 196.05
2026/03/30 13:14:07.975, 0, 18061, 67, 64, 51, 207.77
2026/03/30 13:14:08.976, 0, 18061, 67, 64, 51, 260.22
2026/03/30 13:14:09.976, 0, 18061, 67, 64, 51, 235.57
2026/03/30 13:14:10.976, 0, 18061, 66, 63, 51, 181.05
2026/03/30 13:14:11.977, 0, 18061, 67, 63, 51, 176.37
2026/03/30 13:14:12.977, 0, 18061, 67, 64, 51, 170.26
2026/03/30 13:14:13.977, 0, 18061, 67, 64, 50, 141.20
2026/03/30 13:14:14.977, 0, 18061, 68, 64, 50, 150.30
2026/03/30 13:14:15.978, 0, 18061, 67, 64, 51, 202.75
2026/03/30 13:14:16.978, 0, 18061, 67, 64, 51, 257.28
2026/03/30 13:14:17.979, 0, 18061, 67, 64, 51, 197.46
2026/03/30 13:14:18.979, 0, 18061, 67, 64, 50, 174.62
2026/03/30 13:14:19.980, 0, 18061, 65, 62, 50, 151.50
2026/03/30 13:14:20.981, 0, 18061, 66, 63, 50, 115.26
2026/03/30 13:14:21.983, 0, 18061, 67, 64, 50, 140.80
2026/03/30 13:14:22.988, 0, 18061, 67, 63, 50, 174.62
2026/03/30 13:14:23.990, 0, 18061, 66, 63, 50, 197.79
2026/03/30 13:14:24.990, 0, 18061, 67, 64, 50, 213.00
2026/03/30 13:14:26.070, 0, 18061, 67, 64, 50, 164.97
2026/03/30 13:14:27.071, 0, 18061, 65, 62, 50, 204.82
2026/03/30 13:14:28.074, 0, 18061, 67, 64, 50, 164.37
2026/03/30 13:14:29.076, 0, 18061, 66, 63, 50, 232.08
2026/03/30 13:14:30.076, 0, 18061, 67, 64, 50, 231.21
2026/03/30 13:14:31.076, 0, 18061, 67, 64, 50, 267.24
2026/03/30 13:14:32.077, 0, 18061, 66, 63, 50, 265.50
2026/03/30 13:14:33.077, 0, 18061, 67, 64, 51, 261.96
2026/03/30 13:14:34.077, 0, 18061, 64, 61, 51, 244.95
2026/03/30 13:14:35.077, 0, 18061, 67, 64, 51, 188.09
2026/03/30 13:14:36.078, 0, 18061, 67, 64, 51, 168.46
2026/03/30 13:14:37.078, 0, 18061, 67, 64, 49, 209.79
2026/03/30 13:14:38.078, 0, 18061, 66, 63, 50, 266.05
2026/03/30 13:14:39.079, 0, 18061, 66, 63, 51, 263.43
2026/03/30 13:14:40.079, 0, 18061, 66, 63, 51, 258.47
2026/03/30 13:14:41.080, 0, 18061, 67, 63, 51, 236.77
2026/03/30 13:14:42.083, 0, 18061, 67, 64, 50, 201.88
2026/03/30 13:14:43.093, 0, 18061, 67, 64, 50, 167.91
2026/03/30 13:14:44.093, 0, 18061, 67, 64, 50, 202.75
2026/03/30 13:14:45.093, 0, 18061, 67, 64, 51, 227.40
2026/03/30 13:14:46.172, 0, 18061, 67, 63, 51, 245.55
2026/03/30 13:14:47.172, 0, 18061, 66, 63, 51, 268.72
2026/03/30 13:14:48.174, 0, 18081, 41, 34, 49, 169.66
2026/03/30 13:14:49.176, 0, 18081, 67, 64, 51, 234.10
2026/03/30 13:14:50.177, 0, 18081, 66, 63, 51, 225.92
2026/03/30 13:14:51.177, 0, 18081, 67, 64, 50, 176.70
2026/03/30 13:14:52.178, 0, 18081, 66, 63, 50, 170.26
2026/03/30 13:14:53.178, 0, 18081, 66, 63, 50, 148.83
2026/03/30 13:14:54.178, 0, 18081, 67, 64, 50, 115.86
2026/03/30 13:14:55.178, 0, 18081, 67, 64, 50, 130.41
2026/03/30 13:14:56.179, 0, 18081, 67, 64, 50, 145.02
2026/03/30 13:14:57.179, 0, 18081, 67, 63, 50, 174.62
2026/03/30 13:14:58.179, 0, 18081, 67, 64, 50, 196.92
2026/03/30 13:14:59.181, 0, 18081, 53, 51, 50, 181.98
2026/03/30 13:15:00.181, 0, 18081, 67, 64, 49, 147.69
2026/03/30 13:15:01.182, 0, 18081, 67, 63, 51, 267.52
2026/03/30 13:15:02.270, 0, 18081, 67, 64, 51, 266.92
2026/03/30 13:15:03.271, 0, 18081, 66, 62, 51, 247.89
2026/03/30 13:15:04.278, 0, 18081, 67, 64, 50, 237.37
2026/03/30 13:15:05.279, 0, 18081, 67, 64, 50, 215.07
2026/03/30 13:15:06.283, 0, 18081, 66, 63, 50, 198.06
2026/03/30 13:15:07.284, 0, 18081, 67, 64, 50, 202.75
2026/03/30 13:15:08.286, 0, 18081, 66, 63, 50, 218.29
2026/03/30 13:15:09.288, 0, 18081, 67, 64, 51, 236.77
2026/03/30 13:15:10.370, 0, 18081, 64, 63, 50, 262.56
2026/03/30 13:15:11.371, 0, 18081, 66, 63, 50, 240.59
2026/03/30 13:15:12.371, 0, 18081, 67, 64, 51, 199.54
2026/03/30 13:15:13.371, 0, 18081, 67, 64, 51, 163.23
2026/03/30 13:15:14.372, 0, 18081, 67, 64, 51, 177.84
2026/03/30 13:15:15.372, 0, 18081, 67, 64, 50, 225.32
2026/03/30 13:15:16.372, 0, 18081, 67, 64, 51, 246.15
2026/03/30 13:15:17.372, 0, 18081, 67, 64, 50, 219.16
2026/03/30 13:15:18.374, 0, 18081, 67, 64, 50, 181.98
2026/03/30 13:15:19.375, 0, 18081, 67, 64, 50, 177.29
2026/03/30 13:15:20.377, 0, 18081, 67, 64, 50, 176.97
2026/03/30 13:15:21.377, 0, 18081, 48, 44, 50, 213.87
2026/03/30 13:15:22.377, 0, 18081, 67, 64, 50, 216.54
2026/03/30 13:15:23.378, 0, 18081, 65, 62, 49, 164.65
2026/03/30 13:15:24.378, 0, 18081, 66, 63, 50, 134.64
2026/03/30 13:15:25.379, 0, 18081, 66, 63, 49, 271.61
2026/03/30 13:15:26.381, 0, 18081, 67, 64, 50, 257.27
2026/03/30 13:15:27.381, 0, 18081, 67, 64, 50, 170.80
2026/03/30 13:15:28.472, 0, 18081, 67, 64, 50, 196.92
2026/03/30 13:15:29.473, 0, 18081, 67, 64, 49, 204.82
2026/03/30 13:15:30.475, 0, 18081, 67, 64, 50, 232.96
2026/03/30 13:15:31.476, 0, 18081, 67, 64, 49, 227.40
2026/03/30 13:15:32.481, 0, 18081, 67, 64, 49, 156.74
2026/03/30 13:15:33.482, 0, 18081, 67, 64, 50, 193.38
2026/03/30 13:15:34.484, 0, 18081, 67, 64, 49, 205.70
2026/03/30 13:15:35.487, 0, 18081, 67, 63, 50, 225.92
2026/03/30 13:15:36.487, 0, 18081, 67, 64, 50, 229.41
2026/03/30 13:15:37.487, 0, 18081, 66, 63, 50, 235.90
2026/03/30 13:15:38.488, 0, 18081, 66, 62, 51, 262.56
2026/03/30 13:15:39.488, 0, 18081, 66, 62, 51, 263.71
2026/03/30 13:15:40.488, 0, 18081, 67, 64, 51, 269.27
2026/03/30 13:15:41.488, 0, 18081, 68, 64, 51, 267.84
2026/03/30 13:15:42.489, 0, 18081, 68, 64, 49, 109.69
2026/03/30 13:15:43.489, 0, 18081, 67, 64, 51, 229.14
2026/03/30 13:15:44.489, 0, 18081, 67, 64, 51, 201.88
2026/03/30 13:15:45.489, 0, 18081, 66, 62, 49, 258.74
2026/03/30 13:15:46.570, 0, 18081, 66, 62, 50, 266.38
2026/03/30 13:15:47.573, 0, 18081, 66, 63, 50, 266.92
2026/03/30 13:15:48.576, 0, 18081, 66, 63, 51, 250.84
2026/03/30 13:15:49.577, 0, 18081, 67, 63, 51, 215.95
2026/03/30 13:15:50.578, 0, 18081, 66, 63, 51, 182.85
2026/03/30 13:15:51.581, 0, 18081, 66, 63, 50, 261.68
2026/03/30 13:15:52.585, 0, 18081, 67, 64, 50, 225.65
2026/03/30 13:15:53.585, 0, 18081, 59, 53, 49, 182.85
2026/03/30 13:15:54.586, 0, 18081, 66, 63, 50, 172.88
2026/03/30 13:15:55.670, 0, 18081, 67, 64, 50, 201.28
2026/03/30 13:15:56.673, 0, 18081, 67, 63, 50, 216.22
2026/03/30 13:15:57.676, 0, 18081, 67, 64, 51, 229.74
2026/03/30 13:15:58.676, 0, 18081, 67, 63, 51, 230.89
2026/03/30 13:15:59.676, 0, 18081, 66, 63, 51, 249.97
2026/03/30 13:16:00.676, 0, 18081, 66, 62, 51, 267.52
2026/03/30 13:16:01.677, 0, 18081, 65, 62, 51, 129.07
2026/03/30 13:16:02.677, 0, 18081, 65, 62, 50, 119.68
2026/03/30 13:16:03.677, 0, 18081, 67, 64, 50, 136.38
2026/03/30 13:16:04.678, 0, 18081, 64, 63, 50, 248.77
2026/03/30 13:16:05.678, 0, 18081, 67, 64, 50, 177.84
2026/03/30 13:16:06.678, 0, 18081, 67, 64, 50, 169.33
2026/03/30 13:16:07.678, 0, 18081, 67, 64, 50, 157.61
2026/03/30 13:16:08.679, 0, 18081, 67, 64, 50, 122.90
2026/03/30 13:16:09.680, 0, 18081, 66, 63, 50, 122.57
2026/03/30 13:16:10.682, 0, 18081, 67, 64, 50, 136.24
2026/03/30 13:16:11.682, 0, 18081, 67, 64, 49, 161.43
2026/03/30 13:16:12.684, 0, 18081, 67, 64, 50, 192.78
2026/03/30 13:16:13.685, 0, 18081, 67, 64, 50, 203.95
2026/03/30 13:16:14.686, 0, 18081, 67, 64, 50, 207.77
2026/03/30 13:16:15.687, 0, 18081, 51, 49, 49, 142.40
2026/03/30 13:16:16.690, 0, 18081, 65, 62, 49, 117.88
2026/03/30 13:16:17.693, 0, 18081, 67, 64, 50, 140.06
2026/03/30 13:16:18.694, 0, 18081, 67, 64, 50, 164.37
2026/03/30 13:16:19.694, 0, 18081, 67, 64, 50, 191.36
2026/03/30 13:16:20.695, 0, 18081, 67, 64, 51, 172.00
2026/03/30 13:16:21.695, 0, 18081, 67, 64, 51, 237.92
2026/03/30 13:16:22.695, 0, 18081, 66, 63, 51, 246.42
2026/03/30 13:16:23.696, 0, 18081, 67, 63, 51, 183.12
2026/03/30 13:16:24.696, 0, 18081, 65, 61, 51, 169.66
2026/03/30 13:16:25.696, 0, 18081, 67, 63, 50, 169.33
2026/03/30 13:16:26.696, 0, 18081, 57, 57, 50, 164.37
2026/03/30 13:16:27.697, 0, 18081, 67, 64, 51, 204.23
2026/03/30 13:16:28.697, 0, 18081, 67, 64, 50, 252.59
2026/03/30 13:16:29.697, 0, 18081, 66, 63, 50, 235.30
2026/03/30 13:16:30.771, 0, 18081, 66, 63, 50, 265.18
2026/03/30 13:16:31.771, 0, 18081, 67, 63, 51, 267.52
2026/03/30 13:16:32.773, 0, 18081, 66, 63, 51, 266.05
2026/03/30 13:16:33.779, 0, 18081, 67, 63, 51, 258.47
2026/03/30 13:16:34.779, 0, 18081, 67, 64, 50, 250.84
2026/03/30 13:16:35.780, 0, 18081, 67, 63, 50, 214.20
2026/03/30 13:16:36.785, 0, 18081, 66, 63, 50, 183.40
2026/03/30 13:16:37.786, 0, 18081, 56, 52, 50, 263.71
2026/03/30 13:16:38.788, 0, 18081, 66, 63, 50, 134.31
2026/03/30 13:16:39.788, 0, 18081, 66, 63, 50, 160.29
2026/03/30 13:16:40.788, 0, 18081, 65, 62, 49, 197.46
2026/03/30 13:16:41.789, 0, 18081, 67, 64, 49, 209.19
2026/03/30 13:16:42.789, 0, 18081, 67, 64, 49, 227.67
2026/03/30 13:16:43.789, 0, 18081, 67, 63, 50, 229.74
2026/03/30 13:16:44.790, 0, 18081, 67, 64, 50, 251.98
2026/03/30 13:16:45.790, 0, 18081, 66, 63, 50, 263.71
2026/03/30 13:16:46.792, 0, 18081, 67, 64, 51, 260.82
2026/03/30 13:16:47.793, 0, 18081, 67, 64, 51, 257.00
2026/03/30 13:16:48.793, 0, 18081, 67, 64, 50, 234.43
2026/03/30 13:16:49.793, 0, 18081, 66, 63, 50, 269.27
2026/03/30 13:16:50.793, 0, 18081, 66, 63, 50, 264.57
2026/03/30 13:16:51.794, 0, 18081, 66, 63, 51, 264.91
2026/03/30 13:16:52.795, 0, 18081, 67, 64, 49, 136.11
2026/03/30 13:16:53.872, 0, 18081, 67, 64, 50, 191.90
2026/03/30 13:16:54.874, 0, 18081, 67, 64, 50, 203.08
2026/03/30 13:16:55.874, 0, 18081, 67, 64, 50, 221.84
2026/03/30 13:16:56.876, 0, 18081, 66, 63, 51, 226.52
2026/03/30 13:16:57.876, 0, 18081, 67, 64, 51, 181.05
2026/03/30 13:16:58.878, 0, 18081, 67, 64, 49, 165.57
2026/03/30 13:16:59.880, 0, 18081, 66, 63, 50, 166.44
2026/03/30 13:17:00.881, 0, 18081, 67, 64, 51, 218.02
2026/03/30 13:17:01.881, 0, 18081, 67, 64, 51, 255.20
2026/03/30 13:17:02.881, 0, 18081, 67, 63, 50, 229.41
2026/03/30 13:17:03.882, 0, 18081, 67, 64, 50, 189.56
2026/03/30 13:17:04.882, 0, 18081, 67, 64, 50, 177.84
2026/03/30 13:17:05.882, 0, 18081, 67, 64, 50, 172.88
2026/03/30 13:17:06.883, 0, 18081, 67, 64, 50, 169.06
2026/03/30 13:17:07.883, 0, 18081, 67, 64, 50, 162.62
2026/03/30 13:17:08.883, 0, 18081, 67, 64, 50, 155.00
2026/03/30 13:17:09.884, 0, 18081, 52, 46, 49, 161.15
2026/03/30 13:17:10.884, 0, 18081, 67, 63, 50, 243.48
2026/03/30 13:17:11.884, 0, 18081, 66, 62, 50, 219.76
2026/03/30 13:17:12.884, 0, 18081, 66, 63, 49, 180.51
2026/03/30 13:17:13.885, 0, 18081, 66, 63, 49, 172.88
2026/03/30 13:17:14.886, 0, 18081, 67, 63, 49, 265.18
2026/03/30 13:17:15.888, 0, 18081, 66, 63, 50, 264.30
2026/03/30 13:17:16.889, 0, 18081, 65, 63, 50, 260.21
2026/03/30 13:17:17.892, 0, 18081, 67, 64, 50, 244.68
2026/03/30 13:17:18.893, 0, 18081, 67, 63, 51, 214.80
2026/03/30 13:17:19.893, 0, 18081, 67, 64, 51, 181.38
2026/03/30 13:17:20.895, 0, 18081, 53, 50, 49, 179.91
2026/03/30 13:17:21.972, 0, 18081, 65, 62, 50, 138.32
2026/03/30 13:17:22.976, 0, 18081, 65, 62, 49, 183.12
2026/03/30 13:17:23.978, 0, 18081, 67, 64, 50, 203.63
2026/03/30 13:17:24.979, 0, 18081, 67, 64, 50, 219.76
2026/03/30 13:17:25.979, 0, 18081, 67, 63, 50, 231.48
2026/03/30 13:17:26.980, 0, 18081, 66, 63, 50, 229.14
2026/03/30 13:17:27.980, 0, 18081, 66, 63, 50, 241.74
2026/03/30 13:17:28.980, 0, 18081, 66, 63, 51, 256.12
2026/03/30 13:17:29.981, 0, 18081, 66, 62, 51, 269.27
2026/03/30 13:17:30.981, 0, 18081, 68, 64, 51, 257.00
2026/03/30 13:17:31.981, 0, 18081, 64, 63, 49, 219.16
2026/03/30 13:17:32.982, 0, 18081, 67, 63, 50, 182.85
2026/03/30 13:17:33.982, 0, 18081, 67, 63, 51, 173.75
2026/03/30 13:17:34.982, 0, 18081, 67, 64, 50, 155.00
2026/03/30 13:17:35.982, 0, 18081, 67, 64, 50, 117.88
2026/03/30 13:17:36.984, 0, 18081, 67, 64, 50, 139.33
2026/03/30 13:17:37.985, 0, 18081, 67, 64, 49, 174.35
2026/03/30 13:17:38.986, 0, 18081, 67, 63, 49, 205.97
2026/03/30 13:17:39.988, 0, 18081, 66, 63, 49, 227.67
2026/03/30 13:17:40.993, 0, 18081, 65, 61, 50, 257.27
2026/03/30 13:17:41.996, 0, 18081, 66, 63, 50, 167.91
2026/03/30 13:17:43.070, 0, 18081, 62, 61, 50, 169.33
2026/03/30 13:17:44.072, 0, 18081, 66, 62, 50, 251.98
2026/03/30 13:17:45.090, 0, 18081, 65, 62, 50, 242.60
2026/03/30 13:17:46.173, 0, 18081, 66, 63, 51, 270.47
2026/03/30 13:17:47.173, 0, 18081, 67, 64, 51, 266.38
2026/03/30 13:17:48.173, 0, 18081, 67, 64, 50, 263.43
2026/03/30 13:17:49.174, 0, 18081, 67, 64, 51, 255.20
2026/03/30 13:17:50.174, 0, 18081, 67, 64, 50, 236.45
2026/03/30 13:17:51.174, 0, 18081, 66, 63, 50, 205.43
2026/03/30 13:17:52.175, 0, 18081, 67, 64, 50, 201.88
2026/03/30 13:17:53.175, 0, 18081, 67, 64, 50, 200.41
2026/03/30 13:17:54.175, 0, 18081, 55, 52, 50, 147.09
2026/03/30 13:17:55.175, 0, 18081, 66, 63, 50, 118.21
2026/03/30 13:17:56.176, 0, 18081, 65, 62, 50, 254.06
2026/03/30 13:17:57.176, 0, 18081, 66, 63, 49, 146.49
2026/03/30 13:17:58.176, 0, 18081, 67, 64, 50, 174.02
2026/03/30 13:17:59.179, 0, 18081, 67, 64, 49, 201.61
2026/03/30 13:18:00.179, 0, 18081, 67, 64, 50, 211.26
2026/03/30 13:18:01.180, 0, 18081, 66, 62, 50, 228.27
2026/03/30 13:18:02.181, 0, 18081, 67, 64, 50, 240.59
2026/03/30 13:18:03.182, 0, 18081, 68, 64, 50, 262.56
2026/03/30 13:18:04.184, 0, 18081, 67, 64, 50, 263.71
2026/03/30 13:18:05.185, 0, 18081, 67, 64, 50, 227.40
2026/03/30 13:18:06.187, 0, 18081, 66, 62, 50, 178.17
2026/03/30 13:18:07.270, 0, 18081, 67, 64, 49, 135.78
2026/03/30 13:18:08.271, 0, 18081, 67, 64, 49, 116.13
2026/03/30 13:18:09.271, 0, 18081, 67, 64, 49, 127.87
2026/03/30 13:18:10.271, 0, 18081, 67, 64, 50, 143.42
2026/03/30 13:18:11.272, 0, 18081, 67, 64, 50, 236.45
2026/03/30 13:18:12.272, 0, 18081, 67, 64, 50, 208.64
2026/03/30 13:18:13.272, 0, 18081, 67, 64, 50, 169.33
2026/03/30 13:18:14.272, 0, 18081, 68, 64, 51, 205.70
2026/03/30 13:18:15.273, 0, 18081, 68, 64, 48, 208.31
2026/03/30 13:18:16.274, 0, 18081, 67, 64, 50, 157.34
2026/03/30 13:18:17.274, 0, 18081, 67, 64, 50, 262.56
2026/03/30 13:18:18.274, 0, 18081, 67, 64, 50, 122.03
2026/03/30 13:18:19.275, 0, 18081, 67, 64, 50, 139.00
2026/03/30 13:18:20.370, 0, 18081, 67, 64, 49, 151.50
2026/03/30 13:18:21.371, 0, 18081, 67, 64, 49, 169.66
2026/03/30 13:18:22.372, 0, 18081, 67, 64, 49, 197.46
2026/03/30 13:18:23.373, 0, 18081, 66, 63, 50, 211.53
2026/03/30 13:18:24.374, 0, 18081, 66, 63, 50, 229.41
2026/03/30 13:18:25.375, 0, 18081, 66, 63, 50, 227.40
2026/03/30 13:18:26.379, 0, 18081, 64, 63, 49, 156.20
2026/03/30 13:18:27.379, 0, 18081, 67, 64, 50, 180.51
2026/03/30 13:18:28.381, 0, 18081, 67, 64, 50, 195.45
2026/03/30 13:18:29.384, 0, 18081, 66, 63, 50, 204.23
2026/03/30 13:18:30.389, 0, 18081, 65, 62, 51, 258.47
2026/03/30 13:18:31.389, 0, 18081, 67, 64, 50, 233.83
2026/03/30 13:18:32.389, 0, 18081, 67, 64, 51, 185.74
2026/03/30 13:18:33.390, 0, 18081, 67, 64, 50, 176.37
2026/03/30 13:18:34.390, 0, 18081, 67, 64, 50, 169.06
2026/03/30 13:18:35.390, 0, 18081, 67, 64, 50, 144.74
2026/03/30 13:18:36.390, 0, 18081, 68, 64, 50, 141.80
2026/03/30 13:18:37.391, 0, 18081, 55, 53, 49, 154.12
2026/03/30 13:18:38.391, 0, 18081, 66, 63, 50, 256.40
2026/03/30 13:18:39.391, 0, 18081, 66, 63, 50, 211.86
2026/03/30 13:18:40.391, 0, 18081, 66, 63, 50, 177.56
2026/03/30 13:18:41.392, 0, 18081, 67, 63, 50, 270.47
2026/03/30 13:18:42.471, 0, 18081, 65, 62, 50, 253.78
2026/03/30 13:18:43.472, 0, 18081, 67, 64, 51, 254.65
2026/03/30 13:18:44.472, 0, 18081, 67, 64, 50, 214.20
2026/03/30 13:18:45.473, 0, 18081, 67, 64, 50, 174.35
2026/03/30 13:18:46.475, 0, 18081, 66, 62, 50, 247.62
2026/03/30 13:18:47.476, 0, 18081, 67, 64, 49, 238.51
2026/03/30 13:18:48.478, 0, 18081, 51, 47, 49, 236.17
2026/03/30 13:18:49.479, 0, 18081, 67, 64, 50, 197.46
2026/03/30 13:18:50.481, 0, 18081, 66, 63, 49, 207.17
2026/03/30 13:18:51.486, 0, 18081, 65, 62, 49, 232.96
2026/03/30 13:18:52.486, 0, 18081, 65, 61, 49, 251.71
2026/03/30 13:18:53.486, 0, 18081, 67, 63, 50, 261.36
2026/03/30 13:18:54.486, 0, 18081, 67, 64, 50, 260.48
2026/03/30 13:18:55.487, 0, 18081, 67, 64, 50, 249.64
2026/03/30 13:18:56.487, 0, 18081, 67, 64, 50, 224.18
2026/03/30 13:18:57.487, 0, 18081, 66, 63, 51, 176.97
2026/03/30 13:18:58.487, 0, 18081, 67, 64, 50, 165.85
2026/03/30 13:18:59.488, 0, 18081, 54, 52, 50, 259.89
2026/03/30 13:19:00.488, 0, 18081, 67, 64, 51, 248.49
2026/03/30 13:19:01.488, 0, 18081, 67, 63, 50, 221.23
2026/03/30 13:19:02.488, 0, 18081, 67, 64, 50, 171.41
2026/03/30 13:19:03.489, 0, 18081, 67, 64, 50, 181.05
2026/03/30 13:19:04.491, 0, 18081, 66, 62, 50, 227.67
2026/03/30 13:19:05.492, 0, 18081, 67, 63, 50, 230.61
2026/03/30 13:19:06.572, 0, 18081, 66, 63, 50, 235.03
2026/03/30 13:19:07.574, 0, 18081, 66, 63, 51, 268.99
2026/03/30 13:19:08.575, 0, 18081, 66, 63, 50, 264.57
2026/03/30 13:19:09.576, 0, 18081, 67, 64, 50, 152.38
2026/03/30 13:19:10.577, 0, 18081, 67, 64, 50, 208.64
2026/03/30 13:19:11.579, 0, 18081, 66, 63, 50, 170.80
2026/03/30 13:19:12.580, 0, 18081, 66, 62, 50, 263.71
2026/03/30 13:19:13.670, 0, 18081, 67, 64, 50, 259.89
2026/03/30 13:19:14.673, 0, 18081, 67, 64, 50, 255.20
2026/03/30 13:19:15.673, 0, 18081, 67, 64, 50, 235.90
2026/03/30 13:19:16.674, 0, 18081, 67, 64, 51, 195.45
2026/03/30 13:19:17.674, 0, 18081, 67, 64, 50, 186.34
2026/03/30 13:19:18.674, 0, 18081, 65, 62, 50, 260.82
2026/03/30 13:19:19.674, 0, 18081, 67, 64, 50, 197.46
2026/03/30 13:19:20.675, 0, 18081, 66, 63, 49, 134.91
2026/03/30 13:19:21.675, 0, 18081, 67, 64, 50, 184.60
2026/03/30 13:19:22.675, 0, 18081, 67, 64, 50, 196.59
2026/03/30 13:19:23.675, 0, 18081, 65, 62, 50, 249.97
2026/03/30 13:19:24.676, 0, 18081, 66, 63, 50, 181.65
2026/03/30 13:19:25.676, 0, 18081, 67, 64, 49, 166.12
2026/03/30 13:19:26.678, 0, 18081, 67, 64, 49, 113.78
2026/03/30 13:19:27.679, 0, 18081, 65, 62, 50, 196.92
2026/03/30 13:19:28.680, 0, 18081, 65, 61, 50, 251.71
2026/03/30 13:19:29.682, 0, 18081, 65, 62, 50, 178.71
2026/03/30 13:19:30.686, 0, 18081, 67, 64, 49, 264.57
2026/03/30 13:19:31.773, 0, 18081, 59, 54, 48, 117.88
2026/03/30 13:19:32.774, 0, 18081, 65, 61, 49, 232.08
2026/03/30 13:19:33.778, 0, 18081, 66, 63, 49, 234.10
2026/03/30 13:19:34.779, 0, 18081, 66, 63, 50, 271.94
2026/03/30 13:19:35.781, 0, 18081, 66, 63, 50, 261.68
2026/03/30 13:19:36.781, 0, 18081, 66, 63, 50, 264.91
2026/03/30 13:19:37.781, 0, 18081, 66, 63, 50, 255.53
2026/03/30 13:19:38.782, 0, 18081, 67, 64, 51, 235.30
2026/03/30 13:19:39.782, 0, 18081, 67, 64, 50, 214.20
2026/03/30 13:19:40.782, 0, 18081, 67, 64, 50, 165.57
2026/03/30 13:19:41.782, 0, 18081, 67, 64, 50, 174.02
2026/03/30 13:19:42.783, 0, 18081, 61, 55, 47, 140.47
2026/03/30 13:19:43.786, 0, 18081, 66, 63, 49, 138.86
2026/03/30 13:19:44.786, 0, 18081, 66, 63, 49, 183.73
2026/03/30 13:19:45.787, 0, 18081, 67, 63, 50, 203.63
2026/03/30 13:19:46.787, 0, 18081, 67, 63, 50, 229.74
2026/03/30 13:19:47.787, 0, 18081, 66, 63, 50, 235.90
2026/03/30 13:19:48.790, 0, 18081, 67, 63, 50, 169.06
2026/03/30 13:19:49.790, 0, 18081, 66, 63, 49, 152.05
2026/03/30 13:19:50.791, 0, 18081, 66, 63, 49, 254.93
2026/03/30 13:19:51.873, 0, 18081, 67, 64, 50, 213.60
2026/03/30 13:19:52.876, 0, 18081, 66, 63, 50, 170.53
2026/03/30 13:19:53.879, 0, 18081, 60, 55, 49, 153.52
2026/03/30 13:19:54.880, 0, 18081, 67, 64, 50, 264.03
2026/03/30 13:19:55.884, 0, 18081, 67, 63, 50, 260.82
2026/03/30 13:19:56.970, 0, 18081, 66, 63, 50, 142.40
2026/03/30 13:19:57.976, 0, 18081, 67, 64, 49, 168.19
2026/03/30 13:19:58.977, 0, 18081, 66, 63, 49, 198.66
2026/03/30 13:19:59.978, 0, 18081, 66, 63, 50, 200.41
2026/03/30 13:20:00.978, 0, 18081, 65, 62, 50, 230.61
2026/03/30 13:20:01.978, 0, 18081, 66, 63, 50, 230.34
2026/03/30 13:20:02.978, 0, 18081, 66, 62, 50, 252.86
2026/03/30 13:20:03.979, 0, 18081, 67, 64, 50, 238.79
2026/03/30 13:20:04.979, 0, 18081, 49, 48, 49, 155.27
2026/03/30 13:20:05.979, 0, 18081, 67, 64, 50, 263.16
2026/03/30 13:20:06.979, 0, 18081, 66, 63, 50, 131.96
2026/03/30 13:20:07.980, 0, 18081, 67, 64, 50, 157.23
2026/03/30 13:20:08.980, 0, 18081, 67, 64, 49, 196.32
2026/03/30 13:20:09.980, 0, 18081, 66, 63, 49, 199.81
2026/03/30 13:20:10.983, 0, 18081, 66, 62, 49, 227.40
2026/03/30 13:20:11.986, 0, 18081, 66, 63, 49, 229.41
2026/03/30 13:20:12.987, 0, 18081, 67, 64, 50, 274.28
2026/03/30 13:20:13.987, 0, 18081, 65, 62, 50, 262.56
2026/03/30 13:20:14.988, 0, 18081, 67, 63, 50, 261.09
2026/03/30 13:20:16.070, 0, 18081, 64, 63, 48, 172.28
2026/03/30 13:20:17.072, 0, 18081, 67, 64, 50, 243.21
2026/03/30 13:20:18.073, 0, 18081, 66, 62, 49, 151.77
2026/03/30 13:20:19.096, 0, 18081, 67, 64, 49, 118.21
2026/03/30 13:20:20.171, 0, 18081, 67, 64, 49, 141.53
2026/03/30 13:20:21.172, 0, 18081, 67, 64, 49, 171.41
2026/03/30 13:20:22.173, 0, 18081, 67, 64, 50, 196.05
2026/03/30 13:20:23.173, 0, 18081, 67, 63, 50, 204.23
2026/03/30 13:20:24.173, 0, 18081, 67, 64, 50, 232.96
2026/03/30 13:20:25.173, 0, 18081, 67, 64, 50, 233.23
2026/03/30 13:20:26.174, 0, 18081, 67, 64, 50, 234.10
2026/03/30 13:20:27.174, 0, 18081, 54, 53, 50, 222.11
2026/03/30 13:20:28.174, 0, 18081, 67, 64, 50, 182.26
2026/03/30 13:20:29.174, 0, 18081, 67, 63, 50, 225.32
2026/03/30 13:20:30.175, 0, 18081, 66, 62, 50, 197.79
2026/03/30 13:20:31.175, 0, 18081, 67, 64, 49, 175.22
2026/03/30 13:20:32.271, 0, 18081, 67, 64, 50, 264.30
2026/03/30 13:20:33.273, 0, 18081, 67, 64, 50, 260.48
2026/03/30 13:20:34.273, 0, 18081, 67, 64, 50, 247.30
2026/03/30 13:20:35.274, 0, 18081, 67, 63, 50, 216.54
2026/03/30 13:20:36.276, 0, 18081, 66, 62, 50, 164.65
2026/03/30 13:20:37.277, 0, 18081, 67, 64, 50, 165.24
2026/03/30 13:20:38.278, 0, 18081, 67, 64, 50, 268.72
2026/03/30 13:20:39.280, 0, 18081, 67, 64, 50, 264.30
2026/03/30 13:20:40.283, 0, 18081, 67, 64, 50, 131.41
2026/03/30 13:20:41.284, 0, 18081, 67, 64, 50, 170.80
2026/03/30 13:20:42.290, 0, 18081, 65, 62, 50, 200.41
2026/03/30 13:20:43.290, 0, 18081, 66, 63, 50, 208.64
2026/03/30 13:20:44.291, 0, 18081, 67, 64, 50, 225.05
2026/03/30 13:20:45.291, 0, 18081, 66, 63, 50, 230.89
2026/03/30 13:20:46.291, 0, 18081, 66, 63, 49, 252.59
2026/03/30 13:20:47.291, 0, 18081, 67, 64, 50, 172.00
2026/03/30 13:20:48.292, 0, 18081, 58, 52, 49, 183.12
2026/03/30 13:20:49.292, 0, 18081, 67, 64, 50, 216.54
2026/03/30 13:20:50.292, 0, 18081, 66, 63, 50, 166.71
2026/03/30 13:20:51.292, 0, 18081, 66, 63, 50, 207.17
2026/03/30 13:20:52.293, 0, 18081, 66, 63, 49, 174.02
2026/03/30 13:20:53.293, 0, 18081, 67, 64, 50, 161.43
2026/03/30 13:20:54.370, 0, 18081, 67, 63, 50, 136.38
2026/03/30 13:20:55.371, 0, 18081, 66, 64, 49, 126.12
2026/03/30 13:20:56.372, 0, 18081, 67, 64, 49, 142.82
2026/03/30 13:20:57.372, 0, 18081, 67, 63, 49, 178.44
2026/03/30 13:20:58.379, 0, 18081, 67, 64, 50, 166.44
2026/03/30 13:20:59.471, 0, 18081, 62, 58, 49, 197.19
2026/03/30 13:21:00.472, 0, 18081, 67, 64, 50, 255.53
2026/03/30 13:21:01.477, 0, 18081, 66, 63, 50, 214.48
2026/03/30 13:21:02.478, 0, 18081, 66, 63, 49, 202.75
2026/03/30 13:21:03.479, 0, 18081, 66, 62, 49, 231.48
2026/03/30 13:21:04.479, 0, 18081, 67, 64, 49, 178.17
2026/03/30 13:21:05.479, 0, 18081, 67, 64, 49, 169.93
2026/03/30 13:21:06.480, 0, 18081, 67, 64, 49, 269.86
2026/03/30 13:21:07.480, 0, 18081, 67, 64, 49, 263.43
2026/03/30 13:21:08.480, 0, 18081, 67, 64, 50, 264.30
2026/03/30 13:21:09.480, 0, 18081, 67, 64, 50, 251.98
2026/03/30 13:21:10.481, 0, 18081, 41, 33, 49, 171.41
2026/03/30 13:21:11.481, 0, 18081, 67, 64, 49, 276.03
2026/03/30 13:21:12.481, 0, 18081, 67, 64, 50, 268.12
2026/03/30 13:21:13.482, 0, 18081, 67, 64, 50, 259.62
2026/03/30 13:21:14.482, 0, 18081, 65, 62, 50, 257.00
2026/03/30 13:21:15.482, 0, 18081, 66, 63, 49, 161.43
2026/03/30 13:21:16.571, 0, 18081, 67, 63, 49, 193.38
2026/03/30 13:21:17.572, 0, 18081, 67, 63, 49, 198.66
2026/03/30 13:21:18.573, 0, 18081, 67, 64, 49, 225.05
2026/03/30 13:21:19.574, 0, 18081, 66, 63, 50, 230.34
2026/03/30 13:21:20.576, 0, 18081, 67, 64, 50, 231.21
2026/03/30 13:21:21.579, 0, 18081, 63, 62, 48, 111.77
2026/03/30 13:21:22.580, 0, 18081, 66, 63, 50, 204.82
2026/03/30 13:21:23.580, 0, 18081, 66, 63, 50, 225.32
2026/03/30 13:21:24.581, 0, 18081, 67, 63, 50, 227.07
2026/03/30 13:21:25.583, 0, 18081, 67, 64, 50, 177.84
2026/03/30 13:21:26.584, 0, 18081, 66, 63, 50, 171.13
2026/03/30 13:21:27.587, 0, 18081, 67, 63, 50, 156.74
2026/03/30 13:21:28.587, 0, 18081, 67, 64, 50, 131.55
2026/03/30 13:21:29.587, 0, 18081, 67, 64, 50, 124.37
2026/03/30 13:21:30.587, 0, 18081, 67, 64, 50, 156.47
2026/03/30 13:21:31.588, 0, 18081, 67, 64, 49, 159.85
2026/03/30 13:21:32.588, 0, 18081, 49, 45, 49, 150.03
2026/03/30 13:21:33.588, 0, 18081, 66, 63, 49, 127.87
2026/03/30 13:21:34.589, 0, 18081, 67, 64, 49, 122.30
2026/03/30 13:21:35.589, 0, 18081, 67, 64, 49, 135.23
2026/03/30 13:21:36.589, 0, 18081, 66, 63, 49, 144.47
2026/03/30 13:21:37.589, 0, 18081, 67, 64, 50, 229.74
2026/03/30 13:21:38.671, 0, 18081, 66, 63, 50, 198.66
2026/03/30 13:21:39.673, 0, 18081, 67, 64, 50, 171.41
2026/03/30 13:21:40.674, 0, 18081, 67, 63, 50, 220.90
2026/03/30 13:21:41.674, 0, 18081, 66, 63, 50, 226.19
2026/03/30 13:21:42.676, 0, 18081, 68, 64, 49, 226.19
2026/03/30 13:21:43.677, 0, 18081, 67, 64, 50, 238.24
2026/03/30 13:21:44.679, 0, 18081, 66, 63, 49, 180.18
2026/03/30 13:21:45.680, 0, 18081, 67, 64, 49, 201.88
2026/03/30 13:21:46.681, 0, 18081, 67, 63, 49, 225.92
2026/03/30 13:21:47.685, 0, 18081, 66, 63, 49, 229.14
2026/03/30 13:21:48.685, 0, 18081, 67, 64, 49, 239.12
2026/03/30 13:21:49.686, 0, 18081, 67, 64, 49, 267.85
2026/03/30 13:21:50.686, 0, 18081, 67, 64, 50, 265.50
2026/03/30 13:21:51.686, 0, 18081, 67, 64, 50, 263.71
2026/03/30 13:21:52.686, 0, 18081, 68, 64, 50, 250.51
2026/03/30 13:21:53.686, 0, 18081, 67, 64, 50, 250.51
2026/03/30 13:21:54.687, 0, 18081, 67, 64, 50, 230.34
2026/03/30 13:21:55.687, 0, 18081, 67, 64, 50, 250.24
2026/03/30 13:21:56.687, 0, 18081, 67, 64, 50, 268.72
2026/03/30 13:21:57.688, 0, 18081, 67, 64, 50, 270.74
2026/03/30 13:21:58.688, 0, 18081, 67, 64, 50, 266.65
2026/03/30 13:21:59.688, 0, 18081, 67, 63, 50, 256.67
2026/03/30 13:22:00.692, 0, 18081, 67, 64, 49, 133.30
2026/03/30 13:22:01.770, 0, 18081, 67, 64, 49, 156.47
2026/03/30 13:22:02.771, 0, 18081, 67, 64, 50, 178.44
2026/03/30 13:22:03.772, 0, 18081, 66, 63, 50, 193.70
2026/03/30 13:22:04.773, 0, 18081, 47, 41, 48, 207.44
2026/03/30 13:22:05.775, 0, 18081, 67, 64, 49, 268.39
2026/03/30 13:22:06.776, 0, 18081, 66, 63, 49, 255.53
2026/03/30 13:22:07.780, 0, 18081, 67, 64, 50, 251.71
2026/03/30 13:22:08.781, 0, 18081, 67, 64, 50, 230.61
2026/03/30 13:22:09.781, 0, 18081, 67, 64, 50, 200.73
2026/03/30 13:22:10.782, 0, 18081, 66, 63, 50, 172.00
2026/03/30 13:22:11.782, 0, 18081, 67, 64, 50, 218.89
2026/03/30 13:22:12.782, 0, 18081, 67, 64, 50, 177.29
2026/03/30 13:22:13.783, 0, 18081, 66, 63, 49, 168.19
2026/03/30 13:22:14.783, 0, 18081, 66, 63, 49, 160.29
2026/03/30 13:22:15.783, 0, 18081, 63, 58, 49, 154.73
2026/03/30 13:22:16.783, 0, 18081, 67, 64, 49, 231.76
2026/03/30 13:22:17.784, 0, 18081, 67, 64, 49, 184.00
2026/03/30 13:22:18.784, 0, 18081, 67, 64, 50, 174.95
2026/03/30 13:22:19.784, 0, 18081, 67, 64, 49, 164.37
2026/03/30 13:22:20.784, 0, 18081, 67, 64, 49, 140.33
2026/03/30 13:22:21.785, 0, 18081, 67, 64, 49, 127.60
2026/03/30 13:22:22.787, 0, 18081, 67, 63, 49, 229.14
2026/03/30 13:22:23.871, 0, 18081, 63, 60, 50, 200.14
2026/03/30 13:22:24.875, 0, 18081, 66, 63, 49, 217.69
2026/03/30 13:22:25.876, 0, 18081, 67, 64, 49, 229.74
2026/03/30 13:22:26.878, 0, 18081, 48, 44, 49, 156.63
2026/03/30 13:22:27.880, 0, 18081, 66, 62, 49, 197.46
2026/03/30 13:22:28.883, 0, 18081, 66, 62, 49, 217.69
2026/03/30 13:22:29.884, 0, 18081, 67, 64, 49, 230.01
2026/03/30 13:22:30.885, 0, 18081, 67, 64, 49, 172.28
2026/03/30 13:22:31.971, 0, 18081, 67, 63, 50, 128.47
2026/03/30 13:22:32.974, 0, 18081, 66, 63, 49, 128.74
2026/03/30 13:22:33.974, 0, 18081, 67, 63, 49, 149.16
2026/03/30 13:22:34.975, 0, 18081, 66, 63, 49, 182.85
2026/03/30 13:22:35.975, 0, 18081, 65, 62, 49, 200.14
2026/03/30 13:22:36.975, 0, 18081, 66, 63, 50, 196.32
2026/03/30 13:22:37.976, 0, 18081, 60, 59, 48, 143.27
2026/03/30 13:22:38.976, 0, 18081, 67, 64, 49, 112.92
2026/03/30 13:22:39.976, 0, 18081, 67, 64, 49, 125.25
2026/03/30 13:22:40.977, 0, 18081, 67, 63, 49, 144.74
2026/03/30 13:22:41.977, 0, 18081, 66, 62, 50, 220.04
2026/03/30 13:22:42.977, 0, 18081, 66, 63, 50, 165.85
2026/03/30 13:22:43.978, 0, 18081, 67, 64, 50, 208.64
2026/03/30 13:22:44.979, 0, 18081, 67, 64, 50, 247.89
2026/03/30 13:22:45.980, 0, 18081, 66, 63, 50, 179.91
2026/03/30 13:22:46.985, 0, 18081, 66, 62, 50, 172.00
2026/03/30 13:22:47.985, 0, 18081, 68, 64, 49, 170.26
2026/03/30 13:22:48.986, 0, 18081, 57, 53, 49, 203.08
2026/03/30 13:22:50.071, 0, 18081, 66, 63, 49, 228.27
2026/03/30 13:22:51.072, 0, 18081, 67, 63, 49, 227.99
2026/03/30 13:22:52.073, 0, 18081, 67, 64, 50, 247.89
2026/03/30 13:22:53.084, 0, 18081, 66, 63, 50, 264.57
2026/03/30 13:22:54.085, 0, 18081, 67, 64, 50, 264.91
2026/03/30 13:22:55.085, 0, 18081, 67, 64, 50, 263.43
2026/03/30 13:22:56.085, 0, 18081, 67, 64, 50, 255.80
2026/03/30 13:22:57.085, 0, 18081, 67, 64, 50, 253.18
2026/03/30 13:22:58.086, 0, 18081, 67, 64, 50, 244.40
2026/03/30 13:22:59.086, 0, 18081, 68, 64, 50, 243.80
2026/03/30 13:23:00.086, 0, 18081, 54, 51, 50, 245.55
2026/03/30 13:23:01.086, 0, 18081, 66, 63, 50, 267.24
2026/03/30 13:23:02.087, 0, 18081, 67, 64, 50, 160.12
2026/03/30 13:23:03.087, 0, 18081, 67, 64, 50, 143.00
2026/03/30 13:23:04.087, 0, 18081, 67, 64, 49, 116.13
2026/03/30 13:23:05.088, 0, 18081, 66, 63, 50, 126.40
2026/03/30 13:23:06.088, 0, 18081, 66, 63, 50, 253.45
2026/03/30 13:23:07.170, 0, 18081, 67, 63, 50, 241.74
2026/03/30 13:23:08.172, 0, 18081, 67, 64, 50, 222.71
2026/03/30 13:23:09.173, 0, 18081, 68, 64, 50, 181.98
2026/03/30 13:23:10.174, 0, 18081, 65, 61, 49, 208.31
2026/03/30 13:23:11.175, 0, 18081, 67, 64, 50, 262.56
2026/03/30 13:23:12.177, 0, 18081, 67, 63, 50, 261.09
2026/03/30 13:23:13.177, 0, 18081, 67, 64, 50, 244.40
2026/03/30 13:23:14.178, 0, 18081, 66, 63, 50, 181.98
2026/03/30 13:23:15.180, 0, 18081, 67, 64, 50, 174.62
2026/03/30 13:23:16.180, 0, 18081, 67, 64, 50, 257.54
2026/03/30 13:23:17.180, 0, 18081, 67, 64, 49, 228.27
2026/03/30 13:23:18.181, 0, 18081, 67, 64, 49, 183.73
2026/03/30 13:23:19.181, 0, 18081, 67, 64, 49, 168.79
2026/03/30 13:23:20.181, 0, 18081, 67, 64, 49, 157.61
2026/03/30 13:23:21.183, 0, 18081, 43, 35, 49, 107.62
2026/03/30 13:23:22.183, 0, 18081, 67, 64, 49, 209.19
2026/03/30 13:23:23.183, 0, 18081, 67, 64, 49, 224.45
2026/03/30 13:23:24.183, 0, 18081, 67, 64, 49, 232.08
2026/03/30 13:23:25.184, 0, 18081, 67, 64, 49, 232.68
2026/03/30 13:23:26.185, 0, 18081, 67, 64, 49, 233.23
2026/03/30 13:23:27.185, 0, 18081, 67, 64, 49, 243.21
2026/03/30 13:23:28.270, 0, 18081, 66, 63, 49, 162.62
2026/03/30 13:23:29.271, 0, 18081, 67, 63, 49, 116.13
2026/03/30 13:23:30.272, 0, 18081, 66, 63, 49, 143.69
2026/03/30 13:23:31.275, 0, 18081, 67, 64, 49, 174.35
2026/03/30 13:23:32.276, 0, 18081, 63, 62, 49, 197.46
2026/03/30 13:23:33.277, 0, 18081, 66, 63, 50, 259.89
2026/03/30 13:23:34.280, 0, 18081, 67, 64, 50, 250.51
2026/03/30 13:23:35.281, 0, 18081, 66, 63, 50, 201.88
2026/03/30 13:23:36.282, 0, 18081, 67, 63, 50, 196.05
2026/03/30 13:23:37.370, 0, 18081, 67, 64, 50, 222.11
2026/03/30 13:23:38.371, 0, 18081, 67, 64, 50, 232.08
2026/03/30 13:23:39.371, 0, 18081, 67, 64, 50, 235.30
2026/03/30 13:23:40.372, 0, 18081, 67, 64, 50, 270.19
2026/03/30 13:23:41.372, 0, 18081, 67, 64, 50, 155.27
2026/03/30 13:23:42.372, 0, 18081, 67, 64, 50, 162.90
2026/03/30 13:23:43.372, 0, 18081, 63, 63, 49, 165.24
2026/03/30 13:23:44.373, 0, 18081, 67, 64, 50, 223.31
2026/03/30 13:23:45.373, 0, 18081, 67, 64, 50, 248.49
2026/03/30 13:23:46.373, 0, 18081, 67, 64, 50, 224.72
2026/03/30 13:23:47.373, 0, 18081, 67, 64, 50, 184.87
2026/03/30 13:23:48.374, 0, 18081, 67, 64, 50, 177.29
2026/03/30 13:23:49.374, 0, 18081, 67, 64, 49, 174.95
2026/03/30 13:23:50.374, 0, 18081, 67, 64, 49, 169.06
2026/03/30 13:23:51.375, 0, 18081, 67, 64, 50, 147.69
2026/03/30 13:23:52.376, 0, 18081, 64, 61, 49, 118.21
2026/03/30 13:23:53.377, 0, 18081, 68, 64, 49, 124.92
2026/03/30 13:23:54.379, 0, 18081, 57, 57, 49, 234.70
2026/03/30 13:23:55.380, 0, 18081, 67, 64, 49, 177.56
2026/03/30 13:23:56.385, 0, 18081, 67, 64, 50, 265.50
2026/03/30 13:23:57.471, 0, 18081, 65, 62, 50, 266.65
2026/03/30 13:23:58.474, 0, 18081, 67, 63, 50, 255.53
2026/03/30 13:23:59.474, 0, 18081, 67, 63, 50, 243.21
2026/03/30 13:24:00.475, 0, 18081, 66, 63, 50, 193.10
2026/03/30 13:24:01.475, 0, 18081, 67, 64, 50, 198.94
2026/03/30 13:24:02.476, 0, 18081, 66, 63, 49, 206.30
2026/03/30 13:24:03.476, 0, 18081, 68, 64, 49, 211.53
2026/03/30 13:24:04.476, 0, 18081, 68, 64, 49, 220.90
2026/03/30 13:24:05.476, 0, 18081, 60, 58, 50, 124.37
2026/03/30 13:24:06.477, 0, 18081, 66, 63, 49, 140.93
2026/03/30 13:24:07.477, 0, 18081, 66, 63, 49, 185.47
2026/03/30 13:24:08.477, 0, 18081, 66, 63, 49, 196.32
2026/03/30 13:24:09.477, 0, 18081, 66, 63, 49, 208.04
2026/03/30 13:24:10.478, 0, 18081, 66, 63, 49, 232.68
2026/03/30 13:24:11.478, 0, 18081, 65, 62, 50, 233.23
2026/03/30 13:24:12.481, 0, 18081, 67, 64, 50, 235.90
2026/03/30 13:24:13.481, 0, 18081, 67, 64, 50, 270.19
2026/03/30 13:24:14.485, 0, 18081, 67, 64, 51, 273.08
2026/03/30 13:24:15.487, 0, 18081, 67, 64, 50, 268.72
2026/03/30 13:24:16.490, 0, 18081, 56, 52, 50, 198.94
2026/03/30 13:24:17.491, 0, 18081, 66, 63, 50, 228.87
2026/03/30 13:24:18.492, 0, 18081, 67, 63, 49, 181.98
2026/03/30 13:24:19.570, 0, 18081, 67, 64, 49, 265.18
2026/03/30 13:24:20.571, 0, 18081, 67, 64, 50, 264.03
2026/03/30 13:24:21.573, 0, 18081, 67, 64, 50, 259.34
2026/03/30 13:24:22.573, 0, 18081, 67, 64, 50, 257.87
2026/03/30 13:24:23.574, 0, 18081, 67, 64, 50, 251.98
2026/03/30 13:24:24.574, 0, 18081, 67, 63, 50, 233.56
2026/03/30 13:24:25.574, 0, 18081, 68, 64, 51, 214.20
2026/03/30 13:24:26.575, 0, 18081, 67, 63, 49, 211.53
2026/03/30 13:24:27.575, 0, 18081, 67, 64, 50, 267.52
2026/03/30 13:24:28.575, 0, 18081, 67, 64, 50, 264.03
2026/03/30 13:24:29.575, 0, 18081, 67, 63, 51, 258.74
2026/03/30 13:24:30.576, 0, 18081, 67, 63, 51, 243.80
2026/03/30 13:24:31.576, 0, 18081, 66, 62, 50, 213.60
2026/03/30 13:24:32.576, 0, 18081, 67, 64, 51, 167.32
2026/03/30 13:24:33.576, 0, 18081, 67, 64, 50, 224.72
2026/03/30 13:24:34.578, 0, 18081, 67, 64, 50, 240.86
2026/03/30 13:24:35.579, 0, 18081, 67, 64, 49, 180.18
2026/03/30 13:24:36.579, 0, 18081, 67, 64, 49, 177.84
2026/03/30 13:24:37.579, 0, 18081, 42, 36, 49, 176.09
2026/03/30 13:24:38.582, 0, 18081, 66, 63, 50, 186.34
2026/03/30 13:24:39.670, 0, 18081, 67, 64, 50, 183.40
2026/03/30 13:24:40.672, 0, 18081, 67, 64, 51, 257.27
2026/03/30 13:24:41.672, 0, 18081, 67, 64, 51, 214.20
2026/03/30 13:24:42.675, 0, 18081, 67, 64, 50, 177.56
2026/03/30 13:24:43.676, 0, 18081, 66, 63, 50, 157.06
2026/03/30 13:24:44.678, 0, 18081, 66, 63, 50, 118.21
2026/03/30 13:24:45.678, 0, 18081, 66, 63, 49, 141.35
2026/03/30 13:24:46.678, 0, 18081, 66, 63, 49, 193.70
2026/03/30 13:24:47.678, 0, 18081, 67, 64, 49, 199.26
2026/03/30 13:24:48.679, 0, 18081, 54, 53, 50, 179.31
2026/03/30 13:24:49.679, 0, 4805, 73, 3, 45, 90.32
2026/03/30 13:24:50.679, 0, 5967, 57, 51, 49, 176.97
2026/03/30 13:24:51.679, 0, 5967, 64, 61, 49, 163.77
2026/03/30 13:24:52.680, 0, 5967, 60, 54, 49, 118.81
2026/03/30 13:24:53.680, 0, 5967, 62, 58, 49, 179.31
2026/03/30 13:24:54.680, 0, 5967, 60, 55, 50, 226.80
2026/03/30 13:24:55.680, 0, 5967, 57, 51, 50, 259.34
2026/03/30 13:24:56.685, 0, 5967, 63, 59, 49, 194.25
2026/03/30 13:24:57.686, 0, 5967, 63, 58, 48, 190.76
2026/03/30 13:24:58.687, 0, 5967, 64, 59, 50, 126.12
2026/03/30 13:24:59.771, 0, 5967, 62, 56, 49, 162.30
2026/03/30 13:25:00.776, 0, 5967, 61, 56, 49, 227.07
2026/03/30 13:25:01.778, 0, 5993, 7, 6, 46, 160.29
2026/03/30 13:25:02.780, 0, 6639, 0, 0, 44, 82.40
2026/03/30 13:25:03.781, 0, 9979, 0, 0, 43, 65.38
2026/03/30 13:25:04.870, 0, 10599, 35, 31, 44, 135.51
2026/03/30 13:25:05.872, 0, 10599, 63, 60, 48, 170.80
2026/03/30 13:25:06.872, 0, 10599, 55, 49, 48, 114.12
2026/03/30 13:25:07.872, 0, 10599, 58, 52, 47, 163.77
2026/03/30 13:25:08.873, 0, 10599, 64, 61, 48, 227.40
2026/03/30 13:25:09.873, 0, 10599, 63, 58, 49, 251.71
2026/03/30 13:25:10.873, 0, 10599, 60, 54, 49, 218.02
2026/03/30 13:25:11.873, 0, 10599, 62, 57, 48, 197.19
2026/03/30 13:25:12.874, 0, 10599, 61, 57, 48, 163.23
2026/03/30 13:25:13.874, 0, 10599, 56, 49, 48, 110.84
2026/03/30 13:25:14.874, 0, 10599, 60, 55, 48, 164.10
2026/03/30 13:25:15.874, 0, 10599, 66, 63, 49, 222.98
2026/03/30 13:25:16.876, 0, 11321, 55, 48, 47, 169.33
2026/03/30 13:25:17.876, 0, 11321, 65, 62, 49, 165.57
2026/03/30 13:25:18.877, 0, 11321, 63, 58, 48, 128.47
2026/03/30 13:25:19.878, 0, 11321, 59, 53, 48, 191.90
2026/03/30 13:25:20.879, 0, 11321, 63, 60, 48, 252.59
2026/03/30 13:25:21.880, 0, 11321, 56, 49, 49, 219.76
2026/03/30 13:25:22.882, 0, 11321, 55, 49, 49, 195.45
2026/03/30 13:25:23.973, 0, 11321, 58, 52, 48, 219.16
2026/03/30 13:25:24.975, 0, 11321, 65, 62, 49, 257.54
2026/03/30 13:25:25.976, 0, 11321, 64, 59, 49, 222.98
2026/03/30 13:25:26.977, 0, 11321, 61, 55, 49, 191.03
2026/03/30 13:25:27.977, 0, 11321, 62, 58, 49, 162.30
2026/03/30 13:25:28.979, 0, 11321, 60, 55, 48, 109.09
2026/03/30 13:25:29.979, 0, 12007, 60, 54, 48, 209.79
2026/03/30 13:25:30.980, 0, 12007, 63, 59, 48, 147.84
2026/03/30 13:25:31.980, 0, 12007, 58, 52, 48, 149.16
2026/03/30 13:25:32.980, 0, 12007, 65, 62, 49, 229.41
2026/03/30 13:25:33.980, 0, 12007, 63, 58, 49, 251.71
2026/03/30 13:25:34.981, 0, 12007, 59, 53, 48, 194.58
2026/03/30 13:25:35.981, 0, 12007, 63, 60, 48, 211.53
2026/03/30 13:25:36.981, 0, 12007, 55, 49, 48, 233.83
2026/03/30 13:25:37.981, 0, 12007, 60, 55, 49, 183.12
2026/03/30 13:25:38.982, 0, 12007, 64, 60, 49, 148.39
2026/03/30 13:25:39.982, 0, 12007, 60, 54, 48, 167.32
2026/03/30 13:25:40.983, 0, 12007, 62, 57, 48, 228.27
2026/03/30 13:25:41.984, 0, 12647, 9, 8, 45, 83.28
2026/03/30 13:25:42.984, 0, 12647, 60, 55, 48, 165.24
2026/03/30 13:25:44.070, 0, 12647, 57, 51, 48, 125.25
2026/03/30 13:25:45.070, 0, 12647, 63, 60, 48, 212.13
2026/03/30 13:25:46.072, 0, 12647, 63, 58, 48, 251.71
2026/03/30 13:25:47.073, 0, 12647, 60, 55, 49, 163.50
2026/03/30 13:25:48.075, 0, 12647, 57, 52, 48, 156.20
2026/03/30 13:25:49.077, 0, 12647, 58, 52, 48, 142.55
2026/03/30 13:25:50.078, 0, 12647, 65, 61, 49, 218.57
2026/03/30 13:25:51.085, 0, 12647, 64, 59, 49, 249.97
2026/03/30 13:25:52.085, 0, 12647, 59, 53, 49, 200.14
2026/03/30 13:25:53.085, 0, 12647, 62, 58, 48, 195.72
2026/03/30 13:25:54.086, 0, 12647, 56, 50, 48, 149.44
2026/03/30 13:25:55.086, 0, 12927, 47, 43, 48, 200.73
2026/03/30 13:25:56.086, 0, 12927, 63, 59, 48, 245.83
2026/03/30 13:25:57.086, 0, 12927, 55, 49, 49, 238.51
2026/03/30 13:25:58.087, 0, 12927, 60, 55, 49, 177.56
2026/03/30 13:25:59.087, 0, 12927, 64, 60, 49, 163.50
2026/03/30 13:26:00.087, 0, 12927, 63, 58, 48, 122.03
2026/03/30 13:26:01.091, 0, 12927, 64, 59, 49, 204.23
2026/03/30 13:26:02.170, 0, 12927, 59, 53, 49, 230.01
2026/03/30 13:26:03.173, 0, 12927, 64, 60, 48, 148.56
2026/03/30 13:26:04.176, 0, 12927, 56, 50, 48, 139.33
2026/03/30 13:26:05.178, 0, 12927, 61, 56, 49, 227.07
2026/03/30 13:26:06.179, 0, 12927, 65, 61, 49, 253.45
2026/03/30 13:26:07.180, 0, 13129, 15, 15, 46, 186.07
2026/03/30 13:26:08.182, 0, 13129, 57, 51, 49, 245.83
2026/03/30 13:26:09.271, 0, 13129, 57, 52, 48, 153.25
2026/03/30 13:26:10.272, 0, 13129, 65, 61, 48, 166.12
2026/03/30 13:26:11.275, 0, 13129, 59, 53, 48, 214.48
2026/03/30 13:26:12.275, 0, 13129, 63, 59, 49, 218.57
2026/03/30 13:26:13.275, 0, 13129, 56, 50, 49, 124.64
2026/03/30 13:26:14.275, 0, 13129, 62, 58, 48, 195.12
2026/03/30 13:26:15.276, 0, 13129, 64, 59, 48, 155.27
2026/03/30 13:26:16.276, 0, 13129, 59, 53, 49, 181.38
2026/03/30 13:26:17.276, 0, 13129, 63, 60, 49, 233.56
2026/03/30 13:26:18.276, 0, 13129, 55, 49, 48, 247.30
2026/03/30 13:26:19.277, 0, 13129, 58, 52, 48, 191.03
2026/03/30 13:26:20.278, 0, 13229, 62, 58, 49, 245.55
2026/03/30 13:26:21.279, 0, 13229, 56, 49, 48, 240.59
2026/03/30 13:26:22.279, 0, 13229, 61, 57, 48, 162.90
2026/03/30 13:26:23.279, 0, 13229, 64, 59, 48, 162.30
2026/03/30 13:26:24.279, 0, 13229, 61, 56, 49, 249.37
2026/03/30 13:26:25.281, 0, 13229, 60, 54, 48, 139.93
2026/03/30 13:26:26.370, 0, 13229, 63, 60, 49, 228.27
2026/03/30 13:26:27.373, 0, 13229, 56, 50, 49, 245.28
2026/03/30 13:26:28.374, 0, 13229, 58, 53, 49, 161.15
2026/03/30 13:26:29.375, 0, 13229, 65, 61, 48, 172.00
2026/03/30 13:26:30.377, 0, 13229, 58, 53, 48, 133.89
2026/03/30 13:26:31.380, 0, 13229, 59, 55, 49, 198.94
2026/03/30 13:26:32.380, 0, 13409, 19, 19, 47, 100.58
2026/03/30 13:26:33.380, 0, 14345, 0, 0, 44, 82.13
2026/03/30 13:26:34.382, 0, 20289, 0, 0, 42, 66.26
2026/03/30 13:26:35.384, 0, 40331, 31, 29, 42, 65.38
2026/03/30 13:26:36.384, 0, 40331, 0, 0, 41, 64.78
2026/03/30 13:26:37.385, 0, 40331, 0, 0, 41, 64.50
2026/03/30 13:26:38.385, 0, 40331, 0, 0, 41, 64.50
2026/03/30 13:26:39.385, 0, 40331, 0, 0, 40, 64.23
2026/03/30 13:26:40.385, 0, 40331, 0, 0, 40, 64.23
2026/03/30 13:26:41.385, 0, 40331, 0, 0, 40, 64.23
2026/03/30 13:26:42.385, 0, 40331, 0, 0, 40, 63.91
2026/03/30 13:26:43.386, 0, 40331, 0, 0, 39, 63.91
2026/03/30 13:26:44.386, 0, 40331, 0, 0, 39, 63.91
2026/03/30 13:26:45.386, 0, 40331, 0, 0, 39, 63.91
2026/03/30 13:26:46.471, 0, 40331, 0, 0, 39, 63.91
2026/03/30 13:26:47.472, 0, 40331, 0, 0, 38, 63.64
2026/03/30 13:26:48.473, 0, 40331, 0, 0, 38, 63.64
2026/03/30 13:26:49.475, 0, 40331, 0, 0, 38, 63.64
2026/03/30 13:26:50.481, 0, 40331, 0, 0, 38, 63.36
2026/03/30 13:26:51.483, 0, 40331, 0, 0, 38, 63.36
2026/03/30 13:26:52.486, 0, 40331, 0, 0, 38, 63.36
2026/03/30 13:26:53.487, 0, 40331, 0, 0, 37, 63.36
2026/03/30 13:26:54.570, 0, 40331, 0, 0, 37, 63.36
2026/03/30 13:26:55.570, 0, 40331, 0, 0, 37, 63.36
2026/03/30 13:26:56.571, 0, 40331, 0, 0, 37, 63.03
2026/03/30 13:26:57.571, 0, 40331, 0, 0, 37, 63.03
2026/03/30 13:26:58.571, 0, 40331, 0, 0, 37, 63.03
2026/03/30 13:26:59.571, 0, 40331, 0, 0, 37, 63.03
2026/03/30 13:27:00.571, 0, 40331, 0, 0, 36, 63.36
2026/03/30 13:27:01.572, 0, 40331, 0, 0, 36, 63.36
2026/03/30 13:27:02.572, 0, 40331, 0, 0, 36, 63.36
2026/03/30 13:27:03.572, 0, 40331, 0, 0, 36, 63.36
2026/03/30 13:27:04.572, 0, 40331, 0, 0, 36, 63.03
2026/03/30 13:27:05.572, 0, 40331, 0, 0, 36, 63.91
2026/03/30 13:27:06.573, 0, 40331, 0, 0, 36, 63.03
2026/03/30 13:27:07.573, 0, 40331, 0, 0, 36, 63.03
2026/03/30 13:27:08.573, 0, 40331, 0, 0, 36, 63.03
2026/03/30 13:27:09.575, 0, 40331, 0, 0, 35, 63.03
2026/03/30 13:27:10.577, 0, 40331, 0, 0, 35, 63.03
2026/03/30 13:27:11.578, 0, 40331, 0, 0, 35, 63.03
2026/03/30 13:27:12.580, 0, 40331, 0, 0, 35, 63.03
2026/03/30 13:27:13.580, 0, 40331, 0, 0, 35, 63.03
2026/03/30 13:27:14.582, 0, 40331, 0, 0, 35, 63.03
2026/03/30 13:27:15.582, 0, 40331, 0, 0, 35, 62.76
2026/03/30 13:27:16.585, 0, 40331, 0, 0, 35, 62.76
