timestamp,index,memory.used(MiB),util.gpu(%),util.mem(%),temp(C),power(W)
2026/04/13 19:25:15.391, 0, 0, 0, 0, 32, 25.21
2026/04/13 19:25:15.395, 1, 0, 0, 0, 31, 24.72
2026/04/13 19:25:16.399, 0, 0, 0, 0, 32, 25.23
2026/04/13 19:25:16.402, 1, 0, 0, 0, 31, 24.72
2026/04/13 19:25:17.406, 0, 0, 0, 0, 32, 25.11
2026/04/13 19:25:17.409, 1, 0, 0, 0, 31, 24.72
2026/04/13 19:25:18.415, 0, 0, 0, 0, 32, 25.13
2026/04/13 19:25:18.421, 1, 0, 0, 0, 31, 24.72
2026/04/13 19:25:19.425, 0, 4, 0, 0, 32, 25.13
2026/04/13 19:25:19.428, 1, 4, 0, 0, 31, 24.62
2026/04/13 19:25:20.432, 0, 0, 0, 0, 32, 25.13
2026/04/13 19:25:20.435, 1, 0, 0, 0, 31, 24.72
2026/04/13 19:25:21.446, 0, 0, 0, 0, 32, 25.13
2026/04/13 19:25:21.450, 1, 0, 0, 0, 31, 24.72
2026/04/13 19:25:22.454, 0, 0, 0, 0, 32, 25.13
2026/04/13 19:25:22.457, 1, 0, 0, 0, 31, 24.72
2026/04/13 19:25:23.461, 0, 0, 0, 0, 32, 25.13
2026/04/13 19:25:23.464, 1, 0, 0, 0, 31, 24.72
2026/04/13 19:25:24.468, 0, 0, 0, 0, 32, 25.23
2026/04/13 19:25:24.477, 1, 0, 0, 0, 31, 24.72
2026/04/13 19:25:25.489, 0, 0, 0, 0, 32, 25.11
2026/04/13 19:25:25.499, 1, 0, 0, 0, 31, 24.72
2026/04/13 19:25:26.504, 0, 0, 0, 0, 32, 25.13
2026/04/13 19:25:26.506, 1, 0, 0, 0, 31, 24.62
2026/04/13 19:25:27.510, 0, 4, 0, 0, 32, 25.11
2026/04/13 19:25:27.513, 1, 4, 0, 0, 31, 24.71
2026/04/13 19:25:28.524, 0, 4, 0, 0, 32, 25.13
2026/04/13 19:25:28.526, 1, 4, 0, 0, 31, 24.72
2026/04/13 19:25:29.530, 0, 4, 0, 0, 31, 25.13
2026/04/13 19:25:29.533, 1, 4, 0, 0, 31, 24.72
2026/04/13 19:25:30.537, 0, 376, 0, 0, 32, 36.38
2026/04/13 19:25:30.540, 1, 376, 0, 0, 32, 37.01
2026/04/13 19:25:31.544, 0, 2142, 28, 8, 34, 91.28
2026/04/13 19:25:31.547, 1, 2144, 21, 5, 33, 77.50
2026/04/13 19:25:32.551, 0, 2274, 74, 22, 37, 104.93
2026/04/13 19:25:32.554, 1, 2274, 77, 21, 36, 162.02
2026/04/13 19:25:33.561, 0, 2274, 76, 22, 38, 191.52
2026/04/13 19:25:33.563, 1, 2274, 73, 21, 37, 198.37
2026/04/13 19:25:34.567, 0, 2274, 68, 20, 39, 145.04
2026/04/13 19:25:34.570, 1, 2274, 65, 21, 38, 152.86
2026/04/13 19:25:35.574, 0, 3314, 57, 18, 39, 55.04
2026/04/13 19:25:35.576, 1, 3314, 56, 17, 39, 95.75
2026/04/13 19:25:36.580, 0, 3316, 73, 22, 39, 150.17
2026/04/13 19:25:36.583, 1, 3316, 80, 23, 39, 156.57
2026/04/13 19:25:37.587, 0, 3316, 75, 21, 40, 208.01
2026/04/13 19:25:37.590, 1, 3316, 72, 22, 39, 218.79
2026/04/13 19:25:38.594, 0, 3316, 72, 21, 40, 192.86
2026/04/13 19:25:38.597, 1, 3316, 75, 21, 39, 178.72
2026/04/13 19:25:39.602, 0, 3316, 65, 19, 41, 215.31
2026/04/13 19:25:39.605, 1, 3316, 69, 20, 41, 221.21
2026/04/13 19:25:40.609, 0, 3376, 68, 20, 41, 128.37
2026/04/13 19:25:40.612, 1, 3376, 79, 24, 40, 126.81
2026/04/13 19:25:41.615, 0, 3376, 76, 22, 41, 169.07
2026/04/13 19:25:41.618, 1, 3376, 78, 23, 41, 183.28
2026/04/13 19:25:42.622, 0, 3376, 69, 20, 42, 157.88
2026/04/13 19:25:42.625, 1, 3376, 71, 21, 41, 155.27
2026/04/13 19:25:43.629, 0, 3376, 77, 24, 42, 158.23
2026/04/13 19:25:43.632, 1, 3376, 74, 21, 41, 144.12
2026/04/13 19:25:44.636, 0, 3416, 41, 12, 41, 87.10
2026/04/13 19:25:44.639, 1, 3416, 99, 1, 41, 139.16
2026/04/13 19:25:45.643, 0, 3416, 75, 22, 43, 112.39
2026/04/13 19:25:45.646, 1, 3416, 69, 22, 43, 105.31
2026/04/13 19:25:46.650, 0, 3416, 68, 22, 42, 162.66
2026/04/13 19:25:46.656, 1, 3416, 82, 22, 42, 186.64
2026/04/13 19:25:47.661, 0, 3416, 35, 10, 42, 100.36
2026/04/13 19:25:47.663, 1, 3416, 64, 18, 41, 176.44
2026/04/13 19:25:48.667, 0, 3456, 75, 19, 43, 162.30
2026/04/13 19:25:48.670, 1, 3456, 67, 21, 43, 168.27
2026/04/13 19:25:49.674, 0, 3456, 74, 22, 44, 192.13
2026/04/13 19:25:49.677, 1, 3456, 76, 24, 43, 187.29
2026/04/13 19:25:50.682, 0, 3456, 72, 21, 44, 214.57
2026/04/13 19:25:50.685, 1, 3456, 64, 18, 44, 227.63
2026/04/13 19:25:51.690, 0, 3456, 75, 21, 45, 144.78
2026/04/13 19:25:51.693, 1, 3456, 68, 21, 44, 131.77
2026/04/13 19:25:52.696, 0, 3456, 70, 21, 45, 197.51
2026/04/13 19:25:52.703, 1, 3456, 71, 20, 45, 159.44
2026/04/13 19:25:53.706, 0, 3456, 78, 23, 45, 141.09
2026/04/13 19:25:53.709, 1, 3456, 70, 20, 44, 139.68
2026/04/13 19:25:54.715, 0, 3456, 71, 20, 45, 212.26
2026/04/13 19:25:54.718, 1, 3456, 71, 22, 45, 225.39
2026/04/13 19:25:55.722, 0, 3456, 68, 21, 46, 126.78
2026/04/13 19:25:55.727, 1, 3456, 69, 21, 45, 107.24
2026/04/13 19:25:56.731, 0, 3456, 2, 0, 44, 216.20
2026/04/13 19:25:56.733, 1, 3456, 91, 7, 44, 226.49
2026/04/13 19:25:57.737, 0, 3456, 78, 23, 45, 73.50
2026/04/13 19:25:57.740, 1, 3456, 75, 21, 45, 65.55
2026/04/13 19:25:58.745, 0, 3456, 71, 21, 46, 128.79
2026/04/13 19:25:58.749, 1, 3456, 69, 19, 45, 158.02
2026/04/13 19:25:59.754, 0, 3456, 76, 23, 47, 132.69
2026/04/13 19:25:59.757, 1, 3456, 78, 23, 46, 119.97
2026/04/13 19:26:00.761, 0, 3456, 53, 17, 44, 45.48
2026/04/13 19:26:00.764, 1, 3456, 80, 7, 43, 45.87
2026/04/13 19:26:01.768, 0, 3456, 71, 20, 47, 198.97
2026/04/13 19:26:01.770, 1, 3456, 70, 20, 46, 217.00
2026/04/13 19:26:02.774, 0, 3456, 74, 23, 48, 129.94
2026/04/13 19:26:02.780, 1, 3456, 74, 22, 47, 119.97
2026/04/13 19:26:03.784, 0, 3456, 75, 22, 48, 158.02
2026/04/13 19:26:03.787, 1, 3456, 68, 22, 47, 133.96
2026/04/13 19:26:04.791, 0, 3456, 63, 19, 46, 46.16
2026/04/13 19:26:04.793, 1, 3456, 73, 14, 45, 46.35
2026/04/13 19:26:05.797, 0, 3456, 71, 23, 47, 123.52
2026/04/13 19:26:05.800, 1, 3456, 76, 22, 47, 103.56
2026/04/13 19:26:06.806, 0, 3456, 73, 22, 47, 141.32
2026/04/13 19:26:06.811, 1, 3456, 82, 24, 46, 170.42
2026/04/13 19:26:07.815, 0, 3456, 63, 19, 48, 187.46
2026/04/13 19:26:07.820, 1, 3456, 75, 22, 47, 218.97
2026/04/13 19:26:08.824, 0, 3456, 76, 20, 46, 45.68
2026/04/13 19:26:08.826, 1, 3456, 53, 16, 46, 46.26
2026/04/13 19:26:09.830, 0, 3456, 69, 20, 47, 181.00
2026/04/13 19:26:09.833, 1, 3456, 67, 20, 47, 151.07
2026/04/13 19:26:10.839, 0, 3456, 69, 20, 49, 157.66
2026/04/13 19:26:10.842, 1, 3456, 65, 20, 48, 145.02
2026/04/13 19:26:11.846, 0, 3456, 70, 22, 49, 92.23
2026/04/13 19:26:11.848, 1, 3456, 72, 21, 48, 84.52
2026/04/13 19:26:12.852, 0, 3456, 77, 23, 49, 160.29
2026/04/13 19:26:12.855, 1, 3456, 71, 21, 48, 78.19
2026/04/13 19:26:13.859, 0, 3456, 59, 17, 49, 159.37
2026/04/13 19:26:13.861, 1, 3456, 71, 20, 49, 163.41
2026/04/13 19:26:14.868, 0, 3456, 73, 21, 49, 86.42
2026/04/13 19:26:14.873, 1, 3456, 72, 20, 49, 102.14
2026/04/13 19:26:15.877, 0, 3456, 72, 21, 49, 181.67
2026/04/13 19:26:15.880, 1, 3456, 70, 22, 49, 194.91
2026/04/13 19:26:16.884, 0, 3456, 69, 22, 50, 193.80
2026/04/13 19:26:16.887, 1, 3456, 77, 23, 49, 212.50
2026/04/13 19:26:17.894, 0, 3456, 63, 18, 48, 168.18
2026/04/13 19:26:17.896, 1, 3456, 66, 21, 48, 183.12
2026/04/13 19:26:18.900, 0, 3456, 71, 21, 50, 181.10
2026/04/13 19:26:18.903, 1, 3456, 74, 23, 49, 217.11
2026/04/13 19:26:19.907, 0, 3456, 75, 22, 51, 184.81
2026/04/13 19:26:19.909, 1, 3456, 75, 23, 50, 172.59
2026/04/13 19:26:20.913, 0, 3456, 76, 23, 50, 73.47
2026/04/13 19:26:20.916, 1, 3456, 65, 19, 50, 103.84
2026/04/13 19:26:21.922, 0, 3456, 73, 22, 50, 78.03
2026/04/13 19:26:21.928, 1, 3456, 65, 19, 49, 70.40
2026/04/13 19:26:22.932, 0, 3456, 72, 22, 49, 138.34
2026/04/13 19:26:22.935, 1, 3456, 60, 16, 50, 164.87
2026/04/13 19:26:23.939, 0, 3456, 62, 17, 51, 202.49
2026/04/13 19:26:23.941, 1, 3456, 70, 21, 50, 209.75
2026/04/13 19:26:24.945, 0, 3456, 60, 19, 51, 163.35
2026/04/13 19:26:24.948, 1, 3456, 77, 22, 51, 157.87
2026/04/13 19:26:25.952, 0, 3456, 65, 19, 51, 204.45
2026/04/13 19:26:25.956, 1, 3456, 77, 21, 50, 212.01
2026/04/13 19:26:26.960, 0, 3456, 68, 22, 52, 93.12
2026/04/13 19:26:26.962, 1, 3456, 81, 23, 51, 80.68
2026/04/13 19:26:27.966, 0, 3456, 77, 24, 51, 201.35
2026/04/13 19:26:27.969, 1, 3456, 74, 21, 50, 209.09
2026/04/13 19:26:28.973, 0, 3456, 72, 21, 52, 216.17
2026/04/13 19:26:28.976, 1, 3456, 70, 22, 52, 187.84
2026/04/13 19:26:29.980, 0, 3476, 65, 19, 50, 47.23
2026/04/13 19:26:29.984, 1, 3476, 72, 22, 49, 47.72
2026/04/13 19:26:30.989, 0, 3476, 75, 22, 51, 206.99
2026/04/13 19:26:30.992, 1, 3476, 65, 20, 51, 229.94
2026/04/13 19:26:31.996, 0, 3476, 67, 20, 52, 121.86
2026/04/13 19:26:31.999, 1, 3476, 81, 23, 52, 107.41
2026/04/13 19:26:33.003, 0, 3476, 71, 22, 51, 199.07
2026/04/13 19:26:33.005, 1, 3476, 79, 22, 52, 201.11
2026/04/13 19:26:34.009, 0, 3476, 3, 0, 50, 197.95
2026/04/13 19:26:34.012, 1, 3476, 100, 0, 49, 215.62
2026/04/13 19:26:35.017, 0, 3476, 75, 21, 51, 216.87
2026/04/13 19:26:35.021, 1, 3476, 60, 20, 52, 234.47
2026/04/13 19:26:36.025, 0, 3476, 70, 20, 52, 219.72
2026/04/13 19:26:36.028, 1, 3476, 57, 18, 52, 235.31
2026/04/13 19:26:37.032, 0, 3476, 53, 16, 53, 130.75
2026/04/13 19:26:37.034, 1, 3476, 67, 21, 52, 116.19
2026/04/13 19:26:38.038, 0, 3476, 78, 18, 52, 216.90
2026/04/13 19:26:38.041, 1, 3476, 55, 18, 53, 236.77
2026/04/13 19:26:39.045, 0, 3476, 70, 21, 53, 136.13
2026/04/13 19:26:39.048, 1, 3476, 68, 22, 53, 122.61
2026/04/13 19:26:40.052, 0, 3476, 74, 21, 52, 134.33
2026/04/13 19:26:40.054, 1, 3476, 76, 24, 52, 159.24
2026/04/13 19:26:41.059, 0, 3476, 81, 24, 53, 225.38
2026/04/13 19:26:41.061, 1, 3476, 68, 20, 53, 234.11
2026/04/13 19:26:42.065, 0, 3476, 45, 11, 52, 187.93
2026/04/13 19:26:42.069, 1, 3476, 14, 4, 52, 218.97
2026/04/13 19:26:43.074, 0, 3476, 79, 23, 53, 206.20
2026/04/13 19:26:43.076, 1, 3476, 68, 21, 54, 174.74
2026/04/13 19:26:44.080, 0, 3476, 75, 22, 54, 85.22
2026/04/13 19:26:44.083, 1, 3476, 76, 21, 53, 75.32
2026/04/13 19:26:45.087, 0, 3476, 71, 20, 53, 128.33
2026/04/13 19:26:45.090, 1, 3476, 69, 21, 53, 165.24
2026/04/13 19:26:46.094, 0, 3476, 63, 19, 53, 172.65
2026/04/13 19:26:46.096, 1, 3476, 61, 20, 53, 194.24
2026/04/13 19:26:47.105, 0, 3476, 63, 18, 53, 194.03
2026/04/13 19:26:47.109, 1, 3476, 74, 23, 52, 207.69
2026/04/13 19:26:48.112, 0, 3476, 66, 21, 54, 218.00
2026/04/13 19:26:48.115, 1, 3476, 76, 20, 54, 237.32
2026/04/13 19:26:49.119, 0, 3476, 69, 22, 54, 162.95
2026/04/13 19:26:49.122, 1, 3476, 68, 21, 54, 151.68
2026/04/13 19:26:50.126, 0, 3476, 57, 18, 54, 207.04
2026/04/13 19:26:50.130, 1, 3476, 75, 21, 53, 212.55
2026/04/13 19:26:51.134, 0, 3476, 66, 20, 54, 212.44
2026/04/13 19:26:51.137, 1, 3476, 67, 21, 54, 224.24
2026/04/13 19:26:52.141, 0, 3476, 79, 23, 55, 111.13
2026/04/13 19:26:52.144, 1, 3476, 73, 21, 54, 88.07
2026/04/13 19:26:53.149, 0, 3476, 72, 21, 54, 158.70
2026/04/13 19:26:53.152, 1, 3476, 61, 18, 54, 149.84
2026/04/13 19:26:54.156, 0, 3476, 9, 1, 53, 206.47
2026/04/13 19:26:54.162, 1, 3476, 80, 18, 53, 202.36
2026/04/13 19:26:55.166, 0, 3476, 61, 19, 55, 167.84
2026/04/13 19:26:55.169, 1, 3476, 76, 23, 54, 156.60
2026/04/13 19:26:56.172, 0, 3476, 77, 24, 54, 180.46
2026/04/13 19:26:56.175, 1, 3476, 76, 22, 54, 199.58
2026/04/13 19:26:57.180, 0, 3476, 74, 23, 54, 199.00
2026/04/13 19:26:57.182, 1, 3476, 78, 22, 54, 201.01
2026/04/13 19:26:58.186, 0, 3476, 74, 20, 55, 109.86
2026/04/13 19:26:58.189, 1, 3476, 76, 23, 55, 98.97
2026/04/13 19:26:59.193, 0, 3476, 68, 20, 54, 84.76
2026/04/13 19:26:59.201, 1, 3476, 74, 23, 54, 92.89
2026/04/13 19:27:00.206, 0, 3476, 71, 20, 55, 204.07
2026/04/13 19:27:00.209, 1, 3476, 72, 22, 54, 195.59
2026/04/13 19:27:01.213, 0, 3476, 70, 21, 55, 158.40
2026/04/13 19:27:01.215, 1, 3476, 70, 21, 55, 191.30
2026/04/13 19:27:02.219, 0, 3476, 78, 20, 55, 165.50
2026/04/13 19:27:02.222, 1, 3476, 71, 21, 55, 166.20
2026/04/13 19:27:03.227, 0, 3476, 74, 22, 54, 49.56
2026/04/13 19:27:03.232, 1, 3476, 64, 18, 53, 49.58
2026/04/13 19:27:04.236, 0, 3476, 65, 20, 56, 130.29
2026/04/13 19:27:04.239, 1, 3476, 63, 20, 56, 117.22
2026/04/13 19:27:05.243, 0, 3476, 75, 23, 55, 94.34
2026/04/13 19:27:05.245, 1, 3476, 69, 20, 55, 113.00
2026/04/13 19:27:06.249, 0, 3476, 68, 20, 56, 76.27
2026/04/13 19:27:06.252, 1, 3476, 68, 20, 55, 70.77
2026/04/13 19:27:07.256, 0, 3476, 77, 21, 54, 181.70
2026/04/13 19:27:07.258, 1, 3476, 33, 9, 53, 203.72
2026/04/13 19:27:08.264, 0, 3476, 78, 23, 56, 168.35
2026/04/13 19:27:08.267, 1, 3476, 71, 21, 56, 152.95
2026/04/13 19:27:09.271, 0, 3476, 72, 21, 56, 157.12
2026/04/13 19:27:09.273, 1, 3476, 71, 21, 56, 140.61
2026/04/13 19:27:10.277, 0, 3476, 71, 23, 57, 161.67
2026/04/13 19:27:10.280, 1, 3476, 72, 20, 56, 160.15
2026/04/13 19:27:11.284, 0, 3476, 81, 22, 57, 120.10
2026/04/13 19:27:11.288, 1, 3476, 68, 21, 56, 109.38
2026/04/13 19:27:12.293, 0, 3476, 76, 22, 56, 106.32
2026/04/13 19:27:12.296, 1, 3476, 73, 21, 56, 121.99
2026/04/13 19:27:13.300, 0, 3476, 70, 20, 56, 165.52
2026/04/13 19:27:13.303, 1, 3476, 72, 23, 56, 189.65
2026/04/13 19:27:14.306, 0, 3476, 100, 0, 52, 49.17
2026/04/13 19:27:14.309, 1, 3476, 0, 0, 52, 49.09
2026/04/13 19:27:15.313, 0, 3476, 100, 0, 51, 48.49
2026/04/13 19:27:15.315, 1, 3476, 1, 0, 51, 48.50
2026/04/13 19:27:16.322, 0, 3476, 100, 0, 50, 48.29
2026/04/13 19:27:16.324, 1, 3476, 100, 0, 50, 48.21
2026/04/13 19:27:17.328, 0, 3476, 100, 0, 50, 48.00
2026/04/13 19:27:17.331, 1, 3476, 100, 0, 50, 47.92
2026/04/13 19:27:18.335, 0, 3476, 100, 0, 49, 47.81
2026/04/13 19:27:18.337, 1, 3476, 100, 0, 49, 47.82
2026/04/13 19:27:19.341, 0, 3476, 100, 0, 49, 47.71
2026/04/13 19:27:19.344, 1, 3476, 100, 0, 49, 47.62
2026/04/13 19:27:20.347, 0, 3476, 100, 0, 49, 47.03
2026/04/13 19:27:20.350, 1, 3476, 100, 0, 49, 47.62
2026/04/13 19:27:21.354, 0, 3476, 100, 0, 49, 46.93
2026/04/13 19:27:21.357, 1, 3476, 100, 0, 48, 47.43
2026/04/13 19:27:22.361, 0, 3476, 100, 0, 48, 46.74
2026/04/13 19:27:22.364, 1, 3476, 100, 0, 48, 47.33
2026/04/13 19:27:23.367, 0, 3476, 100, 0, 48, 46.74
2026/04/13 19:27:23.370, 1, 3476, 100, 0, 48, 47.33
2026/04/13 19:27:24.374, 0, 3476, 100, 0, 48, 46.64
2026/04/13 19:27:24.376, 1, 3476, 100, 0, 48, 47.14
2026/04/13 19:27:25.380, 0, 3476, 100, 0, 48, 46.54
2026/04/13 19:27:25.383, 1, 3476, 100, 0, 47, 47.14
2026/04/13 19:27:26.389, 0, 3476, 100, 0, 47, 46.45
2026/04/13 19:27:26.392, 1, 3476, 100, 0, 47, 46.94
2026/04/13 19:27:27.395, 0, 3476, 100, 0, 47, 46.35
2026/04/13 19:27:27.398, 1, 3476, 100, 0, 47, 46.94
2026/04/13 19:27:28.402, 0, 3476, 100, 0, 47, 46.25
2026/04/13 19:27:28.404, 1, 3476, 100, 0, 47, 46.84
2026/04/13 19:27:29.408, 0, 3476, 100, 0, 47, 46.25
2026/04/13 19:27:29.411, 1, 3476, 100, 0, 47, 46.75
2026/04/13 19:27:30.417, 0, 3476, 100, 0, 47, 46.16
2026/04/13 19:27:30.420, 1, 3476, 100, 0, 47, 46.65
2026/04/13 19:27:31.424, 0, 3476, 100, 0, 47, 46.06
2026/04/13 19:27:31.426, 1, 3476, 100, 0, 46, 46.55
2026/04/13 19:27:32.430, 0, 3476, 100, 0, 46, 45.96
2026/04/13 19:27:32.435, 1, 3476, 100, 0, 46, 46.55
2026/04/13 19:27:33.439, 0, 3476, 100, 0, 46, 45.96
2026/04/13 19:27:33.441, 1, 3476, 100, 0, 46, 46.45
2026/04/13 19:27:34.448, 0, 3476, 100, 0, 46, 45.87
2026/04/13 19:27:34.451, 1, 3476, 100, 0, 46, 46.36
2026/04/13 19:27:35.454, 0, 3476, 100, 0, 46, 45.77
2026/04/13 19:27:35.457, 1, 3476, 100, 0, 46, 46.26
2026/04/13 19:27:36.461, 0, 3476, 100, 0, 46, 45.67
2026/04/13 19:27:36.464, 1, 3476, 100, 0, 45, 46.26
2026/04/13 19:27:37.468, 0, 3476, 100, 0, 45, 45.67
2026/04/13 19:27:37.470, 1, 3476, 100, 0, 45, 46.16
2026/04/13 19:27:38.474, 0, 3476, 100, 0, 45, 45.57
2026/04/13 19:27:38.478, 1, 3476, 100, 0, 45, 46.06
2026/04/13 19:27:39.482, 0, 3476, 100, 0, 45, 45.57
2026/04/13 19:27:39.485, 1, 3476, 100, 0, 45, 46.16
2026/04/13 19:27:40.489, 0, 3476, 100, 0, 45, 45.48
2026/04/13 19:27:40.492, 1, 3476, 100, 0, 45, 45.97
2026/04/13 19:27:41.495, 0, 3476, 100, 0, 45, 45.48
2026/04/13 19:27:41.498, 1, 3476, 100, 0, 45, 45.97
2026/04/13 19:27:42.502, 0, 3476, 100, 0, 45, 45.39
2026/04/13 19:27:42.507, 1, 3476, 100, 0, 44, 45.87
2026/04/13 19:27:43.511, 0, 3476, 100, 0, 45, 45.28
2026/04/13 19:27:43.513, 1, 3476, 100, 0, 44, 45.87
2026/04/13 19:27:44.521, 0, 3476, 100, 0, 44, 45.19
2026/04/13 19:27:44.524, 1, 3476, 100, 0, 44, 45.87
2026/04/13 19:27:45.528, 0, 3476, 100, 0, 44, 45.19
2026/04/13 19:27:45.533, 1, 3476, 100, 0, 44, 45.77
2026/04/13 19:27:46.537, 0, 3476, 100, 0, 44, 45.20
2026/04/13 19:27:46.539, 1, 3476, 100, 0, 44, 45.67
2026/04/13 19:27:47.544, 0, 3476, 100, 0, 44, 45.09
2026/04/13 19:27:47.546, 1, 3476, 100, 0, 44, 45.58
2026/04/13 19:27:48.550, 0, 3476, 100, 0, 44, 45.09
2026/04/13 19:27:48.553, 1, 3476, 100, 0, 44, 45.58
2026/04/13 19:27:49.556, 0, 3476, 100, 0, 44, 44.99
2026/04/13 19:27:49.559, 1, 3476, 100, 0, 43, 45.58
2026/04/13 19:27:50.566, 0, 3476, 100, 0, 44, 44.99
2026/04/13 19:27:50.578, 1, 3476, 100, 0, 43, 45.58
2026/04/13 19:27:51.587, 0, 3476, 100, 0, 43, 44.80
2026/04/13 19:27:51.590, 1, 3476, 100, 0, 43, 45.48
2026/04/13 19:27:52.594, 0, 3476, 100, 0, 43, 44.80
2026/04/13 19:27:52.598, 1, 3476, 100, 0, 43, 45.48
2026/04/13 19:27:53.602, 0, 3476, 100, 0, 43, 44.80
2026/04/13 19:27:53.604, 1, 3476, 100, 0, 43, 45.48
2026/04/13 19:27:54.608, 0, 3476, 100, 0, 43, 44.70
2026/04/13 19:27:54.611, 1, 3476, 100, 0, 43, 45.28
2026/04/13 19:27:55.614, 0, 3476, 100, 0, 43, 44.70
2026/04/13 19:27:55.617, 1, 3476, 100, 0, 43, 45.18
2026/04/13 19:27:56.623, 0, 3476, 100, 0, 43, 44.70
2026/04/13 19:27:56.626, 1, 3476, 100, 0, 43, 45.18
2026/04/13 19:27:57.630, 0, 3476, 100, 0, 43, 44.71
2026/04/13 19:27:57.632, 1, 3476, 100, 0, 42, 45.18
2026/04/13 19:27:58.637, 0, 3476, 100, 0, 43, 44.60
2026/04/13 19:27:58.639, 1, 3476, 100, 0, 42, 45.09
2026/04/13 19:27:59.643, 0, 3476, 100, 0, 42, 44.62
2026/04/13 19:27:59.646, 1, 3476, 100, 0, 42, 45.09
2026/04/13 19:28:00.649, 0, 3476, 100, 0, 42, 44.62
2026/04/13 19:28:00.654, 1, 3476, 100, 0, 42, 45.09
2026/04/13 19:28:01.658, 0, 3476, 100, 0, 42, 44.42
2026/04/13 19:28:01.660, 1, 3476, 100, 0, 42, 45.09
2026/04/13 19:28:02.664, 0, 3476, 100, 0, 42, 44.42
2026/04/13 19:28:02.667, 1, 3476, 100, 0, 42, 45.09
2026/04/13 19:28:03.671, 0, 3476, 100, 0, 42, 44.42
2026/04/13 19:28:03.673, 1, 3476, 100, 0, 42, 44.99
2026/04/13 19:28:04.677, 0, 3476, 100, 0, 42, 44.32
2026/04/13 19:28:04.680, 1, 3476, 100, 0, 42, 44.99
2026/04/13 19:28:05.686, 0, 3476, 100, 0, 42, 44.32
2026/04/13 19:28:05.689, 1, 3476, 100, 0, 42, 44.79
2026/04/13 19:28:06.692, 0, 3476, 100, 0, 42, 44.32
2026/04/13 19:28:06.695, 1, 3476, 100, 0, 42, 44.89
2026/04/13 19:28:07.699, 0, 3476, 100, 0, 42, 44.32
2026/04/13 19:28:07.702, 1, 3476, 100, 0, 41, 44.79
2026/04/13 19:28:08.705, 0, 3476, 100, 0, 42, 44.32
2026/04/13 19:28:08.708, 1, 3476, 100, 0, 41, 44.79
2026/04/13 19:28:09.712, 0, 3476, 100, 0, 41, 44.23
2026/04/13 19:28:09.714, 1, 3476, 100, 0, 41, 44.70
2026/04/13 19:28:10.718, 0, 3476, 100, 0, 41, 44.23
2026/04/13 19:28:10.724, 1, 3476, 100, 0, 41, 44.70
2026/04/13 19:28:11.728, 0, 3476, 100, 0, 41, 44.23
2026/04/13 19:28:11.730, 1, 3476, 100, 0, 41, 44.70
2026/04/13 19:28:12.734, 0, 3476, 100, 0, 41, 44.23
2026/04/13 19:28:12.740, 1, 3476, 100, 0, 41, 44.71
2026/04/13 19:28:13.744, 0, 3476, 100, 0, 41, 44.23
2026/04/13 19:28:13.746, 1, 3476, 100, 0, 41, 44.60
2026/04/13 19:28:14.753, 0, 3476, 100, 0, 41, 44.03
2026/04/13 19:28:14.755, 1, 3476, 100, 0, 41, 44.70
2026/04/13 19:28:15.759, 0, 3476, 100, 0, 41, 43.94
2026/04/13 19:28:15.762, 1, 3476, 100, 0, 41, 44.61
2026/04/13 19:28:16.766, 0, 3476, 100, 0, 41, 43.94
2026/04/13 19:28:16.771, 1, 3476, 100, 0, 41, 44.60
2026/04/13 19:28:17.774, 0, 3476, 100, 0, 41, 43.94
2026/04/13 19:28:17.777, 1, 3476, 100, 0, 41, 44.50
2026/04/13 19:28:18.782, 0, 3476, 100, 0, 41, 43.92
2026/04/13 19:28:18.785, 1, 3476, 100, 0, 40, 44.60
2026/04/13 19:28:19.789, 0, 3476, 100, 0, 41, 43.84
2026/04/13 19:28:19.793, 1, 3476, 100, 0, 40, 44.50
2026/04/13 19:28:20.797, 0, 3476, 100, 0, 40, 43.94
2026/04/13 19:28:20.802, 1, 3476, 100, 0, 40, 44.50
2026/04/13 19:28:21.806, 0, 3476, 100, 0, 40, 43.84
2026/04/13 19:28:21.809, 1, 3476, 100, 0, 40, 44.40
2026/04/13 19:28:22.814, 0, 3476, 100, 0, 40, 43.84
2026/04/13 19:28:22.817, 1, 3476, 100, 0, 40, 44.31
2026/04/13 19:28:23.820, 0, 3476, 100, 0, 40, 43.84
2026/04/13 19:28:23.823, 1, 3476, 100, 0, 40, 44.32
2026/04/13 19:28:24.827, 0, 3476, 100, 0, 40, 43.84
2026/04/13 19:28:24.830, 1, 3476, 100, 0, 40, 44.31
2026/04/13 19:28:25.834, 0, 3476, 100, 0, 40, 43.84
2026/04/13 19:28:25.836, 1, 3476, 100, 0, 40, 44.31
2026/04/13 19:28:26.840, 0, 3476, 100, 0, 40, 43.84
2026/04/13 19:28:26.843, 1, 3476, 100, 0, 40, 44.31
2026/04/13 19:28:27.849, 0, 3476, 100, 0, 40, 43.75
2026/04/13 19:28:27.852, 1, 3476, 100, 0, 40, 44.21
2026/04/13 19:28:28.855, 0, 3476, 100, 0, 40, 43.74
2026/04/13 19:28:28.859, 1, 3476, 100, 0, 40, 44.31
2026/04/13 19:28:29.862, 0, 3476, 100, 0, 40, 43.75
2026/04/13 19:28:29.865, 1, 3476, 100, 0, 40, 44.21
2026/04/13 19:28:30.869, 0, 3476, 100, 0, 40, 43.64
2026/04/13 19:28:30.871, 1, 3476, 100, 0, 40, 44.21
2026/04/13 19:28:31.875, 0, 3476, 100, 0, 40, 43.65
2026/04/13 19:28:31.878, 1, 3476, 100, 0, 40, 44.22
2026/04/13 19:28:32.882, 0, 3476, 100, 0, 40, 43.65
2026/04/13 19:28:32.887, 1, 3476, 100, 0, 39, 44.21
2026/04/13 19:28:33.891, 0, 3476, 100, 0, 40, 43.64
2026/04/13 19:28:33.894, 1, 3476, 100, 0, 39, 44.12
2026/04/13 19:28:34.898, 0, 3476, 100, 0, 39, 43.55
2026/04/13 19:28:34.900, 1, 3476, 100, 0, 39, 44.11
2026/04/13 19:28:35.904, 0, 3476, 100, 0, 39, 43.64
2026/04/13 19:28:35.907, 1, 3476, 100, 0, 39, 44.11
2026/04/13 19:28:36.912, 0, 3476, 100, 0, 39, 43.45
2026/04/13 19:28:36.915, 1, 3476, 100, 0, 39, 44.11
2026/04/13 19:28:37.921, 0, 3476, 100, 0, 39, 43.47
2026/04/13 19:28:37.923, 1, 3476, 100, 0, 39, 44.11
2026/04/13 19:28:38.927, 0, 3476, 100, 0, 39, 43.45
2026/04/13 19:28:38.931, 1, 3476, 100, 0, 39, 44.01
2026/04/13 19:28:39.936, 0, 3476, 100, 0, 39, 43.45
2026/04/13 19:28:39.938, 1, 3476, 100, 0, 39, 44.01
2026/04/13 19:28:40.942, 0, 3476, 100, 0, 39, 43.55
2026/04/13 19:28:40.945, 1, 3476, 100, 0, 39, 44.01
2026/04/13 19:28:41.949, 0, 3476, 100, 0, 39, 43.45
2026/04/13 19:28:41.952, 1, 3476, 100, 0, 39, 44.01
2026/04/13 19:28:42.955, 0, 3476, 100, 0, 39, 43.46
2026/04/13 19:28:42.958, 1, 3476, 100, 0, 39, 44.01
2026/04/13 19:28:43.962, 0, 3476, 100, 0, 39, 43.35
2026/04/13 19:28:43.965, 1, 3476, 100, 0, 39, 44.01
2026/04/13 19:28:44.971, 0, 3476, 100, 0, 39, 43.47
2026/04/13 19:28:44.973, 1, 3476, 100, 0, 39, 43.92
2026/04/13 19:28:45.977, 0, 3476, 100, 0, 39, 43.45
2026/04/13 19:28:45.980, 1, 3476, 100, 0, 39, 43.92
2026/04/13 19:28:46.984, 0, 3476, 100, 0, 39, 43.47
2026/04/13 19:28:46.986, 1, 3476, 100, 0, 39, 43.92
2026/04/13 19:28:47.990, 0, 3476, 100, 0, 39, 43.46
2026/04/13 19:28:47.993, 1, 3476, 100, 0, 39, 43.92
2026/04/13 19:28:48.999, 0, 3476, 100, 0, 39, 43.27
2026/04/13 19:28:49.002, 1, 3476, 100, 0, 39, 43.92
2026/04/13 19:28:50.005, 0, 3476, 100, 0, 39, 43.27
2026/04/13 19:28:50.008, 1, 3476, 100, 0, 38, 43.92
2026/04/13 19:28:51.012, 0, 3476, 100, 0, 39, 43.26
2026/04/13 19:28:51.015, 1, 3476, 100, 0, 38, 43.72
2026/04/13 19:28:52.018, 0, 3476, 100, 0, 39, 43.26
2026/04/13 19:28:52.021, 1, 3476, 100, 0, 38, 43.82
2026/04/13 19:28:53.027, 0, 3476, 100, 0, 39, 43.36
2026/04/13 19:28:53.030, 1, 3476, 100, 0, 38, 43.82
2026/04/13 19:28:54.034, 0, 3476, 100, 0, 39, 43.26
2026/04/13 19:28:54.046, 1, 3476, 100, 0, 38, 43.73
2026/04/13 19:28:55.050, 0, 3476, 100, 0, 38, 43.26
2026/04/13 19:28:55.053, 1, 3476, 100, 0, 38, 43.72
2026/04/13 19:28:56.056, 0, 3476, 100, 0, 38, 43.27
2026/04/13 19:28:56.059, 1, 3476, 100, 0, 38, 43.72
2026/04/13 19:28:57.063, 0, 3476, 100, 0, 38, 43.27
2026/04/13 19:28:57.066, 1, 3476, 100, 0, 38, 43.73
2026/04/13 19:28:58.072, 0, 3476, 100, 0, 38, 43.26
2026/04/13 19:28:58.075, 1, 3476, 100, 0, 38, 43.72
2026/04/13 19:28:59.078, 0, 3476, 100, 0, 38, 43.26
2026/04/13 19:28:59.081, 1, 3476, 100, 0, 38, 43.73
2026/04/13 19:29:00.085, 0, 3476, 100, 0, 38, 43.17
2026/04/13 19:29:00.087, 1, 3476, 100, 0, 38, 43.73
2026/04/13 19:29:01.091, 0, 3476, 100, 0, 38, 43.27
2026/04/13 19:29:01.096, 1, 3476, 100, 0, 38, 43.73
2026/04/13 19:29:02.099, 0, 3476, 100, 0, 38, 43.17
2026/04/13 19:29:02.102, 1, 3476, 100, 0, 38, 43.73
2026/04/13 19:29:03.106, 0, 3476, 100, 0, 38, 43.08
2026/04/13 19:29:03.108, 1, 3476, 100, 0, 38, 43.73
2026/04/13 19:29:04.112, 0, 3476, 100, 0, 38, 43.16
2026/04/13 19:29:04.115, 1, 3476, 100, 0, 38, 43.72
2026/04/13 19:29:05.122, 0, 3476, 100, 0, 38, 43.17
2026/04/13 19:29:05.127, 1, 3476, 100, 0, 38, 43.72
2026/04/13 19:29:06.131, 0, 3476, 100, 0, 38, 43.16
2026/04/13 19:29:06.133, 1, 3476, 100, 0, 38, 43.72
2026/04/13 19:29:07.137, 0, 3476, 100, 0, 38, 43.17
2026/04/13 19:29:07.140, 1, 3476, 100, 0, 38, 43.62
2026/04/13 19:29:08.144, 0, 3476, 100, 0, 38, 43.17
2026/04/13 19:29:08.146, 1, 3476, 100, 0, 38, 43.62
2026/04/13 19:29:09.150, 0, 3476, 100, 0, 38, 43.17
2026/04/13 19:29:09.153, 1, 3476, 100, 0, 38, 43.62
2026/04/13 19:29:10.158, 0, 3476, 100, 0, 38, 42.97
2026/04/13 19:29:10.161, 1, 3476, 100, 0, 38, 43.53
2026/04/13 19:29:11.166, 0, 3476, 100, 0, 38, 43.08
2026/04/13 19:29:11.169, 1, 3476, 100, 0, 38, 43.54
2026/04/13 19:29:12.173, 0, 3476, 100, 0, 38, 43.08
2026/04/13 19:29:12.175, 1, 3476, 100, 0, 38, 43.53
2026/04/13 19:29:13.179, 0, 3476, 100, 0, 38, 43.08
2026/04/13 19:29:13.182, 1, 3476, 100, 0, 37, 43.53
2026/04/13 19:29:14.186, 0, 3476, 100, 0, 38, 42.97
2026/04/13 19:29:14.188, 1, 3476, 100, 0, 37, 43.63
2026/04/13 19:29:15.192, 0, 3476, 100, 0, 38, 42.98
2026/04/13 19:29:15.195, 1, 3476, 100, 0, 37, 43.53
2026/04/13 19:29:16.199, 0, 3476, 100, 0, 38, 43.07
2026/04/13 19:29:16.207, 1, 3476, 100, 0, 37, 43.53
2026/04/13 19:29:17.211, 0, 3476, 100, 0, 38, 42.97
2026/04/13 19:29:17.214, 1, 3476, 100, 0, 37, 43.53
2026/04/13 19:29:18.217, 0, 3476, 100, 0, 38, 42.88
2026/04/13 19:29:18.220, 1, 3476, 100, 0, 37, 43.53
2026/04/13 19:29:19.227, 0, 3476, 100, 0, 38, 42.87
2026/04/13 19:29:19.230, 1, 3476, 100, 0, 37, 43.53
2026/04/13 19:29:20.233, 0, 3476, 100, 0, 37, 42.87
2026/04/13 19:29:20.236, 1, 3476, 100, 0, 37, 43.53
2026/04/13 19:29:21.240, 0, 3476, 100, 0, 37, 42.87
2026/04/13 19:29:21.245, 1, 3476, 100, 0, 37, 43.53
2026/04/13 19:29:22.248, 0, 3476, 100, 0, 37, 42.88
2026/04/13 19:29:22.251, 1, 3476, 100, 0, 37, 43.53
2026/04/13 19:29:23.258, 0, 3476, 100, 0, 37, 42.88
2026/04/13 19:29:23.260, 1, 3476, 100, 0, 37, 43.44
2026/04/13 19:29:24.264, 0, 3476, 100, 0, 37, 42.88
2026/04/13 19:29:24.267, 1, 3476, 100, 0, 37, 43.44
2026/04/13 19:29:25.271, 0, 3476, 100, 0, 37, 42.87
2026/04/13 19:29:25.274, 1, 3476, 100, 0, 37, 43.43
2026/04/13 19:29:26.277, 0, 3476, 100, 0, 37, 42.88
2026/04/13 19:29:26.280, 1, 3476, 100, 0, 37, 43.44
2026/04/13 19:29:27.284, 0, 3476, 100, 0, 37, 42.88
2026/04/13 19:29:27.287, 1, 3476, 100, 0, 37, 43.34
2026/04/13 19:29:28.290, 0, 3476, 100, 0, 37, 42.88
2026/04/13 19:29:28.293, 1, 3476, 100, 0, 37, 43.44
2026/04/13 19:29:29.297, 0, 3476, 100, 0, 37, 42.88
2026/04/13 19:29:29.302, 1, 3476, 100, 0, 37, 43.43
2026/04/13 19:29:30.306, 0, 3476, 100, 0, 37, 42.88
2026/04/13 19:29:30.308, 1, 3476, 100, 0, 37, 43.33
2026/04/13 19:29:31.312, 0, 3476, 100, 0, 37, 42.87
2026/04/13 19:29:31.315, 1, 3476, 100, 0, 37, 43.43
2026/04/13 19:29:32.319, 0, 3476, 100, 0, 37, 42.77
2026/04/13 19:29:32.322, 1, 3476, 100, 0, 37, 43.33
2026/04/13 19:29:33.326, 0, 3476, 100, 0, 37, 42.87
2026/04/13 19:29:33.330, 1, 3476, 100, 0, 37, 43.33
2026/04/13 19:29:34.334, 0, 3476, 100, 0, 37, 42.87
2026/04/13 19:29:34.337, 1, 3476, 100, 0, 37, 43.34
2026/04/13 19:29:35.341, 0, 3476, 100, 0, 37, 42.87
2026/04/13 19:29:35.343, 1, 3476, 100, 0, 37, 43.34
2026/04/13 19:29:36.349, 0, 3476, 100, 0, 37, 42.78
2026/04/13 19:29:36.352, 1, 3476, 100, 0, 37, 43.35
2026/04/13 19:29:37.356, 0, 3476, 100, 0, 37, 42.78
2026/04/13 19:29:37.359, 1, 3476, 100, 0, 37, 43.34
2026/04/13 19:29:38.362, 0, 3476, 100, 0, 37, 42.87
2026/04/13 19:29:38.365, 1, 3476, 100, 0, 37, 43.33
2026/04/13 19:29:39.369, 0, 3476, 100, 0, 37, 42.78
2026/04/13 19:29:39.372, 1, 3476, 100, 0, 37, 43.34
2026/04/13 19:29:40.375, 0, 3476, 100, 0, 37, 42.78
2026/04/13 19:29:40.378, 1, 3476, 100, 0, 37, 43.34
2026/04/13 19:29:41.383, 0, 3476, 100, 0, 37, 42.78
2026/04/13 19:29:41.388, 1, 3476, 100, 0, 37, 43.34
2026/04/13 19:29:42.392, 0, 3476, 100, 0, 37, 42.78
2026/04/13 19:29:42.394, 1, 3476, 100, 0, 37, 43.33
2026/04/13 19:29:43.398, 0, 3476, 100, 0, 37, 42.78
2026/04/13 19:29:43.401, 1, 3476, 100, 0, 37, 43.23
2026/04/13 19:29:44.404, 0, 3476, 100, 0, 37, 42.78
2026/04/13 19:29:44.407, 1, 3476, 100, 0, 37, 43.24
2026/04/13 19:29:45.412, 0, 3476, 100, 0, 37, 42.78
2026/04/13 19:29:45.417, 1, 3476, 100, 0, 36, 43.33
2026/04/13 19:29:46.421, 0, 3476, 100, 0, 37, 42.78
2026/04/13 19:29:46.424, 1, 3476, 100, 0, 37, 43.35
2026/04/13 19:29:47.428, 0, 3476, 100, 0, 37, 42.78
2026/04/13 19:29:47.430, 1, 3476, 100, 0, 36, 43.34
2026/04/13 19:29:48.434, 0, 3476, 100, 0, 37, 42.78
2026/04/13 19:29:48.437, 1, 3476, 100, 0, 36, 43.23
2026/04/13 19:29:49.441, 0, 3476, 100, 0, 37, 42.78
2026/04/13 19:29:49.443, 1, 3476, 100, 0, 36, 43.33
2026/04/13 19:29:50.450, 0, 3476, 100, 0, 37, 42.78
2026/04/13 19:29:50.452, 1, 3476, 100, 0, 36, 43.23
2026/04/13 19:29:51.456, 0, 3476, 100, 0, 37, 42.78
2026/04/13 19:29:51.459, 1, 3476, 100, 0, 36, 43.34
2026/04/13 19:29:52.463, 0, 3476, 100, 0, 37, 42.78
2026/04/13 19:29:52.465, 1, 3476, 100, 0, 36, 43.24
2026/04/13 19:29:53.469, 0, 3476, 100, 0, 37, 42.69
2026/04/13 19:29:53.472, 1, 3476, 100, 0, 36, 43.34
2026/04/13 19:29:54.476, 0, 3476, 100, 0, 37, 42.78
2026/04/13 19:29:54.480, 1, 3476, 100, 0, 36, 43.34
2026/04/13 19:29:55.484, 0, 3476, 100, 0, 37, 42.78
2026/04/13 19:29:55.488, 1, 3476, 100, 0, 36, 43.33
2026/04/13 19:29:56.492, 0, 3476, 100, 0, 37, 42.78
2026/04/13 19:29:56.495, 1, 3476, 100, 0, 36, 43.23
2026/04/13 19:29:57.499, 0, 3476, 100, 0, 37, 42.78
2026/04/13 19:29:57.501, 1, 3476, 100, 0, 36, 43.24
2026/04/13 19:29:58.505, 0, 3476, 100, 0, 36, 42.69
2026/04/13 19:29:58.509, 1, 3476, 100, 0, 36, 43.24
2026/04/13 19:29:59.515, 0, 3476, 100, 0, 36, 42.69
2026/04/13 19:29:59.518, 1, 3476, 100, 0, 36, 43.24
2026/04/13 19:30:00.521, 0, 3476, 100, 0, 36, 42.59
2026/04/13 19:30:00.524, 1, 3476, 100, 0, 36, 43.23
2026/04/13 19:30:01.528, 0, 3476, 100, 0, 36, 42.69
2026/04/13 19:30:01.531, 1, 3476, 100, 0, 36, 43.14
2026/04/13 19:30:02.534, 0, 3476, 100, 0, 36, 42.69
2026/04/13 19:30:02.537, 1, 3476, 100, 0, 36, 43.23
2026/04/13 19:30:03.541, 0, 3476, 100, 0, 36, 42.59
2026/04/13 19:30:03.543, 1, 3476, 100, 0, 36, 43.05
2026/04/13 19:30:04.547, 0, 3476, 100, 0, 36, 42.69
2026/04/13 19:30:04.550, 1, 3476, 100, 0, 36, 43.05
2026/04/13 19:30:05.554, 0, 3476, 100, 0, 36, 42.69
2026/04/13 19:30:05.557, 1, 3476, 100, 0, 36, 43.14
2026/04/13 19:30:06.561, 0, 3476, 100, 0, 36, 42.69
2026/04/13 19:30:06.565, 1, 3476, 100, 0, 36, 43.14
2026/04/13 19:30:07.569, 0, 3476, 100, 0, 36, 42.59
2026/04/13 19:30:07.572, 1, 3476, 100, 0, 36, 43.04
2026/04/13 19:30:08.575, 0, 3476, 100, 0, 36, 42.59
2026/04/13 19:30:08.578, 1, 3476, 100, 0, 36, 43.14
2026/04/13 19:30:09.582, 0, 3476, 100, 0, 36, 42.48
2026/04/13 19:30:09.584, 1, 3476, 100, 0, 36, 43.04
2026/04/13 19:30:10.588, 0, 3476, 100, 0, 36, 42.68
2026/04/13 19:30:10.592, 1, 3476, 100, 0, 36, 43.04
2026/04/13 19:30:11.596, 0, 3476, 100, 0, 36, 42.59
2026/04/13 19:30:11.599, 1, 3476, 100, 0, 36, 43.04
2026/04/13 19:30:12.603, 0, 3476, 100, 0, 36, 42.59
2026/04/13 19:30:12.606, 1, 3476, 100, 0, 36, 43.04
2026/04/13 19:30:13.609, 0, 3476, 100, 0, 36, 42.59
2026/04/13 19:30:13.612, 1, 3476, 100, 0, 36, 43.04
2026/04/13 19:30:14.616, 0, 3476, 100, 0, 36, 42.58
2026/04/13 19:30:14.622, 1, 3476, 100, 0, 36, 43.04
2026/04/13 19:30:15.626, 0, 3476, 100, 0, 36, 42.49
2026/04/13 19:30:15.628, 1, 3476, 100, 0, 36, 43.15
2026/04/13 19:30:16.632, 0, 3476, 100, 0, 36, 42.58
2026/04/13 19:30:16.635, 1, 3476, 100, 0, 36, 43.14
2026/04/13 19:30:17.639, 0, 3476, 100, 0, 36, 42.69
2026/04/13 19:30:17.641, 1, 3476, 100, 0, 36, 43.04
2026/04/13 19:30:18.645, 0, 3476, 100, 0, 36, 42.58
2026/04/13 19:30:18.648, 1, 3476, 100, 0, 36, 43.04
2026/04/13 19:30:19.653, 0, 3476, 100, 0, 36, 42.58
2026/04/13 19:30:19.656, 1, 3476, 100, 0, 36, 43.05
2026/04/13 19:30:20.660, 0, 3476, 100, 0, 36, 42.48
2026/04/13 19:30:20.663, 1, 3476, 100, 0, 36, 43.05
2026/04/13 19:30:21.667, 0, 3476, 100, 0, 36, 42.49
2026/04/13 19:30:21.670, 1, 3476, 100, 0, 36, 43.05
2026/04/13 19:30:22.674, 0, 3476, 100, 0, 36, 42.59
2026/04/13 19:30:22.677, 1, 3476, 100, 0, 36, 43.14
2026/04/13 19:30:23.680, 0, 3476, 100, 0, 36, 42.48
2026/04/13 19:30:23.683, 1, 3476, 100, 0, 36, 43.05
2026/04/13 19:30:24.687, 0, 3476, 100, 0, 36, 42.49
2026/04/13 19:30:24.690, 1, 3476, 100, 0, 36, 43.05
2026/04/13 19:30:25.694, 0, 3476, 100, 0, 36, 42.49
2026/04/13 19:30:25.697, 1, 3476, 100, 0, 36, 43.05
2026/04/13 19:30:26.701, 0, 3476, 100, 0, 36, 42.49
2026/04/13 19:30:26.706, 1, 3476, 100, 0, 36, 43.05
2026/04/13 19:30:27.710, 0, 3476, 100, 0, 36, 42.49
2026/04/13 19:30:27.712, 1, 3476, 100, 0, 36, 43.05
2026/04/13 19:30:28.717, 0, 3476, 100, 0, 36, 42.49
2026/04/13 19:30:28.719, 1, 3476, 100, 0, 36, 43.05
2026/04/13 19:30:29.723, 0, 3476, 100, 0, 36, 42.49
2026/04/13 19:30:29.726, 1, 3476, 100, 0, 36, 43.05
2026/04/13 19:30:30.729, 0, 3476, 100, 0, 36, 42.49
2026/04/13 19:30:30.735, 1, 3476, 100, 0, 36, 43.04
2026/04/13 19:30:31.739, 0, 3476, 100, 0, 36, 42.49
2026/04/13 19:30:31.742, 1, 3476, 100, 0, 36, 43.05
2026/04/13 19:30:32.747, 0, 3476, 100, 0, 36, 42.49
2026/04/13 19:30:32.750, 1, 3476, 100, 0, 36, 43.04
2026/04/13 19:30:33.753, 0, 3476, 100, 0, 36, 42.49
2026/04/13 19:30:33.756, 1, 3476, 100, 0, 36, 43.05
2026/04/13 19:30:34.760, 0, 3476, 100, 0, 36, 42.49
2026/04/13 19:30:34.766, 1, 3476, 100, 0, 36, 43.04
2026/04/13 19:30:35.770, 0, 3476, 100, 0, 36, 42.49
2026/04/13 19:30:35.773, 1, 3476, 100, 0, 36, 43.05
2026/04/13 19:30:36.779, 0, 3476, 100, 0, 36, 42.49
2026/04/13 19:30:37.191, 1, 3476, 100, 0, 36, 43.04
2026/04/13 19:30:39.152, 0, 3476, 100, 0, 36, 42.40
2026/04/13 19:30:39.156, 1, 3476, 100, 0, 36, 43.05
2026/04/13 19:30:40.160, 0, 3476, 100, 0, 36, 42.40
2026/04/13 19:30:40.163, 1, 3476, 100, 0, 36, 43.05
2026/04/13 19:30:41.167, 0, 3476, 100, 0, 36, 42.49
2026/04/13 19:30:41.169, 1, 3476, 100, 0, 36, 43.04
2026/04/13 19:30:42.173, 0, 3476, 100, 0, 36, 42.39
2026/04/13 19:30:42.176, 1, 3476, 100, 0, 36, 43.05
2026/04/13 19:30:43.180, 0, 3476, 100, 0, 36, 42.40
2026/04/13 19:30:43.183, 1, 3476, 100, 0, 36, 43.04
2026/04/13 19:30:44.187, 0, 3476, 100, 0, 36, 42.49
2026/04/13 19:30:44.190, 1, 3476, 100, 0, 36, 43.05
2026/04/13 19:30:45.193, 0, 3476, 100, 0, 36, 42.40
2026/04/13 19:30:45.196, 1, 3476, 100, 0, 36, 43.04
2026/04/13 19:30:46.200, 0, 3476, 100, 0, 36, 42.49
2026/04/13 19:30:46.203, 1, 3476, 100, 0, 36, 43.04
2026/04/13 19:30:47.206, 0, 3476, 100, 0, 36, 42.40
2026/04/13 19:30:47.210, 1, 3476, 100, 0, 36, 43.04
2026/04/13 19:30:48.214, 0, 3476, 100, 0, 36, 42.49
2026/04/13 19:30:48.217, 1, 3476, 100, 0, 35, 42.94
2026/04/13 19:30:49.221, 0, 3476, 100, 0, 36, 42.40
2026/04/13 19:30:49.223, 1, 3476, 100, 0, 36, 43.04
2026/04/13 19:30:50.227, 0, 3476, 100, 0, 36, 42.40
2026/04/13 19:30:50.230, 1, 3476, 100, 0, 35, 43.04
2026/04/13 19:30:51.237, 0, 3476, 100, 0, 36, 42.38
2026/04/13 19:30:51.239, 1, 3476, 100, 0, 35, 43.05
2026/04/13 19:30:52.243, 0, 3476, 100, 0, 36, 42.40
2026/04/13 19:30:52.246, 1, 3476, 100, 0, 35, 43.04
2026/04/13 19:30:53.250, 0, 3476, 100, 0, 36, 42.40
2026/04/13 19:30:53.253, 1, 3476, 100, 0, 36, 43.05
2026/04/13 19:30:54.257, 0, 3476, 100, 0, 36, 42.40
2026/04/13 19:30:54.260, 1, 3476, 100, 0, 35, 43.04
2026/04/13 19:30:55.263, 0, 3476, 100, 0, 36, 42.40
2026/04/13 19:30:55.267, 1, 3476, 100, 0, 35, 43.05
2026/04/13 19:30:56.270, 0, 3476, 100, 0, 36, 42.39
2026/04/13 19:30:56.273, 1, 3476, 100, 0, 35, 43.04
2026/04/13 19:30:57.277, 0, 3476, 100, 0, 36, 42.40
2026/04/13 19:30:57.280, 1, 3476, 100, 0, 35, 43.05
2026/04/13 19:30:58.284, 0, 3476, 100, 0, 36, 42.40
2026/04/13 19:30:58.286, 1, 3476, 100, 0, 35, 42.95
2026/04/13 19:30:59.290, 0, 3476, 100, 0, 36, 42.40
2026/04/13 19:30:59.294, 1, 3476, 100, 0, 35, 42.94
2026/04/13 19:31:00.300, 0, 3476, 100, 0, 36, 42.39
2026/04/13 19:31:00.302, 1, 3476, 100, 0, 35, 43.04
2026/04/13 19:31:01.306, 0, 3476, 100, 0, 36, 42.39
2026/04/13 19:31:01.309, 1, 3476, 100, 0, 35, 43.05
2026/04/13 19:31:02.312, 0, 3476, 100, 0, 36, 42.39
2026/04/13 19:31:02.315, 1, 3476, 100, 0, 35, 43.04
2026/04/13 19:31:03.319, 0, 3476, 100, 0, 36, 42.39
2026/04/13 19:31:03.322, 1, 3476, 100, 0, 35, 43.04
2026/04/13 19:31:04.326, 0, 3476, 100, 0, 36, 42.40
2026/04/13 19:31:04.328, 1, 3476, 100, 0, 35, 43.05
2026/04/13 19:31:05.332, 0, 3476, 100, 0, 36, 42.40
2026/04/13 19:31:05.335, 1, 3476, 100, 0, 35, 43.05
2026/04/13 19:31:06.339, 0, 3476, 100, 0, 36, 42.39
2026/04/13 19:31:06.341, 1, 3476, 100, 0, 35, 43.05
2026/04/13 19:31:07.345, 0, 3476, 100, 0, 36, 42.40
2026/04/13 19:31:07.349, 1, 3476, 100, 0, 35, 42.95
2026/04/13 19:31:08.353, 0, 3476, 100, 0, 36, 42.40
2026/04/13 19:31:08.355, 1, 3476, 100, 0, 35, 43.05
2026/04/13 19:31:09.359, 0, 3476, 100, 0, 36, 42.40
2026/04/13 19:31:09.362, 1, 3476, 100, 0, 35, 42.94
2026/04/13 19:31:10.366, 0, 3476, 100, 0, 35, 42.30
2026/04/13 19:31:10.368, 1, 3476, 100, 0, 35, 42.94
2026/04/13 19:31:11.372, 0, 3476, 100, 0, 36, 42.39
2026/04/13 19:31:11.376, 1, 3476, 100, 0, 35, 42.94
2026/04/13 19:31:12.380, 0, 3476, 100, 0, 36, 42.40
2026/04/13 19:31:12.909, 1, 3476, 100, 0, 35, 42.85
2026/04/13 19:31:13.912, 0, 3476, 100, 0, 36, 42.40
2026/04/13 19:31:13.924, 1, 3476, 100, 0, 35, 42.94
2026/04/13 19:31:14.936, 0, 3476, 100, 0, 36, 42.40
2026/04/13 19:31:14.949, 1, 3476, 100, 0, 35, 42.84
2026/04/13 19:31:15.962, 0, 3476, 100, 0, 36, 42.39
2026/04/13 19:31:15.975, 1, 3476, 100, 0, 35, 42.84
2026/04/13 19:31:16.986, 0, 3476, 100, 0, 36, 42.40
2026/04/13 19:31:17.000, 1, 3476, 100, 0, 35, 42.75
2026/04/13 19:31:18.013, 0, 3476, 100, 0, 36, 42.40
2026/04/13 19:31:18.024, 1, 3476, 100, 0, 35, 42.94
2026/04/13 19:31:19.037, 0, 3476, 100, 0, 35, 42.30
2026/04/13 19:31:19.050, 1, 3476, 100, 0, 35, 42.85
2026/04/13 19:31:20.064, 0, 3476, 100, 0, 35, 42.40
2026/04/13 19:31:20.085, 1, 3476, 100, 0, 35, 42.84
2026/04/13 19:31:21.119, 0, 3476, 100, 0, 35, 42.40
2026/04/13 19:31:21.130, 1, 3476, 100, 0, 35, 42.85
2026/04/13 19:31:22.142, 0, 3476, 100, 0, 35, 42.40
2026/04/13 19:31:22.166, 1, 3476, 100, 0, 35, 42.74
2026/04/13 19:31:23.215, 0, 3476, 100, 0, 35, 42.40
2026/04/13 19:31:23.229, 1, 3476, 100, 0, 35, 42.94
2026/04/13 19:31:24.241, 0, 3476, 100, 0, 35, 42.39
2026/04/13 19:31:24.253, 1, 3476, 100, 0, 35, 42.85
2026/04/13 19:31:25.267, 0, 3476, 100, 0, 35, 42.39
2026/04/13 19:31:25.286, 1, 3476, 100, 0, 35, 42.84
2026/04/13 19:31:26.297, 0, 3476, 100, 0, 35, 42.40
2026/04/13 19:31:26.309, 1, 3476, 100, 0, 35, 42.74
2026/04/13 19:31:27.322, 0, 3476, 100, 0, 35, 42.38
2026/04/13 19:31:27.334, 1, 3476, 100, 0, 35, 42.94
2026/04/13 19:31:28.347, 0, 3476, 100, 0, 35, 42.40
2026/04/13 19:31:28.358, 1, 3476, 100, 0, 35, 42.85
2026/04/13 19:31:29.370, 0, 3476, 100, 0, 35, 42.40
2026/04/13 19:31:29.382, 1, 3476, 100, 0, 35, 42.94
2026/04/13 19:31:30.397, 0, 3476, 100, 0, 35, 42.40
2026/04/13 19:31:30.414, 1, 3476, 100, 0, 35, 42.85
2026/04/13 19:31:31.426, 0, 3476, 100, 0, 35, 42.40
2026/04/13 19:31:31.914, 1, 3476, 100, 0, 35, 42.85
2026/04/13 19:31:32.926, 0, 3476, 100, 0, 35, 42.39
2026/04/13 19:31:32.940, 1, 3476, 100, 0, 35, 42.85
2026/04/13 19:31:33.952, 0, 3476, 100, 0, 35, 42.40
2026/04/13 19:31:33.964, 1, 3476, 100, 0, 35, 42.75
2026/04/13 19:31:34.977, 0, 3476, 100, 0, 35, 42.39
2026/04/13 19:31:34.988, 1, 3476, 100, 0, 35, 42.84
2026/04/13 19:31:36.002, 0, 3476, 100, 0, 35, 42.40
2026/04/13 19:31:36.015, 1, 3476, 100, 0, 35, 42.74
2026/04/13 19:31:37.029, 0, 3476, 100, 0, 35, 42.30
2026/04/13 19:31:37.044, 1, 3476, 100, 0, 35, 42.84
2026/04/13 19:31:38.056, 0, 3476, 100, 0, 35, 42.39
2026/04/13 19:31:38.068, 1, 3476, 100, 0, 35, 42.75
2026/04/13 19:31:39.081, 0, 3476, 100, 0, 35, 42.40
2026/04/13 19:31:39.093, 1, 3476, 100, 0, 35, 42.85
2026/04/13 19:31:40.105, 0, 3476, 100, 0, 35, 42.40
2026/04/13 19:31:40.118, 1, 3476, 100, 0, 35, 42.85
2026/04/13 19:31:41.131, 0, 3476, 100, 0, 35, 42.40
2026/04/13 19:31:41.142, 1, 3476, 100, 0, 35, 42.75
2026/04/13 19:31:42.157, 0, 3476, 100, 0, 35, 42.39
2026/04/13 19:31:42.171, 1, 3476, 100, 0, 35, 42.75
2026/04/13 19:31:43.184, 0, 3476, 100, 0, 35, 42.40
2026/04/13 19:31:43.228, 1, 3476, 100, 0, 35, 42.74
2026/04/13 19:31:44.255, 0, 3476, 100, 0, 35, 42.39
2026/04/13 19:31:44.269, 1, 3476, 100, 0, 35, 42.75
2026/04/13 19:31:45.281, 0, 3476, 100, 0, 35, 42.29
2026/04/13 19:31:45.293, 1, 3476, 100, 0, 35, 42.74
2026/04/13 19:31:46.306, 0, 3476, 100, 0, 35, 42.29
2026/04/13 19:31:46.824, 1, 3476, 100, 0, 35, 42.75
2026/04/13 19:31:48.509, 0, 3476, 100, 0, 35, 42.40
2026/04/13 19:31:48.512, 1, 3476, 100, 0, 35, 42.74
2026/04/13 19:31:49.516, 0, 3476, 100, 0, 35, 42.40
2026/04/13 19:31:49.519, 1, 3476, 100, 0, 35, 42.85
2026/04/13 19:31:50.523, 0, 3476, 100, 0, 35, 42.40
2026/04/13 19:31:50.525, 1, 3476, 100, 0, 35, 42.76
2026/04/13 19:31:51.530, 0, 3476, 100, 0, 35, 42.30
2026/04/13 19:31:51.532, 1, 3476, 100, 0, 35, 42.74
2026/04/13 19:31:52.536, 0, 3476, 100, 0, 35, 42.40
2026/04/13 19:31:52.539, 1, 3476, 100, 0, 35, 42.76
2026/04/13 19:31:53.543, 0, 3476, 100, 0, 35, 42.39
2026/04/13 19:31:53.545, 1, 3476, 100, 0, 35, 42.74
2026/04/13 19:31:54.549, 0, 3476, 100, 0, 35, 42.30
2026/04/13 19:31:54.552, 1, 3476, 100, 0, 35, 42.74
2026/04/13 19:31:55.556, 0, 3476, 100, 0, 35, 42.30
2026/04/13 19:31:55.558, 1, 3476, 100, 0, 35, 42.74
2026/04/13 19:31:56.562, 0, 3476, 100, 0, 35, 42.30
2026/04/13 19:31:56.565, 1, 3476, 100, 0, 35, 42.74
2026/04/13 19:31:57.568, 0, 3476, 100, 0, 35, 42.40
2026/04/13 19:31:57.573, 1, 3476, 100, 0, 35, 42.75
2026/04/13 19:31:58.579, 0, 3476, 100, 0, 35, 42.30
2026/04/13 19:31:58.582, 1, 3476, 100, 0, 35, 42.74
2026/04/13 19:31:59.587, 0, 3476, 100, 0, 35, 42.30
2026/04/13 19:31:59.590, 1, 3476, 100, 0, 35, 42.74
2026/04/13 19:32:00.594, 0, 3476, 100, 0, 35, 42.30
2026/04/13 19:32:00.599, 1, 3476, 100, 0, 35, 42.74
2026/04/13 19:32:01.603, 0, 3476, 100, 0, 35, 42.20
2026/04/13 19:32:01.606, 1, 3476, 100, 0, 35, 42.75
2026/04/13 19:32:02.610, 0, 3476, 100, 0, 35, 42.20
2026/04/13 19:32:02.613, 1, 3476, 100, 0, 35, 42.75
2026/04/13 19:32:03.617, 0, 3476, 100, 0, 35, 42.30
2026/04/13 19:32:03.620, 1, 3476, 100, 0, 35, 42.74
2026/04/13 19:32:04.623, 0, 3476, 100, 0, 35, 42.30
2026/04/13 19:32:04.626, 1, 3476, 100, 0, 35, 42.85
2026/04/13 19:32:05.630, 0, 3476, 100, 0, 35, 42.19
2026/04/13 19:32:05.632, 1, 3476, 100, 0, 35, 42.85
2026/04/13 19:32:06.636, 0, 3476, 100, 0, 35, 42.30
2026/04/13 19:32:06.641, 1, 3476, 100, 0, 35, 42.75
2026/04/13 19:32:07.646, 0, 3476, 100, 0, 35, 42.29
2026/04/13 19:32:07.648, 1, 3476, 100, 0, 35, 42.75
2026/04/13 19:32:08.652, 0, 3476, 100, 0, 35, 42.40
2026/04/13 19:32:08.657, 1, 3476, 100, 0, 35, 42.75
2026/04/13 19:32:09.661, 0, 3476, 100, 0, 35, 42.30
2026/04/13 19:32:09.664, 1, 3476, 100, 0, 35, 42.85
2026/04/13 19:32:10.668, 0, 3476, 100, 0, 35, 42.30
2026/04/13 19:32:10.670, 1, 3476, 100, 0, 35, 42.74
2026/04/13 19:32:11.676, 0, 3476, 100, 0, 35, 42.30
2026/04/13 19:32:11.679, 1, 3476, 100, 0, 35, 42.74
2026/04/13 19:32:12.683, 0, 3476, 100, 0, 35, 42.19
2026/04/13 19:32:12.686, 1, 3476, 100, 0, 35, 42.75
2026/04/13 19:32:13.689, 0, 3476, 100, 0, 35, 42.30
2026/04/13 19:32:13.692, 1, 3476, 100, 0, 35, 42.75
2026/04/13 19:32:14.696, 0, 3476, 100, 0, 35, 42.30
2026/04/13 19:32:14.698, 1, 3476, 100, 0, 35, 42.74
2026/04/13 19:32:15.702, 0, 3476, 100, 0, 35, 42.29
2026/04/13 19:32:15.705, 1, 3476, 100, 0, 35, 42.75
2026/04/13 19:32:16.709, 0, 3476, 100, 0, 35, 42.30
2026/04/13 19:32:16.713, 1, 3476, 100, 0, 35, 42.74
2026/04/13 19:32:17.716, 0, 3476, 100, 0, 35, 42.20
2026/04/13 19:32:17.719, 1, 3476, 100, 0, 35, 42.75
2026/04/13 19:32:18.723, 0, 3476, 100, 0, 35, 42.20
2026/04/13 19:32:18.725, 1, 3476, 100, 0, 35, 42.75
2026/04/13 19:32:19.729, 0, 3476, 100, 0, 35, 42.20
2026/04/13 19:32:19.732, 1, 3476, 100, 0, 35, 42.75
2026/04/13 19:32:20.736, 0, 3476, 100, 0, 35, 42.30
2026/04/13 19:32:20.740, 1, 3476, 100, 0, 35, 42.75
2026/04/13 19:32:21.746, 0, 3476, 100, 0, 35, 42.30
2026/04/13 19:32:21.749, 1, 3476, 100, 0, 35, 42.74
2026/04/13 19:32:22.753, 0, 3476, 100, 0, 35, 42.30
2026/04/13 19:32:22.755, 1, 3476, 100, 0, 35, 42.74
2026/04/13 19:32:23.759, 0, 3476, 100, 0, 35, 42.20
2026/04/13 19:32:23.762, 1, 3476, 100, 0, 35, 42.74
2026/04/13 19:32:24.766, 0, 3476, 100, 0, 35, 42.29
2026/04/13 19:32:24.770, 1, 3476, 100, 0, 35, 42.75
2026/04/13 19:32:25.774, 0, 3476, 100, 0, 35, 42.20
2026/04/13 19:32:25.776, 1, 3476, 100, 0, 35, 42.75
2026/04/13 19:32:26.780, 0, 3476, 100, 0, 35, 42.19
2026/04/13 19:32:26.783, 1, 3476, 100, 0, 35, 42.74
2026/04/13 19:32:27.787, 0, 3476, 100, 0, 35, 42.20
2026/04/13 19:32:27.789, 1, 3476, 100, 0, 35, 42.75
2026/04/13 19:32:28.793, 0, 3476, 100, 0, 35, 42.30
2026/04/13 19:32:28.796, 1, 3476, 100, 0, 35, 42.75
2026/04/13 19:32:29.800, 0, 3476, 100, 0, 35, 42.19
2026/04/13 19:32:29.803, 1, 3476, 100, 0, 35, 42.74
2026/04/13 19:32:30.806, 0, 3476, 100, 0, 35, 42.20
2026/04/13 19:32:30.809, 1, 3476, 100, 0, 35, 42.74
2026/04/13 19:32:31.813, 0, 3476, 100, 0, 35, 42.20
2026/04/13 19:32:31.815, 1, 3476, 100, 0, 35, 42.74
2026/04/13 19:32:32.819, 0, 3476, 100, 0, 35, 42.19
2026/04/13 19:32:32.822, 1, 3476, 100, 0, 35, 42.74
2026/04/13 19:32:33.826, 0, 3476, 100, 0, 35, 42.19
2026/04/13 19:32:33.828, 1, 3476, 100, 0, 35, 42.74
2026/04/13 19:32:34.832, 0, 3476, 100, 0, 35, 42.20
2026/04/13 19:32:34.835, 1, 3476, 100, 0, 35, 42.75
2026/04/13 19:32:35.839, 0, 3476, 100, 0, 35, 42.30
2026/04/13 19:32:35.841, 1, 3476, 100, 0, 35, 42.84
2026/04/13 19:32:36.845, 0, 3476, 100, 0, 35, 42.20
2026/04/13 19:32:36.848, 1, 3476, 100, 0, 35, 42.75
2026/04/13 19:32:37.852, 0, 3476, 100, 0, 35, 42.19
2026/04/13 19:32:37.854, 1, 3476, 100, 0, 35, 42.74
2026/04/13 19:32:38.858, 0, 3476, 100, 0, 35, 42.20
2026/04/13 19:32:38.861, 1, 3476, 100, 0, 35, 42.74
2026/04/13 19:32:39.865, 0, 3476, 100, 0, 35, 42.29
2026/04/13 19:32:39.867, 1, 3476, 100, 0, 35, 42.74
2026/04/13 19:32:40.872, 0, 3476, 100, 0, 35, 42.20
2026/04/13 19:32:40.875, 1, 3476, 100, 0, 35, 42.74
2026/04/13 19:32:41.878, 0, 3476, 100, 0, 35, 42.19
2026/04/13 19:32:41.881, 1, 3476, 100, 0, 35, 42.74
2026/04/13 19:32:42.885, 0, 3476, 100, 0, 35, 42.19
2026/04/13 19:32:42.887, 1, 3476, 100, 0, 35, 42.74
2026/04/13 19:32:43.891, 0, 3476, 100, 0, 35, 42.20
2026/04/13 19:32:43.894, 1, 3476, 100, 0, 35, 42.74
2026/04/13 19:32:44.898, 0, 3476, 100, 0, 35, 42.30
2026/04/13 19:32:44.901, 1, 3476, 100, 0, 35, 42.74
2026/04/13 19:32:45.905, 0, 3476, 100, 0, 35, 42.20
2026/04/13 19:32:45.909, 1, 3476, 100, 0, 35, 42.74
2026/04/13 19:32:46.913, 0, 3476, 100, 0, 35, 42.20
2026/04/13 19:32:46.916, 1, 3476, 100, 0, 35, 42.75
2026/04/13 19:32:47.919, 0, 3476, 100, 0, 35, 42.20
2026/04/13 19:32:47.922, 1, 3476, 100, 0, 35, 42.75
2026/04/13 19:32:48.926, 0, 3476, 100, 0, 35, 42.30
2026/04/13 19:32:48.928, 1, 3476, 100, 0, 35, 42.75
2026/04/13 19:32:49.933, 0, 3476, 100, 0, 35, 42.20
2026/04/13 19:32:49.935, 1, 3476, 100, 0, 35, 42.74
2026/04/13 19:32:50.939, 0, 3476, 100, 0, 35, 42.30
2026/04/13 19:32:50.942, 1, 3476, 100, 0, 35, 42.75
2026/04/13 19:32:51.946, 0, 3476, 100, 0, 35, 42.20
2026/04/13 19:32:51.949, 1, 3476, 100, 0, 35, 42.76
2026/04/13 19:32:52.952, 0, 3476, 100, 0, 35, 42.20
2026/04/13 19:32:52.955, 1, 3476, 100, 0, 35, 42.75
2026/04/13 19:32:53.959, 0, 3476, 100, 0, 35, 42.19
2026/04/13 19:32:53.961, 1, 3476, 100, 0, 35, 42.74
2026/04/13 19:32:54.965, 0, 3476, 100, 0, 35, 42.20
2026/04/13 19:32:54.969, 1, 3476, 100, 0, 35, 42.74
2026/04/13 19:32:55.973, 0, 3476, 100, 0, 35, 42.19
2026/04/13 19:32:55.976, 1, 3476, 100, 0, 35, 42.74
2026/04/13 19:32:56.980, 0, 3476, 100, 0, 35, 42.30
2026/04/13 19:32:56.982, 1, 3476, 100, 0, 35, 42.75
2026/04/13 19:32:57.987, 0, 3476, 100, 0, 35, 42.20
2026/04/13 19:32:57.990, 1, 3476, 100, 0, 35, 42.74
2026/04/13 19:32:58.993, 0, 3476, 100, 0, 35, 42.20
2026/04/13 19:32:58.997, 1, 3476, 100, 0, 35, 42.74
2026/04/13 19:33:00.003, 0, 3476, 100, 0, 35, 42.30
2026/04/13 19:33:00.006, 1, 3476, 100, 0, 35, 42.76
2026/04/13 19:33:01.010, 0, 3476, 100, 0, 35, 42.19
2026/04/13 19:33:01.012, 1, 3476, 100, 0, 35, 42.75
2026/04/13 19:33:02.016, 0, 3476, 100, 0, 35, 42.20
2026/04/13 19:33:02.019, 1, 3476, 100, 0, 35, 42.74
2026/04/13 19:33:03.022, 0, 3476, 100, 0, 35, 42.30
2026/04/13 19:33:03.025, 1, 3476, 100, 0, 35, 42.75
2026/04/13 19:33:04.029, 0, 3476, 100, 0, 35, 42.30
2026/04/13 19:33:04.032, 1, 3476, 100, 0, 35, 42.74
2026/04/13 19:33:05.036, 0, 3476, 100, 0, 35, 42.30
2026/04/13 19:33:05.039, 1, 3476, 100, 0, 35, 42.74
2026/04/13 19:33:06.042, 0, 3476, 100, 0, 35, 42.30
2026/04/13 19:33:06.045, 1, 3476, 100, 0, 35, 42.74
2026/04/13 19:33:07.049, 0, 3476, 100, 0, 35, 42.19
2026/04/13 19:33:07.052, 1, 3476, 100, 0, 35, 42.74
2026/04/13 19:33:08.056, 0, 3476, 100, 0, 35, 42.20
2026/04/13 19:33:08.059, 1, 3476, 100, 0, 35, 42.65
2026/04/13 19:33:09.062, 0, 3476, 100, 0, 35, 42.30
2026/04/13 19:33:09.065, 1, 3476, 100, 0, 35, 42.74
2026/04/13 19:33:10.070, 0, 3476, 100, 0, 35, 42.19
2026/04/13 19:33:10.072, 1, 3476, 100, 0, 35, 42.74
2026/04/13 19:33:11.076, 0, 3476, 100, 0, 35, 42.20
2026/04/13 19:33:11.079, 1, 3476, 100, 0, 35, 42.75
2026/04/13 19:33:12.083, 0, 3476, 100, 0, 35, 42.20
2026/04/13 19:33:12.086, 1, 3476, 100, 0, 35, 42.74
2026/04/13 19:33:13.089, 0, 3476, 100, 0, 35, 42.30
2026/04/13 19:33:13.092, 1, 3476, 100, 0, 35, 42.74
2026/04/13 19:33:14.096, 0, 3476, 100, 0, 35, 42.19
2026/04/13 19:33:14.099, 1, 3476, 100, 0, 35, 42.74
2026/04/13 19:33:15.103, 0, 3476, 100, 0, 35, 42.20
2026/04/13 19:33:15.107, 1, 3476, 100, 0, 35, 42.75
2026/04/13 19:33:16.111, 0, 3476, 100, 0, 35, 42.30
2026/04/13 19:33:16.115, 1, 3476, 100, 0, 35, 42.74
2026/04/13 19:33:17.118, 0, 3476, 100, 0, 35, 42.20
2026/04/13 19:33:17.121, 1, 3476, 100, 0, 35, 42.74
2026/04/13 19:33:18.125, 0, 3476, 100, 0, 35, 42.30
2026/04/13 19:33:18.128, 1, 3476, 100, 0, 35, 42.75
2026/04/13 19:33:19.134, 0, 3476, 100, 0, 35, 42.19
2026/04/13 19:33:19.137, 1, 3476, 100, 0, 35, 42.74
2026/04/13 19:33:20.141, 0, 3476, 100, 0, 35, 42.20
2026/04/13 19:33:20.144, 1, 3476, 100, 0, 35, 42.74
2026/04/13 19:33:21.148, 0, 3476, 100, 0, 35, 42.19
2026/04/13 19:33:21.150, 1, 3476, 100, 0, 35, 42.74
2026/04/13 19:33:22.154, 0, 3476, 100, 0, 35, 42.20
2026/04/13 19:33:22.161, 1, 3476, 100, 0, 35, 42.74
2026/04/13 19:33:23.166, 0, 3476, 100, 0, 35, 42.19
2026/04/13 19:33:23.168, 1, 3476, 100, 0, 35, 42.74
2026/04/13 19:33:24.173, 0, 3476, 100, 0, 35, 42.20
2026/04/13 19:33:24.176, 1, 3476, 100, 0, 35, 42.74
2026/04/13 19:33:25.182, 0, 3476, 100, 0, 35, 42.19
2026/04/13 19:33:25.186, 1, 3476, 100, 0, 35, 42.74
2026/04/13 19:33:26.190, 0, 3476, 100, 0, 35, 42.19
2026/04/13 19:33:26.193, 1, 3476, 100, 0, 35, 42.74
2026/04/13 19:33:27.196, 0, 3476, 100, 0, 35, 42.20
2026/04/13 19:33:27.199, 1, 3476, 100, 0, 35, 42.65
2026/04/13 19:33:28.203, 0, 3476, 100, 0, 35, 42.20
2026/04/13 19:33:28.206, 1, 3476, 100, 0, 35, 42.65
2026/04/13 19:33:29.209, 0, 3476, 100, 0, 35, 42.19
2026/04/13 19:33:29.214, 1, 3476, 100, 0, 35, 42.75
2026/04/13 19:33:30.218, 0, 3476, 100, 0, 35, 42.20
2026/04/13 19:33:30.220, 1, 3476, 100, 0, 35, 42.74
2026/04/13 19:33:31.224, 0, 3476, 100, 0, 35, 42.20
2026/04/13 19:33:31.227, 1, 3476, 100, 0, 35, 42.75
2026/04/13 19:33:32.230, 0, 3476, 100, 0, 35, 42.30
2026/04/13 19:33:32.233, 1, 3476, 100, 0, 35, 42.74
2026/04/13 19:33:33.237, 0, 3476, 100, 0, 35, 42.30
2026/04/13 19:33:33.240, 1, 3476, 100, 0, 35, 42.75
2026/04/13 19:33:34.243, 0, 3476, 100, 0, 35, 42.29
2026/04/13 19:33:34.249, 1, 3476, 100, 0, 35, 42.74
2026/04/13 19:33:35.253, 0, 3476, 100, 0, 35, 42.20
2026/04/13 19:33:35.706, 1, 3476, 100, 0, 35, 42.75
2026/04/13 19:33:37.512, 0, 3476, 100, 0, 35, 42.20
2026/04/13 19:33:37.515, 1, 3476, 100, 0, 35, 42.74
2026/04/13 19:33:38.518, 0, 3476, 100, 0, 35, 42.20
2026/04/13 19:33:38.521, 1, 3476, 100, 0, 35, 42.65
2026/04/13 19:33:39.525, 0, 3476, 100, 0, 35, 42.20
2026/04/13 19:33:39.528, 1, 3476, 100, 0, 35, 42.75
2026/04/13 19:33:40.532, 0, 3476, 100, 0, 35, 42.20
2026/04/13 19:33:40.544, 1, 3476, 100, 0, 35, 42.74
2026/04/13 19:33:41.557, 0, 3476, 100, 0, 35, 42.20
2026/04/13 19:33:41.570, 1, 3476, 100, 0, 35, 42.75
2026/04/13 19:33:42.582, 0, 3476, 100, 0, 35, 42.20
2026/04/13 19:33:42.594, 1, 3476, 100, 0, 35, 42.74
2026/04/13 19:33:43.609, 0, 3476, 100, 0, 35, 42.20
2026/04/13 19:33:43.621, 1, 3476, 100, 0, 35, 42.74
2026/04/13 19:33:44.631, 0, 3476, 100, 0, 35, 42.20
2026/04/13 19:33:44.643, 1, 3476, 100, 0, 35, 42.65
2026/04/13 19:33:45.654, 0, 3476, 100, 0, 35, 42.20
2026/04/13 19:33:45.670, 1, 3476, 100, 0, 35, 42.75
2026/04/13 19:33:46.684, 0, 3476, 100, 0, 35, 42.20
2026/04/13 19:33:46.697, 1, 3476, 100, 0, 35, 42.65
2026/04/13 19:33:47.708, 0, 3476, 100, 0, 35, 42.20
2026/04/13 19:33:47.721, 1, 3476, 100, 0, 35, 42.66
2026/04/13 19:33:48.734, 0, 3476, 100, 0, 35, 42.19
2026/04/13 19:33:48.765, 1, 3476, 100, 0, 34, 42.65
2026/04/13 19:33:49.779, 0, 3476, 100, 0, 35, 42.20
2026/04/13 19:33:49.791, 1, 3476, 100, 0, 35, 42.74
2026/04/13 19:33:50.804, 0, 3476, 100, 0, 35, 42.20
2026/04/13 19:33:50.815, 1, 3476, 100, 0, 34, 42.66
2026/04/13 19:33:51.829, 0, 3476, 100, 0, 35, 42.20
2026/04/13 19:33:51.842, 1, 3476, 100, 0, 35, 42.65
2026/04/13 19:33:52.855, 0, 3476, 100, 0, 35, 42.20
2026/04/13 19:33:52.866, 1, 3476, 100, 0, 35, 42.74
2026/04/13 19:33:53.877, 0, 3476, 100, 0, 35, 42.10
2026/04/13 19:33:53.889, 1, 3476, 100, 0, 35, 42.65
2026/04/13 19:33:54.904, 0, 3476, 100, 0, 35, 42.29
2026/04/13 19:33:54.918, 1, 3476, 100, 0, 35, 42.66
2026/04/13 19:33:55.930, 0, 3476, 100, 0, 35, 42.20
2026/04/13 19:33:55.945, 1, 3476, 100, 0, 34, 42.74
2026/04/13 19:33:56.956, 0, 3476, 100, 0, 35, 42.09
2026/04/13 19:33:56.968, 1, 3476, 100, 0, 35, 42.65
2026/04/13 19:33:57.980, 0, 3476, 100, 0, 35, 42.20
2026/04/13 19:33:57.993, 1, 3476, 100, 0, 35, 42.66
2026/04/13 19:33:59.006, 0, 3476, 100, 0, 35, 42.19
2026/04/13 19:33:59.017, 1, 3476, 100, 0, 35, 42.76
2026/04/13 19:34:00.031, 0, 3476, 100, 0, 35, 42.20
2026/04/13 19:34:00.043, 1, 3476, 100, 0, 35, 42.66
2026/04/13 19:34:01.054, 0, 3476, 100, 0, 35, 42.20
2026/04/13 19:34:01.066, 1, 3476, 100, 0, 35, 42.65
2026/04/13 19:34:02.077, 0, 3476, 100, 0, 35, 42.20
2026/04/13 19:34:02.089, 1, 3476, 100, 0, 35, 42.66
2026/04/13 19:34:03.102, 0, 3476, 100, 0, 35, 42.20
2026/04/13 19:34:03.114, 1, 3476, 100, 0, 35, 42.65
2026/04/13 19:34:04.126, 0, 3476, 100, 0, 35, 42.19
2026/04/13 19:34:04.139, 1, 3476, 100, 0, 35, 42.74
2026/04/13 19:34:05.151, 0, 3476, 100, 0, 35, 42.10
2026/04/13 19:34:05.163, 1, 3476, 100, 0, 35, 42.74
2026/04/13 19:34:06.175, 0, 3476, 100, 0, 35, 42.20
2026/04/13 19:34:06.187, 1, 3476, 100, 0, 35, 42.66
2026/04/13 19:34:07.199, 0, 3476, 100, 0, 35, 42.19
2026/04/13 19:34:07.211, 1, 3476, 100, 0, 35, 42.74
2026/04/13 19:34:08.223, 0, 3476, 100, 0, 35, 42.10
2026/04/13 19:34:08.235, 1, 3476, 100, 0, 35, 42.74
2026/04/13 19:34:09.247, 0, 3476, 100, 0, 35, 42.19
2026/04/13 19:34:09.258, 1, 3476, 100, 0, 35, 42.65
2026/04/13 19:34:10.271, 0, 3476, 100, 0, 35, 42.30
2026/04/13 19:34:10.285, 1, 3476, 100, 0, 35, 42.74
2026/04/13 19:34:11.299, 0, 3476, 100, 0, 35, 42.19
2026/04/13 19:34:11.312, 1, 3476, 100, 0, 35, 42.65
2026/04/13 19:34:12.326, 0, 3476, 100, 0, 35, 42.19
2026/04/13 19:34:12.337, 1, 3476, 100, 0, 34, 42.66
2026/04/13 19:34:13.348, 0, 3476, 100, 0, 35, 42.20
2026/04/13 19:34:13.359, 1, 3476, 100, 0, 35, 42.74
2026/04/13 19:34:14.373, 0, 3476, 100, 0, 35, 42.20
2026/04/13 19:34:14.387, 1, 3476, 100, 0, 35, 42.65
2026/04/13 19:34:15.398, 0, 3476, 100, 0, 35, 42.20
2026/04/13 19:34:15.410, 1, 3476, 100, 0, 35, 42.65
2026/04/13 19:34:16.423, 0, 3476, 100, 0, 35, 42.20
2026/04/13 19:34:16.434, 1, 3476, 100, 0, 35, 42.65
2026/04/13 19:34:17.448, 0, 3476, 100, 0, 35, 42.20
2026/04/13 19:34:17.463, 1, 3476, 100, 0, 34, 42.74
2026/04/13 19:34:18.475, 0, 3476, 100, 0, 35, 42.19
2026/04/13 19:34:18.488, 1, 3476, 100, 0, 35, 42.65
2026/04/13 19:34:19.500, 0, 3476, 100, 0, 35, 42.10
2026/04/13 19:34:19.511, 1, 3476, 100, 0, 34, 42.66
2026/04/13 19:34:20.524, 0, 3476, 100, 0, 35, 42.20
2026/04/13 19:34:20.536, 1, 3476, 100, 0, 35, 42.66
2026/04/13 19:34:21.549, 0, 3476, 100, 0, 35, 42.20
2026/04/13 19:34:21.562, 1, 3476, 100, 0, 35, 42.74
2026/04/13 19:34:22.573, 0, 3476, 100, 0, 35, 42.20
2026/04/13 19:34:22.587, 1, 3476, 100, 0, 35, 42.75
2026/04/13 19:34:23.600, 0, 3476, 100, 0, 35, 42.20
2026/04/13 19:34:23.614, 1, 3476, 100, 0, 35, 42.74
2026/04/13 19:34:24.626, 0, 3476, 100, 0, 35, 42.20
2026/04/13 19:34:24.641, 1, 3476, 100, 0, 35, 42.74
2026/04/13 19:34:25.658, 0, 3476, 100, 0, 35, 42.19
2026/04/13 19:34:25.669, 1, 3476, 100, 0, 34, 42.65
2026/04/13 19:34:26.680, 0, 3476, 100, 0, 35, 42.20
2026/04/13 19:34:26.691, 1, 3476, 100, 0, 34, 42.74
2026/04/13 19:34:27.704, 0, 3476, 100, 0, 35, 42.20
2026/04/13 19:34:27.717, 1, 3476, 100, 0, 35, 42.74
2026/04/13 19:34:28.731, 0, 3476, 100, 0, 35, 42.20
2026/04/13 19:34:28.742, 1, 3476, 100, 0, 34, 42.75
2026/04/13 19:34:29.755, 0, 3476, 100, 0, 35, 42.20
2026/04/13 19:34:29.770, 1, 3476, 100, 0, 34, 42.66
2026/04/13 19:34:30.782, 0, 3476, 100, 0, 35, 42.19
2026/04/13 19:34:30.793, 1, 3476, 100, 0, 34, 42.75
2026/04/13 19:34:31.807, 0, 3476, 100, 0, 35, 42.20
2026/04/13 19:34:31.819, 1, 3476, 100, 0, 34, 42.66
2026/04/13 19:34:32.831, 0, 3476, 100, 0, 35, 42.20
2026/04/13 19:34:32.876, 1, 3476, 100, 0, 34, 42.65
2026/04/13 19:34:33.891, 0, 3476, 100, 0, 35, 42.10
2026/04/13 19:34:33.904, 1, 3476, 100, 0, 34, 42.66
2026/04/13 19:34:34.916, 0, 3476, 100, 0, 35, 42.19
2026/04/13 19:34:34.929, 1, 3476, 100, 0, 34, 42.65
2026/04/13 19:34:35.940, 0, 3476, 100, 0, 35, 42.19
2026/04/13 19:34:35.951, 1, 3476, 100, 0, 34, 42.65
2026/04/13 19:34:36.964, 0, 3476, 100, 0, 35, 42.20
2026/04/13 19:34:36.994, 1, 3476, 100, 0, 34, 42.75
2026/04/13 19:34:38.011, 0, 3476, 100, 0, 35, 42.20
2026/04/13 19:34:38.026, 1, 3476, 100, 0, 34, 42.66
2026/04/13 19:34:39.039, 0, 3476, 100, 0, 35, 42.20
2026/04/13 19:34:39.049, 1, 3476, 100, 0, 34, 42.74
2026/04/13 19:34:40.063, 0, 3476, 100, 0, 35, 42.20
2026/04/13 19:34:40.075, 1, 3476, 100, 0, 34, 42.66
2026/04/13 19:34:41.089, 0, 3476, 100, 0, 35, 42.19
2026/04/13 19:34:41.109, 1, 3476, 100, 0, 34, 42.66
2026/04/13 19:34:42.129, 0, 3476, 100, 0, 35, 42.20
2026/04/13 19:34:42.141, 1, 3476, 100, 0, 34, 42.66
2026/04/13 19:34:43.154, 0, 3476, 100, 0, 35, 42.20
2026/04/13 19:34:43.165, 1, 3476, 100, 0, 34, 42.65
2026/04/13 19:34:44.176, 0, 3476, 100, 0, 35, 42.19
2026/04/13 19:34:44.188, 1, 3476, 100, 0, 34, 42.65
2026/04/13 19:34:45.200, 0, 3476, 100, 0, 35, 42.19
2026/04/13 19:34:45.214, 1, 3476, 100, 0, 34, 42.66
2026/04/13 19:34:46.227, 0, 3476, 100, 0, 35, 42.20
2026/04/13 19:34:46.240, 1, 3476, 100, 0, 34, 42.65
2026/04/13 19:34:47.252, 0, 3476, 100, 0, 35, 42.10
2026/04/13 19:34:47.263, 1, 3476, 100, 0, 34, 42.65
2026/04/13 19:34:48.273, 0, 3476, 100, 0, 35, 42.10
2026/04/13 19:34:48.285, 1, 3476, 100, 0, 34, 42.65
2026/04/13 19:34:49.306, 0, 3476, 100, 0, 35, 42.20
2026/04/13 19:34:49.318, 1, 3476, 100, 0, 34, 42.66
2026/04/13 19:34:50.329, 0, 3476, 100, 0, 35, 42.20
2026/04/13 19:34:50.341, 1, 3476, 100, 0, 34, 42.66
2026/04/13 19:34:51.354, 0, 3476, 100, 0, 35, 42.20
2026/04/13 19:34:51.365, 1, 3476, 100, 0, 34, 42.65
2026/04/13 19:34:52.377, 0, 3476, 100, 0, 35, 42.20
2026/04/13 19:34:52.389, 1, 3476, 100, 0, 34, 42.74
2026/04/13 19:34:53.401, 0, 3476, 100, 0, 35, 42.19
2026/04/13 19:34:53.414, 1, 3476, 100, 0, 34, 42.75
2026/04/13 19:34:54.426, 0, 3476, 100, 0, 35, 42.10
2026/04/13 19:34:54.437, 1, 3476, 100, 0, 34, 42.65
2026/04/13 19:34:55.450, 0, 3476, 100, 0, 35, 42.20
2026/04/13 19:34:55.462, 1, 3476, 100, 0, 34, 42.65
2026/04/13 19:34:56.476, 0, 3476, 100, 0, 35, 42.20
2026/04/13 19:34:56.488, 1, 3476, 100, 0, 34, 42.65
2026/04/13 19:34:57.501, 0, 3476, 100, 0, 35, 42.19
2026/04/13 19:34:57.514, 1, 3476, 100, 0, 34, 42.74
2026/04/13 19:34:58.527, 0, 3476, 100, 0, 35, 42.09
2026/04/13 19:34:58.539, 1, 3476, 100, 0, 34, 42.65
2026/04/13 19:34:59.551, 0, 3476, 100, 0, 35, 42.20
2026/04/13 19:34:59.564, 1, 3476, 100, 0, 34, 42.66
2026/04/13 19:35:00.577, 0, 3476, 100, 0, 35, 42.10
2026/04/13 19:35:00.588, 1, 3476, 100, 0, 34, 42.66
2026/04/13 19:35:01.601, 0, 3476, 100, 0, 35, 42.20
2026/04/13 19:35:01.615, 1, 3476, 100, 0, 34, 42.74
2026/04/13 19:35:02.630, 0, 3476, 100, 0, 35, 42.20
2026/04/13 19:35:02.644, 1, 3476, 100, 0, 34, 42.74
2026/04/13 19:35:03.656, 0, 3476, 100, 0, 35, 42.19
2026/04/13 19:35:03.668, 1, 3476, 100, 0, 34, 42.65
2026/04/13 19:35:04.680, 0, 3476, 100, 0, 35, 42.10
2026/04/13 19:35:04.692, 1, 3476, 100, 0, 34, 42.65
2026/04/13 19:35:05.704, 0, 3476, 100, 0, 35, 42.20
2026/04/13 19:35:05.717, 1, 3476, 100, 0, 34, 42.65
2026/04/13 19:35:06.731, 0, 3476, 100, 0, 35, 42.10
2026/04/13 19:35:06.745, 1, 3476, 100, 0, 34, 42.65
2026/04/13 19:35:07.757, 0, 3476, 100, 0, 35, 42.10
2026/04/13 19:35:07.769, 1, 3476, 100, 0, 34, 42.65
2026/04/13 19:35:08.784, 0, 3476, 100, 0, 35, 42.19
2026/04/13 19:35:08.811, 1, 3476, 100, 0, 34, 42.66
2026/04/13 19:35:09.822, 0, 3476, 100, 0, 35, 42.10
2026/04/13 19:35:09.838, 1, 3476, 100, 0, 34, 42.65
2026/04/13 19:35:10.853, 0, 3476, 100, 0, 35, 42.10
2026/04/13 19:35:10.865, 1, 3476, 100, 0, 34, 42.74
2026/04/13 19:35:11.877, 0, 3476, 100, 0, 35, 42.19
2026/04/13 19:35:11.890, 1, 3476, 100, 0, 34, 42.65
2026/04/13 19:35:12.902, 0, 3476, 100, 0, 35, 42.10
2026/04/13 19:35:12.914, 1, 3476, 100, 0, 34, 42.74
2026/04/13 19:35:13.928, 0, 3476, 100, 0, 35, 42.10
2026/04/13 19:35:13.943, 1, 3476, 100, 0, 34, 42.75
2026/04/13 19:35:14.955, 0, 3476, 100, 0, 35, 42.10
2026/04/13 19:35:14.966, 1, 3476, 100, 0, 34, 42.65
2026/04/13 19:35:15.978, 0, 3476, 100, 0, 35, 42.20
2026/04/13 19:35:15.991, 1, 3476, 100, 0, 34, 42.65
2026/04/13 19:35:17.003, 0, 3476, 100, 0, 35, 42.10
2026/04/13 19:35:17.015, 1, 3476, 100, 0, 34, 42.66
2026/04/13 19:35:18.027, 0, 3476, 100, 0, 35, 42.20
2026/04/13 19:35:18.037, 1, 3476, 100, 0, 34, 42.66
2026/04/13 19:35:19.051, 0, 3476, 100, 0, 35, 42.10
2026/04/13 19:35:19.065, 1, 3476, 100, 0, 34, 42.65
2026/04/13 19:35:20.080, 0, 3476, 100, 0, 35, 42.19
2026/04/13 19:35:20.090, 1, 3476, 100, 0, 34, 42.66
2026/04/13 19:35:21.103, 0, 3476, 100, 0, 35, 42.10
2026/04/13 19:35:21.115, 1, 3476, 100, 0, 34, 42.65
2026/04/13 19:35:22.128, 0, 3476, 100, 0, 35, 42.00
2026/04/13 19:35:22.141, 1, 3476, 100, 0, 34, 42.65
2026/04/13 19:35:23.152, 0, 3476, 100, 0, 35, 42.09
2026/04/13 19:35:23.164, 1, 3476, 100, 0, 34, 42.75
2026/04/13 19:35:24.186, 0, 3476, 100, 0, 35, 42.10
2026/04/13 19:35:24.198, 1, 3476, 100, 0, 34, 42.65
2026/04/13 19:35:25.209, 0, 3476, 100, 0, 35, 42.20
2026/04/13 19:35:25.222, 1, 3476, 100, 0, 34, 42.65
2026/04/13 19:35:26.234, 0, 3476, 100, 0, 35, 42.10
2026/04/13 19:35:26.246, 1, 3476, 100, 0, 34, 42.65
2026/04/13 19:35:27.259, 0, 3476, 100, 0, 35, 42.19
2026/04/13 19:35:27.273, 1, 3476, 100, 0, 34, 42.65
2026/04/13 19:35:28.286, 0, 3476, 100, 0, 35, 42.09
2026/04/13 19:35:28.297, 1, 3476, 100, 0, 34, 42.74
2026/04/13 19:35:29.314, 0, 3476, 100, 0, 35, 42.08
2026/04/13 19:35:29.326, 1, 3476, 100, 0, 34, 42.65
2026/04/13 19:35:30.339, 0, 3476, 100, 0, 35, 42.20
2026/04/13 19:35:30.393, 1, 3476, 100, 0, 34, 42.65
2026/04/13 19:35:31.406, 0, 3476, 100, 0, 35, 42.20
2026/04/13 19:35:31.417, 1, 3476, 100, 0, 34, 42.74
2026/04/13 19:35:32.432, 0, 3476, 100, 0, 35, 42.20
2026/04/13 19:35:32.446, 1, 3476, 100, 0, 34, 42.55
2026/04/13 19:35:33.459, 0, 3476, 100, 0, 35, 42.20
2026/04/13 19:35:33.471, 1, 3476, 100, 0, 34, 42.55
2026/04/13 19:35:34.483, 0, 3476, 100, 0, 35, 42.19
2026/04/13 19:35:34.498, 1, 3476, 100, 0, 34, 42.66
2026/04/13 19:35:35.511, 0, 3476, 100, 0, 35, 42.09
2026/04/13 19:35:35.527, 1, 3476, 100, 0, 34, 42.66
2026/04/13 19:35:36.540, 0, 3476, 100, 0, 35, 42.09
2026/04/13 19:35:36.551, 1, 3476, 100, 0, 34, 42.65
2026/04/13 19:35:37.565, 0, 3476, 100, 0, 35, 42.09
2026/04/13 19:35:37.578, 1, 3476, 100, 0, 34, 42.65
2026/04/13 19:35:38.594, 0, 3476, 100, 0, 35, 42.09
2026/04/13 19:35:39.248, 1, 3476, 100, 0, 34, 42.65
2026/04/13 19:35:40.252, 0, 3476, 100, 0, 35, 42.20
2026/04/13 19:35:40.255, 1, 3476, 100, 0, 34, 42.66
2026/04/13 19:35:41.259, 0, 3476, 100, 0, 35, 42.20
2026/04/13 19:35:41.262, 1, 3476, 100, 0, 34, 42.65
2026/04/13 19:35:42.265, 0, 3476, 100, 0, 35, 42.20
2026/04/13 19:35:42.268, 1, 3476, 100, 0, 34, 42.66
2026/04/13 19:35:43.273, 0, 3476, 100, 0, 35, 42.10
2026/04/13 19:35:43.276, 1, 3476, 100, 0, 34, 42.65
2026/04/13 19:35:44.280, 0, 3476, 100, 0, 35, 42.10
2026/04/13 19:35:44.285, 1, 3476, 100, 0, 34, 42.65
2026/04/13 19:35:45.292, 0, 3476, 100, 0, 35, 42.20
2026/04/13 19:35:45.295, 1, 3476, 100, 0, 34, 42.65
2026/04/13 19:35:46.299, 0, 3476, 100, 0, 35, 42.19
2026/04/13 19:35:46.302, 1, 3476, 100, 0, 34, 42.65
2026/04/13 19:35:47.305, 0, 3476, 100, 0, 35, 42.09
2026/04/13 19:35:47.308, 1, 3476, 100, 0, 34, 42.56
2026/04/13 19:35:48.312, 0, 3476, 100, 0, 35, 42.09
2026/04/13 19:35:48.318, 1, 3476, 100, 0, 34, 42.65
2026/04/13 19:35:49.322, 0, 3476, 100, 0, 35, 42.20
2026/04/13 19:35:49.325, 1, 3476, 100, 0, 34, 42.65
2026/04/13 19:35:50.328, 0, 3476, 100, 0, 35, 42.20
2026/04/13 19:35:50.331, 1, 3476, 100, 0, 34, 42.65
2026/04/13 19:35:51.335, 0, 3476, 100, 0, 35, 42.10
2026/04/13 19:35:51.338, 1, 3476, 100, 0, 34, 42.74
2026/04/13 19:35:52.341, 0, 3476, 100, 0, 35, 42.19
2026/04/13 19:35:52.347, 1, 3476, 100, 0, 34, 42.74
2026/04/13 19:35:53.350, 0, 3476, 100, 0, 35, 42.10
2026/04/13 19:35:53.354, 1, 3476, 100, 0, 34, 42.65
2026/04/13 19:35:54.357, 0, 3476, 100, 0, 35, 42.19
2026/04/13 19:35:54.363, 1, 3476, 100, 0, 34, 42.75
2026/04/13 19:35:55.368, 0, 3476, 100, 0, 35, 42.19
2026/04/13 19:35:55.371, 1, 3476, 100, 0, 34, 42.65
2026/04/13 19:35:56.375, 0, 3476, 100, 0, 35, 42.19
2026/04/13 19:35:56.377, 1, 3476, 100, 0, 34, 42.74
2026/04/13 19:35:57.382, 0, 3476, 100, 0, 35, 42.20
2026/04/13 19:35:57.384, 1, 3476, 100, 0, 34, 42.65
2026/04/13 19:35:58.390, 0, 3476, 100, 0, 35, 42.09
2026/04/13 19:35:58.392, 1, 3476, 100, 0, 34, 42.65
2026/04/13 19:35:59.399, 0, 3476, 100, 0, 35, 42.19
2026/04/13 19:35:59.402, 1, 3476, 100, 0, 34, 42.74
2026/04/13 19:36:00.405, 0, 3476, 100, 0, 35, 42.10
2026/04/13 19:36:00.408, 1, 3476, 100, 0, 34, 42.66
2026/04/13 19:36:01.412, 0, 3476, 100, 0, 35, 42.19
2026/04/13 19:36:01.415, 1, 3476, 100, 0, 34, 42.65
2026/04/13 19:36:02.418, 0, 3476, 100, 0, 35, 42.20
2026/04/13 19:36:02.424, 1, 3476, 100, 0, 34, 42.65
2026/04/13 19:36:03.429, 0, 3476, 100, 0, 35, 42.10
2026/04/13 19:36:03.432, 1, 3476, 100, 0, 34, 42.65
2026/04/13 19:36:04.436, 0, 3476, 100, 0, 35, 42.20
2026/04/13 19:36:04.440, 1, 3476, 100, 0, 34, 42.65
2026/04/13 19:36:05.444, 0, 3476, 100, 0, 35, 42.20
2026/04/13 19:36:05.447, 1, 3476, 100, 0, 34, 42.65
2026/04/13 19:36:06.451, 0, 3476, 100, 0, 35, 42.10
2026/04/13 19:36:06.453, 1, 3476, 100, 0, 34, 42.65
2026/04/13 19:36:07.460, 0, 3476, 100, 0, 35, 42.09
2026/04/13 19:36:07.462, 1, 3476, 100, 0, 34, 42.65
2026/04/13 19:36:08.466, 0, 3476, 100, 0, 35, 42.20
2026/04/13 19:36:08.472, 1, 3476, 100, 0, 34, 42.65
2026/04/13 19:36:09.476, 0, 3476, 100, 0, 35, 42.10
2026/04/13 19:36:09.478, 1, 3476, 100, 0, 34, 42.65
2026/04/13 19:36:10.482, 0, 3476, 100, 0, 35, 42.19
2026/04/13 19:36:10.485, 1, 3476, 100, 0, 34, 42.65
2026/04/13 19:36:11.490, 0, 3476, 100, 0, 35, 42.20
2026/04/13 19:36:11.493, 1, 3476, 100, 0, 34, 42.65
2026/04/13 19:36:12.496, 0, 3476, 100, 0, 35, 42.10
2026/04/13 19:36:12.501, 1, 3476, 100, 0, 34, 42.65
2026/04/13 19:36:13.504, 0, 3476, 100, 0, 35, 42.20
2026/04/13 19:36:13.507, 1, 3476, 100, 0, 34, 42.74
2026/04/13 19:36:14.510, 0, 3476, 100, 0, 35, 42.10
2026/04/13 19:36:14.512, 1, 3476, 100, 0, 34, 42.74
2026/04/13 19:36:15.516, 0, 3476, 100, 0, 35, 42.10
2026/04/13 19:36:15.519, 1, 3476, 100, 0, 34, 42.65
2026/04/13 19:36:16.523, 0, 3476, 100, 0, 35, 42.19
2026/04/13 19:36:16.525, 1, 3476, 100, 0, 34, 42.65
2026/04/13 19:36:17.529, 0, 3476, 100, 0, 35, 42.19
2026/04/13 19:36:17.532, 1, 3476, 100, 0, 34, 42.66
2026/04/13 19:36:18.536, 0, 3476, 100, 0, 35, 42.10
2026/04/13 19:36:18.539, 1, 3476, 100, 0, 34, 42.65
2026/04/13 19:36:19.542, 0, 3476, 100, 0, 35, 42.09
2026/04/13 19:36:19.545, 1, 3476, 100, 0, 34, 42.65
2026/04/13 19:36:20.549, 0, 3476, 100, 0, 35, 42.00
2026/04/13 19:36:20.552, 1, 3476, 100, 0, 34, 42.66
2026/04/13 19:36:21.556, 0, 3476, 100, 0, 35, 42.20
2026/04/13 19:36:21.561, 1, 3476, 100, 0, 34, 42.66
2026/04/13 19:36:22.565, 0, 3476, 100, 0, 35, 42.10
2026/04/13 19:36:22.568, 1, 3476, 100, 0, 34, 42.65
2026/04/13 19:36:23.571, 0, 3476, 100, 0, 35, 42.09
2026/04/13 19:36:23.574, 1, 3476, 100, 0, 34, 42.55
2026/04/13 19:36:24.578, 0, 3476, 100, 0, 35, 42.10
2026/04/13 19:36:24.581, 1, 3476, 100, 0, 34, 42.65
2026/04/13 19:36:25.585, 0, 3476, 100, 0, 35, 42.20
2026/04/13 19:36:25.591, 1, 3476, 100, 0, 34, 42.65
2026/04/13 19:36:26.594, 0, 3476, 100, 0, 35, 42.19
2026/04/13 19:36:26.597, 1, 3476, 100, 0, 34, 42.65
2026/04/13 19:36:27.601, 0, 3476, 100, 0, 35, 42.10
2026/04/13 19:36:27.604, 1, 3476, 100, 0, 34, 42.65
2026/04/13 19:36:28.608, 0, 3476, 100, 0, 35, 42.20
2026/04/13 19:36:28.610, 1, 3476, 100, 0, 34, 42.66
2026/04/13 19:36:29.616, 0, 3476, 100, 0, 35, 42.10
2026/04/13 19:36:29.621, 1, 3476, 100, 0, 34, 42.65
2026/04/13 19:36:30.625, 0, 3476, 100, 0, 35, 42.10
2026/04/13 19:36:30.628, 1, 3476, 100, 0, 34, 42.65
2026/04/13 19:36:31.631, 0, 3476, 100, 0, 35, 42.10
2026/04/13 19:36:31.634, 1, 3476, 100, 0, 34, 42.65
2026/04/13 19:36:32.638, 0, 3476, 100, 0, 35, 42.09
2026/04/13 19:36:32.640, 1, 3476, 100, 0, 34, 42.65
2026/04/13 19:36:33.644, 0, 3476, 100, 0, 35, 42.10
2026/04/13 19:36:33.647, 1, 3476, 100, 0, 34, 42.65
2026/04/13 19:36:34.651, 0, 3476, 100, 0, 35, 42.20
2026/04/13 19:36:34.654, 1, 3476, 100, 0, 34, 42.65
2026/04/13 19:36:35.658, 0, 3476, 100, 0, 35, 42.20
2026/04/13 19:36:35.660, 1, 3476, 100, 0, 34, 42.65
2026/04/13 19:36:36.664, 0, 3476, 100, 0, 35, 42.10
2026/04/13 19:36:36.667, 1, 3476, 100, 0, 34, 42.65
2026/04/13 19:36:37.671, 0, 3476, 100, 0, 35, 42.10
2026/04/13 19:36:37.673, 1, 3476, 100, 0, 34, 42.66
2026/04/13 19:36:38.677, 0, 3476, 100, 0, 35, 42.01
2026/04/13 19:36:38.681, 1, 3476, 100, 0, 34, 42.65
2026/04/13 19:36:39.687, 0, 3476, 100, 0, 35, 42.10
2026/04/13 19:36:39.690, 1, 3476, 100, 0, 34, 42.65
2026/04/13 19:36:40.694, 0, 3476, 100, 0, 35, 42.09
2026/04/13 19:36:40.696, 1, 3476, 100, 0, 34, 42.66
2026/04/13 19:36:41.700, 0, 3476, 100, 0, 35, 42.20
2026/04/13 19:36:41.703, 1, 3476, 100, 0, 34, 42.65
2026/04/13 19:36:42.707, 0, 3476, 100, 0, 35, 42.09
2026/04/13 19:36:42.709, 1, 3476, 100, 0, 34, 42.65
2026/04/13 19:36:43.713, 0, 3476, 100, 0, 35, 42.19
2026/04/13 19:36:43.716, 1, 3476, 100, 0, 34, 42.65
2026/04/13 19:36:44.719, 0, 3476, 100, 0, 35, 42.10
2026/04/13 19:36:44.722, 1, 3476, 100, 0, 34, 42.66
2026/04/13 19:36:45.726, 0, 3476, 100, 0, 35, 42.20
2026/04/13 19:36:45.729, 1, 3476, 100, 0, 34, 42.65
2026/04/13 19:36:46.733, 0, 3476, 100, 0, 35, 42.20
2026/04/13 19:36:46.736, 1, 3476, 100, 0, 34, 42.75
2026/04/13 19:36:47.740, 0, 3476, 100, 0, 35, 42.10
2026/04/13 19:36:47.743, 1, 3476, 100, 0, 34, 42.65
2026/04/13 19:36:48.746, 0, 3476, 100, 0, 35, 42.09
2026/04/13 19:36:48.749, 1, 3476, 100, 0, 34, 42.65
2026/04/13 19:36:49.753, 0, 3476, 100, 0, 35, 42.20
2026/04/13 19:36:49.756, 1, 3476, 100, 0, 34, 42.66
2026/04/13 19:36:50.759, 0, 3476, 100, 0, 35, 42.20
2026/04/13 19:36:50.764, 1, 3476, 100, 0, 34, 42.65
2026/04/13 19:36:51.767, 0, 3476, 100, 0, 35, 42.01
2026/04/13 19:36:51.770, 1, 3476, 100, 0, 34, 42.65
2026/04/13 19:36:52.774, 0, 3476, 100, 0, 35, 42.01
2026/04/13 19:36:52.777, 1, 3476, 100, 0, 34, 42.65
2026/04/13 19:36:53.780, 0, 3476, 100, 0, 35, 42.10
2026/04/13 19:36:53.783, 1, 3476, 100, 0, 34, 42.56
2026/04/13 19:36:54.789, 0, 3476, 100, 0, 35, 42.19
2026/04/13 19:36:54.791, 1, 3476, 100, 0, 34, 42.55
2026/04/13 19:36:55.795, 0, 3476, 100, 0, 35, 42.10
2026/04/13 19:36:55.798, 1, 3476, 100, 0, 34, 42.65
2026/04/13 19:36:56.802, 0, 3476, 100, 0, 35, 42.01
2026/04/13 19:36:56.804, 1, 3476, 100, 0, 34, 42.55
2026/04/13 19:36:57.808, 0, 3476, 100, 0, 35, 42.19
2026/04/13 19:36:57.811, 1, 3476, 100, 0, 34, 42.65
2026/04/13 19:36:58.815, 0, 3476, 100, 0, 35, 42.10
2026/04/13 19:36:58.819, 1, 3476, 100, 0, 34, 42.65
2026/04/13 19:36:59.825, 0, 3476, 100, 0, 35, 42.20
2026/04/13 19:36:59.827, 1, 3476, 100, 0, 34, 42.65
2026/04/13 19:37:00.831, 0, 3476, 100, 0, 35, 42.20
2026/04/13 19:37:00.834, 1, 3476, 100, 0, 34, 42.55
2026/04/13 19:37:01.838, 0, 3476, 100, 0, 35, 42.10
2026/04/13 19:37:01.840, 1, 3476, 100, 0, 34, 42.65
2026/04/13 19:37:02.844, 0, 3476, 100, 0, 35, 42.09
2026/04/13 19:37:02.848, 1, 3476, 100, 0, 34, 42.65
2026/04/13 19:37:03.855, 0, 3476, 100, 0, 35, 42.10
2026/04/13 19:37:03.857, 1, 3476, 100, 0, 34, 42.55
2026/04/13 19:37:04.861, 0, 3476, 100, 0, 35, 42.10
2026/04/13 19:37:04.864, 1, 3476, 100, 0, 34, 42.65
2026/04/13 19:37:05.868, 0, 3476, 100, 0, 35, 42.19
2026/04/13 19:37:05.871, 1, 3476, 100, 0, 34, 42.55
2026/04/13 19:37:06.875, 0, 3476, 100, 0, 35, 42.20
2026/04/13 19:37:06.878, 1, 3476, 100, 0, 34, 42.66
2026/04/13 19:37:07.884, 0, 3476, 100, 0, 35, 42.20
2026/04/13 19:37:07.892, 1, 3476, 100, 0, 34, 42.66
2026/04/13 19:37:08.896, 0, 3476, 100, 0, 35, 42.20
2026/04/13 19:37:08.899, 1, 3476, 100, 0, 34, 42.65
2026/04/13 19:37:09.902, 0, 3476, 100, 0, 35, 42.01
2026/04/13 19:37:09.905, 1, 3476, 100, 0, 34, 42.65
2026/04/13 19:37:10.912, 0, 3476, 100, 0, 35, 42.20
2026/04/13 19:37:10.914, 1, 3476, 100, 0, 34, 42.65
2026/04/13 19:37:11.918, 0, 3476, 100, 0, 35, 42.10
2026/04/13 19:37:11.921, 1, 3476, 100, 0, 34, 42.66
2026/04/13 19:37:12.925, 0, 3476, 100, 0, 35, 42.10
2026/04/13 19:37:12.927, 1, 3476, 100, 0, 34, 42.65
2026/04/13 19:37:13.931, 0, 3476, 100, 0, 35, 42.00
2026/04/13 19:37:13.935, 1, 3476, 100, 0, 34, 42.66
2026/04/13 19:37:14.942, 0, 3476, 100, 0, 35, 42.10
2026/04/13 19:37:14.945, 1, 3476, 100, 0, 34, 42.65
2026/04/13 19:37:15.948, 0, 3476, 100, 0, 35, 42.20
2026/04/13 19:37:15.951, 1, 3476, 100, 0, 34, 42.74
2026/04/13 19:37:16.955, 0, 3476, 100, 0, 35, 42.19
2026/04/13 19:37:16.958, 1, 3476, 100, 0, 34, 42.66
2026/04/13 19:37:17.961, 0, 3476, 100, 0, 35, 42.10
2026/04/13 19:37:17.964, 1, 3476, 100, 0, 34, 42.66
2026/04/13 19:37:18.968, 0, 3476, 100, 0, 35, 42.10
2026/04/13 19:37:18.972, 1, 3476, 100, 0, 34, 42.65
2026/04/13 19:37:19.977, 0, 3476, 100, 0, 34, 42.00
2026/04/13 19:37:19.980, 1, 3476, 100, 0, 34, 42.65
2026/04/13 19:37:20.984, 0, 3476, 100, 0, 35, 42.10
2026/04/13 19:37:20.986, 1, 3476, 100, 0, 34, 42.66
2026/04/13 19:37:21.990, 0, 3476, 100, 0, 34, 42.10
2026/04/13 19:37:21.993, 1, 3476, 100, 0, 34, 42.65
2026/04/13 19:37:22.997, 0, 3476, 100, 0, 35, 42.20
2026/04/13 19:37:22.999, 1, 3476, 100, 0, 34, 42.65
2026/04/13 19:37:24.003, 0, 3476, 100, 0, 35, 42.19
2026/04/13 19:37:24.006, 1, 3476, 100, 0, 34, 42.65
2026/04/13 19:37:25.010, 0, 3476, 100, 0, 35, 42.10
2026/04/13 19:37:25.013, 1, 3476, 100, 0, 34, 42.65
2026/04/13 19:37:26.017, 0, 3476, 100, 0, 35, 42.00
2026/04/13 19:37:26.019, 1, 3476, 100, 0, 34, 42.65
2026/04/13 19:37:27.023, 0, 3476, 100, 0, 35, 42.10
2026/04/13 19:37:27.027, 1, 3476, 100, 0, 34, 42.65
2026/04/13 19:37:28.031, 0, 3476, 100, 0, 35, 42.09
2026/04/13 19:37:28.034, 1, 3476, 100, 0, 34, 42.65
2026/04/13 19:37:29.038, 0, 3476, 100, 0, 34, 42.10
2026/04/13 19:37:29.041, 1, 3476, 100, 0, 34, 42.65
2026/04/13 19:37:30.045, 0, 3476, 100, 0, 35, 42.01
2026/04/13 19:37:30.047, 1, 3476, 100, 0, 34, 42.65
2026/04/13 19:37:31.051, 0, 3476, 100, 0, 35, 42.10
2026/04/13 19:37:31.055, 1, 3476, 100, 0, 34, 42.65
2026/04/13 19:37:32.059, 0, 3476, 100, 0, 35, 42.01
2026/04/13 19:37:32.062, 1, 3476, 100, 0, 34, 42.65
2026/04/13 19:37:33.065, 0, 3476, 100, 0, 35, 42.10
2026/04/13 19:37:33.069, 1, 3476, 100, 0, 34, 42.65
2026/04/13 19:37:34.074, 0, 3476, 100, 0, 35, 42.10
2026/04/13 19:37:34.077, 1, 3476, 100, 0, 34, 42.65
2026/04/13 19:37:35.082, 0, 3476, 100, 0, 35, 42.10
2026/04/13 19:37:35.085, 1, 3476, 100, 0, 34, 42.66
2026/04/13 19:37:36.089, 0, 3476, 100, 0, 35, 42.10
2026/04/13 19:37:36.092, 1, 3476, 100, 0, 34, 42.65
2026/04/13 19:37:37.095, 0, 3476, 100, 0, 35, 42.10
2026/04/13 19:37:37.098, 1, 3476, 100, 0, 34, 42.65
2026/04/13 19:37:38.102, 0, 3476, 100, 0, 35, 42.00
2026/04/13 19:37:38.104, 1, 3476, 100, 0, 34, 42.65
2026/04/13 19:37:39.108, 0, 3476, 100, 0, 35, 42.10
2026/04/13 19:37:39.112, 1, 3476, 100, 0, 34, 42.65
2026/04/13 19:37:40.116, 0, 3476, 100, 0, 35, 42.19
2026/04/13 19:37:40.118, 1, 3476, 100, 0, 34, 42.74
2026/04/13 19:37:41.122, 0, 3476, 100, 0, 35, 42.10
2026/04/13 19:37:41.125, 1, 3476, 100, 0, 34, 42.65
2026/04/13 19:37:42.129, 0, 3476, 100, 0, 35, 42.10
2026/04/13 19:37:42.131, 1, 3476, 100, 0, 34, 42.74
2026/04/13 19:37:43.138, 0, 3476, 100, 0, 35, 42.10
2026/04/13 19:37:43.141, 1, 3476, 100, 0, 34, 42.66
2026/04/13 19:37:44.144, 0, 3476, 100, 0, 35, 42.10
2026/04/13 19:37:44.147, 1, 3476, 100, 0, 34, 42.66
2026/04/13 19:37:45.151, 0, 3476, 100, 0, 35, 42.10
2026/04/13 19:37:45.153, 1, 3476, 100, 0, 34, 42.66
2026/04/13 19:37:46.157, 0, 3476, 100, 0, 35, 42.20
2026/04/13 19:37:46.160, 1, 3476, 100, 0, 34, 42.74
2026/04/13 19:37:47.164, 0, 3476, 100, 0, 35, 42.19
2026/04/13 19:37:47.167, 1, 3476, 100, 0, 34, 42.65
2026/04/13 19:37:48.171, 0, 3476, 100, 0, 35, 42.20
2026/04/13 19:37:48.174, 1, 3476, 100, 0, 34, 42.65
2026/04/13 19:37:49.177, 0, 3476, 100, 0, 35, 42.10
2026/04/13 19:37:49.180, 1, 3476, 100, 0, 34, 42.65
2026/04/13 19:37:50.184, 0, 3476, 100, 0, 35, 42.01
2026/04/13 19:37:50.186, 1, 3476, 100, 0, 34, 42.65
2026/04/13 19:37:51.190, 0, 3476, 100, 0, 35, 42.10
2026/04/13 19:37:51.195, 1, 3476, 100, 0, 34, 42.65
2026/04/13 19:37:52.198, 0, 3476, 100, 0, 35, 42.10
2026/04/13 19:37:52.202, 1, 3476, 100, 0, 34, 42.65
2026/04/13 19:37:53.206, 0, 3476, 100, 0, 35, 42.20
2026/04/13 19:37:53.209, 1, 3476, 100, 0, 34, 42.65
2026/04/13 19:37:54.215, 0, 3476, 100, 0, 35, 42.10
2026/04/13 19:37:54.221, 1, 3476, 100, 0, 34, 42.55
2026/04/13 19:37:55.225, 0, 3476, 100, 0, 35, 42.10
2026/04/13 19:37:55.227, 1, 3476, 100, 0, 34, 42.65
2026/04/13 19:37:56.231, 0, 3476, 100, 0, 35, 42.10
2026/04/13 19:37:56.234, 1, 3476, 100, 0, 34, 42.74
2026/04/13 19:37:57.238, 0, 3476, 100, 0, 35, 42.10
2026/04/13 19:37:57.240, 1, 3476, 100, 0, 34, 42.65
2026/04/13 19:37:58.244, 0, 3476, 100, 0, 35, 42.10
2026/04/13 19:37:58.247, 1, 3476, 100, 0, 34, 42.65
2026/04/13 19:37:59.250, 0, 3476, 100, 0, 35, 42.10
2026/04/13 19:37:59.253, 1, 3476, 100, 0, 34, 42.65
2026/04/13 19:38:00.259, 0, 3476, 100, 0, 35, 42.01
2026/04/13 19:38:00.262, 1, 3476, 100, 0, 34, 42.65
2026/04/13 19:38:01.266, 0, 3476, 100, 0, 35, 42.10
2026/04/13 19:38:01.268, 1, 3476, 100, 0, 34, 42.65
2026/04/13 19:38:02.272, 0, 3476, 100, 0, 35, 42.10
2026/04/13 19:38:02.275, 1, 3476, 100, 0, 34, 42.65
2026/04/13 19:38:03.279, 0, 3476, 100, 0, 35, 42.10
2026/04/13 19:38:03.281, 1, 3476, 100, 0, 34, 42.65
2026/04/13 19:38:04.285, 0, 3476, 100, 0, 35, 42.10
2026/04/13 19:38:04.288, 1, 3476, 100, 0, 34, 42.74
2026/04/13 19:38:05.292, 0, 3476, 100, 0, 35, 42.10
2026/04/13 19:38:05.295, 1, 3476, 100, 0, 34, 42.66
2026/04/13 19:38:06.299, 0, 3476, 100, 0, 35, 42.01
2026/04/13 19:38:06.302, 1, 3476, 100, 0, 34, 42.65
2026/04/13 19:38:07.305, 0, 3476, 100, 0, 34, 42.00
2026/04/13 19:38:07.308, 1, 3476, 100, 0, 34, 42.65
2026/04/13 19:38:08.312, 0, 3476, 100, 0, 35, 42.01
2026/04/13 19:38:08.315, 1, 3476, 100, 0, 34, 42.65
2026/04/13 19:38:09.319, 0, 3476, 100, 0, 35, 42.00
2026/04/13 19:38:09.322, 1, 3476, 100, 0, 34, 42.66
2026/04/13 19:38:10.326, 0, 3476, 100, 0, 35, 42.10
2026/04/13 19:38:10.328, 1, 3476, 100, 0, 34, 42.65
2026/04/13 19:38:11.332, 0, 3476, 100, 0, 35, 42.09
2026/04/13 19:38:11.335, 1, 3476, 100, 0, 34, 42.65
2026/04/13 19:38:12.339, 0, 3476, 100, 0, 35, 42.01
2026/04/13 19:38:12.341, 1, 3476, 100, 0, 34, 42.65
2026/04/13 19:38:13.345, 0, 3476, 100, 0, 35, 42.00
2026/04/13 19:38:13.348, 1, 3476, 100, 0, 34, 42.65
2026/04/13 19:38:14.352, 0, 3476, 100, 0, 35, 42.09
2026/04/13 19:38:14.354, 1, 3476, 100, 0, 34, 42.65
2026/04/13 19:38:15.358, 0, 3476, 100, 0, 35, 42.10
2026/04/13 19:38:15.361, 1, 3476, 100, 0, 34, 42.65
2026/04/13 19:38:16.365, 0, 3476, 100, 0, 35, 42.00
2026/04/13 19:38:16.368, 1, 3476, 100, 0, 34, 42.65
2026/04/13 19:38:17.372, 0, 3476, 100, 0, 35, 42.00
2026/04/13 19:38:17.374, 1, 3476, 100, 0, 34, 42.74
2026/04/13 19:38:18.378, 0, 3476, 100, 0, 35, 42.00
2026/04/13 19:38:18.381, 1, 3476, 100, 0, 34, 42.65
2026/04/13 19:38:19.384, 0, 3476, 100, 0, 35, 42.01
2026/04/13 19:38:19.387, 1, 3476, 100, 0, 34, 42.65
2026/04/13 19:38:20.391, 0, 3476, 100, 0, 35, 42.10
2026/04/13 19:38:20.395, 1, 3476, 100, 0, 34, 42.65
2026/04/13 19:38:21.399, 0, 3476, 100, 0, 35, 42.01
2026/04/13 19:38:21.402, 1, 3476, 100, 0, 34, 42.66
2026/04/13 19:38:22.405, 0, 3476, 100, 0, 35, 42.09
2026/04/13 19:38:22.408, 1, 3476, 100, 0, 34, 42.65
2026/04/13 19:38:23.412, 0, 3476, 100, 0, 35, 42.10
2026/04/13 19:38:23.416, 1, 3476, 100, 0, 34, 42.65
2026/04/13 19:38:24.420, 0, 3476, 100, 0, 35, 42.09
2026/04/13 19:38:24.424, 1, 3476, 100, 0, 34, 42.65
2026/04/13 19:38:25.428, 0, 3476, 100, 0, 35, 41.99
2026/04/13 19:38:25.430, 1, 3476, 100, 0, 34, 42.65
2026/04/13 19:38:26.434, 0, 3476, 100, 0, 35, 42.10
2026/04/13 19:38:26.437, 1, 3476, 100, 0, 34, 42.65
2026/04/13 19:38:27.441, 0, 3476, 100, 0, 35, 42.01
2026/04/13 19:38:27.443, 1, 3476, 100, 0, 34, 42.65
2026/04/13 19:38:28.447, 0, 3476, 100, 0, 35, 42.20
2026/04/13 19:38:28.452, 1, 3476, 100, 0, 34, 42.65
2026/04/13 19:38:29.457, 0, 3476, 100, 0, 35, 42.01
2026/04/13 19:38:29.460, 1, 3476, 100, 0, 34, 42.65
2026/04/13 19:38:30.464, 0, 3476, 100, 0, 35, 42.01
2026/04/13 19:38:30.467, 1, 3476, 100, 0, 34, 42.65
2026/04/13 19:38:31.472, 0, 3476, 100, 0, 35, 42.10
2026/04/13 19:38:31.477, 1, 3476, 100, 0, 34, 42.65
2026/04/13 19:38:32.481, 0, 3476, 100, 0, 35, 42.10
2026/04/13 19:38:32.484, 1, 3476, 100, 0, 34, 42.65
2026/04/13 19:38:33.488, 0, 3476, 100, 0, 35, 42.10
2026/04/13 19:38:33.491, 1, 3476, 100, 0, 34, 42.65
2026/04/13 19:38:34.495, 0, 3476, 100, 0, 35, 42.00
2026/04/13 19:38:34.498, 1, 3476, 100, 0, 34, 42.66
2026/04/13 19:38:35.502, 0, 3476, 100, 0, 35, 42.10
2026/04/13 19:38:35.506, 1, 3476, 100, 0, 34, 42.66
2026/04/13 19:38:36.510, 0, 3476, 100, 0, 35, 42.09
2026/04/13 19:38:36.513, 1, 3476, 100, 0, 34, 42.74
2026/04/13 19:38:37.519, 0, 3476, 100, 0, 35, 42.01
2026/04/13 19:38:37.522, 1, 3476, 100, 0, 34, 42.66
2026/04/13 19:38:38.526, 0, 3476, 100, 0, 35, 42.01
2026/04/13 19:38:38.528, 1, 3476, 100, 0, 34, 42.65
2026/04/13 19:38:39.532, 0, 3476, 100, 0, 35, 42.09
2026/04/13 19:38:39.535, 1, 3476, 100, 0, 34, 42.65
2026/04/13 19:38:40.538, 0, 3476, 100, 0, 35, 42.19
2026/04/13 19:38:40.541, 1, 3476, 100, 0, 34, 42.65
2026/04/13 19:38:41.545, 0, 3476, 100, 0, 35, 42.09
2026/04/13 19:38:41.549, 1, 3476, 100, 0, 34, 42.65
2026/04/13 19:38:42.553, 0, 3476, 100, 0, 35, 42.10
2026/04/13 19:38:42.556, 1, 3476, 100, 0, 34, 42.74
2026/04/13 19:38:43.559, 0, 3476, 100, 0, 35, 42.20
2026/04/13 19:38:43.564, 1, 3476, 100, 0, 34, 42.65
2026/04/13 19:38:44.568, 0, 3476, 100, 0, 35, 42.01
2026/04/13 19:38:44.571, 1, 3476, 100, 0, 34, 42.65
2026/04/13 19:38:45.574, 0, 3476, 100, 0, 35, 42.19
2026/04/13 19:38:45.577, 1, 3476, 100, 0, 34, 42.65
2026/04/13 19:38:46.583, 0, 3476, 100, 0, 35, 42.00
2026/04/13 19:38:46.586, 1, 3476, 100, 0, 34, 42.65
2026/04/13 19:38:47.590, 0, 3476, 100, 0, 35, 42.10
2026/04/13 19:38:47.593, 1, 3476, 100, 0, 34, 42.55
2026/04/13 19:38:48.597, 0, 3476, 100, 0, 35, 42.10
2026/04/13 19:38:48.600, 1, 3476, 100, 0, 34, 42.65
2026/04/13 19:38:49.603, 0, 3476, 100, 0, 35, 42.01
2026/04/13 19:38:49.606, 1, 3476, 100, 0, 34, 42.65
2026/04/13 19:38:50.610, 0, 3476, 100, 0, 35, 42.10
2026/04/13 19:38:50.612, 1, 3476, 100, 0, 34, 42.65
2026/04/13 19:38:51.618, 0, 3476, 100, 0, 35, 42.10
2026/04/13 19:38:51.621, 1, 3476, 100, 0, 34, 42.65
2026/04/13 19:38:52.625, 0, 3476, 100, 0, 35, 42.10
2026/04/13 19:38:52.628, 1, 3476, 100, 0, 34, 42.65
2026/04/13 19:38:53.631, 0, 3476, 100, 0, 35, 42.19
2026/04/13 19:38:53.634, 1, 3476, 100, 0, 34, 42.65
2026/04/13 19:38:54.638, 0, 3476, 100, 0, 35, 42.10
2026/04/13 19:38:54.641, 1, 3476, 100, 0, 34, 42.65
2026/04/13 19:38:55.646, 0, 3476, 100, 0, 35, 42.01
2026/04/13 19:38:55.649, 1, 3476, 100, 0, 34, 42.65
2026/04/13 19:38:56.653, 0, 3476, 100, 0, 35, 42.10
2026/04/13 19:38:56.655, 1, 3476, 100, 0, 34, 42.65
2026/04/13 19:38:57.659, 0, 3476, 100, 0, 35, 42.09
2026/04/13 19:38:57.662, 1, 3476, 100, 0, 34, 42.66
2026/04/13 19:38:58.666, 0, 3476, 100, 0, 35, 42.01
2026/04/13 19:38:58.668, 1, 3476, 100, 0, 34, 42.75
2026/04/13 19:38:59.672, 0, 3476, 100, 0, 35, 42.00
2026/04/13 19:38:59.676, 1, 3476, 100, 0, 34, 42.66
2026/04/13 19:39:00.682, 0, 3476, 100, 0, 35, 42.10
2026/04/13 19:39:00.685, 1, 3476, 100, 0, 34, 42.75
2026/04/13 19:39:01.689, 0, 3476, 100, 0, 35, 42.00
2026/04/13 19:39:01.692, 1, 3476, 100, 0, 34, 42.65
2026/04/13 19:39:02.695, 0, 3476, 100, 0, 35, 42.01
2026/04/13 19:39:02.698, 1, 3476, 100, 0, 34, 42.65
2026/04/13 19:39:03.702, 0, 3476, 100, 0, 35, 42.01
2026/04/13 19:39:03.705, 1, 3476, 100, 0, 34, 42.74
2026/04/13 19:39:04.708, 0, 3476, 100, 0, 35, 42.10
2026/04/13 19:39:04.711, 1, 3476, 100, 0, 34, 42.65
2026/04/13 19:39:05.715, 0, 3476, 100, 0, 35, 42.10
2026/04/13 19:39:05.718, 1, 3476, 100, 0, 34, 42.65
2026/04/13 19:39:06.721, 0, 3476, 100, 0, 35, 42.01
2026/04/13 19:39:06.724, 1, 3476, 100, 0, 34, 42.65
2026/04/13 19:39:07.728, 0, 3476, 100, 0, 35, 42.01
2026/04/13 19:39:07.732, 1, 3476, 100, 0, 34, 42.66
2026/04/13 19:39:08.736, 0, 3476, 100, 0, 34, 42.10
2026/04/13 19:39:08.738, 1, 3476, 100, 0, 34, 42.65
2026/04/13 19:39:09.742, 0, 3476, 100, 0, 35, 42.20
2026/04/13 19:39:09.745, 1, 3476, 100, 0, 34, 42.65
2026/04/13 19:39:10.748, 0, 3476, 100, 0, 35, 42.10
2026/04/13 19:39:10.751, 1, 3476, 100, 0, 34, 42.65
2026/04/13 19:39:11.755, 0, 3476, 100, 0, 34, 42.10
2026/04/13 19:39:11.760, 1, 3476, 100, 0, 34, 42.66
2026/04/13 19:39:12.764, 0, 3476, 100, 0, 34, 42.10
2026/04/13 19:39:12.767, 1, 3476, 100, 0, 34, 42.65
2026/04/13 19:39:13.771, 0, 3476, 100, 0, 34, 42.10
2026/04/13 19:39:13.774, 1, 3476, 100, 0, 34, 42.66
2026/04/13 19:39:14.778, 0, 3476, 100, 0, 35, 42.01
2026/04/13 19:39:14.781, 1, 3476, 100, 0, 34, 42.65
2026/04/13 19:39:15.784, 0, 3476, 100, 0, 34, 42.10
2026/04/13 19:39:15.787, 1, 3476, 100, 0, 34, 42.65
2026/04/13 19:39:16.791, 0, 3476, 100, 0, 34, 42.01
2026/04/13 19:39:16.794, 1, 3476, 100, 0, 34, 42.65
2026/04/13 19:39:17.797, 0, 3476, 100, 0, 34, 42.10
2026/04/13 19:39:17.800, 1, 3476, 100, 0, 34, 42.65
2026/04/13 19:39:18.804, 0, 3476, 100, 0, 35, 42.10
2026/04/13 19:39:18.807, 1, 3476, 100, 0, 34, 42.65
2026/04/13 19:39:19.810, 0, 3476, 100, 0, 35, 42.10
2026/04/13 19:39:19.813, 1, 3476, 100, 0, 34, 42.66
2026/04/13 19:39:20.817, 0, 3476, 100, 0, 34, 42.00
2026/04/13 19:39:20.819, 1, 3476, 100, 0, 34, 42.65
2026/04/13 19:39:21.823, 0, 3476, 100, 0, 34, 42.19
2026/04/13 19:39:21.827, 1, 3476, 100, 0, 34, 42.56
2026/04/13 19:39:22.831, 0, 3476, 100, 0, 34, 42.10
2026/04/13 19:39:22.834, 1, 3476, 100, 0, 34, 42.65
2026/04/13 19:39:23.837, 0, 3476, 100, 0, 34, 42.10
2026/04/13 19:39:23.841, 1, 3476, 100, 0, 34, 42.65
2026/04/13 19:39:24.845, 0, 3476, 100, 0, 34, 42.10
2026/04/13 19:39:24.848, 1, 3476, 100, 0, 34, 42.65
2026/04/13 19:39:25.854, 0, 3476, 100, 0, 35, 42.00
2026/04/13 19:39:25.856, 1, 3476, 100, 0, 34, 42.66
2026/04/13 19:39:26.860, 0, 3476, 100, 0, 34, 42.10
2026/04/13 19:39:26.863, 1, 3476, 100, 0, 34, 42.65
2026/04/13 19:39:27.867, 0, 3476, 100, 0, 34, 42.10
2026/04/13 19:39:27.869, 1, 3476, 100, 0, 34, 42.55
2026/04/13 19:39:28.873, 0, 3476, 100, 0, 35, 42.19
2026/04/13 19:39:28.876, 1, 3476, 100, 0, 34, 42.66
2026/04/13 19:39:29.879, 0, 3476, 100, 0, 34, 42.10
2026/04/13 19:39:29.882, 1, 3476, 100, 0, 34, 42.65
2026/04/13 19:39:30.886, 0, 3476, 100, 0, 35, 42.10
2026/04/13 19:39:30.889, 1, 3476, 100, 0, 34, 42.65
2026/04/13 19:39:31.893, 0, 3476, 100, 0, 34, 42.10
2026/04/13 19:39:31.896, 1, 3476, 100, 0, 34, 42.65
2026/04/13 19:39:32.900, 0, 3476, 100, 0, 34, 42.19
2026/04/13 19:39:32.905, 1, 3476, 100, 0, 34, 42.65
2026/04/13 19:39:33.909, 0, 3476, 100, 0, 34, 42.19
2026/04/13 19:39:33.912, 1, 3476, 100, 0, 34, 42.55
2026/04/13 19:39:34.917, 0, 3476, 100, 0, 34, 42.09
2026/04/13 19:39:34.920, 1, 3476, 100, 0, 34, 42.66
2026/04/13 19:39:35.923, 0, 3476, 100, 0, 35, 42.10
2026/04/13 19:39:35.926, 1, 3476, 100, 0, 34, 42.65
2026/04/13 19:39:36.930, 0, 3476, 100, 0, 34, 42.19
2026/04/13 19:39:36.933, 1, 3476, 100, 0, 34, 42.65
2026/04/13 19:39:37.937, 0, 3476, 100, 0, 34, 42.10
2026/04/13 19:39:37.940, 1, 3476, 100, 0, 34, 42.65
2026/04/13 19:39:38.944, 0, 3476, 100, 0, 34, 42.10
2026/04/13 19:39:38.946, 1, 3476, 100, 0, 34, 42.66
2026/04/13 19:39:39.951, 0, 3476, 100, 0, 34, 42.10
2026/04/13 19:39:39.953, 1, 3476, 100, 0, 34, 42.55
2026/04/13 19:39:40.957, 0, 3476, 100, 0, 34, 42.10
2026/04/13 19:39:40.962, 1, 3476, 100, 0, 34, 42.65
2026/04/13 19:39:41.965, 0, 3476, 100, 0, 34, 42.19
2026/04/13 19:39:41.968, 1, 3476, 100, 0, 34, 42.66
2026/04/13 19:39:42.972, 0, 3476, 100, 0, 35, 42.10
2026/04/13 19:39:42.975, 1, 3476, 100, 0, 34, 42.66
2026/04/13 19:39:43.980, 0, 3476, 100, 0, 34, 42.10
2026/04/13 19:39:43.982, 1, 3476, 100, 0, 34, 42.65
2026/04/13 19:39:44.987, 0, 3476, 100, 0, 34, 42.09
2026/04/13 19:39:44.990, 1, 3476, 100, 0, 34, 42.65
2026/04/13 19:39:45.994, 0, 3476, 100, 0, 35, 42.10
2026/04/13 19:39:45.996, 1, 3476, 100, 0, 34, 42.65
2026/04/13 19:39:47.000, 0, 3476, 100, 0, 35, 42.19
2026/04/13 19:39:47.003, 1, 3476, 100, 0, 34, 42.65
2026/04/13 19:39:48.010, 0, 3476, 100, 0, 34, 42.10
2026/04/13 19:39:48.012, 1, 3476, 100, 0, 34, 42.65
2026/04/13 19:39:49.016, 0, 3476, 100, 0, 34, 42.01
2026/04/13 19:39:49.019, 1, 3476, 100, 0, 34, 42.65
2026/04/13 19:39:50.023, 0, 3476, 100, 0, 35, 42.10
2026/04/13 19:39:50.025, 1, 3476, 100, 0, 34, 42.65
2026/04/13 19:39:51.029, 0, 3476, 100, 0, 35, 42.09
2026/04/13 19:39:51.032, 1, 3476, 100, 0, 34, 42.55
2026/04/13 19:39:52.037, 0, 3476, 100, 0, 34, 41.99
2026/04/13 19:39:52.040, 1, 3476, 100, 0, 34, 42.66
2026/04/13 19:39:53.043, 0, 3476, 100, 0, 35, 42.09
2026/04/13 19:39:53.047, 1, 3476, 100, 0, 34, 42.65
2026/04/13 19:39:54.051, 0, 3476, 100, 0, 34, 42.19
2026/04/13 19:39:54.053, 1, 3476, 100, 0, 34, 42.65
2026/04/13 19:39:55.057, 0, 3476, 100, 0, 35, 42.00
2026/04/13 19:39:55.060, 1, 3476, 100, 0, 34, 42.66
2026/04/13 19:39:56.065, 0, 3476, 100, 0, 34, 42.10
2026/04/13 19:39:56.068, 1, 3476, 100, 0, 34, 42.65
2026/04/13 19:39:57.072, 0, 3476, 100, 0, 34, 42.20
2026/04/13 19:39:57.075, 1, 3476, 100, 0, 34, 42.65
2026/04/13 19:39:58.079, 0, 3476, 100, 0, 35, 42.10
2026/04/13 19:39:58.082, 1, 3476, 100, 0, 34, 42.55
2026/04/13 19:39:59.085, 0, 3476, 100, 0, 34, 42.01
2026/04/13 19:39:59.088, 1, 3476, 100, 0, 34, 42.65
2026/04/13 19:40:00.093, 0, 3476, 100, 0, 35, 42.20
2026/04/13 19:40:00.096, 1, 3476, 100, 0, 34, 42.65
2026/04/13 19:40:01.100, 0, 3476, 100, 0, 35, 42.10
2026/04/13 19:40:01.104, 1, 3476, 100, 0, 34, 42.55
2026/04/13 19:40:02.107, 0, 3476, 100, 0, 35, 42.19
2026/04/13 19:40:02.110, 1, 3476, 100, 0, 34, 42.55
2026/04/13 19:40:03.114, 0, 3476, 100, 0, 35, 42.10
2026/04/13 19:40:03.117, 1, 3476, 100, 0, 34, 42.65
2026/04/13 19:40:04.124, 0, 3476, 100, 0, 34, 42.19
2026/04/13 19:40:04.126, 1, 3476, 100, 0, 34, 42.65
2026/04/13 19:40:05.130, 0, 3476, 100, 0, 35, 42.00
2026/04/13 19:40:05.133, 1, 3476, 100, 0, 34, 42.65
2026/04/13 19:40:06.136, 0, 3476, 100, 0, 35, 42.10
2026/04/13 19:40:06.139, 1, 3476, 100, 0, 34, 42.65
2026/04/13 19:40:07.149, 0, 3476, 100, 0, 35, 42.09
2026/04/13 19:40:07.151, 1, 3476, 100, 0, 34, 42.55
2026/04/13 19:40:08.155, 0, 3476, 100, 0, 35, 42.10
2026/04/13 19:40:08.158, 1, 3476, 100, 0, 34, 42.65
2026/04/13 19:40:09.161, 0, 3476, 100, 0, 34, 42.00
2026/04/13 19:40:09.164, 1, 3476, 100, 0, 34, 42.66
2026/04/13 19:40:10.168, 0, 3476, 100, 0, 34, 42.00
2026/04/13 19:40:10.171, 1, 3476, 100, 0, 34, 42.66
2026/04/13 19:40:11.174, 0, 3476, 100, 0, 34, 42.00
2026/04/13 19:40:11.177, 1, 3476, 100, 0, 34, 42.65
2026/04/13 19:40:12.181, 0, 3476, 100, 0, 35, 42.10
2026/04/13 19:40:12.184, 1, 3476, 100, 0, 34, 42.65
2026/04/13 19:40:13.190, 0, 3476, 100, 0, 34, 42.10
2026/04/13 19:40:13.193, 1, 3476, 100, 0, 34, 42.55
2026/04/13 19:40:14.197, 0, 3476, 100, 0, 35, 42.10
2026/04/13 19:40:14.200, 1, 3476, 100, 0, 34, 42.66
2026/04/13 19:40:15.203, 0, 3476, 100, 0, 35, 42.00
2026/04/13 19:40:15.206, 1, 3476, 100, 0, 34, 42.66
2026/04/13 19:40:16.210, 0, 3476, 100, 0, 35, 42.10
2026/04/13 19:40:16.212, 1, 3476, 100, 0, 34, 42.65
2026/04/13 19:40:17.216, 0, 3476, 100, 0, 35, 42.10
2026/04/13 19:40:17.219, 1, 3476, 100, 0, 34, 42.55
2026/04/13 19:40:18.223, 0, 3476, 100, 0, 35, 42.09
2026/04/13 19:40:18.225, 1, 3476, 100, 0, 34, 42.55
2026/04/13 19:40:19.229, 0, 3476, 100, 0, 35, 42.10
2026/04/13 19:40:19.232, 1, 3476, 100, 0, 34, 42.65
2026/04/13 19:40:20.236, 0, 3476, 100, 0, 35, 42.10
2026/04/13 19:40:20.239, 1, 3476, 100, 0, 34, 42.55
2026/04/13 19:40:21.243, 0, 3476, 100, 0, 35, 42.20
2026/04/13 19:40:21.247, 1, 3476, 100, 0, 34, 42.65
2026/04/13 19:40:22.250, 0, 3476, 100, 0, 35, 42.00
2026/04/13 19:40:22.253, 1, 3476, 100, 0, 34, 42.65
2026/04/13 19:40:23.257, 0, 3476, 100, 0, 34, 42.20
2026/04/13 19:40:23.260, 1, 3476, 100, 0, 34, 42.56
2026/04/13 19:40:24.265, 0, 3476, 100, 0, 35, 42.19
2026/04/13 19:40:24.267, 1, 3476, 100, 0, 34, 42.65
2026/04/13 19:40:25.274, 0, 3476, 100, 0, 34, 42.10
2026/04/13 19:40:25.276, 1, 3476, 100, 0, 34, 42.55
2026/04/13 19:40:26.280, 0, 3476, 100, 0, 34, 42.01
2026/04/13 19:40:26.283, 1, 3476, 100, 0, 34, 42.65
2026/04/13 19:40:27.287, 0, 3476, 100, 0, 34, 42.19
2026/04/13 19:40:27.289, 1, 3476, 100, 0, 34, 42.65
2026/04/13 19:40:28.293, 0, 3476, 100, 0, 34, 42.10
2026/04/13 19:40:28.298, 1, 3476, 100, 0, 34, 42.65
2026/04/13 19:40:29.304, 0, 3476, 100, 0, 34, 42.10
2026/04/13 19:40:29.306, 1, 3476, 100, 0, 34, 42.65
2026/04/13 19:40:30.310, 0, 3476, 100, 0, 34, 42.09
2026/04/13 19:40:30.314, 1, 3476, 100, 0, 34, 42.65
2026/04/13 19:40:31.318, 0, 3476, 100, 0, 34, 42.09
2026/04/13 19:40:31.321, 1, 3476, 100, 0, 34, 42.55
2026/04/13 19:40:32.325, 0, 3476, 100, 0, 34, 42.09
2026/04/13 19:40:32.327, 1, 3476, 100, 0, 34, 42.65
2026/04/13 19:40:33.334, 0, 3476, 100, 0, 34, 42.09
2026/04/13 19:40:33.337, 1, 3476, 100, 0, 34, 42.65
2026/04/13 19:40:34.340, 0, 3476, 100, 0, 34, 42.09
2026/04/13 19:40:34.343, 1, 3476, 100, 0, 34, 42.65
2026/04/13 19:40:35.347, 0, 3476, 100, 0, 35, 42.09
2026/04/13 19:40:35.349, 1, 3476, 100, 0, 34, 42.65
2026/04/13 19:40:36.353, 0, 3476, 100, 0, 34, 42.00
2026/04/13 19:40:36.356, 1, 3476, 100, 0, 34, 42.65
2026/04/13 19:40:37.360, 0, 3476, 100, 0, 34, 42.00
2026/04/13 19:40:37.362, 1, 3476, 100, 0, 34, 42.65
2026/04/13 19:40:38.366, 0, 3476, 100, 0, 35, 42.19
2026/04/13 19:40:38.369, 1, 3476, 100, 0, 34, 42.74
2026/04/13 19:40:39.373, 0, 3476, 100, 0, 35, 41.99
2026/04/13 19:40:39.377, 1, 3476, 100, 0, 34, 42.65
2026/04/13 19:40:40.381, 0, 3476, 100, 0, 35, 42.09
2026/04/13 19:40:40.384, 1, 3476, 100, 0, 34, 42.65
2026/04/13 19:40:41.389, 0, 3476, 100, 0, 34, 42.10
2026/04/13 19:40:41.391, 1, 3476, 100, 0, 34, 42.65
2026/04/13 19:40:42.396, 0, 3476, 100, 0, 34, 42.10
2026/04/13 19:40:42.398, 1, 3476, 100, 0, 34, 42.65
2026/04/13 19:40:43.402, 0, 3476, 100, 0, 35, 42.00
2026/04/13 19:40:43.405, 1, 3476, 100, 0, 34, 42.66
2026/04/13 19:40:44.410, 0, 3476, 100, 0, 34, 42.00
2026/04/13 19:40:44.413, 1, 3476, 100, 0, 34, 42.66
2026/04/13 19:40:45.417, 0, 3476, 100, 0, 35, 42.00
2026/04/13 19:40:45.419, 1, 3476, 100, 0, 34, 42.65
2026/04/13 19:40:46.426, 0, 3476, 100, 0, 35, 42.10
2026/04/13 19:40:46.429, 1, 3476, 100, 0, 34, 42.66
2026/04/13 19:40:47.433, 0, 3476, 100, 0, 34, 42.00
2026/04/13 19:40:47.435, 1, 3476, 100, 0, 34, 42.65
2026/04/13 19:40:48.439, 0, 3476, 100, 0, 34, 41.99
2026/04/13 19:40:48.442, 1, 3476, 100, 0, 34, 42.65
2026/04/13 19:40:49.446, 0, 3476, 100, 0, 35, 42.00
2026/04/13 19:40:49.449, 1, 3476, 100, 0, 34, 42.65
2026/04/13 19:40:50.453, 0, 3476, 100, 0, 34, 42.10
2026/04/13 19:40:50.455, 1, 3476, 100, 0, 34, 42.65
2026/04/13 19:40:51.459, 0, 3476, 100, 0, 34, 42.09
2026/04/13 19:40:51.462, 1, 3476, 100, 0, 34, 42.65
2026/04/13 19:40:52.465, 0, 3476, 100, 0, 34, 42.09
2026/04/13 19:40:52.469, 1, 3476, 100, 0, 34, 42.66
2026/04/13 19:40:53.473, 0, 3476, 100, 0, 34, 42.09
2026/04/13 19:40:53.476, 1, 3476, 100, 0, 34, 42.66
2026/04/13 19:40:54.480, 0, 3476, 100, 0, 34, 42.10
2026/04/13 19:40:54.483, 1, 3476, 100, 0, 34, 42.65
2026/04/13 19:40:55.488, 0, 3476, 100, 0, 34, 42.00
2026/04/13 19:40:55.490, 1, 3476, 100, 0, 34, 42.65
2026/04/13 19:40:56.494, 0, 3476, 100, 0, 35, 42.10
2026/04/13 19:40:56.498, 1, 3476, 100, 0, 34, 42.74
2026/04/13 19:40:57.502, 0, 3476, 100, 0, 35, 42.00
2026/04/13 19:40:57.504, 1, 3476, 100, 0, 34, 42.65
2026/04/13 19:40:58.508, 0, 3476, 100, 0, 35, 42.19
2026/04/13 19:40:58.512, 1, 3476, 100, 0, 34, 42.65
2026/04/13 19:40:59.518, 0, 3476, 100, 0, 35, 42.10
2026/04/13 19:40:59.520, 1, 3476, 100, 0, 34, 42.65
2026/04/13 19:41:00.524, 0, 3476, 100, 0, 35, 42.10
2026/04/13 19:41:00.528, 1, 3476, 100, 0, 34, 42.65
2026/04/13 19:41:01.532, 0, 3476, 100, 0, 35, 41.99
2026/04/13 19:41:01.535, 1, 3476, 100, 0, 34, 42.65
2026/04/13 19:41:02.539, 0, 3476, 100, 0, 35, 42.10
2026/04/13 19:41:02.541, 1, 3476, 100, 0, 34, 42.55
2026/04/13 19:41:03.545, 0, 3476, 100, 0, 35, 41.99
2026/04/13 19:41:03.548, 1, 3476, 100, 0, 34, 42.66
2026/04/13 19:41:04.555, 0, 3476, 100, 0, 34, 41.99
2026/04/13 19:41:04.558, 1, 3476, 100, 0, 34, 42.65
2026/04/13 19:41:05.562, 0, 3476, 100, 0, 34, 42.19
2026/04/13 19:41:05.564, 1, 3476, 100, 0, 34, 42.65
2026/04/13 19:41:06.568, 0, 3476, 100, 0, 35, 41.99
2026/04/13 19:41:06.571, 1, 3476, 100, 0, 34, 42.65
2026/04/13 19:41:07.575, 0, 3476, 100, 0, 34, 41.99
2026/04/13 19:41:07.578, 1, 3476, 100, 0, 34, 42.65
2026/04/13 19:41:08.585, 0, 3476, 100, 0, 34, 42.00
2026/04/13 19:41:08.588, 1, 3476, 100, 0, 34, 42.65
2026/04/13 19:41:09.591, 0, 3476, 100, 0, 34, 42.10
2026/04/13 19:41:09.594, 1, 3476, 100, 0, 34, 42.65
2026/04/13 19:41:10.598, 0, 3476, 100, 0, 34, 42.09
2026/04/13 19:41:10.600, 1, 3476, 100, 0, 34, 42.65
2026/04/13 19:41:11.604, 0, 3476, 100, 0, 34, 42.10
2026/04/13 19:41:11.610, 1, 3476, 100, 0, 34, 42.66
2026/04/13 19:41:12.613, 0, 3476, 100, 0, 34, 42.00
2026/04/13 19:41:12.616, 1, 3476, 100, 0, 34, 42.65
2026/04/13 19:41:13.620, 0, 3476, 100, 0, 34, 42.10
2026/04/13 19:41:13.623, 1, 3476, 100, 0, 34, 42.55
2026/04/13 19:41:14.626, 0, 3476, 100, 0, 35, 42.00
2026/04/13 19:41:14.629, 1, 3476, 100, 0, 34, 42.65
2026/04/13 19:41:15.633, 0, 3476, 100, 0, 35, 42.00
2026/04/13 19:41:15.637, 1, 3476, 100, 0, 34, 42.65
2026/04/13 19:41:16.641, 0, 3476, 100, 0, 35, 42.09
2026/04/13 19:41:16.644, 1, 3476, 100, 0, 34, 42.55
2026/04/13 19:41:17.648, 0, 3476, 100, 0, 35, 42.10
2026/04/13 19:41:17.650, 1, 3476, 100, 0, 34, 42.65
2026/04/13 19:41:18.654, 0, 3476, 100, 0, 35, 42.00
2026/04/13 19:41:18.657, 1, 3476, 100, 0, 34, 42.65
2026/04/13 19:41:19.661, 0, 3476, 100, 0, 35, 41.91
2026/04/13 19:41:19.665, 1, 3476, 100, 0, 34, 42.56
2026/04/13 19:41:20.669, 0, 3476, 100, 0, 35, 42.00
2026/04/13 19:41:20.672, 1, 3476, 100, 0, 34, 42.55
2026/04/13 19:41:21.676, 0, 3476, 100, 0, 35, 42.10
2026/04/13 19:41:21.678, 1, 3476, 100, 0, 34, 42.65
2026/04/13 19:41:22.682, 0, 3476, 100, 0, 34, 42.10
2026/04/13 19:41:22.685, 1, 3476, 100, 0, 34, 42.55
2026/04/13 19:41:23.688, 0, 3476, 100, 0, 34, 42.10
2026/04/13 19:41:23.692, 1, 3476, 100, 0, 34, 42.65
2026/04/13 19:41:24.696, 0, 3476, 100, 0, 34, 42.10
2026/04/13 19:41:24.699, 1, 3476, 100, 0, 34, 42.65
2026/04/13 19:41:25.703, 0, 3476, 100, 0, 34, 42.00
2026/04/13 19:41:25.706, 1, 3476, 100, 0, 34, 42.65
2026/04/13 19:41:26.710, 0, 3476, 100, 0, 34, 42.10
2026/04/13 19:41:26.713, 1, 3476, 100, 0, 34, 42.55
2026/04/13 19:41:27.716, 0, 3476, 100, 0, 34, 42.10
2026/04/13 19:41:27.719, 1, 3476, 100, 0, 34, 42.55
2026/04/13 19:41:28.723, 0, 3476, 100, 0, 34, 42.00
2026/04/13 19:41:28.725, 1, 3476, 100, 0, 34, 42.65
2026/04/13 19:41:29.729, 0, 3476, 100, 0, 34, 41.99
2026/04/13 19:41:29.732, 1, 3476, 100, 0, 34, 42.65
2026/04/13 19:41:30.739, 0, 3476, 100, 0, 35, 42.00
2026/04/13 19:41:30.741, 1, 3476, 100, 0, 34, 42.65
2026/04/13 19:41:31.745, 0, 3476, 100, 0, 34, 42.01
2026/04/13 19:41:31.748, 1, 3476, 100, 0, 34, 42.65
2026/04/13 19:41:32.752, 0, 3476, 100, 0, 34, 42.10
2026/04/13 19:41:32.760, 1, 3476, 100, 0, 34, 42.55
2026/04/13 19:41:33.766, 0, 3476, 100, 0, 34, 41.99
2026/04/13 19:41:33.769, 1, 3476, 100, 0, 34, 42.65
2026/04/13 19:41:34.773, 0, 3476, 100, 0, 34, 42.09
2026/04/13 19:41:34.775, 1, 3476, 100, 0, 34, 42.65
2026/04/13 19:41:35.779, 0, 3476, 100, 0, 34, 42.00
2026/04/13 19:41:35.782, 1, 3476, 100, 0, 34, 42.65
2026/04/13 19:41:36.787, 0, 3476, 100, 0, 34, 42.00
2026/04/13 19:41:36.790, 1, 3476, 100, 0, 34, 42.66
2026/04/13 19:41:37.796, 0, 3476, 100, 0, 34, 42.10
2026/04/13 19:41:37.799, 1, 3476, 100, 0, 34, 42.65
2026/04/13 19:41:38.803, 0, 3476, 100, 0, 34, 42.01
2026/04/13 19:41:38.805, 1, 3476, 100, 0, 34, 42.66
2026/04/13 19:41:39.809, 0, 3476, 100, 0, 34, 41.99
2026/04/13 19:41:39.812, 1, 3476, 100, 0, 34, 42.66
2026/04/13 19:41:40.816, 0, 3476, 100, 0, 35, 42.00
2026/04/13 19:41:40.819, 1, 3476, 100, 0, 34, 42.55
2026/04/13 19:41:41.822, 0, 3476, 100, 0, 34, 42.00
2026/04/13 19:41:41.825, 1, 3476, 100, 0, 34, 42.65
2026/04/13 19:41:42.829, 0, 3476, 100, 0, 34, 42.09
2026/04/13 19:41:42.834, 1, 3476, 100, 0, 34, 42.75
2026/04/13 19:41:43.837, 0, 3476, 100, 0, 34, 42.10
2026/04/13 19:41:43.840, 1, 3476, 100, 0, 34, 42.55
2026/04/13 19:41:44.844, 0, 3476, 100, 0, 34, 42.10
2026/04/13 19:41:44.846, 1, 3476, 100, 0, 34, 42.55
2026/04/13 19:41:45.850, 0, 3476, 100, 0, 34, 42.00
2026/04/13 19:41:45.853, 1, 3476, 100, 0, 34, 42.65
2026/04/13 19:41:46.860, 0, 3476, 100, 0, 34, 42.10
2026/04/13 19:41:46.862, 1, 3476, 100, 0, 34, 42.65
2026/04/13 19:41:47.866, 0, 3476, 100, 0, 34, 42.19
2026/04/13 19:41:47.869, 1, 3476, 100, 0, 34, 42.55
2026/04/13 19:41:48.872, 0, 3476, 100, 0, 34, 42.10
2026/04/13 19:41:48.875, 1, 3476, 100, 0, 34, 42.65
2026/04/13 19:41:49.879, 0, 3476, 100, 0, 34, 42.10
2026/04/13 19:41:49.882, 1, 3476, 100, 0, 34, 42.65
2026/04/13 19:41:50.885, 0, 3476, 100, 0, 34, 42.19
2026/04/13 19:41:50.889, 1, 3476, 100, 0, 34, 42.55
2026/04/13 19:41:51.893, 0, 3476, 100, 0, 34, 42.00
2026/04/13 19:41:51.896, 1, 3476, 100, 0, 34, 42.66
2026/04/13 19:41:52.900, 0, 3476, 100, 0, 34, 41.99
2026/04/13 19:41:52.902, 1, 3476, 100, 0, 34, 42.65
2026/04/13 19:41:53.906, 0, 3476, 100, 0, 34, 42.09
2026/04/13 19:41:53.909, 1, 3476, 100, 0, 34, 42.55
2026/04/13 19:41:54.913, 0, 3476, 100, 0, 34, 42.10
2026/04/13 19:41:54.917, 1, 3476, 100, 0, 34, 42.65
2026/04/13 19:41:55.922, 0, 3476, 100, 0, 34, 42.00
2026/04/13 19:41:55.924, 1, 3476, 100, 0, 34, 42.65
2026/04/13 19:41:56.928, 0, 3476, 100, 0, 34, 42.10
2026/04/13 19:41:56.931, 1, 3476, 100, 0, 34, 42.65
2026/04/13 19:41:57.935, 0, 3476, 100, 0, 35, 42.09
2026/04/13 19:41:57.937, 1, 3476, 100, 0, 34, 42.65
2026/04/13 19:41:58.941, 0, 3476, 100, 0, 34, 42.00
2026/04/13 19:41:58.945, 1, 3476, 100, 0, 34, 42.65
2026/04/13 19:41:59.952, 0, 3476, 100, 0, 35, 42.10
2026/04/13 19:41:59.954, 1, 3476, 100, 0, 34, 42.65
2026/04/13 19:42:00.958, 0, 3476, 100, 0, 35, 42.10
2026/04/13 19:42:00.961, 1, 3476, 100, 0, 34, 42.65
2026/04/13 19:42:01.964, 0, 3476, 100, 0, 34, 42.10
2026/04/13 19:42:01.967, 1, 3476, 100, 0, 34, 42.65
2026/04/13 19:42:02.971, 0, 3476, 100, 0, 35, 42.00
2026/04/13 19:42:02.974, 1, 3476, 100, 0, 34, 42.65
2026/04/13 19:42:03.978, 0, 3476, 100, 0, 35, 42.19
2026/04/13 19:42:03.981, 1, 3476, 100, 0, 34, 42.55
2026/04/13 19:42:04.984, 0, 3476, 100, 0, 34, 41.99
2026/04/13 19:42:04.987, 1, 3476, 100, 0, 34, 42.65
2026/04/13 19:42:05.991, 0, 3476, 100, 0, 35, 42.09
2026/04/13 19:42:05.993, 1, 3476, 100, 0, 34, 42.66
2026/04/13 19:42:06.997, 0, 3476, 100, 0, 34, 42.10
2026/04/13 19:42:07.002, 1, 3476, 100, 0, 34, 42.65
2026/04/13 19:42:08.005, 0, 3476, 100, 0, 34, 42.10
2026/04/13 19:42:08.008, 1, 3476, 100, 0, 34, 42.65
2026/04/13 19:42:09.013, 0, 3476, 100, 0, 34, 42.10
2026/04/13 19:42:09.015, 1, 3476, 100, 0, 34, 42.66
2026/04/13 19:42:10.019, 0, 3476, 100, 0, 34, 41.90
2026/04/13 19:42:10.022, 1, 3476, 100, 0, 34, 42.65
2026/04/13 19:42:11.026, 0, 3476, 100, 0, 35, 42.10
2026/04/13 19:42:11.029, 1, 3476, 100, 0, 34, 42.65
2026/04/13 19:42:12.033, 0, 3476, 100, 0, 34, 42.10
2026/04/13 19:42:12.037, 1, 3476, 100, 0, 34, 42.65
2026/04/13 19:42:13.041, 0, 3476, 100, 0, 34, 42.10
2026/04/13 19:42:13.044, 1, 3476, 100, 0, 34, 42.65
2026/04/13 19:42:14.048, 0, 3476, 100, 0, 34, 42.01
2026/04/13 19:42:14.051, 1, 3476, 100, 0, 34, 42.55
2026/04/13 19:42:15.055, 0, 3476, 100, 0, 35, 42.10
2026/04/13 19:42:15.058, 1, 3476, 100, 0, 34, 42.66
2026/04/13 19:42:16.062, 0, 3476, 100, 0, 34, 42.00
2026/04/13 19:42:16.064, 1, 3476, 100, 0, 34, 42.55
2026/04/13 19:42:17.072, 0, 3476, 100, 0, 35, 42.00
2026/04/13 19:42:17.074, 1, 3476, 100, 0, 34, 42.65
2026/04/13 19:42:18.078, 0, 3476, 100, 0, 35, 41.99
2026/04/13 19:42:18.082, 1, 3476, 100, 0, 34, 42.65
2026/04/13 19:42:19.086, 0, 3476, 100, 0, 35, 42.10
2026/04/13 19:42:19.089, 1, 3476, 100, 0, 34, 42.55
2026/04/13 19:42:20.092, 0, 3476, 100, 0, 34, 42.00
2026/04/13 19:42:20.095, 1, 3476, 100, 0, 34, 42.55
2026/04/13 19:42:21.099, 0, 3476, 100, 0, 35, 42.09
2026/04/13 19:42:21.102, 1, 3476, 100, 0, 34, 42.65
2026/04/13 19:42:22.105, 0, 3476, 100, 0, 35, 42.10
2026/04/13 19:42:22.110, 1, 3476, 100, 0, 34, 42.65
2026/04/13 19:42:23.114, 0, 3476, 100, 0, 35, 42.00
2026/04/13 19:42:23.117, 1, 3476, 100, 0, 34, 42.65
2026/04/13 19:42:24.120, 0, 3476, 100, 0, 34, 42.00
2026/04/13 19:42:24.123, 1, 3476, 100, 0, 34, 42.65
2026/04/13 19:42:25.127, 0, 3476, 100, 0, 34, 42.01
2026/04/13 19:42:25.130, 1, 3476, 100, 0, 34, 42.56
2026/04/13 19:42:26.133, 0, 3476, 100, 0, 35, 42.10
2026/04/13 19:42:26.139, 1, 3476, 100, 0, 34, 42.56
2026/04/13 19:42:27.143, 0, 3476, 100, 0, 34, 42.00
2026/04/13 19:42:27.145, 1, 3476, 100, 0, 34, 42.65
2026/04/13 19:42:28.152, 0, 3476, 100, 0, 34, 42.10
2026/04/13 19:42:28.155, 1, 3476, 100, 0, 34, 42.66
2026/04/13 19:42:29.159, 0, 3476, 100, 0, 35, 41.99
2026/04/13 19:42:29.162, 1, 3476, 100, 0, 34, 42.55
2026/04/13 19:42:30.165, 0, 3476, 100, 0, 34, 42.10
2026/04/13 19:42:30.170, 1, 3476, 100, 0, 34, 42.55
2026/04/13 19:42:31.174, 0, 3476, 100, 0, 35, 42.10
2026/04/13 19:42:31.177, 1, 3476, 100, 0, 34, 42.66
2026/04/13 19:42:32.181, 0, 3476, 100, 0, 35, 41.99
2026/04/13 19:42:32.183, 1, 3476, 100, 0, 34, 42.65
2026/04/13 19:42:33.189, 0, 3476, 100, 0, 35, 41.99
2026/04/13 19:42:33.194, 1, 3476, 100, 0, 34, 42.66
2026/04/13 19:42:34.198, 0, 3476, 100, 0, 34, 42.00
2026/04/13 19:42:34.200, 1, 3476, 100, 0, 34, 42.66
2026/04/13 19:42:35.204, 0, 3476, 100, 0, 35, 42.00
2026/04/13 19:42:35.207, 1, 3476, 100, 0, 34, 42.65
2026/04/13 19:42:36.211, 0, 3476, 100, 0, 34, 42.10
2026/04/13 19:42:36.214, 1, 3476, 100, 0, 34, 42.65
2026/04/13 19:42:37.218, 0, 3476, 100, 0, 34, 42.00
2026/04/13 19:42:37.221, 1, 3476, 100, 0, 34, 42.75
2026/04/13 19:42:38.226, 0, 3476, 100, 0, 35, 42.10
2026/04/13 19:42:38.233, 1, 3476, 100, 0, 34, 42.65
2026/04/13 19:42:39.237, 0, 3476, 100, 0, 34, 42.10
2026/04/13 19:42:39.240, 1, 3476, 100, 0, 34, 42.65
2026/04/13 19:42:40.243, 0, 3476, 100, 0, 35, 42.10
2026/04/13 19:42:40.246, 1, 3476, 100, 0, 34, 42.56
2026/04/13 19:42:41.250, 0, 3476, 100, 0, 35, 42.10
2026/04/13 19:42:41.253, 1, 3476, 100, 0, 34, 42.66
2026/04/13 19:42:42.256, 0, 3476, 100, 0, 35, 42.10
2026/04/13 19:42:42.259, 1, 3476, 100, 0, 34, 42.56
2026/04/13 19:42:43.263, 0, 3476, 100, 0, 34, 42.10
2026/04/13 19:42:43.265, 1, 3476, 100, 0, 34, 42.65
2026/04/13 19:42:44.269, 0, 3476, 100, 0, 35, 42.10
2026/04/13 19:42:44.272, 1, 3476, 100, 0, 34, 42.65
2026/04/13 19:42:45.276, 0, 3476, 100, 0, 35, 42.09
2026/04/13 19:42:45.278, 1, 3476, 100, 0, 34, 42.65
2026/04/13 19:42:46.282, 0, 3476, 100, 0, 35, 42.10
2026/04/13 19:42:46.285, 1, 3476, 100, 0, 34, 42.66
2026/04/13 19:42:47.289, 0, 3476, 100, 0, 34, 42.10
2026/04/13 19:42:47.291, 1, 3476, 100, 0, 34, 42.55
2026/04/13 19:42:48.295, 0, 3476, 100, 0, 34, 42.00
2026/04/13 19:42:48.298, 1, 3476, 100, 0, 34, 42.56
2026/04/13 19:42:49.301, 0, 3476, 100, 0, 34, 42.09
2026/04/13 19:42:49.304, 1, 3476, 100, 0, 34, 42.65
2026/04/13 19:42:50.308, 0, 3476, 100, 0, 35, 42.10
2026/04/13 19:42:50.312, 1, 3476, 100, 0, 34, 42.55
2026/04/13 19:42:51.319, 0, 3476, 100, 0, 35, 42.01
2026/04/13 19:42:51.321, 1, 3476, 100, 0, 34, 42.65
2026/04/13 19:42:52.325, 0, 3476, 100, 0, 34, 42.00
2026/04/13 19:42:52.328, 1, 3476, 100, 0, 34, 42.65
2026/04/13 19:42:53.334, 0, 3476, 100, 0, 34, 42.10
2026/04/13 19:42:53.337, 1, 3476, 100, 0, 34, 42.66
2026/04/13 19:42:54.341, 0, 3476, 100, 0, 34, 42.10
2026/04/13 19:42:54.344, 1, 3476, 100, 0, 34, 42.65
2026/04/13 19:42:55.349, 0, 3476, 100, 0, 34, 42.10
2026/04/13 19:42:55.352, 1, 3476, 100, 0, 34, 42.66
2026/04/13 19:42:56.356, 0, 3476, 100, 0, 34, 41.90
2026/04/13 19:42:56.358, 1, 3476, 100, 0, 34, 42.65
2026/04/13 19:42:57.362, 0, 3476, 100, 0, 34, 42.00
2026/04/13 19:42:57.365, 1, 3476, 100, 0, 34, 42.65
2026/04/13 19:42:58.369, 0, 3476, 100, 0, 34, 42.10
2026/04/13 19:42:58.372, 1, 3476, 100, 0, 34, 42.65
2026/04/13 19:42:59.376, 0, 3476, 100, 0, 34, 42.10
2026/04/13 19:42:59.378, 1, 3476, 100, 0, 34, 42.65
2026/04/13 19:43:00.382, 0, 3476, 100, 0, 35, 41.91
2026/04/13 19:43:00.385, 1, 3476, 100, 0, 34, 42.66
2026/04/13 19:43:01.388, 0, 3476, 100, 0, 34, 42.01
2026/04/13 19:43:01.393, 1, 3476, 100, 0, 34, 42.65
2026/04/13 19:43:02.397, 0, 3476, 100, 0, 34, 42.00
2026/04/13 19:43:02.399, 1, 3476, 100, 0, 34, 42.65
2026/04/13 19:43:03.403, 0, 3476, 100, 0, 34, 42.00
2026/04/13 19:43:03.406, 1, 3476, 100, 0, 34, 42.65
2026/04/13 19:43:04.412, 0, 3476, 100, 0, 34, 42.10
2026/04/13 19:43:04.414, 1, 3476, 100, 0, 34, 42.66
2026/04/13 19:43:05.418, 0, 3476, 100, 0, 35, 42.10
2026/04/13 19:43:05.422, 1, 3476, 100, 0, 34, 42.65
2026/04/13 19:43:06.426, 0, 3476, 100, 0, 34, 42.10
2026/04/13 19:43:06.428, 1, 3476, 100, 0, 34, 42.56
2026/04/13 19:43:07.432, 0, 3476, 100, 0, 34, 42.10
2026/04/13 19:43:07.435, 1, 3476, 100, 0, 34, 42.65
2026/04/13 19:43:08.439, 0, 3476, 100, 0, 35, 42.00
2026/04/13 19:43:08.442, 1, 3476, 100, 0, 34, 42.55
2026/04/13 19:43:09.445, 0, 3476, 100, 0, 34, 42.10
2026/04/13 19:43:09.449, 1, 3476, 100, 0, 34, 42.65
2026/04/13 19:43:10.453, 0, 3476, 100, 0, 35, 42.00
2026/04/13 19:43:10.455, 1, 3476, 100, 0, 34, 42.65
2026/04/13 19:43:11.459, 0, 3476, 100, 0, 34, 42.10
2026/04/13 19:43:11.462, 1, 3476, 100, 0, 34, 42.66
2026/04/13 19:43:12.466, 0, 3476, 100, 0, 35, 42.00
2026/04/13 19:43:12.468, 1, 3476, 100, 0, 34, 42.65
2026/04/13 19:43:13.474, 0, 3476, 100, 0, 34, 42.00
2026/04/13 19:43:13.478, 1, 3476, 100, 0, 34, 42.66
2026/04/13 19:43:14.482, 0, 3476, 100, 0, 34, 42.10
2026/04/13 19:43:14.485, 1, 3476, 100, 0, 34, 42.56
2026/04/13 19:43:15.488, 0, 3476, 100, 0, 34, 42.10
2026/04/13 19:43:15.491, 1, 3476, 100, 0, 34, 42.55
2026/04/13 19:43:16.495, 0, 3476, 100, 0, 35, 42.00
2026/04/13 19:43:16.498, 1, 3476, 100, 0, 34, 42.65
2026/04/13 19:43:17.502, 0, 3476, 100, 0, 34, 42.01
2026/04/13 19:43:17.506, 1, 3476, 100, 0, 34, 42.65
2026/04/13 19:43:18.510, 0, 3476, 100, 0, 35, 42.10
2026/04/13 19:43:18.512, 1, 3476, 100, 0, 34, 42.65
2026/04/13 19:43:19.516, 0, 3476, 100, 0, 34, 42.00
2026/04/13 19:43:19.519, 1, 3476, 100, 0, 34, 42.65
2026/04/13 19:43:20.523, 0, 3476, 100, 0, 34, 42.00
2026/04/13 19:43:20.525, 1, 3476, 100, 0, 34, 42.65
2026/04/13 19:43:21.529, 0, 3476, 100, 0, 35, 42.10
2026/04/13 19:43:21.534, 1, 3476, 100, 0, 34, 42.55
2026/04/13 19:43:22.540, 0, 3476, 100, 0, 35, 41.91
2026/04/13 19:43:22.543, 1, 3476, 100, 0, 34, 42.65
2026/04/13 19:43:23.546, 0, 3476, 100, 0, 34, 42.09
2026/04/13 19:43:23.549, 1, 3476, 100, 0, 34, 42.56
2026/04/13 19:43:24.553, 0, 3476, 100, 0, 34, 42.10
2026/04/13 19:43:24.556, 1, 3476, 100, 0, 34, 42.65
2026/04/13 19:43:25.560, 0, 3476, 100, 0, 34, 42.10
2026/04/13 19:43:25.562, 1, 3476, 100, 0, 34, 42.65
2026/04/13 19:43:26.566, 0, 3476, 100, 0, 34, 42.09
2026/04/13 19:43:26.569, 1, 3476, 100, 0, 34, 42.55
2026/04/13 19:43:27.573, 0, 3476, 100, 0, 34, 42.01
2026/04/13 19:43:27.575, 1, 3476, 100, 0, 34, 42.55
2026/04/13 19:43:28.579, 0, 3476, 100, 0, 34, 42.10
2026/04/13 19:43:28.582, 1, 3476, 100, 0, 34, 42.66
2026/04/13 19:43:29.586, 0, 3476, 100, 0, 35, 42.10
2026/04/13 19:43:29.590, 1, 3476, 100, 0, 34, 42.65
2026/04/13 19:43:30.594, 0, 3476, 100, 0, 34, 42.00
2026/04/13 19:43:30.597, 1, 3476, 100, 0, 34, 42.66
2026/04/13 19:43:31.603, 0, 3476, 100, 0, 34, 42.10
2026/04/13 19:43:31.606, 1, 3476, 100, 0, 34, 42.55
2026/04/13 19:43:32.609, 0, 3476, 100, 0, 35, 42.00
2026/04/13 19:43:32.612, 1, 3476, 100, 0, 34, 42.65
2026/04/13 19:43:33.616, 0, 3476, 100, 0, 34, 42.00
2026/04/13 19:43:33.619, 1, 3476, 100, 0, 34, 42.65
2026/04/13 19:43:34.622, 0, 3476, 100, 0, 34, 41.90
2026/04/13 19:43:34.625, 1, 3476, 100, 0, 34, 42.65
2026/04/13 19:43:35.629, 0, 3476, 100, 0, 35, 42.00
2026/04/13 19:43:35.632, 1, 3476, 100, 0, 34, 42.66
2026/04/13 19:43:36.638, 0, 3476, 100, 0, 35, 42.10
2026/04/13 19:43:36.645, 1, 3476, 100, 0, 34, 42.66
2026/04/13 19:43:37.649, 0, 3476, 100, 0, 35, 42.00
2026/04/13 19:43:37.651, 1, 3476, 100, 0, 34, 42.65
2026/04/13 19:43:38.655, 0, 3476, 100, 0, 35, 41.91
2026/04/13 19:43:38.658, 1, 3476, 100, 0, 34, 42.65
2026/04/13 19:43:39.662, 0, 3476, 100, 0, 35, 41.99
2026/04/13 19:43:39.664, 1, 3476, 100, 0, 34, 42.66
2026/04/13 19:43:40.671, 0, 3476, 100, 0, 35, 42.10
2026/04/13 19:43:40.673, 1, 3476, 100, 0, 34, 42.55
2026/04/13 19:43:41.677, 0, 3476, 100, 0, 35, 42.00
2026/04/13 19:43:41.680, 1, 3476, 100, 0, 34, 42.66
2026/04/13 19:43:42.684, 0, 3476, 100, 0, 35, 42.10
2026/04/13 19:43:42.687, 1, 3476, 100, 0, 34, 42.65
2026/04/13 19:43:43.691, 0, 3476, 100, 0, 34, 42.10
2026/04/13 19:43:43.694, 1, 3476, 100, 0, 34, 42.65
2026/04/13 19:43:44.699, 0, 3476, 100, 0, 34, 42.00
2026/04/13 19:43:44.702, 1, 3476, 100, 0, 34, 42.65
2026/04/13 19:43:45.706, 0, 3476, 100, 0, 35, 42.10
2026/04/13 19:43:45.708, 1, 3476, 100, 0, 34, 42.65
2026/04/13 19:43:46.712, 0, 3476, 100, 0, 35, 42.01
2026/04/13 19:43:46.715, 1, 3476, 100, 0, 34, 42.55
2026/04/13 19:43:47.720, 0, 3476, 100, 0, 35, 42.10
2026/04/13 19:43:47.722, 1, 3476, 100, 0, 34, 42.65
2026/04/13 19:43:48.726, 0, 3476, 100, 0, 35, 42.00
2026/04/13 19:43:48.729, 1, 3476, 100, 0, 34, 42.66
2026/04/13 19:43:49.733, 0, 3476, 100, 0, 34, 42.01
2026/04/13 19:43:49.736, 1, 3476, 100, 0, 34, 42.65
2026/04/13 19:43:50.740, 0, 3476, 100, 0, 35, 41.91
2026/04/13 19:43:50.743, 1, 3476, 100, 0, 34, 42.56
2026/04/13 19:43:51.746, 0, 3476, 100, 0, 34, 42.09
2026/04/13 19:43:51.751, 1, 3476, 100, 0, 34, 42.65
2026/04/13 19:43:52.755, 0, 3476, 100, 0, 34, 42.00
2026/04/13 19:43:52.757, 1, 3476, 100, 0, 34, 42.65
2026/04/13 19:43:53.762, 0, 3476, 100, 0, 35, 42.10
2026/04/13 19:43:53.765, 1, 3476, 100, 0, 34, 42.56
2026/04/13 19:43:54.769, 0, 3476, 100, 0, 35, 42.10
2026/04/13 19:43:54.771, 1, 3476, 100, 0, 34, 42.65
2026/04/13 19:43:55.775, 0, 3476, 100, 0, 34, 42.00
2026/04/13 19:43:55.778, 1, 3476, 100, 0, 34, 42.55
2026/04/13 19:43:56.782, 0, 3476, 100, 0, 35, 42.10
2026/04/13 19:43:56.786, 1, 3476, 100, 0, 34, 42.65
2026/04/13 19:43:57.792, 0, 3476, 100, 0, 34, 42.00
2026/04/13 19:43:57.795, 1, 3476, 100, 0, 34, 42.65
2026/04/13 19:43:58.798, 0, 3476, 100, 0, 34, 42.01
2026/04/13 19:43:58.801, 1, 3476, 100, 0, 34, 42.65
2026/04/13 19:43:59.805, 0, 3476, 100, 0, 35, 42.10
2026/04/13 19:43:59.807, 1, 3476, 100, 0, 34, 42.55
2026/04/13 19:44:00.811, 0, 3476, 100, 0, 34, 42.00
2026/04/13 19:44:00.814, 1, 3476, 100, 0, 34, 42.56
2026/04/13 19:44:01.818, 0, 3476, 100, 0, 34, 42.10
2026/04/13 19:44:01.820, 1, 3476, 100, 0, 34, 42.65
2026/04/13 19:44:02.828, 0, 3476, 100, 0, 35, 42.10
2026/04/13 19:44:02.830, 1, 3476, 100, 0, 34, 42.65
2026/04/13 19:44:03.834, 0, 3476, 100, 0, 34, 42.00
2026/04/13 19:44:03.837, 1, 3476, 100, 0, 34, 42.65
2026/04/13 19:44:04.840, 0, 3476, 100, 0, 35, 42.19
2026/04/13 19:44:04.843, 1, 3476, 100, 0, 34, 42.65
2026/04/13 19:44:05.847, 0, 3476, 100, 0, 34, 42.00
2026/04/13 19:44:05.849, 1, 3476, 100, 0, 34, 42.55
2026/04/13 19:44:06.853, 0, 3476, 100, 0, 34, 42.00
2026/04/13 19:44:06.856, 1, 3476, 100, 0, 34, 42.65
2026/04/13 19:44:07.860, 0, 3476, 100, 0, 34, 42.10
2026/04/13 19:44:07.862, 1, 3476, 100, 0, 34, 42.75
2026/04/13 19:44:08.866, 0, 3476, 100, 0, 34, 42.00
2026/04/13 19:44:08.871, 1, 3476, 100, 0, 34, 42.55
2026/04/13 19:44:09.875, 0, 3476, 100, 0, 34, 42.19
2026/04/13 19:44:09.877, 1, 3476, 100, 0, 34, 42.66
2026/04/13 19:44:10.881, 0, 3476, 100, 0, 34, 42.00
2026/04/13 19:44:10.884, 1, 3476, 100, 0, 34, 42.66
2026/04/13 19:44:11.890, 0, 3476, 100, 0, 34, 42.00
2026/04/13 19:44:11.893, 1, 3476, 100, 0, 34, 42.65
2026/04/13 19:44:12.897, 0, 3476, 100, 0, 34, 42.00
2026/04/13 19:44:12.899, 1, 3476, 100, 0, 34, 42.56
2026/04/13 19:44:13.903, 0, 3476, 100, 0, 34, 42.01
2026/04/13 19:44:13.906, 1, 3476, 100, 0, 34, 42.66
2026/04/13 19:44:14.909, 0, 3476, 100, 0, 34, 42.10
2026/04/13 19:44:14.912, 1, 3476, 100, 0, 34, 42.56
2026/04/13 19:44:15.916, 0, 3476, 100, 0, 35, 41.91
2026/04/13 19:44:15.919, 1, 3476, 100, 0, 34, 42.65
2026/04/13 19:44:16.922, 0, 3476, 100, 0, 34, 42.10
2026/04/13 19:44:16.926, 1, 3476, 100, 0, 34, 42.55
2026/04/13 19:44:17.930, 0, 3476, 100, 0, 34, 42.10
2026/04/13 19:44:17.933, 1, 3476, 100, 0, 34, 42.66
2026/04/13 19:44:18.936, 0, 3476, 100, 0, 34, 42.00
2026/04/13 19:44:18.939, 1, 3476, 100, 0, 34, 42.65
2026/04/13 19:44:19.943, 0, 3476, 100, 0, 35, 42.00
2026/04/13 19:44:19.945, 1, 3476, 100, 0, 34, 42.66
2026/04/13 19:44:20.952, 0, 3476, 100, 0, 34, 42.00
2026/04/13 19:44:20.954, 1, 3476, 100, 0, 34, 42.65
2026/04/13 19:44:21.958, 0, 3476, 100, 0, 35, 41.91
2026/04/13 19:44:21.961, 1, 3476, 100, 0, 34, 42.65
2026/04/13 19:44:22.965, 0, 3476, 100, 0, 35, 42.10
2026/04/13 19:44:22.967, 1, 3476, 100, 0, 34, 42.65
2026/04/13 19:44:23.971, 0, 3476, 100, 0, 34, 42.09
2026/04/13 19:44:23.974, 1, 3476, 100, 0, 34, 42.65
2026/04/13 19:44:24.978, 0, 3476, 100, 0, 34, 42.10
2026/04/13 19:44:24.981, 1, 3476, 100, 0, 34, 42.66
2026/04/13 19:44:25.985, 0, 3476, 100, 0, 34, 42.00
2026/04/13 19:44:25.988, 1, 3476, 100, 0, 34, 42.66
2026/04/13 19:44:26.992, 0, 3476, 100, 0, 34, 42.10
2026/04/13 19:44:26.995, 1, 3476, 100, 0, 34, 42.65
2026/04/13 19:44:27.999, 0, 3476, 100, 0, 34, 41.99
2026/04/13 19:44:28.001, 1, 3476, 100, 0, 34, 42.65
2026/04/13 19:44:29.005, 0, 3476, 100, 0, 34, 42.10
2026/04/13 19:44:29.009, 1, 3476, 100, 0, 34, 42.65
2026/04/13 19:44:30.016, 0, 3476, 100, 0, 34, 42.00
2026/04/13 19:44:30.019, 1, 3476, 100, 0, 34, 42.65
2026/04/13 19:44:31.023, 0, 3476, 100, 0, 34, 42.00
2026/04/13 19:44:31.026, 1, 3476, 100, 0, 34, 42.55
2026/04/13 19:44:32.029, 0, 3476, 100, 0, 34, 41.99
2026/04/13 19:44:32.032, 1, 3476, 100, 0, 34, 42.65
2026/04/13 19:44:33.036, 0, 3476, 100, 0, 34, 41.99
2026/04/13 19:44:33.039, 1, 3476, 100, 0, 34, 42.65
2026/04/13 19:44:34.042, 0, 3476, 100, 0, 34, 42.00
2026/04/13 19:44:34.045, 1, 3476, 100, 0, 34, 42.65
2026/04/13 19:44:35.049, 0, 3476, 100, 0, 35, 42.00
2026/04/13 19:44:35.052, 1, 3476, 100, 0, 34, 42.65
2026/04/13 19:44:36.058, 0, 3476, 100, 0, 34, 41.99
2026/04/13 19:44:36.063, 1, 3476, 100, 0, 34, 42.65
2026/04/13 19:44:37.067, 0, 3476, 100, 0, 34, 42.09
2026/04/13 19:44:37.070, 1, 3476, 100, 0, 34, 42.55
2026/04/13 19:44:38.073, 0, 3476, 100, 0, 34, 42.01
2026/04/13 19:44:38.076, 1, 3476, 100, 0, 34, 42.65
2026/04/13 19:44:39.080, 0, 3476, 100, 0, 34, 42.00
2026/04/13 19:44:39.083, 1, 3476, 100, 0, 34, 42.65
2026/04/13 19:44:40.086, 0, 3476, 100, 0, 34, 42.00
2026/04/13 19:44:40.089, 1, 3476, 100, 0, 34, 42.66
2026/04/13 19:44:41.093, 0, 3476, 100, 0, 34, 42.09
2026/04/13 19:44:41.095, 1, 3476, 100, 0, 34, 42.65
2026/04/13 19:44:42.099, 0, 3476, 100, 0, 34, 42.00
2026/04/13 19:44:42.102, 1, 3476, 100, 0, 34, 42.65
2026/04/13 19:44:43.108, 0, 3476, 100, 0, 34, 42.10
2026/04/13 19:44:43.111, 1, 3476, 100, 0, 34, 42.65
2026/04/13 19:44:44.115, 0, 3476, 100, 0, 34, 42.09
2026/04/13 19:44:44.117, 1, 3476, 100, 0, 34, 42.55
2026/04/13 19:44:45.121, 0, 3476, 100, 0, 34, 42.10
2026/04/13 19:44:45.126, 1, 3476, 100, 0, 34, 42.65
2026/04/13 19:44:46.130, 0, 3476, 100, 0, 34, 42.09
2026/04/13 19:44:46.133, 1, 3476, 100, 0, 34, 42.56
2026/04/13 19:44:47.137, 0, 3476, 100, 0, 34, 42.10
2026/04/13 19:44:47.140, 1, 3476, 100, 0, 34, 42.66
2026/04/13 19:44:48.143, 0, 3476, 100, 0, 34, 42.01
2026/04/13 19:44:48.147, 1, 3476, 100, 0, 34, 42.66
2026/04/13 19:44:49.150, 0, 3476, 100, 0, 34, 42.10
2026/04/13 19:44:49.154, 1, 3476, 100, 0, 34, 42.56
2026/04/13 19:44:50.158, 0, 3476, 100, 0, 34, 42.09
2026/04/13 19:44:50.161, 1, 3476, 100, 0, 34, 42.55
2026/04/13 19:44:51.165, 0, 3476, 100, 0, 34, 41.89
2026/04/13 19:44:51.170, 1, 3476, 100, 0, 34, 42.65
2026/04/13 19:44:52.173, 0, 3476, 100, 0, 34, 42.09
2026/04/13 19:44:52.176, 1, 3476, 100, 0, 34, 42.65
2026/04/13 19:44:53.180, 0, 3476, 100, 0, 35, 42.01
2026/04/13 19:44:53.182, 1, 3476, 100, 0, 34, 42.66
2026/04/13 19:44:54.186, 0, 3476, 100, 0, 34, 42.00
2026/04/13 19:44:54.189, 1, 3476, 100, 0, 34, 42.55
2026/04/13 19:44:55.194, 0, 3476, 100, 0, 35, 42.10
2026/04/13 19:44:55.197, 1, 3476, 100, 0, 34, 42.65
2026/04/13 19:44:56.201, 0, 3476, 100, 0, 34, 41.89
2026/04/13 19:44:56.204, 1, 3476, 100, 0, 34, 42.65
2026/04/13 19:44:57.208, 0, 3476, 100, 0, 34, 42.00
2026/04/13 19:44:57.210, 1, 3476, 100, 0, 34, 42.55
2026/04/13 19:44:58.214, 0, 3476, 100, 0, 35, 42.09
2026/04/13 19:44:58.217, 1, 3476, 100, 0, 34, 42.55
2026/04/13 19:44:59.221, 0, 3476, 100, 0, 34, 42.10
2026/04/13 19:44:59.223, 1, 3476, 100, 0, 34, 42.65
2026/04/13 19:45:00.227, 0, 3476, 100, 0, 35, 42.10
2026/04/13 19:45:00.230, 1, 3476, 100, 0, 34, 42.66
2026/04/13 19:45:01.234, 0, 3476, 100, 0, 34, 42.00
2026/04/13 19:45:01.237, 1, 3476, 100, 0, 34, 42.65
2026/04/13 19:45:02.241, 0, 3476, 100, 0, 34, 42.10
2026/04/13 19:45:02.244, 1, 3476, 100, 0, 34, 42.66
2026/04/13 19:45:03.247, 0, 3476, 100, 0, 35, 42.10
2026/04/13 19:45:03.250, 1, 3476, 100, 0, 34, 42.66
2026/04/13 19:45:04.257, 0, 3476, 100, 0, 35, 41.99
2026/04/13 19:45:04.259, 1, 3476, 100, 0, 34, 42.66
2026/04/13 19:45:05.263, 0, 3476, 100, 0, 34, 42.00
2026/04/13 19:45:05.266, 1, 3476, 100, 0, 34, 42.55
2026/04/13 19:45:06.270, 0, 3476, 100, 0, 34, 42.09
2026/04/13 19:45:06.272, 1, 3476, 100, 0, 34, 42.66
2026/04/13 19:45:07.276, 0, 3476, 100, 0, 34, 41.99
2026/04/13 19:45:07.279, 1, 3476, 100, 0, 34, 42.55
2026/04/13 19:45:08.283, 0, 3476, 100, 0, 34, 42.00
2026/04/13 19:45:08.285, 1, 3476, 100, 0, 34, 42.55
2026/04/13 19:45:09.290, 0, 3476, 100, 0, 34, 42.10
2026/04/13 19:45:09.293, 1, 3476, 100, 0, 34, 42.65
2026/04/13 19:45:10.296, 0, 3476, 100, 0, 34, 42.01
2026/04/13 19:45:10.300, 1, 3476, 100, 0, 34, 42.65
2026/04/13 19:45:11.303, 0, 3476, 100, 0, 34, 42.10
2026/04/13 19:45:11.306, 1, 3476, 100, 0, 34, 42.65
2026/04/13 19:45:12.310, 0, 3476, 100, 0, 34, 42.10
2026/04/13 19:45:12.313, 1, 3476, 100, 0, 34, 42.65
2026/04/13 19:45:13.319, 0, 3476, 100, 0, 34, 42.00
2026/04/13 19:45:13.322, 1, 3476, 100, 0, 34, 42.55
2026/04/13 19:45:14.326, 0, 3476, 100, 0, 34, 42.00
2026/04/13 19:45:14.328, 1, 3476, 100, 0, 34, 42.65
2026/04/13 19:45:15.332, 0, 3476, 100, 0, 34, 42.09
2026/04/13 19:45:15.335, 1, 3476, 100, 0, 34, 42.66
2026/04/13 19:45:16.339, 0, 3476, 100, 0, 34, 42.10
2026/04/13 19:45:16.343, 1, 3476, 100, 0, 34, 42.65
2026/04/13 19:45:17.349, 0, 3476, 100, 0, 34, 42.10
2026/04/13 19:45:17.354, 1, 3476, 100, 0, 34, 42.56
2026/04/13 19:45:18.357, 0, 3476, 100, 0, 35, 41.99
2026/04/13 19:45:18.360, 1, 3476, 100, 0, 34, 42.65
2026/04/13 19:45:19.364, 0, 3476, 100, 0, 35, 42.10
2026/04/13 19:45:19.367, 1, 3476, 100, 0, 34, 42.65
2026/04/13 19:45:20.370, 0, 3476, 100, 0, 35, 42.00
2026/04/13 19:45:20.373, 1, 3476, 100, 0, 34, 42.66
2026/04/13 19:45:21.378, 0, 3476, 100, 0, 35, 42.19
2026/04/13 19:45:21.382, 1, 3476, 100, 0, 34, 42.65
2026/04/13 19:45:22.385, 0, 3476, 100, 0, 35, 42.09
2026/04/13 19:45:22.388, 1, 3476, 100, 0, 34, 42.65
2026/04/13 19:45:23.392, 0, 3476, 100, 0, 34, 41.99
2026/04/13 19:45:23.395, 1, 3476, 100, 0, 34, 42.65
2026/04/13 19:45:24.398, 0, 3476, 100, 0, 34, 42.00
2026/04/13 19:45:24.401, 1, 3476, 100, 0, 34, 42.65
2026/04/13 19:45:25.407, 0, 3476, 100, 0, 34, 42.09
2026/04/13 19:45:25.411, 1, 3476, 100, 0, 34, 42.65
2026/04/13 19:45:26.415, 0, 3476, 100, 0, 34, 41.99
2026/04/13 19:45:26.418, 1, 3476, 100, 0, 34, 42.65
2026/04/13 19:45:27.421, 0, 3476, 100, 0, 34, 42.01
2026/04/13 19:45:27.424, 1, 3476, 100, 0, 34, 42.65
2026/04/13 19:45:28.428, 0, 3476, 100, 0, 35, 41.90
2026/04/13 19:45:28.430, 1, 3476, 100, 0, 34, 42.65
2026/04/13 19:45:29.434, 0, 3476, 100, 0, 35, 42.10
2026/04/13 19:45:29.437, 1, 3476, 100, 0, 34, 42.65
2026/04/13 19:45:30.441, 0, 3476, 100, 0, 34, 42.10
2026/04/13 19:45:30.444, 1, 3476, 100, 0, 34, 42.55
2026/04/13 19:45:31.448, 0, 3476, 100, 0, 34, 41.99
2026/04/13 19:45:31.450, 1, 3476, 100, 0, 34, 42.65
2026/04/13 19:45:32.454, 0, 3476, 100, 0, 34, 42.10
2026/04/13 19:45:32.457, 1, 3476, 100, 0, 34, 42.65
2026/04/13 19:45:33.460, 0, 3476, 100, 0, 35, 42.09
2026/04/13 19:45:33.463, 1, 3476, 100, 0, 34, 42.56
2026/04/13 19:45:34.467, 0, 3476, 100, 0, 34, 42.10
2026/04/13 19:45:34.470, 1, 3476, 100, 0, 34, 42.55
2026/04/13 19:45:35.474, 0, 3476, 100, 0, 34, 42.00
2026/04/13 19:45:35.479, 1, 3476, 100, 0, 34, 42.55
2026/04/13 19:45:36.482, 0, 3476, 100, 0, 34, 42.09
2026/04/13 19:45:36.485, 1, 3476, 100, 0, 34, 42.65
2026/04/13 19:45:37.489, 0, 3476, 100, 0, 34, 42.09
2026/04/13 19:45:37.492, 1, 3476, 100, 0, 34, 42.55
2026/04/13 19:45:38.495, 0, 3476, 100, 0, 34, 42.10
2026/04/13 19:45:38.499, 1, 3476, 100, 0, 34, 42.55
2026/04/13 19:45:39.504, 0, 3476, 100, 0, 34, 42.00
2026/04/13 19:45:39.506, 1, 3476, 100, 0, 34, 42.55
2026/04/13 19:45:40.510, 0, 3476, 100, 0, 35, 42.09
2026/04/13 19:45:40.513, 1, 3476, 100, 0, 34, 42.56
2026/04/13 19:45:41.518, 0, 3476, 100, 0, 34, 42.10
2026/04/13 19:45:41.521, 1, 3476, 100, 0, 34, 42.55
2026/04/13 19:45:42.524, 0, 3476, 100, 0, 34, 41.99
2026/04/13 19:45:42.527, 1, 3476, 100, 0, 34, 42.65
2026/04/13 19:45:43.531, 0, 3476, 100, 0, 34, 42.10
2026/04/13 19:45:43.533, 1, 3476, 100, 0, 34, 42.55
2026/04/13 19:45:44.537, 0, 3476, 100, 0, 35, 42.00
2026/04/13 19:45:44.540, 1, 3476, 100, 0, 34, 42.66
2026/04/13 19:45:45.544, 0, 3476, 100, 0, 34, 42.10
2026/04/13 19:45:45.546, 1, 3476, 100, 0, 34, 42.66
2026/04/13 19:45:46.556, 0, 3476, 100, 0, 35, 42.10
2026/04/13 19:45:46.558, 1, 3476, 100, 0, 34, 42.66
2026/04/13 19:45:47.562, 0, 3476, 100, 0, 34, 41.99
2026/04/13 19:45:47.565, 1, 3476, 100, 0, 34, 42.66
2026/04/13 19:45:48.570, 0, 3476, 100, 0, 35, 42.00
2026/04/13 19:45:48.572, 1, 3476, 100, 0, 34, 42.55
2026/04/13 19:45:49.576, 0, 3476, 100, 0, 35, 42.01
2026/04/13 19:45:49.580, 1, 3476, 100, 0, 34, 42.55
2026/04/13 19:45:50.586, 0, 3476, 100, 0, 35, 42.00
2026/04/13 19:45:50.589, 1, 3476, 100, 0, 34, 42.55
2026/04/13 19:45:51.592, 0, 3476, 100, 0, 35, 42.10
2026/04/13 19:45:51.595, 1, 3476, 100, 0, 34, 42.55
2026/04/13 19:45:52.599, 0, 3476, 100, 0, 35, 42.00
2026/04/13 19:45:52.602, 1, 3476, 100, 0, 34, 42.65
2026/04/13 19:45:53.605, 0, 3476, 100, 0, 35, 42.19
2026/04/13 19:45:53.610, 1, 3476, 100, 0, 34, 42.55
2026/04/13 19:45:54.614, 0, 3476, 100, 0, 35, 42.10
2026/04/13 19:45:54.616, 1, 3476, 100, 0, 34, 42.55
2026/04/13 19:45:55.621, 0, 3476, 100, 0, 34, 42.00
2026/04/13 19:45:55.624, 1, 3476, 100, 0, 34, 42.55
2026/04/13 19:45:56.627, 0, 3476, 100, 0, 35, 42.09
2026/04/13 19:45:56.630, 1, 3476, 100, 0, 34, 42.56
2026/04/13 19:45:57.634, 0, 3476, 100, 0, 34, 42.00
2026/04/13 19:45:57.639, 1, 3476, 100, 0, 34, 42.65
2026/04/13 19:45:58.643, 0, 3476, 100, 0, 35, 42.00
2026/04/13 19:45:58.645, 1, 3476, 100, 0, 34, 42.65
2026/04/13 19:45:59.650, 0, 3476, 100, 0, 34, 41.99
2026/04/13 19:45:59.652, 1, 3476, 100, 0, 34, 42.55
2026/04/13 19:46:00.656, 0, 3476, 100, 0, 35, 42.01
2026/04/13 19:46:00.659, 1, 3476, 100, 0, 34, 42.55
2026/04/13 19:46:01.663, 0, 3476, 100, 0, 35, 42.10
2026/04/13 19:46:01.666, 1, 3476, 100, 0, 34, 42.65
2026/04/13 19:46:02.670, 0, 3476, 100, 0, 34, 42.10
2026/04/13 19:46:02.673, 1, 3476, 100, 0, 34, 42.56
2026/04/13 19:46:03.678, 0, 3476, 100, 0, 35, 42.09
2026/04/13 19:46:03.681, 1, 3476, 100, 0, 34, 42.65
2026/04/13 19:46:04.685, 0, 3476, 100, 0, 35, 42.10
2026/04/13 19:46:04.687, 1, 3476, 100, 0, 34, 42.55
2026/04/13 19:46:05.691, 0, 3476, 100, 0, 35, 42.09
2026/04/13 19:46:05.694, 1, 3476, 100, 0, 34, 42.55
2026/04/13 19:46:06.698, 0, 3476, 100, 0, 35, 41.99
2026/04/13 19:46:06.700, 1, 3476, 100, 0, 34, 42.55
2026/04/13 19:46:07.704, 0, 3476, 100, 0, 34, 42.00
2026/04/13 19:46:07.707, 1, 3476, 100, 0, 34, 42.56
2026/04/13 19:46:08.710, 0, 3476, 100, 0, 34, 42.00
2026/04/13 19:46:08.713, 1, 3476, 100, 0, 34, 42.55
2026/04/13 19:46:09.716, 0, 3476, 100, 0, 35, 42.09
2026/04/13 19:46:09.719, 1, 3476, 100, 0, 34, 42.55
2026/04/13 19:46:10.723, 0, 3476, 100, 0, 35, 42.19
2026/04/13 19:46:10.726, 1, 3476, 100, 0, 34, 42.66
2026/04/13 19:46:11.730, 0, 3476, 100, 0, 34, 42.00
2026/04/13 19:46:11.733, 1, 3476, 100, 0, 34, 42.65
2026/04/13 19:46:12.735, 0, 3476, 100, 0, 35, 42.10
2026/04/13 19:46:12.738, 1, 3476, 100, 0, 34, 42.55
2026/04/13 19:46:13.742, 0, 3476, 100, 0, 35, 42.19
2026/04/13 19:46:13.745, 1, 3476, 100, 0, 34, 42.56
2026/04/13 19:46:14.748, 0, 3476, 100, 0, 34, 42.09
2026/04/13 19:46:14.751, 1, 3476, 100, 0, 34, 42.65
2026/04/13 19:46:15.755, 0, 3476, 100, 0, 35, 42.10
2026/04/13 19:46:15.758, 1, 3476, 100, 0, 34, 42.55
2026/04/13 19:46:16.761, 0, 3476, 100, 0, 34, 42.10
2026/04/13 19:46:16.764, 1, 3476, 100, 0, 34, 42.55
2026/04/13 19:46:17.766, 0, 3476, 100, 0, 35, 42.10
2026/04/13 19:46:17.769, 1, 3476, 100, 0, 34, 42.65
2026/04/13 19:46:18.772, 0, 3476, 100, 0, 34, 42.10
2026/04/13 19:46:18.774, 1, 3476, 100, 0, 34, 42.65
2026/04/13 19:46:19.779, 0, 3476, 100, 0, 34, 42.19
2026/04/13 19:46:19.781, 1, 3476, 100, 0, 34, 42.65
2026/04/13 19:46:20.784, 0, 3476, 100, 0, 34, 42.10
2026/04/13 19:46:20.788, 1, 3476, 100, 0, 34, 42.65
2026/04/13 19:46:21.792, 0, 3476, 100, 0, 35, 42.09
2026/04/13 19:46:21.795, 1, 3476, 100, 0, 34, 42.65
2026/04/13 19:46:22.798, 0, 3476, 100, 0, 35, 42.09
2026/04/13 19:46:22.800, 1, 3476, 100, 0, 34, 42.65
2026/04/13 19:46:23.806, 0, 3476, 100, 0, 35, 42.09
2026/04/13 19:46:23.809, 1, 3476, 100, 0, 34, 42.66
2026/04/13 19:46:24.812, 0, 3476, 100, 0, 35, 42.19
2026/04/13 19:46:24.816, 1, 3476, 100, 0, 34, 42.66
2026/04/13 19:46:25.819, 0, 3476, 100, 0, 35, 42.10
2026/04/13 19:46:25.822, 1, 3476, 100, 0, 34, 42.65
2026/04/13 19:46:26.825, 0, 3476, 100, 0, 34, 42.09
2026/04/13 19:46:26.828, 1, 3476, 100, 0, 34, 42.65
2026/04/13 19:46:27.834, 0, 3476, 100, 0, 35, 42.09
2026/04/13 19:46:27.837, 1, 3476, 100, 0, 34, 42.55
2026/04/13 19:46:28.841, 0, 3476, 100, 0, 35, 42.09
2026/04/13 19:46:28.845, 1, 3476, 100, 0, 34, 42.65
2026/04/13 19:46:29.849, 0, 3476, 100, 0, 35, 42.00
2026/04/13 19:46:29.852, 1, 3476, 100, 0, 34, 42.55
2026/04/13 19:46:30.855, 0, 3476, 100, 0, 35, 42.09
2026/04/13 19:46:30.858, 1, 3476, 100, 0, 34, 42.65
2026/04/13 19:46:31.863, 0, 3476, 100, 0, 35, 42.09
2026/04/13 19:46:31.865, 1, 3476, 100, 0, 34, 42.55
2026/04/13 19:46:32.869, 0, 3476, 100, 0, 34, 42.10
2026/04/13 19:46:32.874, 1, 3476, 100, 0, 34, 42.56
2026/04/13 19:46:33.878, 0, 3476, 100, 0, 35, 42.19
2026/04/13 19:46:33.880, 1, 3476, 100, 0, 34, 42.55
2026/04/13 19:46:34.884, 0, 3476, 100, 0, 35, 42.01
2026/04/13 19:46:34.887, 1, 3476, 100, 0, 34, 42.65
2026/04/13 19:46:35.891, 0, 3476, 100, 0, 35, 42.10
2026/04/13 19:46:35.893, 1, 3476, 100, 0, 34, 42.65
2026/04/13 19:46:36.897, 0, 3476, 100, 0, 35, 42.00
2026/04/13 19:46:36.900, 1, 3476, 100, 0, 34, 42.55
2026/04/13 19:46:37.904, 0, 3476, 100, 0, 35, 42.19
2026/04/13 19:46:37.907, 1, 3476, 100, 0, 34, 42.65
2026/04/13 19:46:38.911, 0, 3476, 100, 0, 35, 42.19
2026/04/13 19:46:38.913, 1, 3476, 100, 0, 34, 42.65
2026/04/13 19:46:39.919, 0, 3476, 100, 0, 35, 42.19
2026/04/13 19:46:39.922, 1, 3476, 100, 0, 34, 42.65
2026/04/13 19:46:40.926, 0, 3476, 100, 0, 35, 42.19
2026/04/13 19:46:40.929, 1, 3476, 100, 0, 34, 42.56
2026/04/13 19:46:41.933, 0, 3476, 100, 0, 35, 42.10
2026/04/13 19:46:41.936, 1, 3476, 100, 0, 34, 42.56
2026/04/13 19:46:42.939, 0, 3476, 100, 0, 35, 42.10
2026/04/13 19:46:42.942, 1, 3476, 100, 0, 34, 42.65
2026/04/13 19:46:43.947, 0, 3476, 100, 0, 35, 42.10
2026/04/13 19:46:43.949, 1, 3476, 100, 0, 34, 42.65
2026/04/13 19:46:44.953, 0, 3476, 100, 0, 35, 42.19
2026/04/13 19:46:44.956, 1, 3476, 100, 0, 34, 42.55
2026/04/13 19:46:45.960, 0, 3476, 100, 0, 35, 42.10
2026/04/13 19:46:45.964, 1, 3476, 100, 0, 34, 42.65
2026/04/13 19:46:46.967, 0, 3476, 100, 0, 35, 42.10
2026/04/13 19:46:46.972, 1, 3476, 100, 0, 34, 42.65
2026/04/13 19:46:47.975, 0, 3476, 100, 0, 34, 41.99
2026/04/13 19:46:47.978, 1, 3476, 100, 0, 34, 42.55
2026/04/13 19:46:48.982, 0, 3476, 100, 0, 35, 42.10
2026/04/13 19:46:48.985, 1, 3476, 100, 0, 34, 42.65
2026/04/13 19:46:49.988, 0, 3476, 100, 0, 34, 42.19
2026/04/13 19:46:49.993, 1, 3476, 100, 0, 34, 42.65
2026/04/13 19:46:50.997, 0, 3476, 100, 0, 35, 42.19
2026/04/13 19:46:51.000, 1, 3476, 100, 0, 34, 42.65
2026/04/13 19:46:52.009, 0, 3476, 100, 0, 35, 42.10
2026/04/13 19:46:52.012, 1, 3476, 100, 0, 34, 42.66
2026/04/13 19:46:53.015, 0, 3476, 100, 0, 35, 42.10
2026/04/13 19:46:53.021, 1, 3476, 100, 0, 34, 42.65
2026/04/13 19:46:54.025, 0, 3476, 100, 0, 34, 42.19
2026/04/13 19:46:54.028, 1, 3476, 100, 0, 34, 42.65
2026/04/13 19:46:55.031, 0, 3476, 100, 0, 34, 41.99
2026/04/13 19:46:55.034, 1, 3476, 100, 0, 34, 42.66
2026/04/13 19:46:56.038, 0, 3476, 100, 0, 35, 42.10
2026/04/13 19:46:56.041, 1, 3476, 100, 0, 34, 42.66
2026/04/13 19:46:57.045, 0, 3476, 100, 0, 35, 42.10
2026/04/13 19:46:57.048, 1, 3476, 100, 0, 34, 42.65
2026/04/13 19:46:58.054, 0, 3476, 100, 0, 35, 42.00
2026/04/13 19:46:58.056, 1, 3476, 100, 0, 34, 42.55
2026/04/13 19:46:59.060, 0, 3476, 100, 0, 35, 42.10
2026/04/13 19:46:59.063, 1, 3476, 100, 0, 34, 42.66
2026/04/13 19:47:00.066, 0, 3476, 100, 0, 35, 42.10
2026/04/13 19:47:00.069, 1, 3476, 100, 0, 34, 42.66
2026/04/13 19:47:01.073, 0, 3476, 100, 0, 35, 42.09
2026/04/13 19:47:01.076, 1, 3476, 100, 0, 34, 42.65
2026/04/13 19:47:02.079, 0, 3476, 100, 0, 35, 42.09
2026/04/13 19:47:02.083, 1, 3476, 100, 0, 34, 42.55
2026/04/13 19:47:03.087, 0, 3476, 100, 0, 34, 42.10
2026/04/13 19:47:03.090, 1, 3476, 100, 0, 34, 42.65
2026/04/13 19:47:04.094, 0, 3476, 100, 0, 35, 42.09
2026/04/13 19:47:04.099, 1, 3476, 100, 0, 34, 42.65
2026/04/13 19:47:05.103, 0, 3476, 100, 0, 35, 42.10
2026/04/13 19:47:05.105, 1, 3476, 100, 0, 34, 42.65
2026/04/13 19:47:06.112, 0, 3476, 100, 0, 35, 42.09
2026/04/13 19:47:06.114, 1, 3476, 100, 0, 34, 42.55
2026/04/13 19:47:07.118, 0, 3476, 100, 0, 35, 42.09
2026/04/13 19:47:07.121, 1, 3476, 100, 0, 34, 42.65
2026/04/13 19:47:08.125, 0, 3476, 100, 0, 35, 42.09
2026/04/13 19:47:08.127, 1, 3476, 100, 0, 34, 42.65
2026/04/13 19:47:09.132, 0, 3476, 100, 0, 34, 42.19
2026/04/13 19:47:09.139, 1, 3476, 100, 0, 34, 42.65
2026/04/13 19:47:10.143, 0, 3476, 100, 0, 35, 42.19
2026/04/13 19:47:10.146, 1, 3476, 100, 0, 34, 42.66
2026/04/13 19:47:11.150, 0, 3476, 100, 0, 35, 42.10
2026/04/13 19:47:11.152, 1, 3476, 100, 0, 34, 42.56
2026/04/13 19:47:12.156, 0, 3476, 100, 0, 35, 42.10
2026/04/13 19:47:12.159, 1, 3476, 100, 0, 34, 42.66
2026/04/13 19:47:13.165, 0, 3476, 100, 0, 35, 42.19
2026/04/13 19:47:13.169, 1, 3476, 100, 0, 34, 42.55
2026/04/13 19:47:14.173, 0, 3476, 100, 0, 35, 42.10
2026/04/13 19:47:14.175, 1, 3476, 100, 0, 34, 42.65
2026/04/13 19:47:15.179, 0, 3476, 100, 0, 35, 42.19
2026/04/13 19:47:15.182, 1, 3476, 100, 0, 34, 42.65
2026/04/13 19:47:16.186, 0, 3476, 100, 0, 35, 42.10
2026/04/13 19:47:16.188, 1, 3476, 100, 0, 34, 42.66
2026/04/13 19:47:17.194, 0, 3476, 100, 0, 35, 42.19
2026/04/13 19:47:17.198, 1, 3476, 100, 0, 34, 42.66
2026/04/13 19:47:18.202, 0, 3476, 100, 0, 35, 42.19
2026/04/13 19:47:18.205, 1, 3476, 100, 0, 34, 42.65
2026/04/13 19:47:19.209, 0, 3476, 100, 0, 34, 41.99
2026/04/13 19:47:19.211, 1, 3476, 100, 0, 34, 42.55
2026/04/13 19:47:20.215, 0, 3476, 100, 0, 35, 42.00
2026/04/13 19:47:20.218, 1, 3476, 100, 0, 34, 42.65
2026/04/13 19:47:21.223, 0, 3476, 100, 0, 35, 42.10
2026/04/13 19:47:21.227, 1, 3476, 100, 0, 34, 42.65
2026/04/13 19:47:22.231, 0, 3476, 100, 0, 35, 42.10
2026/04/13 19:47:22.234, 1, 3476, 100, 0, 34, 42.66
2026/04/13 19:47:23.238, 0, 3476, 100, 0, 35, 42.10
2026/04/13 19:47:23.240, 1, 3476, 100, 0, 34, 42.65
2026/04/13 19:47:24.244, 0, 3476, 100, 0, 35, 42.19
2026/04/13 19:47:24.249, 1, 3476, 100, 0, 34, 42.56
2026/04/13 19:47:25.252, 0, 3476, 100, 0, 35, 42.09
2026/04/13 19:47:25.257, 1, 3476, 100, 0, 34, 42.65
2026/04/13 19:47:26.263, 0, 3476, 100, 0, 35, 42.09
2026/04/13 19:47:26.266, 1, 3476, 100, 0, 34, 42.66
2026/04/13 19:47:27.269, 0, 3476, 100, 0, 35, 42.10
2026/04/13 19:47:27.272, 1, 3476, 100, 0, 34, 42.65
2026/04/13 19:47:28.279, 0, 3476, 100, 0, 35, 42.19
2026/04/13 19:47:28.285, 1, 3476, 100, 0, 34, 42.55
2026/04/13 19:47:29.289, 0, 3476, 100, 0, 35, 42.10
2026/04/13 19:47:29.291, 1, 3476, 100, 0, 34, 42.65
2026/04/13 19:47:30.295, 0, 3476, 100, 0, 35, 42.10
2026/04/13 19:47:30.298, 1, 3476, 100, 0, 34, 42.65
2026/04/13 19:47:31.302, 0, 3476, 100, 0, 35, 42.10
2026/04/13 19:47:31.304, 1, 3476, 100, 0, 34, 42.55
2026/04/13 19:47:32.309, 0, 3476, 100, 0, 35, 42.09
2026/04/13 19:47:32.314, 1, 3476, 100, 0, 34, 42.65
2026/04/13 19:47:33.318, 0, 3476, 100, 0, 35, 42.19
2026/04/13 19:47:33.321, 1, 3476, 100, 0, 34, 42.65
2026/04/13 19:47:34.324, 0, 3476, 100, 0, 35, 41.99
2026/04/13 19:47:34.327, 1, 3476, 100, 0, 34, 42.65
2026/04/13 19:47:35.331, 0, 3476, 100, 0, 35, 42.19
2026/04/13 19:47:35.334, 1, 3476, 100, 0, 34, 42.55
2026/04/13 19:47:36.337, 0, 3476, 100, 0, 35, 42.20
2026/04/13 19:47:36.340, 1, 3476, 100, 0, 34, 42.75
2026/04/13 19:47:37.344, 0, 3476, 100, 0, 35, 42.09
2026/04/13 19:47:37.347, 1, 3476, 100, 0, 34, 42.65
2026/04/13 19:47:38.350, 0, 3476, 100, 0, 35, 42.09
2026/04/13 19:47:38.353, 1, 3476, 100, 0, 34, 42.74
2026/04/13 19:47:39.357, 0, 3476, 100, 0, 35, 42.19
2026/04/13 19:47:39.359, 1, 3476, 100, 0, 34, 42.55
2026/04/13 19:47:40.365, 0, 3476, 100, 0, 35, 42.09
2026/04/13 19:47:40.367, 1, 3476, 100, 0, 34, 42.65
2026/04/13 19:47:41.371, 0, 3476, 100, 0, 35, 42.09
2026/04/13 19:47:41.374, 1, 3476, 100, 0, 34, 42.65
2026/04/13 19:47:42.378, 0, 3476, 100, 0, 35, 42.19
2026/04/13 19:47:42.381, 1, 3476, 100, 0, 34, 42.65
2026/04/13 19:47:43.383, 0, 3476, 100, 0, 35, 42.10
2026/04/13 19:47:43.386, 1, 3476, 100, 0, 34, 42.65
2026/04/13 19:47:44.390, 0, 3476, 100, 0, 35, 42.19
2026/04/13 19:47:44.393, 1, 3476, 100, 0, 34, 42.65
2026/04/13 19:47:45.398, 0, 3476, 100, 0, 35, 42.09
2026/04/13 19:47:45.400, 1, 3476, 100, 0, 34, 42.65
2026/04/13 19:47:46.406, 0, 3476, 100, 0, 35, 42.19
2026/04/13 19:47:46.408, 1, 3476, 100, 0, 34, 42.65
2026/04/13 19:47:47.412, 0, 3476, 100, 0, 35, 42.19
2026/04/13 19:47:47.415, 1, 3476, 100, 0, 34, 42.66
2026/04/13 19:47:48.418, 0, 3476, 100, 0, 35, 42.10
2026/04/13 19:47:48.420, 1, 3476, 100, 0, 34, 42.55
2026/04/13 19:47:49.423, 0, 3476, 100, 0, 35, 42.09
2026/04/13 19:47:49.426, 1, 3476, 100, 0, 34, 42.65
2026/04/13 19:47:50.430, 0, 3476, 100, 0, 35, 42.20
2026/04/13 19:47:50.435, 1, 3476, 100, 0, 34, 42.65
2026/04/13 19:47:51.439, 0, 3476, 100, 0, 35, 42.10
2026/04/13 19:47:51.442, 1, 3476, 100, 0, 34, 42.65
2026/04/13 19:47:52.445, 0, 3476, 100, 0, 35, 42.10
2026/04/13 19:47:52.448, 1, 3476, 100, 0, 34, 42.65
2026/04/13 19:47:53.452, 0, 3476, 100, 0, 35, 42.10
2026/04/13 19:47:53.455, 1, 3476, 100, 0, 34, 42.65
2026/04/13 19:47:54.458, 0, 3476, 100, 0, 35, 42.19
2026/04/13 19:47:54.462, 1, 3476, 100, 0, 34, 42.66
2026/04/13 19:47:55.466, 0, 3476, 100, 0, 35, 42.19
2026/04/13 19:47:55.469, 1, 3476, 100, 0, 34, 42.65
2026/04/13 19:47:56.473, 0, 3476, 100, 0, 35, 42.19
2026/04/13 19:47:56.475, 1, 3476, 100, 0, 34, 42.55
2026/04/13 19:47:57.479, 0, 3476, 100, 0, 35, 42.00
2026/04/13 19:47:57.482, 1, 3476, 100, 0, 34, 42.66
2026/04/13 19:47:58.490, 0, 3476, 100, 0, 35, 42.09
2026/04/13 19:47:58.493, 1, 3476, 100, 0, 34, 42.65
2026/04/13 19:47:59.497, 0, 3476, 100, 0, 35, 42.19
2026/04/13 19:47:59.499, 1, 3476, 100, 0, 34, 42.65
2026/04/13 19:48:00.503, 0, 3476, 100, 0, 35, 42.10
2026/04/13 19:48:00.506, 1, 3476, 100, 0, 34, 42.65
2026/04/13 19:48:01.509, 0, 3476, 100, 0, 35, 42.09
2026/04/13 19:48:01.512, 1, 3476, 100, 0, 34, 42.65
2026/04/13 19:48:02.516, 0, 3476, 100, 0, 35, 42.01
2026/04/13 19:48:02.520, 1, 3476, 100, 0, 34, 42.55
2026/04/13 19:48:03.527, 0, 3476, 100, 0, 35, 42.10
2026/04/13 19:48:03.530, 1, 3476, 100, 0, 34, 42.55
2026/04/13 19:48:04.534, 0, 3476, 100, 0, 35, 42.19
2026/04/13 19:48:04.536, 1, 3476, 100, 0, 34, 42.65
2026/04/13 19:48:05.540, 0, 3476, 100, 0, 35, 42.00
2026/04/13 19:48:05.544, 1, 3476, 100, 0, 34, 42.65
2026/04/13 19:48:06.548, 0, 3476, 100, 0, 35, 42.09
2026/04/13 19:48:06.551, 1, 3476, 100, 0, 34, 42.66
2026/04/13 19:48:07.554, 0, 3476, 100, 0, 35, 42.09
2026/04/13 19:48:07.557, 1, 3476, 100, 0, 34, 42.65
2026/04/13 19:48:08.561, 0, 3476, 100, 0, 35, 42.09
2026/04/13 19:48:08.563, 1, 3476, 100, 0, 34, 42.65
2026/04/13 19:48:09.569, 0, 3476, 100, 0, 35, 42.09
2026/04/13 19:48:09.574, 1, 3476, 100, 0, 34, 42.66
2026/04/13 19:48:10.579, 0, 3476, 100, 0, 35, 42.10
2026/04/13 19:48:10.582, 1, 3476, 100, 0, 34, 42.65
2026/04/13 19:48:11.586, 0, 3476, 100, 0, 35, 42.19
2026/04/13 19:48:11.589, 1, 3476, 100, 0, 34, 42.56
2026/04/13 19:48:12.592, 0, 3476, 100, 0, 35, 42.09
2026/04/13 19:48:12.595, 1, 3476, 100, 0, 34, 42.65
2026/04/13 19:48:13.600, 0, 3476, 100, 0, 35, 42.10
2026/04/13 19:48:13.602, 1, 3476, 100, 0, 34, 42.65
2026/04/13 19:48:14.606, 0, 3476, 100, 0, 35, 42.10
2026/04/13 19:48:14.609, 1, 3476, 100, 0, 34, 42.65
2026/04/13 19:48:15.612, 0, 3476, 100, 0, 35, 42.09
2026/04/13 19:48:15.615, 1, 3476, 100, 0, 34, 42.65
2026/04/13 19:48:16.619, 0, 3476, 100, 0, 35, 42.10
2026/04/13 19:48:16.622, 1, 3476, 100, 0, 34, 42.65
2026/04/13 19:48:17.625, 0, 3476, 100, 0, 35, 42.19
2026/04/13 19:48:17.628, 1, 3476, 100, 0, 34, 42.55
2026/04/13 19:48:18.632, 0, 3476, 100, 0, 35, 42.19
2026/04/13 19:48:18.635, 1, 3476, 100, 0, 34, 42.65
2026/04/13 19:48:19.639, 0, 3476, 100, 0, 35, 42.19
2026/04/13 19:48:19.642, 1, 3476, 100, 0, 34, 42.65
2026/04/13 19:48:20.645, 0, 3476, 100, 0, 35, 42.09
2026/04/13 19:48:20.648, 1, 3476, 100, 0, 34, 42.56
2026/04/13 19:48:21.652, 0, 3476, 100, 0, 35, 42.19
2026/04/13 19:48:21.657, 1, 3476, 100, 0, 34, 42.55
2026/04/13 19:48:22.662, 0, 3476, 100, 0, 35, 42.10
2026/04/13 19:48:22.665, 1, 3476, 100, 0, 34, 42.65
2026/04/13 19:48:23.669, 0, 3476, 100, 0, 35, 42.19
2026/04/13 19:48:23.672, 1, 3476, 100, 0, 34, 42.65
2026/04/13 19:48:24.675, 0, 3476, 100, 0, 35, 42.19
2026/04/13 19:48:24.678, 1, 3476, 100, 0, 34, 42.55
2026/04/13 19:48:25.682, 0, 3476, 100, 0, 35, 42.20
2026/04/13 19:48:25.684, 1, 3476, 100, 0, 34, 42.55
2026/04/13 19:48:26.688, 0, 3476, 100, 0, 35, 42.19
2026/04/13 19:48:26.691, 1, 3476, 100, 0, 34, 42.65
2026/04/13 19:48:27.696, 0, 3476, 100, 0, 35, 42.10
2026/04/13 19:48:27.699, 1, 3476, 100, 0, 34, 42.65
2026/04/13 19:48:28.702, 0, 3476, 100, 0, 35, 42.19
2026/04/13 19:48:28.705, 1, 3476, 100, 0, 34, 42.65
2026/04/13 19:48:29.709, 0, 3476, 100, 0, 35, 42.09
2026/04/13 19:48:29.711, 1, 3476, 100, 0, 34, 42.65
2026/04/13 19:48:30.715, 0, 3476, 100, 0, 35, 42.09
2026/04/13 19:48:30.719, 1, 3476, 100, 0, 34, 42.65
2026/04/13 19:48:31.723, 0, 3476, 100, 0, 35, 42.19
2026/04/13 19:48:31.725, 1, 3476, 100, 0, 34, 42.65
2026/04/13 19:48:32.731, 0, 3476, 100, 0, 35, 42.09
2026/04/13 19:48:32.736, 1, 3476, 100, 0, 34, 42.65
2026/04/13 19:48:33.740, 0, 3476, 100, 0, 35, 42.19
2026/04/13 19:48:33.745, 1, 3476, 100, 0, 34, 42.56
2026/04/13 19:48:34.749, 0, 3476, 100, 0, 35, 42.10
2026/04/13 19:48:34.752, 1, 3476, 100, 0, 34, 42.65
2026/04/13 19:48:35.756, 0, 3476, 100, 0, 35, 42.00
2026/04/13 19:48:35.758, 1, 3476, 100, 0, 34, 42.56
2026/04/13 19:48:36.762, 0, 3476, 100, 0, 35, 42.09
2026/04/13 19:48:36.765, 1, 3476, 100, 0, 34, 42.65
2026/04/13 19:48:37.768, 0, 3476, 100, 0, 35, 42.19
2026/04/13 19:48:37.773, 1, 3476, 100, 0, 34, 42.65
2026/04/13 19:48:38.776, 0, 3476, 100, 0, 35, 42.10
2026/04/13 19:48:38.779, 1, 3476, 100, 0, 34, 42.66
2026/04/13 19:48:39.783, 0, 3476, 100, 0, 35, 42.19
2026/04/13 19:48:39.786, 1, 3476, 100, 0, 34, 42.55
2026/04/13 19:48:40.791, 0, 3476, 100, 0, 35, 42.19
2026/04/13 19:48:40.794, 1, 3476, 100, 0, 34, 42.65
2026/04/13 19:48:41.798, 0, 3476, 100, 0, 35, 42.19
2026/04/13 19:48:41.801, 1, 3476, 100, 0, 34, 42.65
2026/04/13 19:48:42.805, 0, 3476, 100, 0, 35, 42.19
2026/04/13 19:48:42.807, 1, 3476, 100, 0, 34, 42.65
2026/04/13 19:48:43.811, 0, 3476, 100, 0, 35, 42.19
2026/04/13 19:48:43.814, 1, 3476, 100, 0, 34, 42.65
2026/04/13 19:48:44.817, 0, 3476, 100, 0, 35, 41.99
2026/04/13 19:48:44.820, 1, 3476, 100, 0, 34, 42.65
2026/04/13 19:48:45.824, 0, 3476, 100, 0, 35, 42.09
2026/04/13 19:48:45.828, 1, 3476, 100, 0, 34, 42.65
2026/04/13 19:48:46.831, 0, 3476, 100, 0, 35, 41.99
2026/04/13 19:48:46.834, 1, 3476, 100, 0, 34, 42.56
2026/04/13 19:48:47.838, 0, 3476, 100, 0, 35, 42.10
2026/04/13 19:48:47.841, 1, 3476, 100, 0, 34, 42.55
2026/04/13 19:48:48.845, 0, 3476, 100, 0, 35, 42.09
2026/04/13 19:48:48.848, 1, 3476, 100, 0, 34, 42.65
2026/04/13 19:48:49.851, 0, 3476, 100, 0, 35, 42.10
2026/04/13 19:48:49.855, 1, 3476, 100, 0, 34, 42.65
2026/04/13 19:48:50.860, 0, 3476, 100, 0, 35, 42.10
2026/04/13 19:48:50.863, 1, 3476, 100, 0, 34, 42.55
2026/04/13 19:48:51.867, 0, 3476, 100, 0, 35, 42.10
2026/04/13 19:48:51.870, 1, 3476, 100, 0, 34, 42.65
2026/04/13 19:48:52.873, 0, 3476, 100, 0, 35, 42.10
2026/04/13 19:48:52.876, 1, 3476, 100, 0, 34, 42.65
2026/04/13 19:48:53.881, 0, 3476, 100, 0, 35, 42.10
2026/04/13 19:48:53.884, 1, 3476, 100, 0, 34, 42.55
2026/04/13 19:48:54.887, 0, 3476, 100, 0, 35, 42.19
2026/04/13 19:48:54.890, 1, 3476, 100, 0, 34, 42.66
2026/04/13 19:48:55.894, 0, 3476, 100, 0, 35, 42.09
2026/04/13 19:48:55.896, 1, 3476, 100, 0, 34, 42.65
2026/04/13 19:48:56.900, 0, 3476, 100, 0, 35, 42.10
2026/04/13 19:48:56.903, 1, 3476, 100, 0, 34, 42.65
2026/04/13 19:48:57.907, 0, 3476, 100, 0, 35, 42.10
2026/04/13 19:48:57.911, 1, 3476, 100, 0, 34, 42.65
2026/04/13 19:48:58.915, 0, 3476, 100, 0, 35, 42.09
2026/04/13 19:48:58.918, 1, 3476, 100, 0, 34, 42.65
2026/04/13 19:48:59.922, 0, 3476, 100, 0, 35, 42.19
2026/04/13 19:48:59.924, 1, 3476, 100, 0, 34, 42.65
2026/04/13 19:49:00.928, 0, 3476, 100, 0, 35, 42.09
2026/04/13 19:49:00.931, 1, 3476, 100, 0, 34, 42.65
2026/04/13 19:49:01.934, 0, 3476, 100, 0, 35, 42.19
2026/04/13 19:49:01.939, 1, 3476, 100, 0, 34, 42.65
2026/04/13 19:49:02.942, 0, 3476, 100, 0, 35, 42.19
2026/04/13 19:49:02.945, 1, 3476, 100, 0, 34, 42.65
2026/04/13 19:49:03.950, 0, 3476, 100, 0, 35, 42.19
2026/04/13 19:49:03.953, 1, 3476, 100, 0, 34, 42.65
2026/04/13 19:49:04.957, 0, 3476, 100, 0, 35, 42.19
2026/04/13 19:49:04.959, 1, 3476, 100, 0, 34, 42.65
2026/04/13 19:49:05.963, 0, 3476, 100, 0, 35, 42.19
2026/04/13 19:49:05.966, 1, 3476, 100, 0, 34, 42.65
2026/04/13 19:49:06.970, 0, 3476, 100, 0, 35, 42.10
2026/04/13 19:49:06.973, 1, 3476, 100, 0, 34, 42.56
2026/04/13 19:49:07.976, 0, 3476, 100, 0, 35, 42.19
2026/04/13 19:49:07.979, 1, 3476, 100, 0, 34, 42.65
2026/04/13 19:49:08.983, 0, 3476, 100, 0, 35, 42.09
2026/04/13 19:49:08.986, 1, 3476, 100, 0, 34, 42.65
2026/04/13 19:49:09.989, 0, 3476, 100, 0, 35, 42.19
2026/04/13 19:49:09.992, 1, 3476, 100, 0, 34, 42.65
2026/04/13 19:49:10.996, 0, 3476, 100, 0, 35, 42.19
2026/04/13 19:49:11.000, 1, 3476, 100, 0, 34, 42.65
2026/04/13 19:49:12.007, 0, 3476, 100, 0, 35, 42.19
2026/04/13 19:49:12.010, 1, 3476, 100, 0, 34, 42.65
2026/04/13 19:49:13.014, 0, 3476, 100, 0, 35, 42.10
2026/04/13 19:49:13.016, 1, 3476, 100, 0, 34, 42.55
2026/04/13 19:49:14.020, 0, 3476, 100, 0, 35, 42.09
2026/04/13 19:49:14.025, 1, 3476, 100, 0, 34, 42.55
2026/04/13 19:49:15.029, 0, 3476, 100, 0, 35, 42.19
2026/04/13 19:49:15.031, 1, 3476, 100, 0, 34, 42.74
2026/04/13 19:49:16.038, 0, 3476, 100, 0, 35, 42.19
2026/04/13 19:49:16.040, 1, 3476, 100, 0, 34, 42.65
2026/04/13 19:49:17.044, 0, 3476, 100, 0, 35, 42.19
2026/04/13 19:49:17.047, 1, 3476, 100, 0, 34, 42.65
2026/04/13 19:49:18.050, 0, 3476, 100, 0, 35, 42.09
2026/04/13 19:49:18.053, 1, 3476, 100, 0, 34, 42.55
2026/04/13 19:49:19.057, 0, 3476, 100, 0, 35, 42.19
2026/04/13 19:49:19.061, 1, 3476, 100, 0, 34, 42.65
2026/04/13 19:49:20.068, 0, 3476, 100, 0, 35, 42.09
2026/04/13 19:49:20.070, 1, 3476, 100, 0, 34, 42.65
2026/04/13 19:49:21.074, 0, 3476, 100, 0, 35, 42.20
2026/04/13 19:49:21.077, 1, 3476, 100, 0, 34, 42.55
2026/04/13 19:49:22.081, 0, 3476, 100, 0, 35, 42.19
2026/04/13 19:49:22.085, 1, 3476, 100, 0, 34, 42.56
2026/04/13 19:49:23.089, 0, 3476, 100, 0, 35, 42.10
2026/04/13 19:49:23.092, 1, 3476, 100, 0, 34, 42.74
2026/04/13 19:49:24.098, 0, 3476, 100, 0, 35, 42.10
2026/04/13 19:49:24.100, 1, 3476, 100, 0, 34, 42.55
2026/04/13 19:49:25.104, 0, 3476, 100, 0, 35, 42.09
2026/04/13 19:49:25.107, 1, 3476, 100, 0, 34, 42.65
2026/04/13 19:49:26.111, 0, 3476, 100, 0, 35, 42.09
2026/04/13 19:49:26.113, 1, 3476, 100, 0, 34, 42.55
2026/04/13 19:49:27.117, 0, 3476, 100, 0, 35, 42.10
2026/04/13 19:49:27.120, 1, 3476, 100, 0, 34, 42.55
2026/04/13 19:49:28.124, 0, 3476, 100, 0, 35, 42.10
2026/04/13 19:49:28.126, 1, 3476, 100, 0, 34, 42.65
2026/04/13 19:49:29.130, 0, 3476, 100, 0, 35, 42.10
2026/04/13 19:49:29.133, 1, 3476, 100, 0, 34, 42.65
2026/04/13 19:49:30.137, 0, 3476, 100, 0, 35, 42.19
2026/04/13 19:49:30.141, 1, 3476, 100, 0, 34, 42.65
2026/04/13 19:49:31.144, 0, 3476, 100, 0, 35, 42.09
2026/04/13 19:49:31.147, 1, 3476, 100, 0, 34, 42.65
2026/04/13 19:49:32.151, 0, 3476, 100, 0, 35, 42.19
2026/04/13 19:49:32.153, 1, 3476, 100, 0, 34, 42.65
2026/04/13 19:49:33.160, 0, 3476, 100, 0, 35, 42.09
2026/04/13 19:49:33.162, 1, 3476, 100, 0, 34, 42.65
2026/04/13 19:49:34.166, 0, 3476, 100, 0, 35, 42.09
2026/04/13 19:49:34.169, 1, 3476, 100, 0, 34, 42.65
2026/04/13 19:49:35.172, 0, 3476, 100, 0, 35, 42.19
2026/04/13 19:49:35.175, 1, 3476, 100, 0, 34, 42.56
2026/04/13 19:49:36.179, 0, 3476, 100, 0, 35, 42.09
2026/04/13 19:49:36.182, 1, 3476, 100, 0, 34, 42.65
2026/04/13 19:49:37.185, 0, 3476, 100, 0, 35, 42.19
2026/04/13 19:49:37.188, 1, 3476, 100, 0, 34, 42.55
2026/04/13 19:49:38.192, 0, 3476, 100, 0, 35, 42.19
2026/04/13 19:49:38.196, 1, 3476, 100, 0, 34, 42.55
2026/04/13 19:49:39.200, 0, 3476, 100, 0, 35, 42.10
2026/04/13 19:49:39.203, 1, 3476, 100, 0, 34, 42.65
2026/04/13 19:49:40.207, 0, 3476, 100, 0, 35, 42.19
2026/04/13 19:49:40.210, 1, 3476, 100, 0, 34, 42.65
2026/04/13 19:49:41.213, 0, 3476, 100, 0, 35, 42.00
2026/04/13 19:49:41.216, 1, 3476, 100, 0, 34, 42.55
2026/04/13 19:49:42.221, 0, 3476, 100, 0, 35, 42.20
2026/04/13 19:49:42.224, 1, 3476, 100, 0, 34, 42.55
2026/04/13 19:49:43.228, 0, 3476, 100, 0, 35, 42.09
2026/04/13 19:49:43.231, 1, 3476, 100, 0, 34, 42.55
2026/04/13 19:49:44.235, 0, 3476, 100, 0, 35, 42.09
2026/04/13 19:49:44.237, 1, 3476, 100, 0, 34, 42.55
2026/04/13 19:49:45.241, 0, 3476, 100, 0, 35, 42.09
2026/04/13 19:49:45.244, 1, 3476, 100, 0, 34, 42.65
2026/04/13 19:49:46.250, 0, 3476, 100, 0, 35, 42.10
2026/04/13 19:49:46.252, 1, 3476, 100, 0, 34, 42.65
2026/04/13 19:49:47.256, 0, 3476, 100, 0, 35, 42.09
2026/04/13 19:49:47.259, 1, 3476, 100, 0, 34, 42.66
2026/04/13 19:49:48.263, 0, 3476, 100, 0, 35, 42.19
2026/04/13 19:49:48.265, 1, 3476, 100, 0, 34, 42.65
2026/04/13 19:49:49.269, 0, 3476, 100, 0, 35, 41.99
2026/04/13 19:49:49.272, 1, 3476, 100, 0, 34, 42.65
2026/04/13 19:49:50.276, 0, 3476, 100, 0, 35, 42.10
2026/04/13 19:49:50.279, 1, 3476, 100, 0, 34, 42.65
2026/04/13 19:49:51.283, 0, 3476, 100, 0, 35, 42.01
2026/04/13 19:49:51.286, 1, 3476, 100, 0, 34, 42.65
2026/04/13 19:49:52.290, 0, 3476, 100, 0, 35, 42.19
2026/04/13 19:49:52.292, 1, 3476, 100, 0, 34, 42.65
2026/04/13 19:49:53.296, 0, 3476, 100, 0, 35, 41.99
2026/04/13 19:49:53.299, 1, 3476, 100, 0, 34, 42.55
2026/04/13 19:49:54.303, 0, 3476, 100, 0, 35, 42.09
2026/04/13 19:49:54.306, 1, 3476, 100, 0, 34, 42.65
2026/04/13 19:49:55.312, 0, 3476, 100, 0, 35, 42.19
2026/04/13 19:49:55.315, 1, 3476, 100, 0, 34, 42.65
2026/04/13 19:49:56.318, 0, 3476, 100, 0, 35, 41.99
2026/04/13 19:49:56.321, 1, 3476, 100, 0, 34, 42.55
2026/04/13 19:49:57.325, 0, 3476, 100, 0, 35, 42.00
2026/04/13 19:49:57.327, 1, 3476, 100, 0, 34, 42.65
2026/04/13 19:49:58.331, 0, 3476, 100, 0, 35, 42.00
2026/04/13 19:49:58.334, 1, 3476, 100, 0, 34, 42.65
2026/04/13 19:49:59.338, 0, 3476, 100, 0, 35, 42.00
2026/04/13 19:49:59.340, 1, 3476, 100, 0, 34, 42.65
2026/04/13 19:50:00.346, 0, 3476, 100, 0, 35, 42.19
2026/04/13 19:50:00.350, 1, 3476, 100, 0, 34, 42.55
2026/04/13 19:50:01.354, 0, 3476, 100, 0, 35, 42.09
2026/04/13 19:50:01.357, 1, 3476, 100, 0, 34, 42.56
2026/04/13 19:50:02.360, 0, 3476, 100, 0, 35, 42.09
2026/04/13 19:50:02.366, 1, 3476, 100, 0, 34, 42.65
2026/04/13 19:50:03.370, 0, 3476, 100, 0, 35, 42.10
2026/04/13 19:50:03.373, 1, 3476, 100, 0, 34, 42.65
2026/04/13 19:50:04.376, 0, 3476, 100, 0, 35, 42.10
2026/04/13 19:50:04.379, 1, 3476, 100, 0, 34, 42.55
2026/04/13 19:50:05.383, 0, 3476, 100, 0, 35, 42.19
2026/04/13 19:50:05.386, 1, 3476, 100, 0, 34, 42.65
2026/04/13 19:50:06.389, 0, 3476, 100, 0, 35, 42.10
2026/04/13 19:50:06.394, 1, 3476, 100, 0, 34, 42.56
2026/04/13 19:50:07.398, 0, 3476, 100, 0, 35, 42.00
2026/04/13 19:50:07.401, 1, 3476, 100, 0, 34, 42.65
2026/04/13 19:50:08.404, 0, 3476, 100, 0, 34, 42.19
2026/04/13 19:50:08.407, 1, 3476, 100, 0, 34, 42.65
2026/04/13 19:50:09.411, 0, 3476, 100, 0, 35, 42.10
2026/04/13 19:50:09.414, 1, 3476, 100, 0, 34, 42.55
2026/04/13 19:50:10.417, 0, 3476, 100, 0, 35, 42.09
2026/04/13 19:50:10.422, 1, 3476, 100, 0, 34, 42.65
2026/04/13 19:50:11.427, 0, 3476, 100, 0, 35, 42.00
2026/04/13 19:50:11.429, 1, 3476, 100, 0, 34, 42.55
2026/04/13 19:50:12.433, 0, 3476, 100, 0, 35, 42.10
2026/04/13 19:50:12.436, 1, 3476, 100, 0, 34, 42.65
2026/04/13 19:50:13.440, 0, 3476, 100, 0, 35, 42.09
2026/04/13 19:50:13.442, 1, 3476, 100, 0, 34, 42.65
2026/04/13 19:50:14.445, 0, 3476, 100, 0, 34, 42.10
2026/04/13 19:50:14.450, 1, 3476, 100, 0, 34, 42.55
2026/04/13 19:50:15.456, 0, 3476, 100, 0, 35, 42.09
2026/04/13 19:50:15.458, 1, 3476, 100, 0, 34, 42.65
2026/04/13 19:50:16.462, 0, 3476, 100, 0, 35, 42.19
2026/04/13 19:50:16.465, 1, 3476, 100, 0, 34, 42.65
2026/04/13 19:50:17.469, 0, 3476, 100, 0, 35, 42.09
2026/04/13 19:50:17.471, 1, 3476, 100, 0, 34, 42.55
2026/04/13 19:50:18.475, 0, 3476, 100, 0, 34, 42.10
2026/04/13 19:50:18.480, 1, 3476, 100, 0, 34, 42.55
2026/04/13 19:50:19.482, 0, 3476, 100, 0, 34, 41.99
2026/04/13 19:50:19.485, 1, 3476, 100, 0, 34, 42.55
2026/04/13 19:50:20.488, 0, 3476, 100, 0, 35, 42.00
2026/04/13 19:50:20.490, 1, 3476, 100, 0, 34, 42.55
2026/04/13 19:50:21.494, 0, 3476, 100, 0, 35, 42.10
2026/04/13 19:50:21.497, 1, 3476, 100, 0, 34, 42.65
2026/04/13 19:50:22.503, 0, 3476, 100, 0, 35, 42.10
2026/04/13 19:50:22.507, 1, 3476, 100, 0, 34, 42.65
2026/04/13 19:50:23.509, 0, 3476, 100, 0, 34, 42.10
2026/04/13 19:50:23.512, 1, 3476, 100, 0, 34, 42.65
2026/04/13 19:50:24.516, 0, 3476, 100, 0, 35, 42.10
2026/04/13 19:50:24.520, 1, 3476, 100, 0, 34, 42.55
2026/04/13 19:50:25.524, 0, 3476, 100, 0, 35, 42.00
2026/04/13 19:50:25.529, 1, 3476, 100, 0, 34, 42.56
2026/04/13 19:50:26.533, 0, 3476, 100, 0, 35, 42.10
2026/04/13 19:50:26.536, 1, 3476, 100, 0, 34, 42.65
2026/04/13 19:50:27.540, 0, 3476, 100, 0, 34, 41.99
2026/04/13 19:50:27.542, 1, 3476, 100, 0, 34, 42.66
2026/04/13 19:50:28.546, 0, 3476, 100, 0, 34, 42.10
2026/04/13 19:50:28.549, 1, 3476, 100, 0, 34, 42.65
2026/04/13 19:50:29.553, 0, 3476, 100, 0, 34, 42.00
2026/04/13 19:50:29.555, 1, 3476, 100, 0, 34, 42.65
2026/04/13 19:50:30.561, 0, 3476, 100, 0, 34, 42.10
2026/04/13 19:50:30.564, 1, 3476, 100, 0, 34, 42.55
2026/04/13 19:50:31.568, 0, 3476, 100, 0, 34, 42.19
2026/04/13 19:50:31.570, 1, 3476, 100, 0, 34, 42.65
2026/04/13 19:50:32.574, 0, 3476, 100, 0, 35, 42.10
2026/04/13 19:50:32.577, 1, 3476, 100, 0, 34, 42.55
2026/04/13 19:50:33.580, 0, 3476, 100, 0, 35, 42.00
2026/04/13 19:50:33.584, 1, 3476, 100, 0, 34, 42.66
2026/04/13 19:50:34.590, 0, 3476, 100, 0, 35, 42.10
2026/04/13 19:50:34.593, 1, 3476, 100, 0, 34, 42.55
2026/04/13 19:50:35.596, 0, 3476, 100, 0, 34, 42.09
2026/04/13 19:50:35.599, 1, 3476, 100, 0, 34, 42.65
2026/04/13 19:50:36.603, 0, 3476, 100, 0, 35, 41.99
2026/04/13 19:50:36.606, 1, 3476, 100, 0, 34, 42.65
2026/04/13 19:50:37.609, 0, 3476, 100, 0, 35, 42.09
2026/04/13 19:50:37.612, 1, 3476, 100, 0, 34, 42.65
2026/04/13 19:50:38.616, 0, 3476, 100, 0, 34, 42.10
2026/04/13 19:50:38.619, 1, 3476, 100, 0, 34, 42.55
2026/04/13 19:50:39.623, 0, 3476, 100, 0, 34, 42.00
2026/04/13 19:50:39.626, 1, 3476, 100, 0, 34, 42.66
2026/04/13 19:50:40.629, 0, 3476, 100, 0, 35, 42.10
2026/04/13 19:50:40.632, 1, 3476, 100, 0, 34, 42.65
2026/04/13 19:50:41.636, 0, 3476, 100, 0, 35, 42.09
2026/04/13 19:50:41.639, 1, 3476, 100, 0, 34, 42.65
2026/04/13 19:50:42.643, 0, 3476, 100, 0, 35, 42.10
2026/04/13 19:50:42.645, 1, 3476, 100, 0, 34, 42.74
2026/04/13 19:50:43.652, 0, 3476, 100, 0, 35, 42.19
2026/04/13 19:50:43.655, 1, 3476, 100, 0, 34, 42.55
2026/04/13 19:50:44.659, 0, 3476, 100, 0, 35, 42.19
2026/04/13 19:50:44.662, 1, 3476, 100, 0, 34, 42.56
2026/04/13 19:50:45.665, 0, 3476, 100, 0, 35, 42.10
2026/04/13 19:50:45.669, 1, 3476, 100, 0, 34, 42.66
2026/04/13 19:50:46.673, 0, 3476, 100, 0, 35, 42.10
2026/04/13 19:50:46.677, 1, 3476, 100, 0, 34, 42.66
2026/04/13 19:50:47.682, 0, 3476, 100, 0, 35, 42.09
2026/04/13 19:50:47.685, 1, 3476, 100, 0, 34, 42.65
2026/04/13 19:50:48.689, 0, 3476, 100, 0, 35, 42.10
2026/04/13 19:50:48.693, 1, 3476, 100, 0, 34, 42.65
2026/04/13 19:50:49.696, 0, 3476, 100, 0, 35, 42.00
2026/04/13 19:50:49.699, 1, 3476, 100, 0, 34, 42.66
2026/04/13 19:50:50.703, 0, 3476, 100, 0, 35, 42.00
2026/04/13 19:50:50.706, 1, 3476, 100, 0, 34, 42.65
2026/04/13 19:50:51.711, 0, 3476, 100, 0, 35, 42.09
2026/04/13 19:50:51.714, 1, 3476, 100, 0, 34, 42.65
2026/04/13 19:50:52.717, 0, 3476, 100, 0, 35, 42.19
2026/04/13 19:50:52.720, 1, 3476, 100, 0, 34, 42.65
2026/04/13 19:50:53.724, 0, 3476, 100, 0, 35, 42.09
2026/04/13 19:50:53.727, 1, 3476, 100, 0, 34, 42.55
2026/04/13 19:50:54.731, 0, 3476, 100, 0, 35, 42.09
2026/04/13 19:50:54.734, 1, 3476, 100, 0, 34, 42.55
2026/04/13 19:50:55.739, 0, 3476, 100, 0, 35, 42.10
2026/04/13 19:50:55.742, 1, 3476, 100, 0, 34, 42.74
2026/04/13 19:50:56.748, 0, 3476, 100, 0, 34, 42.09
2026/04/13 19:50:56.750, 1, 3476, 100, 0, 34, 42.65
2026/04/13 19:50:57.754, 0, 3476, 100, 0, 35, 42.10
2026/04/13 19:50:57.760, 1, 3476, 100, 0, 34, 42.56
2026/04/13 19:50:58.764, 0, 3476, 100, 0, 35, 42.09
2026/04/13 19:50:58.766, 1, 3476, 100, 0, 34, 42.55
2026/04/13 19:50:59.770, 0, 3476, 100, 0, 35, 42.09
2026/04/13 19:50:59.773, 1, 3476, 100, 0, 34, 42.65
2026/04/13 19:51:00.777, 0, 3476, 100, 0, 35, 42.09
2026/04/13 19:51:00.780, 1, 3476, 100, 0, 34, 42.65
2026/04/13 19:51:01.783, 0, 3476, 100, 0, 35, 42.19
2026/04/13 19:51:01.788, 1, 3476, 100, 0, 34, 42.66
2026/04/13 19:51:02.792, 0, 3476, 100, 0, 35, 42.00
2026/04/13 19:51:02.795, 1, 3476, 100, 0, 34, 42.65
2026/04/13 19:51:03.799, 0, 3476, 100, 0, 34, 42.09
2026/04/13 19:51:03.801, 1, 3476, 100, 0, 34, 42.65
2026/04/13 19:51:04.805, 0, 3476, 100, 0, 35, 42.10
2026/04/13 19:51:04.808, 1, 3476, 100, 0, 34, 42.65
2026/04/13 19:51:05.811, 0, 3476, 100, 0, 35, 42.19
2026/04/13 19:51:05.816, 1, 3476, 100, 0, 34, 42.65
2026/04/13 19:51:06.820, 0, 3476, 100, 0, 35, 42.09
2026/04/13 19:51:06.824, 1, 3476, 100, 0, 34, 42.65
2026/04/13 19:51:07.828, 0, 3476, 100, 0, 34, 42.00
2026/04/13 19:51:07.831, 1, 3476, 100, 0, 34, 42.65
2026/04/13 19:51:08.835, 0, 3476, 100, 0, 35, 42.09
2026/04/13 19:51:08.838, 1, 3476, 100, 0, 34, 42.65
2026/04/13 19:51:09.841, 0, 3476, 100, 0, 34, 42.09
2026/04/13 19:51:09.845, 1, 3476, 100, 0, 34, 42.65
2026/04/13 19:51:10.849, 0, 3476, 100, 0, 35, 42.01
2026/04/13 19:51:10.851, 1, 3476, 100, 0, 34, 42.65
2026/04/13 19:51:11.857, 0, 3476, 100, 0, 34, 42.10
2026/04/13 19:51:11.860, 1, 3476, 100, 0, 34, 42.74
2026/04/13 19:51:12.864, 0, 3476, 100, 0, 34, 42.10
2026/04/13 19:51:12.867, 1, 3476, 100, 0, 34, 42.55
2026/04/13 19:51:13.870, 0, 3476, 100, 0, 35, 41.99
2026/04/13 19:51:13.873, 1, 3476, 100, 0, 34, 42.55
2026/04/13 19:51:14.877, 0, 3476, 100, 0, 34, 41.99
2026/04/13 19:51:14.879, 1, 3476, 100, 0, 34, 42.55
2026/04/13 19:51:15.883, 0, 3476, 100, 0, 34, 42.19
2026/04/13 19:51:15.886, 1, 3476, 100, 0, 34, 42.56
2026/04/13 19:51:16.890, 0, 3476, 100, 0, 35, 42.10
2026/04/13 19:51:16.892, 1, 3476, 100, 0, 34, 42.65
2026/04/13 19:51:17.896, 0, 3476, 100, 0, 34, 42.10
2026/04/13 19:51:17.900, 1, 3476, 100, 0, 34, 42.65
2026/04/13 19:51:18.904, 0, 3476, 100, 0, 35, 42.19
2026/04/13 19:51:18.907, 1, 3476, 100, 0, 34, 42.66
2026/04/13 19:51:19.911, 0, 3476, 100, 0, 34, 42.09
2026/04/13 19:51:19.913, 1, 3476, 100, 0, 34, 42.65
2026/04/13 19:51:20.917, 0, 3476, 100, 0, 34, 42.10
2026/04/13 19:51:20.920, 1, 3476, 100, 0, 34, 42.66
2026/04/13 19:51:21.924, 0, 3476, 100, 0, 34, 42.09
2026/04/13 19:51:21.926, 1, 3476, 100, 0, 34, 42.55
2026/04/13 19:51:22.930, 0, 3476, 100, 0, 35, 42.10
2026/04/13 19:51:22.933, 1, 3476, 100, 0, 34, 42.65
2026/04/13 19:51:23.936, 0, 3476, 100, 0, 34, 42.01
2026/04/13 19:51:23.939, 1, 3476, 100, 0, 34, 42.65
2026/04/13 19:51:24.943, 0, 3476, 100, 0, 35, 42.10
2026/04/13 19:51:24.946, 1, 3476, 100, 0, 34, 42.55
2026/04/13 19:51:25.949, 0, 3476, 100, 0, 35, 42.09
2026/04/13 19:51:25.952, 1, 3476, 100, 0, 34, 42.65
2026/04/13 19:51:26.956, 0, 3476, 100, 0, 35, 42.19
2026/04/13 19:51:26.963, 1, 3476, 100, 0, 34, 42.65
2026/04/13 19:51:27.967, 0, 3476, 100, 0, 35, 42.10
2026/04/13 19:51:27.970, 1, 3476, 100, 0, 34, 42.66
2026/04/13 19:51:28.976, 0, 3476, 100, 0, 34, 42.10
2026/04/13 19:51:28.979, 1, 3476, 100, 0, 34, 42.66
2026/04/13 19:51:29.983, 0, 3476, 100, 0, 34, 42.10
2026/04/13 19:51:29.988, 1, 3476, 100, 0, 34, 42.55
2026/04/13 19:51:30.992, 0, 3476, 100, 0, 34, 41.99
2026/04/13 19:51:30.995, 1, 3476, 100, 0, 34, 42.65
2026/04/13 19:51:31.998, 0, 3476, 100, 0, 34, 42.10
2026/04/13 19:51:32.003, 1, 3476, 100, 0, 34, 42.65
2026/04/13 19:51:33.007, 0, 3476, 100, 0, 35, 42.09
2026/04/13 19:51:33.009, 1, 3476, 100, 0, 34, 42.65
2026/04/13 19:51:34.013, 0, 3476, 100, 0, 35, 42.19
2026/04/13 19:51:34.022, 1, 3476, 100, 0, 34, 42.65
2026/04/13 19:51:35.026, 0, 3476, 100, 0, 35, 42.19
2026/04/13 19:51:35.029, 1, 3476, 100, 0, 34, 42.65
2026/04/13 19:51:36.033, 0, 3476, 100, 0, 35, 42.09
2026/04/13 19:51:36.036, 1, 3476, 100, 0, 34, 42.65
2026/04/13 19:51:37.039, 0, 3476, 100, 0, 35, 41.99
2026/04/13 19:51:37.042, 1, 3476, 100, 0, 34, 42.55
2026/04/13 19:51:38.046, 0, 3476, 100, 0, 35, 42.10
2026/04/13 19:51:38.048, 1, 3476, 100, 0, 34, 42.65
2026/04/13 19:51:39.052, 0, 3476, 100, 0, 35, 42.00
2026/04/13 19:51:39.055, 1, 3476, 100, 0, 34, 42.56
2026/04/13 19:51:40.060, 0, 3476, 100, 0, 35, 42.19
2026/04/13 19:51:40.062, 1, 3476, 100, 0, 34, 42.65
2026/04/13 19:51:41.066, 0, 3476, 100, 0, 35, 42.10
2026/04/13 19:51:41.069, 1, 3476, 100, 0, 34, 42.65
2026/04/13 19:51:42.073, 0, 3476, 100, 0, 35, 42.10
2026/04/13 19:51:42.075, 1, 3476, 100, 0, 34, 42.65
2026/04/13 19:51:43.078, 0, 3476, 100, 0, 35, 42.01
2026/04/13 19:51:43.081, 1, 3476, 100, 0, 34, 42.55
2026/04/13 19:51:44.083, 0, 3476, 100, 0, 35, 42.10
2026/04/13 19:51:44.086, 1, 3476, 100, 0, 34, 42.65
2026/04/13 19:51:45.091, 0, 3476, 100, 0, 35, 42.09
2026/04/13 19:51:45.094, 1, 3476, 100, 0, 34, 42.55
2026/04/13 19:51:46.098, 0, 3476, 100, 0, 35, 42.00
2026/04/13 19:51:46.103, 1, 3476, 100, 0, 34, 42.65
2026/04/13 19:51:47.108, 0, 3476, 100, 0, 35, 42.01
2026/04/13 19:51:47.111, 1, 3476, 100, 0, 34, 42.65
2026/04/13 19:51:48.114, 0, 3476, 100, 0, 34, 42.10
2026/04/13 19:51:48.116, 1, 3476, 100, 0, 34, 42.65
2026/04/13 19:51:49.121, 0, 3476, 100, 0, 34, 42.19
2026/04/13 19:51:49.124, 1, 3476, 100, 0, 34, 42.65
2026/04/13 19:51:50.127, 0, 3476, 100, 0, 35, 42.10
2026/04/13 19:51:50.131, 1, 3476, 100, 0, 34, 42.65
2026/04/13 19:51:51.134, 0, 3476, 100, 0, 35, 42.10
2026/04/13 19:51:51.136, 1, 3476, 100, 0, 34, 42.55
2026/04/13 19:51:52.140, 0, 3476, 100, 0, 34, 42.00
2026/04/13 19:51:52.143, 1, 3476, 100, 0, 34, 42.65
2026/04/13 19:51:53.146, 0, 3476, 100, 0, 35, 41.99
2026/04/13 19:51:53.149, 1, 3476, 100, 0, 34, 42.65
2026/04/13 19:51:54.154, 0, 3476, 100, 0, 35, 41.99
2026/04/13 19:51:54.159, 1, 3476, 100, 0, 34, 42.65
2026/04/13 19:51:55.162, 0, 3476, 100, 0, 35, 42.19
2026/04/13 19:51:55.164, 1, 3476, 100, 0, 34, 42.55
2026/04/13 19:51:56.168, 0, 3476, 100, 0, 35, 42.00
2026/04/13 19:51:56.171, 1, 3476, 100, 0, 34, 42.65
2026/04/13 19:51:57.175, 0, 3476, 100, 0, 35, 42.09
2026/04/13 19:51:57.180, 1, 3476, 100, 0, 34, 42.65
2026/04/13 19:51:58.184, 0, 3476, 100, 0, 35, 41.99
2026/04/13 19:51:58.188, 1, 3476, 100, 0, 34, 42.66
2026/04/13 19:51:59.192, 0, 3476, 100, 0, 34, 42.19
2026/04/13 19:51:59.194, 1, 3476, 100, 0, 34, 42.65
2026/04/13 19:52:00.198, 0, 3476, 100, 0, 35, 42.01
2026/04/13 19:52:00.201, 1, 3476, 100, 0, 34, 42.65
2026/04/13 19:52:01.205, 0, 3476, 100, 0, 35, 42.19
2026/04/13 19:52:01.207, 1, 3476, 100, 0, 34, 42.65
2026/04/13 19:52:02.214, 0, 3476, 100, 0, 35, 41.99
2026/04/13 19:52:02.216, 1, 3476, 100, 0, 34, 42.65
2026/04/13 19:52:03.220, 0, 3476, 100, 0, 35, 42.10
2026/04/13 19:52:03.223, 1, 3476, 100, 0, 34, 42.55
2026/04/13 19:52:04.227, 0, 3476, 100, 0, 35, 42.09
2026/04/13 19:52:04.230, 1, 3476, 100, 0, 34, 42.55
2026/04/13 19:52:05.233, 0, 3476, 100, 0, 35, 42.01
2026/04/13 19:52:05.236, 1, 3476, 100, 0, 34, 42.56
2026/04/13 19:52:06.240, 0, 3476, 100, 0, 35, 42.10
2026/04/13 19:52:06.246, 1, 3476, 100, 0, 34, 42.66
2026/04/13 19:52:07.251, 0, 3476, 100, 0, 34, 42.09
2026/04/13 19:52:07.254, 1, 3476, 100, 0, 34, 42.65
2026/04/13 19:52:08.258, 0, 3476, 100, 0, 35, 42.10
2026/04/13 19:52:08.260, 1, 3476, 100, 0, 34, 42.65
2026/04/13 19:52:09.264, 0, 3476, 100, 0, 35, 41.99
2026/04/13 19:52:09.267, 1, 3476, 100, 0, 34, 42.65
2026/04/13 19:52:10.271, 0, 3476, 100, 0, 35, 41.99
2026/04/13 19:52:10.275, 1, 3476, 100, 0, 34, 42.65
2026/04/13 19:52:11.278, 0, 3476, 100, 0, 35, 42.09
2026/04/13 19:52:11.281, 1, 3476, 100, 0, 34, 42.65
2026/04/13 19:52:12.285, 0, 3476, 100, 0, 35, 42.00
2026/04/13 19:52:12.287, 1, 3476, 100, 0, 34, 42.66
2026/04/13 19:52:13.291, 0, 3476, 100, 0, 35, 42.00
2026/04/13 19:52:13.294, 1, 3476, 100, 0, 34, 42.55
2026/04/13 19:52:14.298, 0, 3476, 100, 0, 35, 42.10
2026/04/13 19:52:14.302, 1, 3476, 100, 0, 34, 42.55
2026/04/13 19:52:15.306, 0, 3476, 100, 0, 35, 42.01
2026/04/13 19:52:15.310, 1, 3476, 100, 0, 34, 42.55
2026/04/13 19:52:16.314, 0, 3476, 100, 0, 34, 42.19
2026/04/13 19:52:16.317, 1, 3476, 100, 0, 34, 42.66
2026/04/13 19:52:17.320, 0, 3476, 100, 0, 34, 42.00
2026/04/13 19:52:17.323, 1, 3476, 100, 0, 34, 42.55
2026/04/13 19:52:18.327, 0, 3476, 100, 0, 35, 42.01
2026/04/13 19:52:18.331, 1, 3476, 100, 0, 34, 42.65
2026/04/13 19:52:19.334, 0, 3476, 100, 0, 35, 42.19
2026/04/13 19:52:19.337, 1, 3476, 100, 0, 34, 42.56
2026/04/13 19:52:20.342, 0, 3476, 100, 0, 35, 42.00
2026/04/13 19:52:20.344, 1, 3476, 100, 0, 34, 42.65
2026/04/13 19:52:21.348, 0, 3476, 100, 0, 35, 42.09
2026/04/13 19:52:21.351, 1, 3476, 100, 0, 34, 42.65
2026/04/13 19:52:22.355, 0, 3476, 100, 0, 35, 42.19
2026/04/13 19:52:22.358, 1, 3476, 100, 0, 34, 42.55
2026/04/13 19:52:23.362, 0, 3476, 100, 0, 35, 41.99
2026/04/13 19:52:23.365, 1, 3476, 100, 0, 34, 42.55
2026/04/13 19:52:24.369, 0, 3476, 100, 0, 35, 42.00
2026/04/13 19:52:24.371, 1, 3476, 100, 0, 34, 42.55
2026/04/13 19:52:25.375, 0, 3476, 100, 0, 35, 42.10
2026/04/13 19:52:25.378, 1, 3476, 100, 0, 34, 42.55
2026/04/13 19:52:26.382, 0, 3476, 100, 0, 34, 42.10
2026/04/13 19:52:26.386, 1, 3476, 100, 0, 34, 42.55
2026/04/13 19:52:27.393, 0, 3476, 100, 0, 35, 42.00
2026/04/13 19:52:27.396, 1, 3476, 100, 0, 34, 42.65
2026/04/13 19:52:28.399, 0, 3476, 100, 0, 35, 41.99
2026/04/13 19:52:28.402, 1, 3476, 100, 0, 34, 42.65
2026/04/13 19:52:29.406, 0, 3476, 100, 0, 35, 42.10
2026/04/13 19:52:29.409, 1, 3476, 100, 0, 34, 42.66
2026/04/13 19:52:30.412, 0, 3476, 100, 0, 35, 42.00
2026/04/13 19:52:30.415, 1, 3476, 100, 0, 34, 42.55
2026/04/13 19:52:31.419, 0, 3476, 100, 0, 35, 42.00
2026/04/13 19:52:31.421, 1, 3476, 100, 0, 34, 42.66
2026/04/13 19:52:32.425, 0, 3476, 100, 0, 35, 42.00
2026/04/13 19:52:32.428, 1, 3476, 100, 0, 34, 42.66
2026/04/13 19:52:33.432, 0, 3476, 100, 0, 35, 42.10
2026/04/13 19:52:33.434, 1, 3476, 100, 0, 34, 42.65
2026/04/13 19:52:34.438, 0, 3476, 100, 0, 35, 42.19
2026/04/13 19:52:34.443, 1, 3476, 100, 0, 34, 42.65
2026/04/13 19:52:35.447, 0, 3476, 100, 0, 35, 42.00
2026/04/13 19:52:35.450, 1, 3476, 100, 0, 34, 42.65
2026/04/13 19:52:36.454, 0, 3476, 100, 0, 34, 41.99
2026/04/13 19:52:36.456, 1, 3476, 100, 0, 34, 42.65
2026/04/13 19:52:37.460, 0, 3476, 100, 0, 34, 42.09
2026/04/13 19:52:37.463, 1, 3476, 100, 0, 34, 42.65
2026/04/13 19:52:38.467, 0, 3476, 100, 0, 34, 42.09
2026/04/13 19:52:38.469, 1, 3476, 100, 0, 34, 42.55
2026/04/13 19:52:39.473, 0, 3476, 100, 0, 34, 42.10
2026/04/13 19:52:39.476, 1, 3476, 100, 0, 34, 42.55
2026/04/13 19:52:40.479, 0, 3476, 100, 0, 35, 41.99
2026/04/13 19:52:40.482, 1, 3476, 100, 0, 34, 42.55
2026/04/13 19:52:41.486, 0, 3476, 100, 0, 34, 42.10
2026/04/13 19:52:41.491, 1, 3476, 100, 0, 34, 42.55
2026/04/13 19:52:42.496, 0, 3476, 100, 0, 35, 42.10
2026/04/13 19:52:42.499, 1, 3476, 100, 0, 34, 42.65
2026/04/13 19:52:43.503, 0, 3476, 100, 0, 35, 41.99
2026/04/13 19:52:43.505, 1, 3476, 100, 0, 34, 42.65
2026/04/13 19:52:44.509, 0, 3476, 100, 0, 34, 41.99
2026/04/13 19:52:44.512, 1, 3476, 100, 0, 34, 42.65
2026/04/13 19:52:45.516, 0, 3476, 100, 0, 35, 41.99
2026/04/13 19:52:45.519, 1, 3476, 100, 0, 34, 42.65
2026/04/13 19:52:46.522, 0, 3476, 100, 0, 35, 42.10
2026/04/13 19:52:46.528, 1, 3476, 100, 0, 34, 42.56
2026/04/13 19:52:47.532, 0, 3476, 100, 0, 35, 42.00
2026/04/13 19:52:47.535, 1, 3476, 100, 0, 34, 42.55
2026/04/13 19:52:48.538, 0, 3476, 100, 0, 35, 42.00
2026/04/13 19:52:48.541, 1, 3476, 100, 0, 34, 42.65
2026/04/13 19:52:49.545, 0, 3476, 100, 0, 35, 42.00
2026/04/13 19:52:49.548, 1, 3476, 100, 0, 34, 42.65
2026/04/13 19:52:50.551, 0, 3476, 100, 0, 35, 42.01
2026/04/13 19:52:50.556, 1, 3476, 100, 0, 34, 42.65
2026/04/13 19:52:51.559, 0, 3476, 100, 0, 35, 42.00
2026/04/13 19:52:51.562, 1, 3476, 100, 0, 34, 42.56
2026/04/13 19:52:52.568, 0, 3476, 100, 0, 34, 42.01
2026/04/13 19:52:52.571, 1, 3476, 100, 0, 34, 42.65
2026/04/13 19:52:53.575, 0, 3476, 100, 0, 35, 42.00
2026/04/13 19:52:53.578, 1, 3476, 100, 0, 34, 42.55
2026/04/13 19:52:54.581, 0, 3476, 100, 0, 34, 42.00
2026/04/13 19:52:54.585, 1, 3476, 100, 0, 34, 42.65
2026/04/13 19:52:55.589, 0, 3476, 100, 0, 35, 42.00
2026/04/13 19:52:55.592, 1, 3476, 100, 0, 34, 42.55
2026/04/13 19:52:56.596, 0, 3476, 100, 0, 35, 42.09
2026/04/13 19:52:56.598, 1, 3476, 100, 0, 34, 42.55
2026/04/13 19:52:57.602, 0, 3476, 100, 0, 35, 42.00
2026/04/13 19:52:57.605, 1, 3476, 100, 0, 34, 42.65
2026/04/13 19:52:58.609, 0, 3476, 100, 0, 35, 42.00
2026/04/13 19:52:58.613, 1, 3476, 100, 0, 34, 42.66
2026/04/13 19:52:59.617, 0, 3476, 100, 0, 34, 42.00
2026/04/13 19:52:59.619, 1, 3476, 100, 0, 34, 42.65
2026/04/13 19:53:00.623, 0, 3476, 100, 0, 34, 42.10
2026/04/13 19:53:00.626, 1, 3476, 100, 0, 34, 42.55
2026/04/13 19:53:01.630, 0, 3476, 100, 0, 35, 42.00
2026/04/13 19:53:01.632, 1, 3476, 100, 0, 34, 42.65
2026/04/13 19:53:02.636, 0, 3476, 100, 0, 34, 42.09
2026/04/13 19:53:02.641, 1, 3476, 100, 0, 34, 42.55
2026/04/13 19:53:03.646, 0, 3476, 100, 0, 35, 42.00
2026/04/13 19:53:03.649, 1, 3476, 100, 0, 34, 42.65
2026/04/13 19:53:04.653, 0, 3476, 100, 0, 34, 42.00
2026/04/13 19:53:04.657, 1, 3476, 100, 0, 34, 42.65
2026/04/13 19:53:05.661, 0, 3476, 100, 0, 35, 41.99
2026/04/13 19:53:05.664, 1, 3476, 100, 0, 34, 42.65
2026/04/13 19:53:06.668, 0, 3476, 100, 0, 34, 42.00
2026/04/13 19:53:06.670, 1, 3476, 100, 0, 34, 42.55
2026/04/13 19:53:07.674, 0, 3476, 100, 0, 35, 41.99
2026/04/13 19:53:07.677, 1, 3476, 100, 0, 34, 42.65
2026/04/13 19:53:08.680, 0, 3476, 100, 0, 35, 41.99
2026/04/13 19:53:08.682, 1, 3476, 100, 0, 34, 42.55
2026/04/13 19:53:09.686, 0, 3476, 100, 0, 34, 42.10
2026/04/13 19:53:09.689, 1, 3476, 100, 0, 34, 42.65
2026/04/13 19:53:10.694, 0, 3476, 100, 0, 35, 42.10
2026/04/13 19:53:10.697, 1, 3476, 100, 0, 34, 42.55
2026/04/13 19:53:11.701, 0, 3476, 100, 0, 34, 42.10
2026/04/13 19:53:11.704, 1, 3476, 100, 0, 34, 42.65
2026/04/13 19:53:12.708, 0, 3476, 100, 0, 34, 42.00
2026/04/13 19:53:12.711, 1, 3476, 100, 0, 34, 42.55
2026/04/13 19:53:13.714, 0, 3476, 100, 0, 35, 42.09
2026/04/13 19:53:13.717, 1, 3476, 100, 0, 34, 42.65
2026/04/13 19:53:14.723, 0, 3476, 100, 0, 35, 42.01
2026/04/13 19:53:14.726, 1, 3476, 100, 0, 34, 42.65
2026/04/13 19:53:15.730, 0, 3476, 100, 0, 35, 42.01
2026/04/13 19:53:15.732, 1, 3476, 100, 0, 34, 42.66
2026/04/13 19:53:16.735, 0, 3476, 100, 0, 35, 42.09
2026/04/13 19:53:16.738, 1, 3476, 100, 0, 34, 42.65
2026/04/13 19:53:17.740, 0, 3476, 100, 0, 35, 42.01
2026/04/13 19:53:17.743, 1, 3476, 100, 0, 34, 42.65
2026/04/13 19:53:18.746, 0, 3476, 100, 0, 34, 42.10
2026/04/13 19:53:18.749, 1, 3476, 100, 0, 34, 42.55
2026/04/13 19:53:19.753, 0, 3476, 100, 0, 35, 42.00
2026/04/13 19:53:19.756, 1, 3476, 100, 0, 34, 42.65
2026/04/13 19:53:20.758, 0, 3476, 100, 0, 35, 42.01
2026/04/13 19:53:20.761, 1, 3476, 100, 0, 34, 42.65
2026/04/13 19:53:21.764, 0, 3476, 100, 0, 35, 42.10
2026/04/13 19:53:21.767, 1, 3476, 100, 0, 34, 42.66
2026/04/13 19:53:22.769, 0, 3476, 100, 0, 34, 41.99
2026/04/13 19:53:22.772, 1, 3476, 100, 0, 34, 42.55
2026/04/13 19:53:23.776, 0, 3476, 100, 0, 34, 42.01
2026/04/13 19:53:23.778, 1, 3476, 100, 0, 34, 42.65
2026/04/13 19:53:24.785, 0, 3476, 100, 0, 34, 42.01
2026/04/13 19:53:24.788, 1, 3476, 100, 0, 34, 42.55
2026/04/13 19:53:25.792, 0, 3476, 100, 0, 35, 42.01
2026/04/13 19:53:25.794, 1, 3476, 100, 0, 34, 42.56
2026/04/13 19:53:26.798, 0, 3476, 100, 0, 34, 41.99
2026/04/13 19:53:26.801, 1, 3476, 100, 0, 34, 42.56
2026/04/13 19:53:27.805, 0, 3476, 100, 0, 34, 42.10
2026/04/13 19:53:27.810, 1, 3476, 100, 0, 34, 42.55
2026/04/13 19:53:28.814, 0, 3476, 100, 0, 35, 42.10
2026/04/13 19:53:28.817, 1, 3476, 100, 0, 34, 42.65
2026/04/13 19:53:29.821, 0, 3476, 100, 0, 35, 42.00
2026/04/13 19:53:29.824, 1, 3476, 100, 0, 34, 42.66
2026/04/13 19:53:30.829, 0, 3476, 100, 0, 35, 42.10
2026/04/13 19:53:30.831, 1, 3476, 100, 0, 34, 42.56
2026/04/13 19:53:31.835, 0, 3476, 100, 0, 35, 42.00
2026/04/13 19:53:31.838, 1, 3476, 100, 0, 34, 42.65
2026/04/13 19:53:32.846, 0, 3476, 100, 0, 35, 42.01
2026/04/13 19:53:32.849, 1, 3476, 100, 0, 34, 42.55
2026/04/13 19:53:33.852, 0, 3476, 100, 0, 35, 41.99
2026/04/13 19:53:33.855, 1, 3476, 100, 0, 34, 42.55
2026/04/13 19:53:34.859, 0, 3476, 100, 0, 35, 42.10
2026/04/13 19:53:34.864, 1, 3476, 100, 0, 34, 42.65
2026/04/13 19:53:35.868, 0, 3476, 100, 0, 35, 42.01
2026/04/13 19:53:35.870, 1, 3476, 100, 0, 34, 42.66
2026/04/13 19:53:36.874, 0, 3476, 100, 0, 35, 41.99
2026/04/13 19:53:36.877, 1, 3476, 100, 0, 34, 42.55
2026/04/13 19:53:37.881, 0, 3476, 100, 0, 35, 42.01
2026/04/13 19:53:37.884, 1, 3476, 100, 0, 34, 42.55
2026/04/13 19:53:38.888, 0, 3476, 100, 0, 35, 42.01
2026/04/13 19:53:38.893, 1, 3476, 100, 0, 34, 42.55
2026/04/13 19:53:39.897, 0, 3476, 100, 0, 35, 41.90
2026/04/13 19:53:39.900, 1, 3476, 100, 0, 34, 42.55
2026/04/13 19:53:40.907, 0, 3476, 100, 0, 35, 42.10
2026/04/13 19:53:40.909, 1, 3476, 100, 0, 34, 42.55
2026/04/13 19:53:41.913, 0, 3476, 100, 0, 35, 42.10
2026/04/13 19:53:41.916, 1, 3476, 100, 0, 34, 42.55
2026/04/13 19:53:42.920, 0, 3476, 100, 0, 35, 42.00
2026/04/13 19:53:42.925, 1, 3476, 100, 0, 34, 42.56
2026/04/13 19:53:43.929, 0, 3476, 100, 0, 35, 42.01
2026/04/13 19:53:43.932, 1, 3476, 100, 0, 34, 42.55
2026/04/13 19:53:44.937, 0, 3476, 100, 0, 35, 42.19
2026/04/13 19:53:44.940, 1, 3476, 100, 0, 34, 42.55
2026/04/13 19:53:45.944, 0, 3476, 100, 0, 35, 41.89
2026/04/13 19:53:45.946, 1, 3476, 100, 0, 34, 42.55
2026/04/13 19:53:46.950, 0, 3476, 100, 0, 34, 41.99
2026/04/13 19:53:46.953, 1, 3476, 100, 0, 34, 42.65
2026/04/13 19:53:47.957, 0, 3476, 100, 0, 35, 42.10
2026/04/13 19:53:47.960, 1, 3476, 100, 0, 34, 42.65
2026/04/13 19:53:48.966, 0, 3476, 100, 0, 35, 42.00
2026/04/13 19:53:48.968, 1, 3476, 100, 0, 34, 42.65
2026/04/13 19:53:49.972, 0, 3476, 100, 0, 35, 42.09
2026/04/13 19:53:49.975, 1, 3476, 100, 0, 34, 42.66
2026/04/13 19:53:50.978, 0, 3476, 100, 0, 35, 42.00
2026/04/13 19:53:50.981, 1, 3476, 100, 0, 34, 42.55
2026/04/13 19:53:51.985, 0, 3476, 100, 0, 35, 42.00
2026/04/13 19:53:51.988, 1, 3476, 100, 0, 34, 42.55
2026/04/13 19:53:52.992, 0, 3476, 100, 0, 35, 42.09
2026/04/13 19:53:52.996, 1, 3476, 100, 0, 34, 42.65
2026/04/13 19:53:54.000, 0, 3476, 100, 0, 35, 42.09
2026/04/13 19:53:54.003, 1, 3476, 100, 0, 34, 42.55
2026/04/13 19:53:55.006, 0, 3476, 100, 0, 35, 42.10
2026/04/13 19:53:55.009, 1, 3476, 100, 0, 34, 42.65
2026/04/13 19:53:56.014, 0, 3476, 100, 0, 35, 42.09
2026/04/13 19:53:56.017, 1, 3476, 100, 0, 34, 42.66
2026/04/13 19:53:57.021, 0, 3476, 100, 0, 35, 41.99
2026/04/13 19:53:57.023, 1, 3476, 100, 0, 34, 42.56
2026/04/13 19:53:58.028, 0, 3476, 100, 0, 35, 42.01
2026/04/13 19:53:58.031, 1, 3476, 100, 0, 34, 42.55
2026/04/13 19:53:59.034, 0, 3476, 100, 0, 34, 41.99
2026/04/13 19:53:59.037, 1, 3476, 100, 0, 34, 42.55
2026/04/13 19:54:00.041, 0, 3476, 100, 0, 35, 42.00
2026/04/13 19:54:00.044, 1, 3476, 100, 0, 34, 42.55
2026/04/13 19:54:01.047, 0, 3476, 100, 0, 35, 41.99
2026/04/13 19:54:01.052, 1, 3476, 100, 0, 34, 42.65
2026/04/13 19:54:02.058, 0, 3476, 100, 0, 34, 42.10
2026/04/13 19:54:02.060, 1, 3476, 100, 0, 34, 42.55
2026/04/13 19:54:03.064, 0, 3476, 100, 0, 34, 42.09
2026/04/13 19:54:03.067, 1, 3476, 100, 0, 34, 42.55
2026/04/13 19:54:04.071, 0, 3476, 100, 0, 35, 42.10
2026/04/13 19:54:04.073, 1, 3476, 100, 0, 34, 42.65
2026/04/13 19:54:05.077, 0, 3476, 100, 0, 34, 42.10
2026/04/13 19:54:05.080, 1, 3476, 100, 0, 34, 42.55
2026/04/13 19:54:06.084, 0, 3476, 100, 0, 35, 42.10
2026/04/13 19:54:06.087, 1, 3476, 100, 0, 34, 42.55
2026/04/13 19:54:07.090, 0, 3476, 100, 0, 34, 42.00
2026/04/13 19:54:07.093, 1, 3476, 100, 0, 34, 42.56
2026/04/13 19:54:08.097, 0, 3476, 100, 0, 35, 41.99
2026/04/13 19:54:08.100, 1, 3476, 100, 0, 34, 42.55
2026/04/13 19:54:09.103, 0, 3476, 100, 0, 34, 42.00
2026/04/13 19:54:09.106, 1, 3476, 100, 0, 34, 42.65
2026/04/13 19:54:10.110, 0, 3476, 100, 0, 34, 42.00
2026/04/13 19:54:10.114, 1, 3476, 100, 0, 34, 42.55
2026/04/13 19:54:11.118, 0, 3476, 100, 0, 34, 42.00
2026/04/13 19:54:11.121, 1, 3476, 100, 0, 34, 42.55
2026/04/13 19:54:12.125, 0, 3476, 100, 0, 35, 42.00
2026/04/13 19:54:12.128, 1, 3476, 100, 0, 34, 42.55
2026/04/13 19:54:13.132, 0, 3476, 100, 0, 34, 42.01
2026/04/13 19:54:13.134, 1, 3476, 100, 0, 34, 42.55
2026/04/13 19:54:14.138, 0, 3476, 100, 0, 35, 41.99
2026/04/13 19:54:14.142, 1, 3476, 100, 0, 34, 42.65
2026/04/13 19:54:15.148, 0, 3476, 100, 0, 34, 41.99
2026/04/13 19:54:15.151, 1, 3476, 100, 0, 34, 42.55
2026/04/13 19:54:16.155, 0, 3476, 100, 0, 34, 41.99
2026/04/13 19:54:16.158, 1, 3476, 100, 0, 34, 42.55
2026/04/13 19:54:17.162, 0, 3476, 100, 0, 35, 42.10
2026/04/13 19:54:17.167, 1, 3476, 100, 0, 34, 42.55
2026/04/13 19:54:18.171, 0, 3476, 100, 0, 34, 42.00
2026/04/13 19:54:18.174, 1, 3476, 100, 0, 34, 42.55
2026/04/13 19:54:19.179, 0, 3476, 100, 0, 35, 42.09
2026/04/13 19:54:19.183, 1, 3476, 100, 0, 34, 42.55
2026/04/13 19:54:20.187, 0, 3476, 100, 0, 34, 42.00
2026/04/13 19:54:20.190, 1, 3476, 100, 0, 34, 42.65
2026/04/13 19:54:21.193, 0, 3476, 100, 0, 35, 41.99
2026/04/13 19:54:21.197, 1, 3476, 100, 0, 34, 42.55
2026/04/13 19:54:22.201, 0, 3476, 100, 0, 35, 42.00
2026/04/13 19:54:22.204, 1, 3476, 100, 0, 34, 42.65
2026/04/13 19:54:23.209, 0, 3476, 100, 0, 35, 42.00
2026/04/13 19:54:23.212, 1, 3476, 100, 0, 34, 42.65
2026/04/13 19:54:24.215, 0, 3476, 100, 0, 34, 42.09
2026/04/13 19:54:24.218, 1, 3476, 100, 0, 34, 42.65
2026/04/13 19:54:25.222, 0, 3476, 100, 0, 34, 42.00
2026/04/13 19:54:25.227, 1, 3476, 100, 0, 34, 42.65
2026/04/13 19:54:26.231, 0, 3476, 100, 0, 35, 41.99
2026/04/13 19:54:26.234, 1, 3476, 100, 0, 34, 42.65
2026/04/13 19:54:27.239, 0, 3476, 100, 0, 34, 42.00
2026/04/13 19:54:27.242, 1, 3476, 100, 0, 34, 42.55
2026/04/13 19:54:28.246, 0, 3476, 100, 0, 34, 41.99
2026/04/13 19:54:28.249, 1, 3476, 100, 0, 34, 42.55
2026/04/13 19:54:29.253, 0, 3476, 100, 0, 34, 42.00
2026/04/13 19:54:29.255, 1, 3476, 100, 0, 34, 42.55
2026/04/13 19:54:30.259, 0, 3476, 100, 0, 35, 41.99
2026/04/13 19:54:30.262, 1, 3476, 100, 0, 34, 42.56
2026/04/13 19:54:31.266, 0, 3476, 100, 0, 34, 41.99
2026/04/13 19:54:31.268, 1, 3476, 100, 0, 34, 42.65
2026/04/13 19:54:32.273, 0, 3476, 100, 0, 34, 42.10
2026/04/13 19:54:32.276, 1, 3476, 100, 0, 34, 42.55
2026/04/13 19:54:33.279, 0, 3476, 100, 0, 34, 42.19
2026/04/13 19:54:33.283, 1, 3476, 100, 0, 34, 42.55
2026/04/13 19:54:34.286, 0, 3476, 100, 0, 35, 42.17
2026/04/13 19:54:34.289, 1, 3476, 100, 0, 34, 42.55
2026/04/13 19:54:35.293, 0, 3476, 100, 0, 35, 41.99
2026/04/13 19:54:35.296, 1, 3476, 100, 0, 34, 42.55
2026/04/13 19:54:36.299, 0, 3476, 100, 0, 35, 42.00
2026/04/13 19:54:36.302, 1, 3476, 100, 0, 34, 42.55
2026/04/13 19:54:37.306, 0, 3476, 100, 0, 35, 42.09
2026/04/13 19:54:37.311, 1, 3476, 100, 0, 34, 42.55
2026/04/13 19:54:38.314, 0, 3476, 100, 0, 34, 42.09
2026/04/13 19:54:38.317, 1, 3476, 100, 0, 34, 42.55
2026/04/13 19:54:39.321, 0, 3476, 100, 0, 34, 42.01
2026/04/13 19:54:39.324, 1, 3476, 100, 0, 34, 42.66
2026/04/13 19:54:40.328, 0, 3476, 100, 0, 34, 41.99
2026/04/13 19:54:40.330, 1, 3476, 100, 0, 34, 42.65
2026/04/13 19:54:41.334, 0, 3476, 100, 0, 34, 42.09
2026/04/13 19:54:41.338, 1, 3476, 100, 0, 34, 42.55
2026/04/13 19:54:42.342, 0, 3476, 100, 0, 35, 42.09
2026/04/13 19:54:42.345, 1, 3476, 100, 0, 34, 42.56
2026/04/13 19:54:43.349, 0, 3476, 100, 0, 34, 42.10
2026/04/13 19:54:43.351, 1, 3476, 100, 0, 34, 42.55
2026/04/13 19:54:44.355, 0, 3476, 100, 0, 34, 41.99
2026/04/13 19:54:44.358, 1, 3476, 100, 0, 34, 42.55
2026/04/13 19:54:45.366, 0, 3476, 100, 0, 35, 42.00
2026/04/13 19:54:45.369, 1, 3476, 100, 0, 34, 42.56
2026/04/13 19:54:46.373, 0, 3476, 100, 0, 35, 41.99
2026/04/13 19:54:46.376, 1, 3476, 100, 0, 34, 42.65
2026/04/13 19:54:47.379, 0, 3476, 100, 0, 34, 41.99
2026/04/13 19:54:47.382, 1, 3476, 100, 0, 34, 42.55
2026/04/13 19:54:48.386, 0, 3476, 100, 0, 34, 41.99
2026/04/13 19:54:48.392, 1, 3476, 100, 0, 34, 42.65
2026/04/13 19:54:49.397, 0, 3476, 100, 0, 35, 42.10
2026/04/13 19:54:49.399, 1, 3476, 100, 0, 34, 42.65
2026/04/13 19:54:50.403, 0, 3476, 100, 0, 34, 42.00
2026/04/13 19:54:50.406, 1, 3476, 100, 0, 34, 42.55
2026/04/13 19:54:51.409, 0, 3476, 100, 0, 35, 42.01
2026/04/13 19:54:51.412, 1, 3476, 100, 0, 34, 42.65
2026/04/13 19:54:52.416, 0, 3476, 100, 0, 34, 42.09
2026/04/13 19:54:52.419, 1, 3476, 100, 0, 34, 42.65
2026/04/13 19:54:53.422, 0, 3476, 100, 0, 34, 42.00
2026/04/13 19:54:53.425, 1, 3476, 100, 0, 34, 42.65
2026/04/13 19:54:54.429, 0, 3476, 100, 0, 34, 41.99
2026/04/13 19:54:54.432, 1, 3476, 100, 0, 34, 42.65
2026/04/13 19:54:55.436, 0, 3476, 100, 0, 34, 42.09
2026/04/13 19:54:55.440, 1, 3476, 100, 0, 34, 42.55
2026/04/13 19:54:56.443, 0, 3476, 100, 0, 34, 42.00
2026/04/13 19:54:56.446, 1, 3476, 100, 0, 34, 42.65
2026/04/13 19:54:57.450, 0, 3476, 100, 0, 35, 42.10
2026/04/13 19:54:57.452, 1, 3476, 100, 0, 34, 42.66
2026/04/13 19:54:58.457, 0, 3476, 100, 0, 34, 42.10
2026/04/13 19:54:58.460, 1, 3476, 100, 0, 34, 42.55
2026/04/13 19:54:59.464, 0, 3476, 100, 0, 34, 41.99
2026/04/13 19:54:59.466, 1, 3476, 100, 0, 34, 42.66
2026/04/13 19:55:00.470, 0, 3476, 100, 0, 34, 41.99
2026/04/13 19:55:00.475, 1, 3476, 100, 0, 34, 42.55
2026/04/13 19:55:01.479, 0, 3476, 100, 0, 34, 42.00
2026/04/13 19:55:01.481, 1, 3476, 100, 0, 34, 42.65
2026/04/13 19:55:02.486, 0, 3476, 100, 0, 34, 42.00
2026/04/13 19:55:02.489, 1, 3476, 100, 0, 34, 42.65
2026/04/13 19:55:03.493, 0, 3476, 100, 0, 35, 42.10
2026/04/13 19:55:03.495, 1, 3476, 100, 0, 34, 42.65
2026/04/13 19:55:04.499, 0, 3476, 100, 0, 34, 42.19
2026/04/13 19:55:04.503, 1, 3476, 100, 0, 34, 42.55
2026/04/13 19:55:05.507, 0, 3476, 100, 0, 34, 42.09
2026/04/13 19:55:05.510, 1, 3476, 100, 0, 34, 42.56
2026/04/13 19:55:06.514, 0, 3476, 100, 0, 34, 42.10
2026/04/13 19:55:06.517, 1, 3476, 100, 0, 34, 42.65
2026/04/13 19:55:07.521, 0, 3476, 100, 0, 34, 42.10
2026/04/13 19:55:07.523, 1, 3476, 100, 0, 34, 42.55
2026/04/13 19:55:08.529, 0, 3476, 100, 0, 34, 42.09
2026/04/13 19:55:08.533, 1, 3476, 100, 0, 34, 42.55
2026/04/13 19:55:09.537, 0, 3476, 100, 0, 34, 42.10
2026/04/13 19:55:09.540, 1, 3476, 100, 0, 34, 42.55
2026/04/13 19:55:10.545, 0, 3476, 100, 0, 34, 41.99
2026/04/13 19:55:10.547, 1, 3476, 100, 0, 34, 42.55
2026/04/13 19:55:11.551, 0, 3476, 100, 0, 34, 42.00
2026/04/13 19:55:11.554, 1, 3476, 100, 0, 34, 42.56
2026/04/13 19:55:12.558, 0, 3476, 100, 0, 34, 42.00
2026/04/13 19:55:12.562, 1, 3476, 100, 0, 34, 42.65
2026/04/13 19:55:13.565, 0, 3476, 100, 0, 34, 41.99
2026/04/13 19:55:13.568, 1, 3476, 100, 0, 34, 42.65
2026/04/13 19:55:14.572, 0, 3476, 100, 0, 34, 41.99
2026/04/13 19:55:14.574, 1, 3476, 100, 0, 34, 42.65
2026/04/13 19:55:15.578, 0, 3476, 100, 0, 34, 42.09
2026/04/13 19:55:15.581, 1, 3476, 100, 0, 34, 42.65
2026/04/13 19:55:16.585, 0, 3476, 100, 0, 35, 42.09
2026/04/13 19:55:16.590, 1, 3476, 100, 0, 34, 42.65
2026/04/13 19:55:17.593, 0, 3476, 100, 0, 35, 41.99
2026/04/13 19:55:17.596, 1, 3476, 100, 0, 34, 42.65
2026/04/13 19:55:18.600, 0, 3476, 100, 0, 34, 42.09
2026/04/13 19:55:18.603, 1, 3476, 100, 0, 34, 42.55
2026/04/13 19:55:19.608, 0, 3476, 100, 0, 35, 42.19
2026/04/13 19:55:19.611, 1, 3476, 100, 0, 34, 42.55
2026/04/13 19:55:20.615, 0, 3476, 100, 0, 35, 42.09
2026/04/13 19:55:20.617, 1, 3476, 100, 0, 34, 42.55
2026/04/13 19:55:21.621, 0, 3476, 100, 0, 35, 42.09
2026/04/13 19:55:21.624, 1, 3476, 100, 0, 34, 42.65
2026/04/13 19:55:22.628, 0, 3476, 100, 0, 34, 42.00
2026/04/13 19:55:22.631, 1, 3476, 100, 0, 34, 42.65
2026/04/13 19:55:23.637, 0, 3476, 100, 0, 34, 42.01
2026/04/13 19:55:23.643, 1, 3476, 100, 0, 34, 42.55
2026/04/13 19:55:24.647, 0, 3476, 100, 0, 35, 42.09
2026/04/13 19:55:24.649, 1, 3476, 100, 0, 34, 42.56
2026/04/13 19:55:25.653, 0, 3476, 100, 0, 34, 42.10
2026/04/13 19:55:25.657, 1, 3476, 100, 0, 34, 42.65
2026/04/13 19:55:26.661, 0, 3476, 100, 0, 35, 42.00
2026/04/13 19:55:26.664, 1, 3476, 100, 0, 34, 42.65
2026/04/13 19:55:27.667, 0, 3476, 100, 0, 34, 42.09
2026/04/13 19:55:27.671, 1, 3476, 100, 0, 34, 42.65
2026/04/13 19:55:28.675, 0, 3476, 100, 0, 35, 41.99
2026/04/13 19:55:28.678, 1, 3476, 100, 0, 34, 42.55
2026/04/13 19:55:29.682, 0, 3476, 100, 0, 35, 42.10
2026/04/13 19:55:29.684, 1, 3476, 100, 0, 34, 42.55
2026/04/13 19:55:30.688, 0, 3476, 100, 0, 34, 42.00
2026/04/13 19:55:30.691, 1, 3476, 100, 0, 34, 42.55
2026/04/13 19:55:31.697, 0, 3476, 100, 0, 34, 42.00
2026/04/13 19:55:31.700, 1, 3476, 100, 0, 34, 42.65
2026/04/13 19:55:32.704, 0, 3476, 100, 0, 34, 41.99
2026/04/13 19:55:32.706, 1, 3476, 100, 0, 34, 42.55
2026/04/13 19:55:33.710, 0, 3476, 100, 0, 35, 42.00
2026/04/13 19:55:33.713, 1, 3476, 100, 0, 34, 42.65
2026/04/13 19:55:34.717, 0, 3476, 100, 0, 35, 42.00
2026/04/13 19:55:34.719, 1, 3476, 100, 0, 34, 42.55
2026/04/13 19:55:35.723, 0, 3476, 100, 0, 35, 41.99
2026/04/13 19:55:35.727, 1, 3476, 100, 0, 34, 42.66
2026/04/13 19:55:36.731, 0, 3476, 100, 0, 34, 42.09
2026/04/13 19:55:36.733, 1, 3476, 100, 0, 34, 42.65
2026/04/13 19:55:37.737, 0, 3476, 100, 0, 34, 42.09
2026/04/13 19:55:37.740, 1, 3476, 100, 0, 34, 42.65
2026/04/13 19:55:38.744, 0, 3476, 100, 0, 34, 42.00
2026/04/13 19:55:38.746, 1, 3476, 100, 0, 34, 42.65
2026/04/13 19:55:39.750, 0, 3476, 100, 0, 34, 42.10
2026/04/13 19:55:39.755, 1, 3476, 100, 0, 34, 42.55
2026/04/13 19:55:40.761, 0, 3476, 100, 0, 34, 41.99
2026/04/13 19:55:40.763, 1, 3476, 100, 0, 34, 42.55
2026/04/13 19:55:41.767, 0, 3476, 100, 0, 35, 42.10
2026/04/13 19:55:41.770, 1, 3476, 100, 0, 34, 42.65
2026/04/13 19:55:42.773, 0, 3476, 100, 0, 34, 41.99
2026/04/13 19:55:42.776, 1, 3476, 100, 0, 34, 42.55
2026/04/13 19:55:43.780, 0, 3476, 100, 0, 34, 41.89
2026/04/13 19:55:43.782, 1, 3476, 100, 0, 34, 42.55
2026/04/13 19:55:44.786, 0, 3476, 100, 0, 34, 42.00
2026/04/13 19:55:44.789, 1, 3476, 100, 0, 34, 42.55
2026/04/13 19:55:45.795, 0, 3476, 100, 0, 35, 42.19
2026/04/13 19:55:45.798, 1, 3476, 100, 0, 34, 42.65
2026/04/13 19:55:46.802, 0, 3476, 100, 0, 35, 41.99
2026/04/13 19:55:46.804, 1, 3476, 100, 0, 34, 42.65
2026/04/13 19:55:47.808, 0, 3476, 100, 0, 34, 41.99
2026/04/13 19:55:47.811, 1, 3476, 100, 0, 34, 42.55
2026/04/13 19:55:48.815, 0, 3476, 100, 0, 34, 42.00
2026/04/13 19:55:48.818, 1, 3476, 100, 0, 34, 42.65
2026/04/13 19:55:49.821, 0, 3476, 100, 0, 34, 42.00
2026/04/13 19:55:49.824, 1, 3476, 100, 0, 34, 42.65
2026/04/13 19:55:50.829, 0, 3476, 100, 0, 34, 41.90
2026/04/13 19:55:50.832, 1, 3476, 100, 0, 34, 42.55
2026/04/13 19:55:51.838, 0, 3476, 100, 0, 34, 42.09
2026/04/13 19:55:51.840, 1, 3476, 100, 0, 34, 42.65
2026/04/13 19:55:52.844, 0, 3476, 100, 0, 34, 42.01
2026/04/13 19:55:52.847, 1, 3476, 100, 0, 34, 42.75
2026/04/13 19:55:53.851, 0, 3476, 100, 0, 34, 41.99
2026/04/13 19:55:53.853, 1, 3476, 100, 0, 34, 42.55
2026/04/13 19:55:54.856, 0, 3476, 100, 0, 34, 42.10
2026/04/13 19:55:54.859, 1, 3476, 100, 0, 34, 42.55
2026/04/13 19:55:55.862, 0, 3476, 100, 0, 35, 41.99
2026/04/13 19:55:55.865, 1, 3476, 100, 0, 34, 42.55
2026/04/13 19:55:56.869, 0, 3476, 100, 0, 35, 42.10
2026/04/13 19:55:56.871, 1, 3476, 100, 0, 34, 42.65
2026/04/13 19:55:57.875, 0, 3476, 100, 0, 35, 42.00
2026/04/13 19:55:57.878, 1, 3476, 100, 0, 34, 42.65
2026/04/13 19:55:58.883, 0, 3476, 100, 0, 34, 42.00
2026/04/13 19:55:58.885, 1, 3476, 100, 0, 34, 42.65
2026/04/13 19:55:59.889, 0, 3476, 100, 0, 35, 41.90
2026/04/13 19:55:59.892, 1, 3476, 100, 0, 34, 42.65
2026/04/13 19:56:00.896, 0, 3476, 100, 0, 34, 41.99
2026/04/13 19:56:00.898, 1, 3476, 100, 0, 34, 42.65
2026/04/13 19:56:01.901, 0, 3476, 100, 0, 35, 42.00
2026/04/13 19:56:01.904, 1, 3476, 100, 0, 34, 42.56
2026/04/13 19:56:02.907, 0, 3476, 100, 0, 34, 42.10
2026/04/13 19:56:02.910, 1, 3476, 100, 0, 34, 42.56
2026/04/13 19:56:03.915, 0, 3476, 100, 0, 35, 42.01
2026/04/13 19:56:03.918, 1, 3476, 100, 0, 34, 42.65
2026/04/13 19:56:04.920, 0, 3476, 100, 0, 35, 41.99
2026/04/13 19:56:04.923, 1, 3476, 100, 0, 34, 42.55
2026/04/13 19:56:05.926, 0, 3476, 100, 0, 34, 42.00
2026/04/13 19:56:05.928, 1, 3476, 100, 0, 34, 42.55
2026/04/13 19:56:06.931, 0, 3476, 100, 0, 35, 42.10
2026/04/13 19:56:06.934, 1, 3476, 100, 0, 34, 42.56
2026/04/13 19:56:07.937, 0, 3476, 100, 0, 34, 42.01
2026/04/13 19:56:07.939, 1, 3476, 100, 0, 34, 42.55
2026/04/13 19:56:08.942, 0, 3476, 100, 0, 35, 42.00
2026/04/13 19:56:08.945, 1, 3476, 100, 0, 34, 42.65
2026/04/13 19:56:09.950, 0, 3476, 100, 0, 34, 41.99
2026/04/13 19:56:09.952, 1, 3476, 100, 0, 34, 42.65
2026/04/13 19:56:10.956, 0, 3476, 100, 0, 34, 42.10
2026/04/13 19:56:10.961, 1, 3476, 100, 0, 34, 42.55
2026/04/13 19:56:11.966, 0, 3476, 100, 0, 35, 42.00
2026/04/13 19:56:11.968, 1, 3476, 100, 0, 34, 42.55
2026/04/13 19:56:12.972, 0, 3476, 100, 0, 35, 41.99
2026/04/13 19:56:12.975, 1, 3476, 100, 0, 34, 42.65
2026/04/13 19:56:13.981, 0, 3476, 100, 0, 34, 41.99
2026/04/13 19:56:13.986, 1, 3476, 100, 0, 34, 42.55
2026/04/13 19:56:14.990, 0, 3476, 100, 0, 34, 42.10
2026/04/13 19:56:14.993, 1, 3476, 100, 0, 34, 42.56
2026/04/13 19:56:15.996, 0, 3476, 100, 0, 35, 42.00
2026/04/13 19:56:15.999, 1, 3476, 100, 0, 34, 42.65
2026/04/13 19:56:17.003, 0, 3476, 100, 0, 35, 42.00
2026/04/13 19:56:17.007, 1, 3476, 100, 0, 34, 42.55
2026/04/13 19:56:18.012, 0, 3476, 100, 0, 34, 42.01
2026/04/13 19:56:18.015, 1, 3476, 100, 0, 34, 42.55
2026/04/13 19:56:19.019, 0, 3476, 100, 0, 35, 42.00
2026/04/13 19:56:19.021, 1, 3476, 100, 0, 34, 42.55
2026/04/13 19:56:20.025, 0, 3476, 100, 0, 35, 42.00
2026/04/13 19:56:20.028, 1, 3476, 100, 0, 34, 42.56
2026/04/13 19:56:21.032, 0, 3476, 100, 0, 35, 42.01
2026/04/13 19:56:21.034, 1, 3476, 100, 0, 34, 42.56
2026/04/13 19:56:22.038, 0, 3476, 100, 0, 34, 42.09
2026/04/13 19:56:22.042, 1, 3476, 100, 0, 34, 42.55
2026/04/13 19:56:23.046, 0, 3476, 100, 0, 34, 42.01
2026/04/13 19:56:23.049, 1, 3476, 100, 0, 34, 42.66
2026/04/13 19:56:24.053, 0, 3476, 100, 0, 35, 42.09
2026/04/13 19:56:24.056, 1, 3476, 100, 0, 34, 42.66
2026/04/13 19:56:25.059, 0, 3476, 100, 0, 35, 42.01
2026/04/13 19:56:25.062, 1, 3476, 100, 0, 34, 42.65
2026/04/13 19:56:26.066, 0, 3476, 100, 0, 35, 42.10
2026/04/13 19:56:26.070, 1, 3476, 100, 0, 34, 42.65
2026/04/13 19:56:27.074, 0, 3476, 100, 0, 35, 41.99
2026/04/13 19:56:27.077, 1, 3476, 100, 0, 34, 42.65
2026/04/13 19:56:28.080, 0, 3476, 100, 0, 35, 42.01
2026/04/13 19:56:28.083, 1, 3476, 100, 0, 34, 42.65
2026/04/13 19:56:29.087, 0, 3476, 100, 0, 34, 42.00
2026/04/13 19:56:29.089, 1, 3476, 100, 0, 34, 42.55
2026/04/13 19:56:30.093, 0, 3476, 100, 0, 35, 42.00
2026/04/13 19:56:30.098, 1, 3476, 100, 0, 34, 42.66
2026/04/13 19:56:31.102, 0, 3476, 100, 0, 35, 42.10
2026/04/13 19:56:31.105, 1, 3476, 100, 0, 34, 42.65
2026/04/13 19:56:32.110, 0, 3476, 100, 0, 34, 42.00
2026/04/13 19:56:32.113, 1, 3476, 100, 0, 34, 42.56
2026/04/13 19:56:33.117, 0, 3476, 100, 0, 35, 42.00
2026/04/13 19:56:33.119, 1, 3476, 100, 0, 34, 42.65
2026/04/13 19:56:34.123, 0, 3476, 100, 0, 35, 42.09
2026/04/13 19:56:34.127, 1, 3476, 100, 0, 34, 42.65
2026/04/13 19:56:35.132, 0, 3476, 100, 0, 34, 42.10
2026/04/13 19:56:35.134, 1, 3476, 100, 0, 34, 42.55
2026/04/13 19:56:36.138, 0, 3476, 100, 0, 35, 42.00
2026/04/13 19:56:36.141, 1, 3476, 100, 0, 34, 42.65
2026/04/13 19:56:37.145, 0, 3476, 100, 0, 35, 42.10
2026/04/13 19:56:37.147, 1, 3476, 100, 0, 34, 42.65
2026/04/13 19:56:38.151, 0, 3476, 100, 0, 35, 41.99
2026/04/13 19:56:38.154, 1, 3476, 100, 0, 34, 42.65
2026/04/13 19:56:39.158, 0, 3476, 100, 0, 34, 42.00
2026/04/13 19:56:39.161, 1, 3476, 100, 0, 34, 42.65
2026/04/13 19:56:40.165, 0, 3476, 100, 0, 35, 42.09
2026/04/13 19:56:40.167, 1, 3476, 100, 0, 34, 42.65
2026/04/13 19:56:41.171, 0, 3476, 100, 0, 35, 42.10
2026/04/13 19:56:41.174, 1, 3476, 100, 0, 34, 42.65
2026/04/13 19:56:42.177, 0, 3476, 100, 0, 35, 41.99
2026/04/13 19:56:42.180, 1, 3476, 100, 0, 34, 42.65
2026/04/13 19:56:43.184, 0, 3476, 100, 0, 34, 42.09
2026/04/13 19:56:43.188, 1, 3476, 100, 0, 34, 42.65
2026/04/13 19:56:44.192, 0, 3476, 100, 0, 35, 42.09
2026/04/13 19:56:44.195, 1, 3476, 100, 0, 34, 42.55
2026/04/13 19:56:45.199, 0, 3476, 100, 0, 35, 42.00
2026/04/13 19:56:45.201, 1, 3476, 100, 0, 34, 42.56
2026/04/13 19:56:46.205, 0, 3476, 100, 0, 34, 42.00
2026/04/13 19:56:46.208, 1, 3476, 100, 0, 34, 42.55
2026/04/13 19:56:47.211, 0, 3476, 100, 0, 34, 42.00
2026/04/13 19:56:47.216, 1, 3476, 100, 0, 34, 42.66
2026/04/13 19:56:48.219, 0, 3476, 100, 0, 35, 42.01
2026/04/13 19:56:48.222, 1, 3476, 100, 0, 34, 42.55
2026/04/13 19:56:49.226, 0, 3476, 100, 0, 35, 41.99
2026/04/13 19:56:49.229, 1, 3476, 100, 0, 34, 42.55
2026/04/13 19:56:50.232, 0, 3476, 100, 0, 34, 42.01
2026/04/13 19:56:50.235, 1, 3476, 100, 0, 34, 42.65
2026/04/13 19:56:51.239, 0, 3476, 100, 0, 34, 42.01
2026/04/13 19:56:51.243, 1, 3476, 100, 0, 34, 42.65
2026/04/13 19:56:52.247, 0, 3476, 100, 0, 35, 42.00
2026/04/13 19:56:52.250, 1, 3476, 100, 0, 34, 42.65
2026/04/13 19:56:53.253, 0, 3476, 100, 0, 35, 42.00
2026/04/13 19:56:53.256, 1, 3476, 100, 0, 34, 42.66
2026/04/13 19:56:54.260, 0, 3476, 100, 0, 35, 42.10
2026/04/13 19:56:54.263, 1, 3476, 100, 0, 34, 42.65
2026/04/13 19:56:55.266, 0, 3476, 100, 0, 34, 42.00
2026/04/13 19:56:55.271, 1, 3476, 100, 0, 34, 42.65
2026/04/13 19:56:56.275, 0, 3476, 100, 0, 34, 42.10
2026/04/13 19:56:56.277, 1, 3476, 100, 0, 34, 42.56
2026/04/13 19:56:57.281, 0, 3476, 100, 0, 34, 42.00
2026/04/13 19:56:57.284, 1, 3476, 100, 0, 34, 42.65
2026/04/13 19:56:58.290, 0, 3476, 100, 0, 34, 42.00
2026/04/13 19:56:58.292, 1, 3476, 100, 0, 34, 42.65
2026/04/13 19:56:59.296, 0, 3476, 100, 0, 35, 42.10
2026/04/13 19:56:59.299, 1, 3476, 100, 0, 34, 42.56
2026/04/13 19:57:00.303, 0, 3476, 100, 0, 34, 41.89
2026/04/13 19:57:00.305, 1, 3476, 100, 0, 34, 42.65
2026/04/13 19:57:01.309, 0, 3476, 100, 0, 35, 42.10
2026/04/13 19:57:01.312, 1, 3476, 100, 0, 34, 42.65
2026/04/13 19:57:02.319, 0, 3476, 100, 0, 34, 42.10
2026/04/13 19:57:02.321, 1, 3476, 100, 0, 34, 42.65
2026/04/13 19:57:03.325, 0, 3476, 100, 0, 34, 42.09
2026/04/13 19:57:03.328, 1, 3476, 100, 0, 34, 42.65
2026/04/13 19:57:04.331, 0, 3476, 100, 0, 34, 41.90
2026/04/13 19:57:04.334, 1, 3476, 100, 0, 34, 42.56
2026/04/13 19:57:05.338, 0, 3476, 100, 0, 34, 42.09
2026/04/13 19:57:05.341, 1, 3476, 100, 0, 34, 42.65
2026/04/13 19:57:06.347, 0, 3476, 100, 0, 34, 42.00
2026/04/13 19:57:06.350, 1, 3476, 100, 0, 34, 42.55
2026/04/13 19:57:07.353, 0, 3476, 100, 0, 34, 42.00
2026/04/13 19:57:07.356, 1, 3476, 100, 0, 34, 42.55
2026/04/13 19:57:08.360, 0, 3476, 100, 0, 34, 41.89
2026/04/13 19:57:08.362, 1, 3476, 100, 0, 34, 42.65
2026/04/13 19:57:09.366, 0, 3476, 100, 0, 34, 42.00
2026/04/13 19:57:09.369, 1, 3476, 100, 0, 34, 42.65
2026/04/13 19:57:10.376, 0, 3476, 100, 0, 35, 41.99
2026/04/13 19:57:10.378, 1, 3476, 100, 0, 34, 42.55
2026/04/13 19:57:11.382, 0, 3476, 100, 0, 34, 41.90
2026/04/13 19:57:11.385, 1, 3476, 100, 0, 34, 42.65
2026/04/13 19:57:12.387, 0, 3476, 100, 0, 34, 42.10
2026/04/13 19:57:12.391, 1, 3476, 100, 0, 34, 42.55
2026/04/13 19:57:13.395, 0, 3476, 100, 0, 34, 42.09
2026/04/13 19:57:13.397, 1, 3476, 100, 0, 34, 42.55
2026/04/13 19:57:14.404, 0, 3476, 100, 0, 34, 42.10
2026/04/13 19:57:14.408, 1, 3476, 100, 0, 34, 42.65
2026/04/13 19:57:15.411, 0, 3476, 100, 0, 34, 42.10
2026/04/13 19:57:15.413, 1, 3476, 100, 0, 34, 42.55
2026/04/13 19:57:16.416, 0, 3476, 100, 0, 34, 41.99
2026/04/13 19:57:16.419, 1, 3476, 100, 0, 34, 42.55
2026/04/13 19:57:17.422, 0, 3476, 100, 0, 35, 42.09
2026/04/13 19:57:17.425, 1, 3476, 100, 0, 34, 42.56
2026/04/13 19:57:18.428, 0, 3476, 100, 0, 34, 42.10
2026/04/13 19:57:18.430, 1, 3476, 100, 0, 34, 42.56
2026/04/13 19:57:19.434, 0, 3476, 100, 0, 34, 42.10
2026/04/13 19:57:19.437, 1, 3476, 100, 0, 34, 42.65
2026/04/13 19:57:20.440, 0, 3476, 100, 0, 34, 42.00
2026/04/13 19:57:20.444, 1, 3476, 100, 0, 34, 42.65
2026/04/13 19:57:21.448, 0, 3476, 100, 0, 34, 42.10
2026/04/13 19:57:21.451, 1, 3476, 100, 0, 34, 42.66
2026/04/13 19:57:22.454, 0, 3476, 100, 0, 35, 42.10
2026/04/13 19:57:22.457, 1, 3476, 100, 0, 34, 42.65
2026/04/13 19:57:23.462, 0, 3476, 100, 0, 34, 41.89
2026/04/13 19:57:23.465, 1, 3476, 100, 0, 34, 42.55
2026/04/13 19:57:24.469, 0, 3476, 100, 0, 34, 41.99
2026/04/13 19:57:24.474, 1, 3476, 100, 0, 34, 42.65
2026/04/13 19:57:25.478, 0, 3476, 100, 0, 34, 42.09
2026/04/13 19:57:25.481, 1, 3476, 100, 0, 34, 42.65
2026/04/13 19:57:26.485, 0, 3476, 100, 0, 34, 42.10
2026/04/13 19:57:26.487, 1, 3476, 100, 0, 34, 42.65
2026/04/13 19:57:27.493, 0, 3476, 100, 0, 34, 42.10
2026/04/13 19:57:27.496, 1, 3476, 100, 0, 34, 42.66
2026/04/13 19:57:28.499, 0, 3476, 100, 0, 34, 42.20
2026/04/13 19:57:28.503, 1, 3476, 100, 0, 34, 42.65
2026/04/13 19:57:29.506, 0, 3476, 100, 0, 35, 42.09
2026/04/13 19:57:29.509, 1, 3476, 100, 0, 34, 42.55
2026/04/13 19:57:30.513, 0, 3476, 100, 0, 34, 42.09
2026/04/13 19:57:30.515, 1, 3476, 100, 0, 34, 42.55
2026/04/13 19:57:31.521, 0, 3476, 100, 0, 34, 42.10
2026/04/13 19:57:31.524, 1, 3476, 100, 0, 34, 42.65
2026/04/13 19:57:32.528, 0, 3476, 100, 0, 34, 42.10
2026/04/13 19:57:32.531, 1, 3476, 100, 0, 34, 42.55
2026/04/13 19:57:33.534, 0, 3476, 100, 0, 35, 42.10
2026/04/13 19:57:33.537, 1, 3476, 100, 0, 34, 42.65
2026/04/13 19:57:34.541, 0, 3476, 100, 0, 34, 42.09
2026/04/13 19:57:34.543, 1, 3476, 100, 0, 34, 42.65
2026/04/13 19:57:35.548, 0, 3476, 100, 0, 34, 42.09
2026/04/13 19:57:35.551, 1, 3476, 100, 0, 34, 42.55
2026/04/13 19:57:36.555, 0, 3476, 100, 0, 34, 41.99
2026/04/13 19:57:36.559, 1, 3476, 100, 0, 34, 42.55
2026/04/13 19:57:37.562, 0, 3476, 100, 0, 34, 42.19
2026/04/13 19:57:37.565, 1, 3476, 100, 0, 34, 42.55
2026/04/13 19:57:38.569, 0, 3476, 100, 0, 34, 42.10
2026/04/13 19:57:38.572, 1, 3476, 100, 0, 34, 42.65
2026/04/13 19:57:39.577, 0, 3476, 100, 0, 34, 42.10
2026/04/13 19:57:39.580, 1, 3476, 100, 0, 34, 42.65
2026/04/13 19:57:40.584, 0, 3476, 100, 0, 34, 42.09
2026/04/13 19:57:40.587, 1, 3476, 100, 0, 34, 42.66
2026/04/13 19:57:41.591, 0, 3476, 100, 0, 34, 42.01
2026/04/13 19:57:41.594, 1, 3476, 100, 0, 34, 42.55
2026/04/13 19:57:42.597, 0, 3476, 100, 0, 35, 42.10
2026/04/13 19:57:42.600, 1, 3476, 100, 0, 34, 42.65
2026/04/13 19:57:43.606, 0, 3476, 100, 0, 34, 42.00
2026/04/13 19:57:43.609, 1, 3476, 100, 0, 34, 42.65
2026/04/13 19:57:44.614, 0, 3476, 100, 0, 34, 41.99
2026/04/13 19:57:44.617, 1, 3476, 100, 0, 34, 42.65
2026/04/13 19:57:45.621, 0, 3476, 100, 0, 34, 42.09
2026/04/13 19:57:45.624, 1, 3476, 100, 0, 34, 42.65
2026/04/13 19:57:46.628, 0, 3476, 100, 0, 34, 42.10
2026/04/13 19:57:46.631, 1, 3476, 100, 0, 34, 42.65
2026/04/13 19:57:47.637, 0, 3476, 100, 0, 34, 42.10
2026/04/13 19:57:47.640, 1, 3476, 100, 0, 34, 42.65
2026/04/13 19:57:48.644, 0, 3476, 100, 0, 34, 42.10
2026/04/13 19:57:48.646, 1, 3476, 100, 0, 34, 42.65
2026/04/13 19:57:49.650, 0, 3476, 100, 0, 34, 42.09
2026/04/13 19:57:49.653, 1, 3476, 100, 0, 34, 42.55
2026/04/13 19:57:50.657, 0, 3476, 100, 0, 35, 42.10
2026/04/13 19:57:50.660, 1, 3476, 100, 0, 34, 42.65
2026/04/13 19:57:51.664, 0, 3476, 100, 0, 34, 42.09
2026/04/13 19:57:51.666, 1, 3476, 100, 0, 34, 42.65
2026/04/13 19:57:52.670, 0, 3476, 100, 0, 34, 41.99
2026/04/13 19:57:52.674, 1, 3476, 100, 0, 34, 42.55
2026/04/13 19:57:53.678, 0, 3476, 100, 0, 35, 41.99
2026/04/13 19:57:53.681, 1, 3476, 100, 0, 34, 42.65
2026/04/13 19:57:54.684, 0, 3476, 100, 0, 35, 42.00
2026/04/13 19:57:54.687, 1, 3476, 100, 0, 34, 42.65
2026/04/13 19:57:55.691, 0, 3476, 100, 0, 35, 41.99
2026/04/13 19:57:55.694, 1, 3476, 100, 0, 34, 42.55
2026/04/13 19:57:56.698, 0, 3476, 100, 0, 34, 42.10
2026/04/13 19:57:56.705, 1, 3476, 100, 0, 34, 42.65
2026/04/13 19:57:57.709, 0, 3476, 100, 0, 35, 42.00
2026/04/13 19:57:57.711, 1, 3476, 100, 0, 34, 42.65
2026/04/13 19:57:58.715, 0, 3476, 100, 0, 35, 41.90
2026/04/13 19:57:58.718, 1, 3476, 100, 0, 34, 42.65
2026/04/13 19:57:59.722, 0, 3476, 100, 0, 35, 42.10
2026/04/13 19:57:59.724, 1, 3476, 100, 0, 34, 42.65
2026/04/13 19:58:00.728, 0, 3476, 100, 0, 35, 42.09
2026/04/13 19:58:00.731, 1, 3476, 100, 0, 34, 42.65
2026/04/13 19:58:01.736, 0, 3476, 100, 0, 34, 42.10
2026/04/13 19:58:01.739, 1, 3476, 100, 0, 34, 42.65
2026/04/13 19:58:02.744, 0, 3476, 100, 0, 35, 41.99
2026/04/13 19:58:02.747, 1, 3476, 100, 0, 34, 42.65
2026/04/13 19:58:03.751, 0, 3476, 100, 0, 35, 41.89
2026/04/13 19:58:03.754, 1, 3476, 100, 0, 34, 42.65
2026/04/13 19:58:04.757, 0, 3476, 100, 0, 35, 41.90
2026/04/13 19:58:04.760, 1, 3476, 100, 0, 34, 42.65
2026/04/13 19:58:05.764, 0, 3476, 100, 0, 34, 41.99
2026/04/13 19:58:05.769, 1, 3476, 100, 0, 34, 42.55
2026/04/13 19:58:06.773, 0, 3476, 100, 0, 35, 42.10
2026/04/13 19:58:06.775, 1, 3476, 100, 0, 34, 42.55
2026/04/13 19:58:07.779, 0, 3476, 100, 0, 34, 41.99
2026/04/13 19:58:07.782, 1, 3476, 100, 0, 34, 42.65
2026/04/13 19:58:08.788, 0, 3476, 100, 0, 35, 42.00
2026/04/13 19:58:08.791, 1, 3476, 100, 0, 34, 42.65
2026/04/13 19:58:09.795, 0, 3476, 100, 0, 34, 42.00
2026/04/13 19:58:09.798, 1, 3476, 100, 0, 34, 42.55
2026/04/13 19:58:10.801, 0, 3476, 100, 0, 35, 42.09
2026/04/13 19:58:10.804, 1, 3476, 100, 0, 34, 42.66
2026/04/13 19:58:11.808, 0, 3476, 100, 0, 35, 42.10
2026/04/13 19:58:11.811, 1, 3476, 100, 0, 34, 42.65
2026/04/13 19:58:12.814, 0, 3476, 100, 0, 35, 42.10
2026/04/13 19:58:12.817, 1, 3476, 100, 0, 34, 42.65
2026/04/13 19:58:13.822, 0, 3476, 100, 0, 34, 42.01
2026/04/13 19:58:13.825, 1, 3476, 100, 0, 34, 42.65
2026/04/13 19:58:14.829, 0, 3476, 100, 0, 35, 42.10
2026/04/13 19:58:14.832, 1, 3476, 100, 0, 34, 42.55
2026/04/13 19:58:15.835, 0, 3476, 100, 0, 35, 42.01
2026/04/13 19:58:15.838, 1, 3476, 100, 0, 34, 42.66
2026/04/13 19:58:16.842, 0, 3476, 100, 0, 35, 42.00
2026/04/13 19:58:16.844, 1, 3476, 100, 0, 34, 42.65
2026/04/13 19:58:17.848, 0, 3476, 100, 0, 34, 41.99
2026/04/13 19:58:17.853, 1, 3476, 100, 0, 34, 42.65
2026/04/13 19:58:18.857, 0, 3476, 100, 0, 35, 42.01
2026/04/13 19:58:18.859, 1, 3476, 100, 0, 34, 42.65
2026/04/13 19:58:19.863, 0, 3476, 100, 0, 35, 42.10
2026/04/13 19:58:19.866, 1, 3476, 100, 0, 34, 42.66
2026/04/13 19:58:20.870, 0, 3476, 100, 0, 35, 41.99
2026/04/13 19:58:20.872, 1, 3476, 100, 0, 34, 42.65
2026/04/13 19:58:21.876, 0, 3476, 100, 0, 34, 42.01
2026/04/13 19:58:21.879, 1, 3476, 100, 0, 34, 42.65
2026/04/13 19:58:22.883, 0, 3476, 100, 0, 35, 41.99
2026/04/13 19:58:22.886, 1, 3476, 100, 0, 34, 42.65
2026/04/13 19:58:23.889, 0, 3476, 100, 0, 35, 42.00
2026/04/13 19:58:23.892, 1, 3476, 100, 0, 34, 42.65
2026/04/13 19:58:24.896, 0, 3476, 100, 0, 34, 42.00
2026/04/13 19:58:24.899, 1, 3476, 100, 0, 34, 42.65
2026/04/13 19:58:25.902, 0, 3476, 100, 0, 34, 41.99
2026/04/13 19:58:25.905, 1, 3476, 100, 0, 34, 42.65
2026/04/13 19:58:26.909, 0, 3476, 100, 0, 35, 42.10
2026/04/13 19:58:26.912, 1, 3476, 100, 0, 34, 42.65
2026/04/13 19:58:27.915, 0, 3476, 100, 0, 34, 42.09
2026/04/13 19:58:27.918, 1, 3476, 100, 0, 34, 42.55
2026/04/13 19:58:28.922, 0, 3476, 100, 0, 34, 42.09
2026/04/13 19:58:28.925, 1, 3476, 100, 0, 34, 42.65
2026/04/13 19:58:29.929, 0, 3476, 100, 0, 34, 42.10
2026/04/13 19:58:29.931, 1, 3476, 100, 0, 34, 42.65
2026/04/13 19:58:30.935, 0, 3476, 100, 0, 34, 42.00
2026/04/13 19:58:30.941, 1, 3476, 100, 0, 34, 42.65
2026/04/13 19:58:31.944, 0, 3476, 100, 0, 35, 42.10
2026/04/13 19:58:31.947, 1, 3476, 100, 0, 34, 42.65
2026/04/13 19:58:32.951, 0, 3476, 100, 0, 34, 41.99
2026/04/13 19:58:32.954, 1, 3476, 100, 0, 34, 42.55
2026/04/13 19:58:33.957, 0, 3476, 100, 0, 34, 42.00
2026/04/13 19:58:33.960, 1, 3476, 100, 0, 34, 42.65
2026/04/13 19:58:34.964, 0, 3476, 100, 0, 34, 41.99
2026/04/13 19:58:34.966, 1, 3476, 100, 0, 34, 42.65
2026/04/13 19:58:35.973, 0, 3476, 100, 0, 35, 42.00
2026/04/13 19:58:35.976, 1, 3476, 100, 0, 34, 42.65
2026/04/13 19:58:36.979, 0, 3476, 100, 0, 34, 42.01
2026/04/13 19:58:36.981, 1, 3476, 100, 0, 34, 42.66
2026/04/13 19:58:37.984, 0, 3476, 100, 0, 34, 42.10
2026/04/13 19:58:37.988, 1, 3476, 100, 0, 34, 42.65
2026/04/13 19:58:38.992, 0, 3476, 100, 0, 35, 41.99
2026/04/13 19:58:38.994, 1, 3476, 100, 0, 34, 42.55
2026/04/13 19:58:39.999, 0, 3476, 100, 0, 35, 42.09
2026/04/13 19:58:40.002, 1, 3476, 100, 0, 34, 42.65
2026/04/13 19:58:41.005, 0, 3476, 100, 0, 35, 42.00
2026/04/13 19:58:41.008, 1, 3476, 100, 0, 34, 42.65
2026/04/13 19:58:42.011, 0, 3476, 100, 0, 35, 42.09
2026/04/13 19:58:42.014, 1, 3476, 100, 0, 34, 42.55
2026/04/13 19:58:43.017, 0, 3476, 100, 0, 34, 42.00
2026/04/13 19:58:43.019, 1, 3476, 100, 0, 34, 42.55
2026/04/13 19:58:44.022, 0, 3476, 100, 0, 35, 41.99
2026/04/13 19:58:44.025, 1, 3476, 100, 0, 34, 42.65
2026/04/13 19:58:45.030, 0, 3476, 100, 0, 34, 42.00
2026/04/13 19:58:45.034, 1, 3476, 100, 0, 34, 42.66
2026/04/13 19:58:46.038, 0, 3476, 100, 0, 34, 42.01
2026/04/13 19:58:46.041, 1, 3476, 100, 0, 34, 42.55
2026/04/13 19:58:47.044, 0, 3476, 100, 0, 35, 41.99
2026/04/13 19:58:47.046, 1, 3476, 100, 0, 34, 42.55
2026/04/13 19:58:48.049, 0, 3476, 100, 0, 34, 42.01
2026/04/13 19:58:48.052, 1, 3476, 100, 0, 34, 42.66
2026/04/13 19:58:49.054, 0, 3476, 100, 0, 34, 42.01
2026/04/13 19:58:49.057, 1, 3476, 100, 0, 34, 42.55
2026/04/13 19:58:50.061, 0, 3476, 100, 0, 34, 42.01
2026/04/13 19:58:50.063, 1, 3476, 100, 0, 34, 42.66
2026/04/13 19:58:51.066, 0, 3476, 100, 0, 35, 42.10
2026/04/13 19:58:51.070, 1, 3476, 100, 0, 34, 42.65
2026/04/13 19:58:52.072, 0, 3476, 100, 0, 34, 42.01
2026/04/13 19:58:52.075, 1, 3476, 100, 0, 34, 42.65
2026/04/13 19:58:53.078, 0, 3476, 100, 0, 34, 42.09
2026/04/13 19:58:53.080, 1, 3476, 100, 0, 34, 42.65
2026/04/13 19:58:54.083, 0, 3476, 100, 0, 34, 42.10
2026/04/13 19:58:54.086, 1, 3476, 100, 0, 34, 42.55
2026/04/13 19:58:55.088, 0, 3476, 100, 0, 34, 42.00
2026/04/13 19:58:55.091, 1, 3476, 100, 0, 34, 42.56
2026/04/13 19:58:56.097, 0, 3476, 100, 0, 35, 42.01
2026/04/13 19:58:56.100, 1, 3476, 100, 0, 34, 42.55
2026/04/13 19:58:57.103, 0, 3476, 100, 0, 34, 41.99
2026/04/13 19:58:57.106, 1, 3476, 100, 0, 34, 42.65
2026/04/13 19:58:58.108, 0, 3476, 100, 0, 34, 42.10
2026/04/13 19:58:58.111, 1, 3476, 100, 0, 34, 42.65
2026/04/13 19:58:59.114, 0, 3476, 100, 0, 34, 42.00
2026/04/13 19:58:59.116, 1, 3476, 100, 0, 34, 42.55
2026/04/13 19:59:00.119, 0, 3476, 100, 0, 34, 41.99
2026/04/13 19:59:00.122, 1, 3476, 100, 0, 34, 42.55
2026/04/13 19:59:01.124, 0, 3476, 100, 0, 34, 42.01
2026/04/13 19:59:01.130, 1, 3476, 100, 0, 34, 42.56
2026/04/13 19:59:02.132, 0, 3476, 100, 0, 34, 42.10
2026/04/13 19:59:02.137, 1, 3476, 100, 0, 34, 42.65
2026/04/13 19:59:03.140, 0, 3476, 100, 0, 34, 42.00
2026/04/13 19:59:03.143, 1, 3476, 100, 0, 34, 42.65
2026/04/13 19:59:04.146, 0, 3476, 100, 0, 34, 41.89
2026/04/13 19:59:04.149, 1, 3476, 100, 0, 34, 42.65
2026/04/13 19:59:05.153, 0, 3476, 100, 0, 34, 42.10
2026/04/13 19:59:05.158, 1, 3476, 100, 0, 34, 42.65
2026/04/13 19:59:06.162, 0, 3476, 100, 0, 34, 42.01
2026/04/13 19:59:06.164, 1, 3476, 100, 0, 34, 42.65
2026/04/13 19:59:07.168, 0, 3476, 100, 0, 34, 41.99
2026/04/13 19:59:07.171, 1, 3476, 100, 0, 34, 42.55
2026/04/13 19:59:08.176, 0, 3476, 100, 0, 34, 42.01
2026/04/13 19:59:08.179, 1, 3476, 100, 0, 34, 42.65
2026/04/13 19:59:09.183, 0, 3476, 100, 0, 34, 42.10
2026/04/13 19:59:09.185, 1, 3476, 100, 0, 34, 42.56
2026/04/13 19:59:10.189, 0, 3476, 100, 0, 34, 42.01
2026/04/13 19:59:10.192, 1, 3476, 100, 0, 34, 42.65
2026/04/13 19:59:11.200, 0, 3476, 100, 0, 34, 41.99
2026/04/13 19:59:11.203, 1, 3476, 100, 0, 34, 42.65
2026/04/13 19:59:12.207, 0, 3476, 100, 0, 34, 42.09
2026/04/13 19:59:12.211, 1, 3476, 100, 0, 34, 42.65
2026/04/13 19:59:13.216, 0, 3476, 100, 0, 34, 42.10
2026/04/13 19:59:13.219, 1, 3476, 100, 0, 34, 42.65
2026/04/13 19:59:14.222, 0, 3476, 100, 0, 34, 42.10
2026/04/13 19:59:14.225, 1, 3476, 100, 0, 34, 42.55
2026/04/13 19:59:15.229, 0, 3476, 100, 0, 34, 41.99
2026/04/13 19:59:15.231, 1, 3476, 100, 0, 34, 42.65
2026/04/13 19:59:16.235, 0, 3476, 100, 0, 34, 42.10
2026/04/13 19:59:16.239, 1, 3476, 100, 0, 34, 42.55
2026/04/13 19:59:17.243, 0, 3476, 100, 0, 34, 42.10
2026/04/13 19:59:17.245, 1, 3476, 100, 0, 34, 42.55
2026/04/13 19:59:18.249, 0, 3476, 100, 0, 34, 42.00
2026/04/13 19:59:18.252, 1, 3476, 100, 0, 34, 42.65
2026/04/13 19:59:19.256, 0, 3476, 100, 0, 34, 42.00
2026/04/13 19:59:19.258, 1, 3476, 100, 0, 34, 42.65
2026/04/13 19:59:20.262, 0, 3476, 100, 0, 34, 42.10
2026/04/13 19:59:20.265, 1, 3476, 100, 0, 34, 42.55
2026/04/13 19:59:21.269, 0, 3476, 100, 0, 34, 42.00
2026/04/13 19:59:21.271, 1, 3476, 100, 0, 34, 42.56
2026/04/13 19:59:22.275, 0, 3476, 100, 0, 34, 42.00
2026/04/13 19:59:22.278, 1, 3476, 100, 0, 34, 42.65
2026/04/13 19:59:23.281, 0, 3476, 100, 0, 34, 41.89
2026/04/13 19:59:23.284, 1, 3476, 100, 0, 34, 42.55
2026/04/13 19:59:24.288, 0, 3476, 100, 0, 34, 42.00
2026/04/13 19:59:24.291, 1, 3476, 100, 0, 34, 42.55
2026/04/13 19:59:25.295, 0, 3476, 100, 0, 35, 42.10
2026/04/13 19:59:25.300, 1, 3476, 100, 0, 34, 42.55
2026/04/13 19:59:26.303, 0, 3476, 100, 0, 34, 42.10
2026/04/13 19:59:26.306, 1, 3476, 100, 0, 34, 42.65
2026/04/13 19:59:27.310, 0, 3476, 100, 0, 34, 41.99
2026/04/13 19:59:27.312, 1, 3476, 100, 0, 34, 42.55
2026/04/13 19:59:28.318, 0, 3476, 100, 0, 34, 41.99
2026/04/13 19:59:28.321, 1, 3476, 100, 0, 34, 42.55
2026/04/13 19:59:29.324, 0, 3476, 100, 0, 34, 41.99
2026/04/13 19:59:29.327, 1, 3476, 100, 0, 34, 42.65
2026/04/13 19:59:30.331, 0, 3476, 100, 0, 34, 41.99
2026/04/13 19:59:30.334, 1, 3476, 100, 0, 34, 42.65
2026/04/13 19:59:31.338, 0, 3476, 100, 0, 34, 42.09
2026/04/13 19:59:31.340, 1, 3476, 100, 0, 34, 42.65
2026/04/13 19:59:32.344, 0, 3476, 100, 0, 34, 42.09
2026/04/13 19:59:32.347, 1, 3476, 100, 0, 34, 42.65
2026/04/13 19:59:33.350, 0, 3476, 100, 0, 34, 42.10
2026/04/13 19:59:33.353, 1, 3476, 100, 0, 34, 42.65
2026/04/13 19:59:34.357, 0, 3476, 100, 0, 34, 42.00
2026/04/13 19:59:34.360, 1, 3476, 100, 0, 34, 42.65
2026/04/13 19:59:35.364, 0, 3476, 100, 0, 34, 41.91
2026/04/13 19:59:35.367, 1, 3476, 100, 0, 34, 42.65
2026/04/13 19:59:36.370, 0, 3476, 100, 0, 34, 41.99
2026/04/13 19:59:36.373, 1, 3476, 100, 0, 34, 42.55
2026/04/13 19:59:37.379, 0, 3476, 100, 0, 34, 41.99
2026/04/13 19:59:37.382, 1, 3476, 100, 0, 34, 42.65
2026/04/13 19:59:38.386, 0, 3476, 100, 0, 35, 41.99
2026/04/13 19:59:38.390, 1, 3476, 100, 0, 34, 42.56
2026/04/13 19:59:39.394, 0, 3476, 100, 0, 34, 42.00
2026/04/13 19:59:39.396, 1, 3476, 100, 0, 34, 42.55
2026/04/13 19:59:40.400, 0, 3476, 100, 0, 34, 42.00
2026/04/13 19:59:40.403, 1, 3476, 100, 0, 34, 42.66
2026/04/13 19:59:41.407, 0, 3476, 100, 0, 34, 42.00
2026/04/13 19:59:41.411, 1, 3476, 100, 0, 34, 42.65
2026/04/13 19:59:42.415, 0, 3476, 100, 0, 34, 42.09
2026/04/13 19:59:42.418, 1, 3476, 100, 0, 34, 42.65
2026/04/13 19:59:43.422, 0, 3476, 100, 0, 34, 41.99
2026/04/13 19:59:43.425, 1, 3476, 100, 0, 34, 42.66
2026/04/13 19:59:44.429, 0, 3476, 100, 0, 34, 42.00
2026/04/13 19:59:44.432, 1, 3476, 100, 0, 34, 42.65
2026/04/13 19:59:45.435, 0, 3476, 100, 0, 34, 42.00
2026/04/13 19:59:45.438, 1, 3476, 100, 0, 34, 42.65
2026/04/13 19:59:46.444, 0, 3476, 100, 0, 34, 42.00
2026/04/13 19:59:46.447, 1, 3476, 100, 0, 34, 42.65
2026/04/13 19:59:47.451, 0, 3476, 100, 0, 34, 42.10
2026/04/13 19:59:47.453, 1, 3476, 100, 0, 34, 42.55
2026/04/13 19:59:48.457, 0, 3476, 100, 0, 34, 42.09
2026/04/13 19:59:48.460, 1, 3476, 100, 0, 34, 42.65
2026/04/13 19:59:49.464, 0, 3476, 100, 0, 34, 42.00
2026/04/13 19:59:49.467, 1, 3476, 100, 0, 34, 42.55
2026/04/13 19:59:50.471, 0, 3476, 100, 0, 34, 42.09
2026/04/13 19:59:50.474, 1, 3476, 100, 0, 34, 42.65
2026/04/13 19:59:51.478, 0, 3476, 100, 0, 34, 42.09
2026/04/13 19:59:51.480, 1, 3476, 100, 0, 34, 42.65
2026/04/13 19:59:52.484, 0, 3476, 100, 0, 34, 42.00
2026/04/13 19:59:52.487, 1, 3476, 100, 0, 34, 42.65
2026/04/13 19:59:53.490, 0, 3476, 100, 0, 34, 42.00
2026/04/13 19:59:53.493, 1, 3476, 100, 0, 34, 42.65
2026/04/13 19:59:54.497, 0, 3476, 100, 0, 34, 42.09
2026/04/13 19:59:54.501, 1, 3476, 100, 0, 34, 42.55
2026/04/13 19:59:55.507, 0, 3476, 100, 0, 35, 42.09
2026/04/13 19:59:55.509, 1, 3476, 100, 0, 34, 42.55
2026/04/13 19:59:56.513, 0, 3476, 100, 0, 34, 42.00
2026/04/13 19:59:56.516, 1, 3476, 100, 0, 34, 42.55
2026/04/13 19:59:57.520, 0, 3476, 100, 0, 34, 41.89
2026/04/13 19:59:57.522, 1, 3476, 100, 0, 34, 42.65
2026/04/13 19:59:58.526, 0, 3476, 100, 0, 34, 42.01
2026/04/13 19:59:58.529, 1, 3476, 100, 0, 34, 42.55
2026/04/13 19:59:59.533, 0, 3476, 100, 0, 34, 41.99
2026/04/13 19:59:59.535, 1, 3476, 100, 0, 34, 42.55
2026/04/13 20:00:00.539, 0, 3476, 100, 0, 34, 41.91
2026/04/13 20:00:00.542, 1, 3476, 100, 0, 34, 42.65
2026/04/13 20:00:01.546, 0, 3476, 100, 0, 34, 41.99
2026/04/13 20:00:01.548, 1, 3476, 100, 0, 34, 42.65
2026/04/13 20:00:02.552, 0, 3476, 100, 0, 34, 42.01
2026/04/13 20:00:02.557, 1, 3476, 100, 0, 34, 42.65
2026/04/13 20:00:03.560, 0, 3476, 100, 0, 34, 41.99
2026/04/13 20:00:03.563, 1, 3476, 100, 0, 34, 42.55
2026/04/13 20:00:04.570, 0, 3476, 100, 0, 34, 41.90
2026/04/13 20:00:04.572, 1, 3476, 100, 0, 34, 42.55
2026/04/13 20:00:05.576, 0, 3476, 100, 0, 34, 42.00
2026/04/13 20:00:05.579, 1, 3476, 100, 0, 34, 42.65
2026/04/13 20:00:06.582, 0, 3476, 100, 0, 34, 42.00
2026/04/13 20:00:06.585, 1, 3476, 100, 0, 34, 42.55
2026/04/13 20:00:07.589, 0, 3476, 100, 0, 34, 41.99
2026/04/13 20:00:07.592, 1, 3476, 100, 0, 34, 42.55
2026/04/13 20:00:08.598, 0, 3476, 100, 0, 34, 41.99
2026/04/13 20:00:08.601, 1, 3476, 100, 0, 34, 42.65
2026/04/13 20:00:09.605, 0, 3476, 100, 0, 34, 41.89
2026/04/13 20:00:09.610, 1, 3476, 100, 0, 34, 42.55
2026/04/13 20:00:10.614, 0, 3476, 100, 0, 34, 42.00
2026/04/13 20:00:10.616, 1, 3476, 100, 0, 34, 42.55
2026/04/13 20:00:11.620, 0, 3476, 100, 0, 34, 42.00
2026/04/13 20:00:11.623, 1, 3476, 100, 0, 34, 42.55
2026/04/13 20:00:12.627, 0, 3476, 100, 0, 34, 41.99
2026/04/13 20:00:12.629, 1, 3476, 100, 0, 34, 42.55
2026/04/13 20:00:13.633, 0, 3476, 100, 0, 34, 41.99
2026/04/13 20:00:13.638, 1, 3476, 100, 0, 34, 42.55
2026/04/13 20:00:14.642, 0, 3476, 100, 0, 34, 41.99
2026/04/13 20:00:14.645, 1, 3476, 100, 0, 34, 42.65
2026/04/13 20:00:15.649, 0, 3476, 100, 0, 34, 41.99
2026/04/13 20:00:15.652, 1, 3476, 100, 0, 34, 42.65
2026/04/13 20:00:16.655, 0, 3476, 100, 0, 34, 42.10
2026/04/13 20:00:16.658, 1, 3476, 100, 0, 34, 42.65
2026/04/13 20:00:17.662, 0, 3476, 100, 0, 34, 42.10
2026/04/13 20:00:17.667, 1, 3476, 100, 0, 34, 42.65
2026/04/13 20:00:18.671, 0, 3476, 100, 0, 34, 41.99
2026/04/13 20:00:18.674, 1, 3476, 100, 0, 34, 42.65
2026/04/13 20:00:19.678, 0, 3476, 100, 0, 34, 42.00
2026/04/13 20:00:19.681, 1, 3476, 100, 0, 34, 42.55
2026/04/13 20:00:20.684, 0, 3476, 100, 0, 34, 42.00
2026/04/13 20:00:20.687, 1, 3476, 100, 0, 34, 42.55
2026/04/13 20:00:21.692, 0, 3476, 100, 0, 34, 42.00
2026/04/13 20:00:21.698, 1, 3476, 100, 0, 34, 42.65
2026/04/13 20:00:22.707, 0, 3476, 100, 0, 34, 41.99
2026/04/13 20:00:22.709, 1, 3476, 100, 0, 34, 42.66
2026/04/13 20:00:23.713, 0, 3476, 100, 0, 34, 42.00
2026/04/13 20:00:23.716, 1, 3476, 100, 0, 34, 42.65
2026/04/13 20:00:24.720, 0, 3476, 100, 0, 34, 42.00
2026/04/13 20:00:24.723, 1, 3476, 100, 0, 34, 42.65
2026/04/13 20:00:25.726, 0, 3476, 100, 0, 34, 41.99
2026/04/13 20:00:25.728, 1, 3476, 100, 0, 34, 42.65
2026/04/13 20:00:26.732, 0, 3476, 100, 0, 34, 41.89
2026/04/13 20:00:26.735, 1, 3476, 100, 0, 34, 42.65
2026/04/13 20:00:27.740, 0, 3476, 100, 0, 34, 42.01
2026/04/13 20:00:27.743, 1, 3476, 100, 0, 34, 42.65
2026/04/13 20:00:28.747, 0, 3476, 100, 0, 34, 42.00
2026/04/13 20:00:28.752, 1, 3476, 100, 0, 34, 42.65
2026/04/13 20:00:29.756, 0, 3476, 100, 0, 34, 42.09
2026/04/13 20:00:29.758, 1, 3476, 100, 0, 34, 42.65
2026/04/13 20:00:30.762, 0, 3476, 100, 0, 34, 41.90
2026/04/13 20:00:30.765, 1, 3476, 100, 0, 34, 42.66
2026/04/13 20:00:31.769, 0, 3476, 100, 0, 34, 42.10
2026/04/13 20:00:31.773, 1, 3476, 100, 0, 34, 42.65
2026/04/13 20:00:32.777, 0, 3476, 100, 0, 34, 42.00
2026/04/13 20:00:32.780, 1, 3476, 100, 0, 34, 42.55
2026/04/13 20:00:33.783, 0, 3476, 100, 0, 34, 41.89
2026/04/13 20:00:33.786, 1, 3476, 100, 0, 34, 42.55
2026/04/13 20:00:34.790, 0, 3476, 100, 0, 34, 42.01
2026/04/13 20:00:34.793, 1, 3476, 100, 0, 34, 42.66
2026/04/13 20:00:35.799, 0, 3476, 100, 0, 34, 42.00
2026/04/13 20:00:35.801, 1, 3476, 100, 0, 34, 42.55
2026/04/13 20:00:36.805, 0, 3476, 100, 0, 34, 42.00
2026/04/13 20:00:36.808, 1, 3476, 100, 0, 34, 42.65
2026/04/13 20:00:37.811, 0, 3476, 100, 0, 34, 41.90
2026/04/13 20:00:37.814, 1, 3476, 100, 0, 34, 42.55
2026/04/13 20:00:38.818, 0, 3476, 100, 0, 34, 41.99
2026/04/13 20:00:38.820, 1, 3476, 100, 0, 34, 42.65
2026/04/13 20:00:39.824, 0, 3476, 100, 0, 34, 42.10
2026/04/13 20:00:39.827, 1, 3476, 100, 0, 34, 42.65
2026/04/13 20:00:40.831, 0, 3476, 100, 0, 34, 41.89
2026/04/13 20:00:40.834, 1, 3476, 100, 0, 34, 42.65
2026/04/13 20:00:41.838, 0, 3476, 100, 0, 34, 41.89
2026/04/13 20:00:41.841, 1, 3476, 100, 0, 34, 42.55
2026/04/13 20:00:42.845, 0, 3476, 100, 0, 34, 41.99
2026/04/13 20:00:42.848, 1, 3476, 100, 0, 34, 42.66
2026/04/13 20:00:43.852, 0, 3476, 100, 0, 34, 42.00
2026/04/13 20:00:43.855, 1, 3476, 100, 0, 34, 42.65
2026/04/13 20:00:44.861, 0, 3476, 100, 0, 34, 41.99
2026/04/13 20:00:44.863, 1, 3476, 100, 0, 34, 42.55
2026/04/13 20:00:45.867, 0, 3476, 100, 0, 34, 42.00
2026/04/13 20:00:45.870, 1, 3476, 100, 0, 34, 42.55
2026/04/13 20:00:46.873, 0, 3476, 100, 0, 34, 42.00
2026/04/13 20:00:46.876, 1, 3476, 100, 0, 34, 42.55
2026/04/13 20:00:47.880, 0, 3476, 100, 0, 34, 42.01
2026/04/13 20:00:47.882, 1, 3476, 100, 0, 34, 42.55
2026/04/13 20:00:48.886, 0, 3476, 100, 0, 34, 42.00
2026/04/13 20:00:48.890, 1, 3476, 100, 0, 34, 42.65
2026/04/13 20:00:49.894, 0, 3476, 100, 0, 34, 42.00
2026/04/13 20:00:49.896, 1, 3476, 100, 0, 34, 42.55
2026/04/13 20:00:50.900, 0, 3476, 100, 0, 34, 41.89
2026/04/13 20:00:50.903, 1, 3476, 100, 0, 34, 42.65
2026/04/13 20:00:51.907, 0, 3476, 100, 0, 34, 41.99
2026/04/13 20:00:51.909, 1, 3476, 100, 0, 34, 42.65
2026/04/13 20:00:52.913, 0, 3476, 100, 0, 34, 42.10
2026/04/13 20:00:52.918, 1, 3476, 100, 0, 34, 42.65
2026/04/13 20:00:53.923, 0, 3476, 100, 0, 34, 42.10
2026/04/13 20:00:53.926, 1, 3476, 100, 0, 34, 42.65
2026/04/13 20:00:54.929, 0, 3476, 100, 0, 34, 42.00
2026/04/13 20:00:54.932, 1, 3476, 100, 0, 34, 42.56
2026/04/13 20:00:55.936, 0, 3476, 100, 0, 34, 42.00
2026/04/13 20:00:55.939, 1, 3476, 100, 0, 34, 42.65
2026/04/13 20:00:56.942, 0, 3476, 100, 0, 34, 41.99
2026/04/13 20:00:56.946, 1, 3476, 100, 0, 34, 42.65
2026/04/13 20:00:57.953, 0, 3476, 100, 0, 34, 41.99
2026/04/13 20:00:57.956, 1, 3476, 100, 0, 34, 42.65
2026/04/13 20:00:58.959, 0, 3476, 100, 0, 34, 42.00
2026/04/13 20:00:58.962, 1, 3476, 100, 0, 34, 42.56
2026/04/13 20:00:59.966, 0, 3476, 100, 0, 34, 42.01
2026/04/13 20:00:59.969, 1, 3476, 100, 0, 34, 42.66
2026/04/13 20:01:00.972, 0, 3476, 100, 0, 34, 42.00
2026/04/13 20:01:00.975, 1, 3476, 100, 0, 34, 42.55
2026/04/13 20:01:01.979, 0, 3476, 100, 0, 34, 42.00
2026/04/13 20:01:01.981, 1, 3476, 100, 0, 34, 42.65
2026/04/13 20:01:02.986, 0, 3476, 100, 0, 34, 41.99
2026/04/13 20:01:02.988, 1, 3476, 100, 0, 34, 42.55
2026/04/13 20:01:03.994, 0, 3476, 100, 0, 34, 41.99
2026/04/13 20:01:03.996, 1, 3476, 100, 0, 34, 42.65
2026/04/13 20:01:05.000, 0, 3476, 100, 0, 34, 42.10
2026/04/13 20:01:05.004, 1, 3476, 100, 0, 34, 42.56
2026/04/13 20:01:06.008, 0, 3476, 100, 0, 34, 42.10
2026/04/13 20:01:06.010, 1, 3476, 100, 0, 34, 42.65
2026/04/13 20:01:07.014, 0, 3476, 100, 0, 34, 41.99
2026/04/13 20:01:07.017, 1, 3476, 100, 0, 34, 42.65
2026/04/13 20:01:08.021, 0, 3476, 100, 0, 34, 41.99
2026/04/13 20:01:08.024, 1, 3476, 100, 0, 34, 42.65
2026/04/13 20:01:09.027, 0, 3476, 100, 0, 34, 42.10
2026/04/13 20:01:09.032, 1, 3476, 100, 0, 34, 42.55
2026/04/13 20:01:10.036, 0, 3476, 100, 0, 34, 42.10
2026/04/13 20:01:10.038, 1, 3476, 100, 0, 34, 42.65
2026/04/13 20:01:11.042, 0, 3476, 100, 0, 34, 41.99
2026/04/13 20:01:11.045, 1, 3476, 100, 0, 34, 42.55
2026/04/13 20:01:12.052, 0, 3476, 100, 0, 34, 42.00
2026/04/13 20:01:12.054, 1, 3476, 100, 0, 34, 42.55
2026/04/13 20:01:13.058, 0, 3476, 100, 0, 34, 42.00
2026/04/13 20:01:13.061, 1, 3476, 100, 0, 34, 42.65
2026/04/13 20:01:14.065, 0, 3476, 100, 0, 34, 42.09
2026/04/13 20:01:14.067, 1, 3476, 100, 0, 34, 42.65
2026/04/13 20:01:15.071, 0, 3476, 100, 0, 34, 42.00
2026/04/13 20:01:15.074, 1, 3476, 100, 0, 34, 42.65
2026/04/13 20:01:16.077, 0, 3476, 100, 0, 34, 41.99
2026/04/13 20:01:16.080, 1, 3476, 100, 0, 34, 42.56
2026/04/13 20:01:17.085, 0, 3476, 100, 0, 34, 42.00
2026/04/13 20:01:17.088, 1, 3476, 100, 0, 34, 42.65
2026/04/13 20:01:18.092, 0, 3476, 100, 0, 34, 42.00
2026/04/13 20:01:18.094, 1, 3476, 100, 0, 34, 42.55
2026/04/13 20:01:19.099, 0, 3476, 100, 0, 34, 42.00
2026/04/13 20:01:19.102, 1, 3476, 100, 0, 34, 42.65
2026/04/13 20:01:20.106, 0, 3476, 100, 0, 34, 42.00
2026/04/13 20:01:20.109, 1, 3476, 100, 0, 34, 42.55
2026/04/13 20:01:21.113, 0, 3476, 100, 0, 34, 41.99
2026/04/13 20:01:21.116, 1, 3476, 100, 0, 34, 42.65
2026/04/13 20:01:22.120, 0, 3476, 100, 0, 34, 42.01
2026/04/13 20:01:22.123, 1, 3476, 100, 0, 34, 42.65
2026/04/13 20:01:23.127, 0, 3476, 100, 0, 34, 42.00
2026/04/13 20:01:23.129, 1, 3476, 100, 0, 34, 42.65
2026/04/13 20:01:24.133, 0, 3476, 100, 0, 34, 42.00
2026/04/13 20:01:24.136, 1, 3476, 100, 0, 34, 42.65
2026/04/13 20:01:25.140, 0, 3476, 100, 0, 34, 41.89
2026/04/13 20:01:25.145, 1, 3476, 100, 0, 34, 42.65
2026/04/13 20:01:26.148, 0, 3476, 100, 0, 34, 42.00
2026/04/13 20:01:26.150, 1, 3476, 100, 0, 34, 42.65
2026/04/13 20:01:27.154, 0, 3476, 100, 0, 34, 42.09
2026/04/13 20:01:27.157, 1, 3476, 100, 0, 34, 42.55
2026/04/13 20:01:28.161, 0, 3476, 100, 0, 34, 42.00
2026/04/13 20:01:28.163, 1, 3476, 100, 0, 34, 42.55
2026/04/13 20:01:29.166, 0, 3476, 100, 0, 34, 42.01
2026/04/13 20:01:29.169, 1, 3476, 100, 0, 34, 42.55
2026/04/13 20:01:30.171, 0, 3476, 100, 0, 34, 42.00
2026/04/13 20:01:30.174, 1, 3476, 100, 0, 34, 42.55
2026/04/13 20:01:31.177, 0, 3476, 100, 0, 34, 41.99
2026/04/13 20:01:31.180, 1, 3476, 100, 0, 34, 42.55
2026/04/13 20:01:32.184, 0, 3476, 100, 0, 34, 42.00
2026/04/13 20:01:32.186, 1, 3476, 100, 0, 34, 42.65
2026/04/13 20:01:33.189, 0, 3476, 100, 0, 34, 42.00
2026/04/13 20:01:33.192, 1, 3476, 100, 0, 34, 42.55
2026/04/13 20:01:34.194, 0, 3476, 100, 0, 34, 42.10
2026/04/13 20:01:34.197, 1, 3476, 100, 0, 34, 42.65
2026/04/13 20:01:35.200, 0, 3476, 100, 0, 34, 41.99
2026/04/13 20:01:35.202, 1, 3476, 100, 0, 34, 42.65
2026/04/13 20:01:36.206, 0, 3476, 100, 0, 34, 42.00
2026/04/13 20:01:36.209, 1, 3476, 100, 0, 34, 42.55
2026/04/13 20:01:37.212, 0, 3476, 100, 0, 34, 41.90
2026/04/13 20:01:37.220, 1, 3476, 100, 0, 34, 42.65
2026/04/13 20:01:38.222, 0, 3476, 100, 0, 34, 42.00
2026/04/13 20:01:38.225, 1, 3476, 100, 0, 34, 42.55
2026/04/13 20:01:39.228, 0, 3476, 100, 0, 34, 42.00
2026/04/13 20:01:39.230, 1, 3476, 100, 0, 34, 42.55
2026/04/13 20:01:40.233, 0, 3476, 100, 0, 34, 42.01
2026/04/13 20:01:40.239, 1, 3476, 100, 0, 34, 42.65
2026/04/13 20:01:41.242, 0, 3476, 100, 0, 34, 41.99
2026/04/13 20:01:41.244, 1, 3476, 100, 0, 34, 42.65
2026/04/13 20:01:42.248, 0, 3476, 100, 0, 34, 42.00
2026/04/13 20:01:42.250, 1, 3476, 100, 0, 34, 42.65
2026/04/13 20:01:43.253, 0, 3476, 100, 0, 34, 42.00
2026/04/13 20:01:43.256, 1, 3476, 100, 0, 34, 42.55
2026/04/13 20:01:44.259, 0, 3476, 100, 0, 34, 42.00
2026/04/13 20:01:44.264, 1, 3476, 100, 0, 34, 42.65
2026/04/13 20:01:45.267, 0, 3476, 100, 0, 34, 42.00
2026/04/13 20:01:45.270, 1, 3476, 100, 0, 34, 42.65
2026/04/13 20:01:46.273, 0, 3476, 100, 0, 34, 42.10
2026/04/13 20:01:46.276, 1, 3476, 100, 0, 34, 42.65
2026/04/13 20:01:47.280, 0, 3476, 100, 0, 34, 42.00
2026/04/13 20:01:47.282, 1, 3476, 100, 0, 34, 42.66
2026/04/13 20:01:48.285, 0, 3476, 100, 0, 34, 41.99
2026/04/13 20:01:48.288, 1, 3476, 100, 0, 34, 42.65
2026/04/13 20:01:49.291, 0, 3476, 100, 0, 34, 42.00
2026/04/13 20:01:49.293, 1, 3476, 100, 0, 34, 42.66
2026/04/13 20:01:50.296, 0, 3476, 100, 0, 34, 42.00
2026/04/13 20:01:50.299, 1, 3476, 100, 0, 34, 42.55
2026/04/13 20:01:51.303, 0, 3476, 100, 0, 34, 42.00
2026/04/13 20:01:51.306, 1, 3476, 100, 0, 34, 42.65
2026/04/13 20:01:52.310, 0, 3476, 100, 0, 34, 42.00
2026/04/13 20:01:52.312, 1, 3476, 100, 0, 34, 42.55
2026/04/13 20:01:53.318, 0, 3476, 100, 0, 34, 41.99
2026/04/13 20:01:53.321, 1, 3476, 100, 0, 34, 42.55
2026/04/13 20:01:54.324, 0, 3476, 100, 0, 34, 42.00
2026/04/13 20:01:54.328, 1, 3476, 100, 0, 34, 42.55
2026/04/13 20:01:55.332, 0, 3476, 100, 0, 34, 42.10
2026/04/13 20:01:55.335, 1, 3476, 100, 0, 34, 42.55
2026/04/13 20:01:56.339, 0, 3476, 100, 0, 34, 42.01
2026/04/13 20:01:56.341, 1, 3476, 100, 0, 34, 42.55
2026/04/13 20:01:57.345, 0, 3476, 100, 0, 34, 42.00
2026/04/13 20:01:57.348, 1, 3476, 100, 0, 34, 42.55
2026/04/13 20:01:58.352, 0, 3476, 100, 0, 34, 42.01
2026/04/13 20:01:58.356, 1, 3476, 100, 0, 34, 42.56
2026/04/13 20:01:59.360, 0, 3476, 100, 0, 34, 42.01
2026/04/13 20:01:59.363, 1, 3476, 100, 0, 34, 42.55
2026/04/13 20:02:00.366, 0, 3476, 100, 0, 34, 42.01
2026/04/13 20:02:00.369, 1, 3476, 100, 0, 34, 42.55
2026/04/13 20:02:01.373, 0, 3476, 100, 0, 34, 42.00
2026/04/13 20:02:01.375, 1, 3476, 100, 0, 34, 42.56
2026/04/13 20:02:02.382, 0, 3476, 100, 0, 34, 41.89
2026/04/13 20:02:02.385, 1, 3476, 100, 0, 34, 42.55
2026/04/13 20:02:03.389, 0, 3476, 100, 0, 34, 42.00
2026/04/13 20:02:03.391, 1, 3476, 100, 0, 34, 42.55
2026/04/13 20:02:04.395, 0, 3476, 100, 0, 34, 41.90
2026/04/13 20:02:04.398, 1, 3476, 100, 0, 34, 42.55
2026/04/13 20:02:05.401, 0, 3476, 100, 0, 34, 41.90
2026/04/13 20:02:05.404, 1, 3476, 100, 0, 34, 42.55
2026/04/13 20:02:06.408, 0, 3476, 100, 0, 34, 42.00
2026/04/13 20:02:06.413, 1, 3476, 100, 0, 34, 42.55
2026/04/13 20:02:07.417, 0, 3476, 100, 0, 34, 42.00
2026/04/13 20:02:07.419, 1, 3476, 100, 0, 34, 42.55
2026/04/13 20:02:08.423, 0, 3476, 100, 0, 34, 41.99
2026/04/13 20:02:08.426, 1, 3476, 100, 0, 34, 42.55
2026/04/13 20:02:09.430, 0, 3476, 100, 0, 34, 42.00
2026/04/13 20:02:09.432, 1, 3476, 100, 0, 34, 42.55
2026/04/13 20:02:10.436, 0, 3476, 100, 0, 34, 42.00
2026/04/13 20:02:10.439, 1, 3476, 100, 0, 34, 42.55
2026/04/13 20:02:11.445, 0, 3476, 100, 0, 34, 41.90
2026/04/13 20:02:11.448, 1, 3476, 100, 0, 34, 42.55
2026/04/13 20:02:12.452, 0, 3476, 100, 0, 34, 41.91
2026/04/13 20:02:12.454, 1, 3476, 100, 0, 34, 42.65
2026/04/13 20:02:13.458, 0, 3476, 100, 0, 34, 41.90
2026/04/13 20:02:13.461, 1, 3476, 100, 0, 34, 42.65
2026/04/13 20:02:14.465, 0, 3476, 100, 0, 34, 42.00
2026/04/13 20:02:14.470, 1, 3476, 100, 0, 34, 42.55
2026/04/13 20:02:15.475, 0, 3476, 100, 0, 34, 42.09
2026/04/13 20:02:15.478, 1, 3476, 100, 0, 34, 42.66
2026/04/13 20:02:16.482, 0, 3476, 100, 0, 34, 41.99
2026/04/13 20:02:16.485, 1, 3476, 100, 0, 34, 42.55
2026/04/13 20:02:17.489, 0, 3476, 100, 0, 34, 42.01
2026/04/13 20:02:17.492, 1, 3476, 100, 0, 34, 42.55
2026/04/13 20:02:18.496, 0, 3476, 100, 0, 34, 41.99
2026/04/13 20:02:18.499, 1, 3476, 100, 0, 34, 42.55
2026/04/13 20:02:19.506, 0, 3476, 100, 0, 34, 41.90
2026/04/13 20:02:19.508, 1, 3476, 100, 0, 34, 42.55
2026/04/13 20:02:20.512, 0, 3476, 100, 0, 34, 42.00
2026/04/13 20:02:20.515, 1, 3476, 100, 0, 34, 42.55
2026/04/13 20:02:21.519, 0, 3476, 100, 0, 34, 42.00
2026/04/13 20:02:21.521, 1, 3476, 100, 0, 34, 42.66
2026/04/13 20:02:22.525, 0, 3476, 100, 0, 34, 42.09
2026/04/13 20:02:22.528, 1, 3476, 100, 0, 34, 42.55
2026/04/13 20:02:23.532, 0, 3476, 100, 0, 34, 42.01
2026/04/13 20:02:23.535, 1, 3476, 100, 0, 34, 42.55
2026/04/13 20:02:24.542, 0, 3476, 100, 0, 34, 41.99
2026/04/13 20:02:24.545, 1, 3476, 100, 0, 34, 42.55
2026/04/13 20:02:25.549, 0, 3476, 100, 0, 34, 42.00
2026/04/13 20:02:25.552, 1, 3476, 100, 0, 34, 42.55
2026/04/13 20:02:26.556, 0, 3476, 100, 0, 34, 41.89
2026/04/13 20:02:26.559, 1, 3476, 100, 0, 34, 42.55
2026/04/13 20:02:27.566, 0, 3476, 100, 0, 34, 42.00
2026/04/13 20:02:27.569, 1, 3476, 100, 0, 34, 42.55
2026/04/13 20:02:28.573, 0, 3476, 100, 0, 34, 41.99
2026/04/13 20:02:28.579, 1, 3476, 100, 0, 34, 42.56
2026/04/13 20:02:29.583, 0, 3476, 100, 0, 34, 42.10
2026/04/13 20:02:29.586, 1, 3476, 100, 0, 34, 42.55
2026/04/13 20:02:30.589, 0, 3476, 100, 0, 34, 42.01
2026/04/13 20:02:30.592, 1, 3476, 100, 0, 34, 42.55
2026/04/13 20:02:31.596, 0, 3476, 100, 0, 34, 42.00
2026/04/13 20:02:31.598, 1, 3476, 100, 0, 34, 42.55
2026/04/13 20:02:32.602, 0, 3476, 100, 0, 34, 42.00
2026/04/13 20:02:32.608, 1, 3476, 100, 0, 34, 42.55
2026/04/13 20:02:33.612, 0, 3476, 100, 0, 34, 42.00
2026/04/13 20:02:33.614, 1, 3476, 100, 0, 34, 42.65
2026/04/13 20:02:34.618, 0, 3476, 100, 0, 34, 42.00
2026/04/13 20:02:34.621, 1, 3476, 100, 0, 34, 42.55
2026/04/13 20:02:35.624, 0, 3476, 100, 0, 34, 42.00
2026/04/13 20:02:35.627, 1, 3476, 100, 0, 34, 42.55
2026/04/13 20:02:36.631, 0, 3476, 100, 0, 34, 42.00
2026/04/13 20:02:36.633, 1, 3476, 100, 0, 34, 42.56
2026/04/13 20:02:37.637, 0, 3476, 100, 0, 34, 41.90
2026/04/13 20:02:37.642, 1, 3476, 100, 0, 34, 42.56
2026/04/13 20:02:38.647, 0, 3476, 100, 0, 34, 42.00
2026/04/13 20:02:38.649, 1, 3476, 100, 0, 34, 42.55
2026/04/13 20:02:39.655, 0, 3476, 100, 0, 34, 41.89
2026/04/13 20:02:39.658, 1, 3476, 100, 0, 34, 42.66
2026/04/13 20:02:40.662, 0, 3476, 100, 0, 34, 41.99
2026/04/13 20:02:40.664, 1, 3476, 100, 0, 34, 42.56
2026/04/13 20:02:41.668, 0, 3476, 100, 0, 34, 42.00
2026/04/13 20:02:41.671, 1, 3476, 100, 0, 34, 42.56
2026/04/13 20:02:42.675, 0, 3476, 100, 0, 34, 41.99
2026/04/13 20:02:42.677, 1, 3476, 100, 0, 34, 42.55
2026/04/13 20:02:43.681, 0, 3476, 100, 0, 34, 42.01
2026/04/13 20:02:43.684, 1, 3476, 100, 0, 34, 42.65
2026/04/13 20:02:44.687, 0, 3476, 100, 0, 34, 42.00
2026/04/13 20:02:44.690, 1, 3476, 100, 0, 34, 42.55
2026/04/13 20:02:45.694, 0, 3476, 100, 0, 34, 41.90
2026/04/13 20:02:45.696, 1, 3476, 100, 0, 34, 42.56
2026/04/13 20:02:46.700, 0, 3476, 100, 0, 34, 41.89
2026/04/13 20:02:46.703, 1, 3476, 100, 0, 34, 42.55
2026/04/13 20:02:47.707, 0, 3476, 100, 0, 34, 42.00
2026/04/13 20:02:47.709, 1, 3476, 100, 0, 34, 42.55
2026/04/13 20:02:48.715, 0, 3476, 100, 0, 34, 41.90
2026/04/13 20:02:48.718, 1, 3476, 100, 0, 34, 42.65
2026/04/13 20:02:49.722, 0, 3476, 100, 0, 34, 42.09
2026/04/13 20:02:49.724, 1, 3476, 100, 0, 34, 42.65
2026/04/13 20:02:50.728, 0, 3476, 100, 0, 34, 42.00
2026/04/13 20:02:50.731, 1, 3476, 100, 0, 34, 42.55
2026/04/13 20:02:51.735, 0, 3476, 100, 0, 34, 41.99
2026/04/13 20:02:51.737, 1, 3476, 100, 0, 34, 42.65
2026/04/13 20:02:52.744, 0, 3476, 100, 0, 34, 41.89
2026/04/13 20:02:52.747, 1, 3476, 100, 0, 34, 42.55
2026/04/13 20:02:53.751, 0, 3476, 100, 0, 34, 42.00
2026/04/13 20:02:53.754, 1, 3476, 100, 0, 34, 42.55
2026/04/13 20:02:54.758, 0, 3476, 100, 0, 34, 42.00
2026/04/13 20:02:54.761, 1, 3476, 100, 0, 34, 42.55
2026/04/13 20:02:55.764, 0, 3476, 100, 0, 34, 41.90
2026/04/13 20:02:55.767, 1, 3476, 100, 0, 34, 42.55
2026/04/13 20:02:56.773, 0, 3476, 100, 0, 34, 42.01
2026/04/13 20:02:56.776, 1, 3476, 100, 0, 34, 42.55
2026/04/13 20:02:57.780, 0, 3476, 100, 0, 34, 42.00
2026/04/13 20:02:57.783, 1, 3476, 100, 0, 34, 42.55
2026/04/13 20:02:58.789, 0, 3476, 100, 0, 34, 41.90
2026/04/13 20:02:58.792, 1, 3476, 100, 0, 34, 42.56
2026/04/13 20:02:59.796, 0, 3476, 100, 0, 34, 41.90
2026/04/13 20:02:59.798, 1, 3476, 100, 0, 34, 42.55
2026/04/13 20:03:00.803, 0, 3476, 100, 0, 34, 41.89
2026/04/13 20:03:00.808, 1, 3476, 100, 0, 34, 42.65
2026/04/13 20:03:01.812, 0, 3476, 100, 0, 34, 42.01
2026/04/13 20:03:01.815, 1, 3476, 100, 0, 34, 42.65
2026/04/13 20:03:02.819, 0, 3476, 100, 0, 34, 41.99
2026/04/13 20:03:02.821, 1, 3476, 100, 0, 34, 42.55
2026/04/13 20:03:03.825, 0, 3476, 100, 0, 34, 41.90
2026/04/13 20:03:03.828, 1, 3476, 100, 0, 34, 42.65
2026/04/13 20:03:04.833, 0, 3476, 100, 0, 34, 42.00
2026/04/13 20:03:04.837, 1, 3476, 100, 0, 34, 42.55
2026/04/13 20:03:05.840, 0, 3476, 100, 0, 34, 41.90
2026/04/13 20:03:05.843, 1, 3476, 100, 0, 34, 42.55
2026/04/13 20:03:06.845, 0, 3476, 100, 0, 34, 42.01
2026/04/13 20:03:06.848, 1, 3476, 100, 0, 34, 42.65
2026/04/13 20:03:07.852, 0, 3476, 100, 0, 34, 41.99
2026/04/13 20:03:07.856, 1, 3476, 100, 0, 34, 42.56
2026/04/13 20:03:08.860, 0, 3476, 100, 0, 34, 41.90
2026/04/13 20:03:08.865, 1, 3476, 100, 0, 34, 42.65
2026/04/13 20:03:09.869, 0, 3476, 100, 0, 34, 42.00
2026/04/13 20:03:09.872, 1, 3476, 100, 0, 34, 42.55
2026/04/13 20:03:10.876, 0, 3476, 100, 0, 34, 41.90
2026/04/13 20:03:10.878, 1, 3476, 100, 0, 34, 42.65
2026/04/13 20:03:11.882, 0, 3476, 100, 0, 34, 42.00
2026/04/13 20:03:11.885, 1, 3476, 100, 0, 34, 42.55
2026/04/13 20:03:12.890, 0, 3476, 100, 0, 34, 42.09
2026/04/13 20:03:12.893, 1, 3476, 100, 0, 34, 42.55
2026/04/13 20:03:13.897, 0, 3476, 100, 0, 34, 42.09
2026/04/13 20:03:13.900, 1, 3476, 100, 0, 34, 42.55
2026/04/13 20:03:14.902, 0, 3476, 100, 0, 34, 42.00
2026/04/13 20:03:14.905, 1, 3476, 100, 0, 34, 42.55
2026/04/13 20:03:15.908, 0, 3476, 100, 0, 34, 41.89
2026/04/13 20:03:15.910, 1, 3476, 100, 0, 34, 42.65
2026/04/13 20:03:16.914, 0, 3476, 100, 0, 34, 42.00
2026/04/13 20:03:16.917, 1, 3476, 100, 0, 34, 42.56
2026/04/13 20:03:17.923, 0, 3476, 100, 0, 34, 41.91
2026/04/13 20:03:17.926, 1, 3476, 100, 0, 34, 42.56
2026/04/13 20:03:18.930, 0, 3476, 100, 0, 34, 42.10
2026/04/13 20:03:18.933, 1, 3476, 100, 0, 34, 42.55
2026/04/13 20:03:19.936, 0, 3476, 100, 0, 34, 42.00
2026/04/13 20:03:19.938, 1, 3476, 100, 0, 34, 42.55
2026/04/13 20:03:20.941, 0, 3476, 100, 0, 34, 41.90
2026/04/13 20:03:20.944, 1, 3476, 100, 0, 34, 42.65
2026/04/13 20:03:21.946, 0, 3476, 100, 0, 34, 41.91
2026/04/13 20:03:21.949, 1, 3476, 100, 0, 34, 42.56
2026/04/13 20:03:22.953, 0, 3476, 100, 0, 34, 41.89
2026/04/13 20:03:22.956, 1, 3476, 100, 0, 34, 42.55
2026/04/13 20:03:23.961, 0, 3476, 100, 0, 34, 41.91
2026/04/13 20:03:23.964, 1, 3476, 100, 0, 34, 42.55
2026/04/13 20:03:24.968, 0, 3476, 100, 0, 34, 41.90
2026/04/13 20:03:24.971, 1, 3476, 100, 0, 34, 42.56
2026/04/13 20:03:25.975, 0, 3476, 100, 0, 34, 42.00
2026/04/13 20:03:25.977, 1, 3476, 100, 0, 34, 42.56
2026/04/13 20:03:26.981, 0, 3476, 100, 0, 34, 42.01
2026/04/13 20:03:26.984, 1, 3476, 100, 0, 34, 42.45
2026/04/13 20:03:27.988, 0, 3476, 100, 0, 34, 42.09
2026/04/13 20:03:27.992, 1, 3476, 100, 0, 34, 42.65
2026/04/13 20:03:28.996, 0, 3476, 100, 0, 34, 42.00
2026/04/13 20:03:28.999, 1, 3476, 100, 0, 34, 42.65
2026/04/13 20:03:30.003, 0, 3476, 100, 0, 34, 41.99
2026/04/13 20:03:30.006, 1, 3476, 100, 0, 34, 42.55
2026/04/13 20:03:31.009, 0, 3476, 100, 0, 34, 41.89
2026/04/13 20:03:31.012, 1, 3476, 100, 0, 34, 42.55
2026/04/13 20:03:32.016, 0, 3476, 100, 0, 34, 42.00
2026/04/13 20:03:32.019, 1, 3476, 100, 0, 34, 42.55
2026/04/13 20:03:33.022, 0, 3476, 100, 0, 34, 42.10
2026/04/13 20:03:33.025, 1, 3476, 100, 0, 34, 42.55
2026/04/13 20:03:34.029, 0, 3476, 100, 0, 34, 41.99
2026/04/13 20:03:34.032, 1, 3476, 100, 0, 34, 42.55
2026/04/13 20:03:35.035, 0, 3476, 100, 0, 34, 41.90
2026/04/13 20:03:35.040, 1, 3476, 100, 0, 34, 42.65
2026/04/13 20:03:36.043, 0, 3476, 100, 0, 34, 41.91
2026/04/13 20:03:36.046, 1, 3476, 100, 0, 34, 42.55
2026/04/13 20:03:37.050, 0, 3476, 100, 0, 34, 42.00
2026/04/13 20:03:37.053, 1, 3476, 100, 0, 34, 42.55
2026/04/13 20:03:38.060, 0, 3476, 100, 0, 34, 41.99
2026/04/13 20:03:38.065, 1, 3476, 100, 0, 34, 42.56
2026/04/13 20:03:39.069, 0, 3476, 100, 0, 34, 42.10
2026/04/13 20:03:39.072, 1, 3476, 100, 0, 34, 42.55
2026/04/13 20:03:40.077, 0, 3476, 100, 0, 34, 42.00
2026/04/13 20:03:40.080, 1, 3476, 100, 0, 34, 42.55
2026/04/13 20:03:41.083, 0, 3476, 100, 0, 34, 41.99
2026/04/13 20:03:41.086, 1, 3476, 100, 0, 34, 42.65
2026/04/13 20:03:42.090, 0, 3476, 100, 0, 34, 42.00
2026/04/13 20:03:42.094, 1, 3476, 100, 0, 34, 42.65
2026/04/13 20:03:43.098, 0, 3476, 100, 0, 34, 42.00
2026/04/13 20:03:43.101, 1, 3476, 100, 0, 34, 42.65
2026/04/13 20:03:44.104, 0, 3476, 100, 0, 34, 41.98
2026/04/13 20:03:44.107, 1, 3476, 100, 0, 34, 42.55
2026/04/13 20:03:45.112, 0, 3476, 100, 0, 34, 41.90
2026/04/13 20:03:45.115, 1, 3476, 100, 0, 34, 42.65
2026/04/13 20:03:46.118, 0, 3476, 100, 0, 34, 42.00
2026/04/13 20:03:46.123, 1, 3476, 100, 0, 34, 42.65
2026/04/13 20:03:47.127, 0, 3476, 100, 0, 34, 42.01
2026/04/13 20:03:47.130, 1, 3476, 100, 0, 34, 42.55
2026/04/13 20:03:48.133, 0, 3476, 100, 0, 34, 42.00
2026/04/13 20:03:48.136, 1, 3476, 100, 0, 34, 42.65
2026/04/13 20:03:49.140, 0, 3476, 100, 0, 34, 42.01
2026/04/13 20:03:49.147, 1, 3476, 100, 0, 34, 42.56
2026/04/13 20:03:50.151, 0, 3476, 100, 0, 34, 42.01
2026/04/13 20:03:50.154, 1, 3476, 100, 0, 34, 42.65
2026/04/13 20:03:51.158, 0, 3476, 100, 0, 34, 42.00
2026/04/13 20:03:51.161, 1, 3476, 100, 0, 34, 42.55
2026/04/13 20:03:52.166, 0, 3476, 100, 0, 34, 41.89
2026/04/13 20:03:52.169, 1, 3476, 100, 0, 34, 42.65
2026/04/13 20:03:53.175, 0, 3476, 100, 0, 34, 42.10
2026/04/13 20:03:53.177, 1, 3476, 100, 0, 34, 42.66
2026/04/13 20:03:54.181, 0, 3476, 100, 0, 34, 41.90
2026/04/13 20:03:54.186, 1, 3476, 100, 0, 34, 42.55
2026/04/13 20:03:55.191, 0, 3476, 100, 0, 34, 41.99
2026/04/13 20:03:55.193, 1, 3476, 100, 0, 34, 42.65
2026/04/13 20:03:56.197, 0, 3476, 100, 0, 34, 42.00
2026/04/13 20:03:56.200, 1, 3476, 100, 0, 34, 42.65
2026/04/13 20:03:57.204, 0, 3476, 100, 0, 34, 41.90
2026/04/13 20:03:57.207, 1, 3476, 100, 0, 34, 42.65
2026/04/13 20:03:58.211, 0, 3476, 100, 0, 34, 41.90
2026/04/13 20:03:58.213, 1, 3476, 100, 0, 34, 42.56
2026/04/13 20:03:59.217, 0, 3476, 100, 0, 34, 42.00
2026/04/13 20:03:59.220, 1, 3476, 100, 0, 34, 42.55
2026/04/13 20:04:00.224, 0, 3476, 100, 0, 34, 42.00
2026/04/13 20:04:00.226, 1, 3476, 100, 0, 34, 42.65
2026/04/13 20:04:01.230, 0, 3476, 100, 0, 34, 41.89
2026/04/13 20:04:01.233, 1, 3476, 100, 0, 34, 42.55
2026/04/13 20:04:02.237, 0, 3476, 100, 0, 34, 41.89
2026/04/13 20:04:02.239, 1, 3476, 100, 0, 34, 42.55
2026/04/13 20:04:03.243, 0, 3476, 100, 0, 34, 42.00
2026/04/13 20:04:03.246, 1, 3476, 100, 0, 34, 42.56
2026/04/13 20:04:04.250, 0, 3476, 100, 0, 34, 41.91
2026/04/13 20:04:04.253, 1, 3476, 100, 0, 34, 42.55
2026/04/13 20:04:05.256, 0, 3476, 100, 0, 34, 41.90
2026/04/13 20:04:05.259, 1, 3476, 100, 0, 34, 42.56
2026/04/13 20:04:06.263, 0, 3476, 100, 0, 34, 42.00
2026/04/13 20:04:06.265, 1, 3476, 100, 0, 34, 42.55
2026/04/13 20:04:07.269, 0, 3476, 100, 0, 34, 41.99
2026/04/13 20:04:07.275, 1, 3476, 100, 0, 34, 42.65
2026/04/13 20:04:08.279, 0, 3476, 100, 0, 34, 41.99
2026/04/13 20:04:08.282, 1, 3476, 100, 0, 34, 42.55
2026/04/13 20:04:09.285, 0, 3476, 100, 0, 34, 42.00
2026/04/13 20:04:09.288, 1, 3476, 100, 0, 34, 42.55
2026/04/13 20:04:10.292, 0, 3476, 100, 0, 34, 42.00
2026/04/13 20:04:10.294, 1, 3476, 100, 0, 34, 42.55
2026/04/13 20:04:11.301, 0, 3476, 100, 0, 34, 42.00
2026/04/13 20:04:11.304, 1, 3476, 100, 0, 34, 42.55
2026/04/13 20:04:12.307, 0, 3476, 100, 0, 34, 42.00
2026/04/13 20:04:12.310, 1, 3476, 100, 0, 34, 42.65
2026/04/13 20:04:13.315, 0, 3476, 100, 0, 34, 42.00
2026/04/13 20:04:13.318, 1, 3476, 100, 0, 34, 42.56
2026/04/13 20:04:14.321, 0, 3476, 100, 0, 34, 41.99
2026/04/13 20:04:14.324, 1, 3476, 100, 0, 34, 42.56
2026/04/13 20:04:15.331, 0, 3476, 100, 0, 34, 42.00
2026/04/13 20:04:15.334, 1, 3476, 100, 0, 34, 42.55
2026/04/13 20:04:16.337, 0, 3476, 100, 0, 34, 42.00
2026/04/13 20:04:16.340, 1, 3476, 100, 0, 34, 42.55
2026/04/13 20:04:17.344, 0, 3476, 100, 0, 34, 41.91
2026/04/13 20:04:17.347, 1, 3476, 100, 0, 34, 42.55
2026/04/13 20:04:18.350, 0, 3476, 100, 0, 34, 42.10
2026/04/13 20:04:18.353, 1, 3476, 100, 0, 34, 42.65
2026/04/13 20:04:19.357, 0, 3476, 100, 0, 34, 41.99
2026/04/13 20:04:19.359, 1, 3476, 100, 0, 34, 42.65
2026/04/13 20:04:20.364, 0, 3476, 100, 0, 34, 41.89
2026/04/13 20:04:20.366, 1, 3476, 100, 0, 34, 42.55
2026/04/13 20:04:21.370, 0, 3476, 100, 0, 34, 42.00
2026/04/13 20:04:21.373, 1, 3476, 100, 0, 34, 42.65
2026/04/13 20:04:22.377, 0, 3476, 100, 0, 34, 41.90
2026/04/13 20:04:22.379, 1, 3476, 100, 0, 34, 42.55
2026/04/13 20:04:23.382, 0, 3476, 100, 0, 34, 42.10
2026/04/13 20:04:23.387, 1, 3476, 100, 0, 34, 42.55
2026/04/13 20:04:24.394, 0, 3476, 100, 0, 34, 41.90
2026/04/13 20:04:24.396, 1, 3476, 100, 0, 34, 42.65
2026/04/13 20:04:25.400, 0, 3476, 100, 0, 34, 42.01
2026/04/13 20:04:25.403, 1, 3476, 100, 0, 34, 42.56
2026/04/13 20:04:26.406, 0, 3476, 100, 0, 34, 41.99
2026/04/13 20:04:26.408, 1, 3476, 100, 0, 34, 42.55
2026/04/13 20:04:27.412, 0, 3476, 100, 0, 34, 42.00
2026/04/13 20:04:27.415, 1, 3476, 100, 0, 34, 42.55
2026/04/13 20:04:28.417, 0, 3476, 100, 0, 34, 41.99
2026/04/13 20:04:28.420, 1, 3476, 100, 0, 34, 42.55
2026/04/13 20:04:29.425, 0, 3476, 100, 0, 34, 41.89
2026/04/13 20:04:29.428, 1, 3476, 100, 0, 34, 42.55
2026/04/13 20:04:30.431, 0, 3476, 100, 0, 34, 41.99
2026/04/13 20:04:30.433, 1, 3476, 100, 0, 34, 42.65
2026/04/13 20:04:31.437, 0, 3476, 100, 0, 34, 42.01
2026/04/13 20:04:31.442, 1, 3476, 100, 0, 34, 42.55
2026/04/13 20:04:32.445, 0, 3476, 100, 0, 34, 41.99
2026/04/13 20:04:32.448, 1, 3476, 100, 0, 34, 42.55
2026/04/13 20:04:33.452, 0, 3476, 100, 0, 34, 42.10
2026/04/13 20:04:33.454, 1, 3476, 100, 0, 34, 42.55
2026/04/13 20:04:34.460, 0, 3476, 100, 0, 34, 42.01
2026/04/13 20:04:34.462, 1, 3476, 100, 0, 34, 42.65
2026/04/13 20:04:35.465, 0, 3476, 100, 0, 34, 41.99
2026/04/13 20:04:35.470, 1, 3476, 100, 0, 34, 42.55
2026/04/13 20:04:36.472, 0, 3476, 100, 0, 34, 42.01
2026/04/13 20:04:36.476, 1, 3476, 100, 0, 34, 42.55
2026/04/13 20:04:37.479, 0, 3476, 100, 0, 34, 41.90
2026/04/13 20:04:37.482, 1, 3476, 100, 0, 34, 42.55
2026/04/13 20:04:38.485, 0, 3476, 100, 0, 34, 42.01
2026/04/13 20:04:38.487, 1, 3476, 100, 0, 34, 42.65
2026/04/13 20:04:39.494, 0, 3476, 100, 0, 34, 42.00
2026/04/13 20:04:39.498, 1, 3476, 100, 0, 34, 42.55
2026/04/13 20:04:40.502, 0, 3476, 100, 0, 34, 42.00
2026/04/13 20:04:40.505, 1, 3476, 100, 0, 34, 42.55
2026/04/13 20:04:41.508, 0, 3476, 100, 0, 34, 42.00
2026/04/13 20:04:41.511, 1, 3476, 100, 0, 34, 42.55
2026/04/13 20:04:42.515, 0, 3476, 100, 0, 34, 41.91
2026/04/13 20:04:42.518, 1, 3476, 100, 0, 34, 42.55
2026/04/13 20:04:43.521, 0, 3476, 100, 0, 34, 41.90
2026/04/13 20:04:43.527, 1, 3476, 100, 0, 34, 42.55
2026/04/13 20:04:44.531, 0, 3476, 100, 0, 34, 42.10
2026/04/13 20:04:44.534, 1, 3476, 100, 0, 34, 42.56
2026/04/13 20:04:45.538, 0, 3476, 100, 0, 34, 41.91
2026/04/13 20:04:45.541, 1, 3476, 100, 0, 34, 42.65
2026/04/13 20:04:46.545, 0, 3476, 100, 0, 34, 41.90
2026/04/13 20:04:46.547, 1, 3476, 100, 0, 34, 42.55
2026/04/13 20:04:47.551, 0, 3476, 100, 0, 34, 42.01
2026/04/13 20:04:47.556, 1, 3476, 100, 0, 34, 42.55
2026/04/13 20:04:48.559, 0, 3476, 100, 0, 34, 41.90
2026/04/13 20:04:48.562, 1, 3476, 100, 0, 34, 42.56
2026/04/13 20:04:49.566, 0, 3476, 100, 0, 34, 41.99
2026/04/13 20:04:49.569, 1, 3476, 100, 0, 34, 42.66
2026/04/13 20:04:50.573, 0, 3476, 100, 0, 34, 41.90
2026/04/13 20:04:50.575, 1, 3476, 100, 0, 34, 42.55
2026/04/13 20:04:51.579, 0, 3476, 100, 0, 34, 41.99
2026/04/13 20:04:51.584, 1, 3476, 100, 0, 34, 42.55
2026/04/13 20:04:52.588, 0, 3476, 100, 0, 34, 42.01
2026/04/13 20:04:52.590, 1, 3476, 100, 0, 34, 42.55
2026/04/13 20:04:53.594, 0, 3476, 100, 0, 34, 41.90
2026/04/13 20:04:53.597, 1, 3476, 100, 0, 34, 42.55
2026/04/13 20:04:54.600, 0, 3476, 100, 0, 34, 42.00
2026/04/13 20:04:54.603, 1, 3476, 100, 0, 34, 42.55
2026/04/13 20:04:55.607, 0, 3476, 100, 0, 34, 42.00
2026/04/13 20:04:55.610, 1, 3476, 100, 0, 34, 42.56
2026/04/13 20:04:56.614, 0, 3476, 100, 0, 34, 41.90
2026/04/13 20:04:56.617, 1, 3476, 100, 0, 34, 42.55
2026/04/13 20:04:57.621, 0, 3476, 100, 0, 34, 41.89
2026/04/13 20:04:57.623, 1, 3476, 100, 0, 34, 42.65
2026/04/13 20:04:58.628, 0, 3476, 100, 0, 34, 42.01
2026/04/13 20:04:58.630, 1, 3476, 100, 0, 34, 42.55
2026/04/13 20:04:59.634, 0, 3476, 100, 0, 34, 41.89
2026/04/13 20:04:59.637, 1, 3476, 100, 0, 34, 42.55
2026/04/13 20:05:00.640, 0, 3476, 100, 0, 34, 41.99
2026/04/13 20:05:00.643, 1, 3476, 100, 0, 34, 42.55
2026/04/13 20:05:01.647, 0, 3476, 100, 0, 34, 42.00
2026/04/13 20:05:01.650, 1, 3476, 100, 0, 34, 42.55
2026/04/13 20:05:02.653, 0, 3476, 100, 0, 34, 41.90
2026/04/13 20:05:02.656, 1, 3476, 100, 0, 34, 42.65
2026/04/13 20:05:03.660, 0, 3476, 100, 0, 34, 41.91
2026/04/13 20:05:03.663, 1, 3476, 100, 0, 34, 42.55
2026/04/13 20:05:04.667, 0, 3476, 100, 0, 34, 41.89
2026/04/13 20:05:04.670, 1, 3476, 100, 0, 34, 42.65
2026/04/13 20:05:05.674, 0, 3476, 100, 0, 34, 41.89
2026/04/13 20:05:05.677, 1, 3476, 100, 0, 34, 42.65
2026/04/13 20:05:06.681, 0, 3476, 100, 0, 34, 41.91
2026/04/13 20:05:06.683, 1, 3476, 100, 0, 34, 42.55
2026/04/13 20:05:07.687, 0, 3476, 100, 0, 34, 42.00
2026/04/13 20:05:07.690, 1, 3476, 100, 0, 34, 42.55
2026/04/13 20:05:08.693, 0, 3476, 100, 0, 34, 41.99
2026/04/13 20:05:08.696, 1, 3476, 100, 0, 34, 42.55
2026/04/13 20:05:09.700, 0, 3476, 100, 0, 34, 42.00
2026/04/13 20:05:09.703, 1, 3476, 100, 0, 34, 42.65
2026/04/13 20:05:10.707, 0, 3476, 100, 0, 34, 41.99
2026/04/13 20:05:10.710, 1, 3476, 100, 0, 34, 42.55
2026/04/13 20:05:11.714, 0, 3476, 100, 0, 34, 42.00
2026/04/13 20:05:11.716, 1, 3476, 100, 0, 34, 42.55
2026/04/13 20:05:12.723, 0, 3476, 100, 0, 34, 41.90
2026/04/13 20:05:12.729, 1, 3476, 100, 0, 34, 42.55
2026/04/13 20:05:13.732, 0, 3476, 100, 0, 34, 42.00
2026/04/13 20:05:13.735, 1, 3476, 100, 0, 34, 42.55
2026/04/13 20:05:14.739, 0, 3476, 100, 0, 34, 42.01
2026/04/13 20:05:14.742, 1, 3476, 100, 0, 34, 42.55
2026/04/13 20:05:15.746, 0, 3476, 100, 0, 34, 41.91
2026/04/13 20:05:15.750, 1, 3476, 100, 0, 34, 42.55
2026/04/13 20:05:16.754, 0, 3476, 100, 0, 34, 42.00
2026/04/13 20:05:16.757, 1, 3476, 100, 0, 34, 42.55
2026/04/13 20:05:17.761, 0, 3476, 100, 0, 34, 41.99
2026/04/13 20:05:17.764, 1, 3476, 100, 0, 34, 42.55
2026/04/13 20:05:18.767, 0, 3476, 100, 0, 34, 41.90
2026/04/13 20:05:18.770, 1, 3476, 100, 0, 34, 42.56
2026/04/13 20:05:19.774, 0, 3476, 100, 0, 34, 41.91
2026/04/13 20:05:19.777, 1, 3476, 100, 0, 34, 42.65
2026/04/13 20:05:20.782, 0, 3476, 100, 0, 34, 42.00
2026/04/13 20:05:20.785, 1, 3476, 100, 0, 34, 42.55
2026/04/13 20:05:21.789, 0, 3476, 100, 0, 34, 41.99
2026/04/13 20:05:21.792, 1, 3476, 100, 0, 34, 42.55
2026/04/13 20:05:22.796, 0, 3476, 100, 0, 34, 41.99
2026/04/13 20:05:22.798, 1, 3476, 100, 0, 34, 42.55
2026/04/13 20:05:23.802, 0, 3476, 100, 0, 34, 42.00
2026/04/13 20:05:23.805, 1, 3476, 100, 0, 34, 42.65
2026/04/13 20:05:24.808, 0, 3476, 100, 0, 34, 41.89
2026/04/13 20:05:24.813, 1, 3476, 100, 0, 34, 42.65
2026/04/13 20:05:25.817, 0, 3476, 100, 0, 34, 41.99
2026/04/13 20:05:25.820, 1, 3476, 100, 0, 34, 42.65
2026/04/13 20:05:26.824, 0, 3476, 100, 0, 34, 42.00
2026/04/13 20:05:26.827, 1, 3476, 100, 0, 34, 42.55
2026/04/13 20:05:27.830, 0, 3476, 100, 0, 34, 42.00
2026/04/13 20:05:27.833, 1, 3476, 100, 0, 34, 42.65
2026/04/13 20:05:28.837, 0, 3476, 100, 0, 34, 42.00
2026/04/13 20:05:28.842, 1, 3476, 100, 0, 34, 42.65
2026/04/13 20:05:29.847, 0, 3476, 100, 0, 34, 42.00
2026/04/13 20:05:29.849, 1, 3476, 100, 0, 34, 42.65
2026/04/13 20:05:30.853, 0, 3476, 100, 0, 34, 41.99
2026/04/13 20:05:30.856, 1, 3476, 100, 0, 34, 42.55
2026/04/13 20:05:31.860, 0, 3476, 100, 0, 34, 42.00
2026/04/13 20:05:31.863, 1, 3476, 100, 0, 34, 42.66
2026/04/13 20:05:32.866, 0, 3476, 100, 0, 34, 41.90
2026/04/13 20:05:32.871, 1, 3476, 100, 0, 34, 42.65
2026/04/13 20:05:33.877, 0, 3476, 100, 0, 34, 41.90
2026/04/13 20:05:33.881, 1, 3476, 100, 0, 34, 42.55
2026/04/13 20:05:34.883, 0, 3476, 100, 0, 34, 41.91
2026/04/13 20:05:34.886, 1, 3476, 100, 0, 34, 42.56
2026/04/13 20:05:35.890, 0, 3476, 100, 0, 34, 41.90
2026/04/13 20:05:35.893, 1, 3476, 100, 0, 34, 42.56
2026/04/13 20:05:36.897, 0, 3476, 100, 0, 34, 41.89
2026/04/13 20:05:36.900, 1, 3476, 100, 0, 34, 42.56
2026/04/13 20:05:37.904, 0, 3476, 100, 0, 34, 42.01
2026/04/13 20:05:37.906, 1, 3476, 100, 0, 34, 42.56
2026/04/13 20:05:38.911, 0, 3476, 100, 0, 34, 41.99
2026/04/13 20:05:38.914, 1, 3476, 100, 0, 34, 42.56
2026/04/13 20:05:39.916, 0, 3476, 100, 0, 34, 41.90
2026/04/13 20:05:39.919, 1, 3476, 100, 0, 34, 42.55
2026/04/13 20:05:40.922, 0, 3476, 100, 0, 34, 42.00
2026/04/13 20:05:40.927, 1, 3476, 100, 0, 34, 42.56
2026/04/13 20:05:41.930, 0, 3476, 100, 0, 34, 42.00
2026/04/13 20:05:41.933, 1, 3476, 100, 0, 34, 42.55
2026/04/13 20:05:42.935, 0, 3476, 100, 0, 34, 41.99
2026/04/13 20:05:42.938, 1, 3476, 100, 0, 34, 42.66
2026/04/13 20:05:43.941, 0, 3476, 100, 0, 34, 42.01
2026/04/13 20:05:43.944, 1, 3476, 100, 0, 34, 42.56
2026/04/13 20:05:44.947, 0, 3476, 100, 0, 34, 41.91
2026/04/13 20:05:44.949, 1, 3476, 100, 0, 34, 42.56
2026/04/13 20:05:45.952, 0, 3476, 100, 0, 34, 42.00
2026/04/13 20:05:45.957, 1, 3476, 100, 0, 34, 42.55
2026/04/13 20:05:46.960, 0, 3476, 100, 0, 34, 42.01
2026/04/13 20:05:46.962, 1, 3476, 100, 0, 34, 42.65
2026/04/13 20:05:47.966, 0, 3476, 100, 0, 34, 42.00
2026/04/13 20:05:47.969, 1, 3476, 100, 0, 34, 42.65
2026/04/13 20:05:48.971, 0, 3476, 100, 0, 34, 42.00
2026/04/13 20:05:48.974, 1, 3476, 100, 0, 34, 42.55
2026/04/13 20:05:49.977, 0, 3476, 100, 0, 34, 42.00
2026/04/13 20:05:49.980, 1, 3476, 100, 0, 34, 42.55
2026/04/13 20:05:50.987, 0, 3476, 100, 0, 34, 41.90
2026/04/13 20:05:50.990, 1, 3476, 100, 0, 34, 42.55
2026/04/13 20:05:51.992, 0, 3476, 100, 0, 34, 41.99
2026/04/13 20:05:51.995, 1, 3476, 100, 0, 34, 42.55
2026/04/13 20:05:52.998, 0, 3476, 100, 0, 34, 41.90
2026/04/13 20:05:53.000, 1, 3476, 100, 0, 34, 42.55
2026/04/13 20:05:54.006, 0, 3476, 100, 0, 34, 42.00
2026/04/13 20:05:54.008, 1, 3476, 100, 0, 34, 42.65
2026/04/13 20:05:55.011, 0, 3476, 100, 0, 34, 41.99
2026/04/13 20:05:55.015, 1, 3476, 100, 0, 34, 42.65
2026/04/13 20:05:56.018, 0, 3476, 100, 0, 34, 42.01
2026/04/13 20:05:56.021, 1, 3476, 100, 0, 34, 42.55
2026/04/13 20:05:57.024, 0, 3476, 100, 0, 34, 42.00
2026/04/13 20:05:57.026, 1, 3476, 100, 0, 34, 42.55
2026/04/13 20:05:58.029, 0, 3476, 100, 0, 34, 42.00
2026/04/13 20:05:58.032, 1, 3476, 100, 0, 34, 42.55
2026/04/13 20:05:59.035, 0, 3476, 100, 0, 34, 41.99
2026/04/13 20:05:59.037, 1, 3476, 100, 0, 34, 42.55
2026/04/13 20:06:00.040, 0, 3476, 100, 0, 34, 42.01
2026/04/13 20:06:00.045, 1, 3476, 100, 0, 34, 42.56
2026/04/13 20:06:01.048, 0, 3476, 100, 0, 34, 42.00
2026/04/13 20:06:01.051, 1, 3476, 100, 0, 34, 42.56
2026/04/13 20:06:02.055, 0, 3476, 100, 0, 34, 41.90
2026/04/13 20:06:02.058, 1, 3476, 100, 0, 34, 42.55
2026/04/13 20:06:03.061, 0, 3476, 100, 0, 34, 41.89
2026/04/13 20:06:03.064, 1, 3476, 100, 0, 34, 42.55
2026/04/13 20:06:04.067, 0, 3476, 100, 0, 34, 42.01
2026/04/13 20:06:04.069, 1, 3476, 100, 0, 34, 42.56
2026/04/13 20:06:05.072, 0, 3476, 100, 0, 34, 42.01
2026/04/13 20:06:05.075, 1, 3476, 100, 0, 34, 42.55
2026/04/13 20:06:06.078, 0, 3476, 100, 0, 34, 42.01
2026/04/13 20:06:06.080, 1, 3476, 100, 0, 34, 42.55
2026/04/13 20:06:07.084, 0, 3476, 100, 0, 34, 41.99
2026/04/13 20:06:07.088, 1, 3476, 100, 0, 34, 42.55
2026/04/13 20:06:08.092, 0, 3476, 100, 0, 34, 42.00
2026/04/13 20:06:08.095, 1, 3476, 100, 0, 34, 42.66
2026/04/13 20:06:09.099, 0, 3476, 100, 0, 34, 41.99
2026/04/13 20:06:09.101, 1, 3476, 100, 0, 34, 42.55
2026/04/13 20:06:10.105, 0, 3476, 100, 0, 34, 41.99
2026/04/13 20:06:10.108, 1, 3476, 100, 0, 34, 42.55
2026/04/13 20:06:11.112, 0, 3476, 100, 0, 34, 42.00
2026/04/13 20:06:11.114, 1, 3476, 100, 0, 34, 42.65
2026/04/13 20:06:12.118, 0, 3476, 100, 0, 34, 41.99
2026/04/13 20:06:12.121, 1, 3476, 100, 0, 34, 42.65
2026/04/13 20:06:13.125, 0, 3476, 100, 0, 34, 41.99
2026/04/13 20:06:13.128, 1, 3476, 100, 0, 34, 42.55
2026/04/13 20:06:14.132, 0, 3476, 100, 0, 34, 41.99
2026/04/13 20:06:14.137, 1, 3476, 100, 0, 34, 42.65
2026/04/13 20:06:15.141, 0, 3476, 100, 0, 34, 42.01
2026/04/13 20:06:15.144, 1, 3476, 100, 0, 34, 42.55
2026/04/13 20:06:16.148, 0, 3476, 100, 0, 34, 41.90
2026/04/13 20:06:16.150, 1, 3476, 100, 0, 34, 42.55
2026/04/13 20:06:17.154, 0, 3476, 100, 0, 34, 42.00
2026/04/13 20:06:17.157, 1, 3476, 100, 0, 34, 42.55
2026/04/13 20:06:18.161, 0, 3476, 100, 0, 34, 42.00
2026/04/13 20:06:18.163, 1, 3476, 100, 0, 34, 42.55
2026/04/13 20:06:19.167, 0, 3476, 100, 0, 34, 42.00
2026/04/13 20:06:19.170, 1, 3476, 100, 0, 34, 42.65
2026/04/13 20:06:20.174, 0, 3476, 100, 0, 34, 41.90
2026/04/13 20:06:20.177, 1, 3476, 100, 0, 34, 42.65
2026/04/13 20:06:21.181, 0, 3476, 100, 0, 34, 42.00
2026/04/13 20:06:21.183, 1, 3476, 100, 0, 34, 42.65
2026/04/13 20:06:22.189, 0, 3476, 100, 0, 34, 42.00
2026/04/13 20:06:22.191, 1, 3476, 100, 0, 34, 42.55
2026/04/13 20:06:23.195, 0, 3476, 100, 0, 34, 41.89
2026/04/13 20:06:23.198, 1, 3476, 100, 0, 34, 42.55
2026/04/13 20:06:24.202, 0, 3476, 100, 0, 34, 42.00
2026/04/13 20:06:24.205, 1, 3476, 100, 0, 34, 42.55
2026/04/13 20:06:25.208, 0, 3476, 100, 0, 34, 41.99
2026/04/13 20:06:25.211, 1, 3476, 100, 0, 34, 42.55
2026/04/13 20:06:26.215, 0, 3476, 100, 0, 34, 41.99
2026/04/13 20:06:26.218, 1, 3476, 100, 0, 34, 42.65
2026/04/13 20:06:27.222, 0, 3476, 100, 0, 34, 41.91
2026/04/13 20:06:27.226, 1, 3476, 100, 0, 34, 42.65
2026/04/13 20:06:28.230, 0, 3476, 100, 0, 34, 42.00
2026/04/13 20:06:28.232, 1, 3476, 100, 0, 34, 42.65
2026/04/13 20:06:29.236, 0, 3476, 100, 0, 34, 42.01
2026/04/13 20:06:29.239, 1, 3476, 100, 0, 34, 42.66
2026/04/13 20:06:30.243, 0, 3476, 100, 0, 34, 42.00
2026/04/13 20:06:30.246, 1, 3476, 100, 0, 34, 42.55
2026/04/13 20:06:31.253, 0, 3476, 100, 0, 34, 41.99
2026/04/13 20:06:31.256, 1, 3476, 100, 0, 34, 42.65
2026/04/13 20:06:32.259, 0, 3476, 100, 0, 34, 41.90
2026/04/13 20:06:32.262, 1, 3476, 100, 0, 34, 42.55
2026/04/13 20:06:33.266, 0, 3476, 100, 0, 34, 42.01
2026/04/13 20:06:33.269, 1, 3476, 100, 0, 34, 42.65
2026/04/13 20:06:34.272, 0, 3476, 100, 0, 34, 42.00
2026/04/13 20:06:34.275, 1, 3476, 100, 0, 34, 42.55
2026/04/13 20:06:35.279, 0, 3476, 100, 0, 34, 42.01
2026/04/13 20:06:35.281, 1, 3476, 100, 0, 34, 42.65
2026/04/13 20:06:36.285, 0, 3476, 100, 0, 34, 42.00
2026/04/13 20:06:36.288, 1, 3476, 100, 0, 34, 42.65
2026/04/13 20:06:37.295, 0, 3476, 100, 0, 34, 42.01
2026/04/13 20:06:37.297, 1, 3476, 100, 0, 34, 42.56
2026/04/13 20:06:38.301, 0, 3476, 100, 0, 34, 42.01
2026/04/13 20:06:38.304, 1, 3476, 100, 0, 34, 42.65
2026/04/13 20:06:39.308, 0, 3476, 100, 0, 34, 41.99
2026/04/13 20:06:39.311, 1, 3476, 100, 0, 34, 42.65
2026/04/13 20:06:40.316, 0, 3476, 100, 0, 34, 41.98
2026/04/13 20:06:40.319, 1, 3476, 100, 0, 34, 42.55
2026/04/13 20:06:41.323, 0, 3476, 100, 0, 34, 42.00
2026/04/13 20:06:41.325, 1, 3476, 100, 0, 34, 42.65
2026/04/13 20:06:42.329, 0, 3476, 100, 0, 34, 41.99
2026/04/13 20:06:42.332, 1, 3476, 100, 0, 34, 42.55
2026/04/13 20:06:43.336, 0, 3476, 100, 0, 34, 42.00
2026/04/13 20:06:43.338, 1, 3476, 100, 0, 34, 42.65
2026/04/13 20:06:44.344, 0, 3476, 100, 0, 34, 42.01
2026/04/13 20:06:44.347, 1, 3476, 100, 0, 34, 42.55
2026/04/13 20:06:45.351, 0, 3476, 100, 0, 34, 41.90
2026/04/13 20:06:45.354, 1, 3476, 100, 0, 34, 42.55
2026/04/13 20:06:46.357, 0, 3476, 100, 0, 34, 41.99
2026/04/13 20:06:46.360, 1, 3476, 100, 0, 34, 42.56
2026/04/13 20:06:47.364, 0, 3476, 100, 0, 34, 41.91
2026/04/13 20:06:47.366, 1, 3476, 100, 0, 34, 42.55
2026/04/13 20:06:48.373, 0, 3476, 100, 0, 34, 41.89
2026/04/13 20:06:48.376, 1, 3476, 100, 0, 34, 42.65
2026/04/13 20:06:49.380, 0, 3476, 100, 0, 34, 42.00
2026/04/13 20:06:49.383, 1, 3476, 100, 0, 34, 42.55
2026/04/13 20:06:50.387, 0, 3476, 100, 0, 34, 42.01
2026/04/13 20:06:50.391, 1, 3476, 100, 0, 34, 42.55
2026/04/13 20:06:51.395, 0, 3476, 100, 0, 34, 41.90
2026/04/13 20:06:51.397, 1, 3476, 100, 0, 34, 42.55
2026/04/13 20:06:52.402, 0, 3476, 100, 0, 34, 41.89
2026/04/13 20:06:52.405, 1, 3476, 100, 0, 34, 42.55
2026/04/13 20:06:53.408, 0, 3476, 100, 0, 34, 41.91
2026/04/13 20:06:53.411, 1, 3476, 100, 0, 34, 42.55
2026/04/13 20:06:54.416, 0, 3476, 100, 0, 34, 42.01
2026/04/13 20:06:54.419, 1, 3476, 100, 0, 34, 42.65
2026/04/13 20:06:55.422, 0, 3476, 100, 0, 34, 42.00
2026/04/13 20:06:55.425, 1, 3476, 100, 0, 34, 42.56
2026/04/13 20:06:56.429, 0, 3476, 100, 0, 34, 41.89
2026/04/13 20:06:56.431, 1, 3476, 100, 0, 34, 42.55
2026/04/13 20:06:57.435, 0, 3476, 100, 0, 34, 41.90
2026/04/13 20:06:57.438, 1, 3476, 100, 0, 34, 42.55
2026/04/13 20:06:58.443, 0, 3476, 100, 0, 34, 41.91
2026/04/13 20:06:58.447, 1, 3476, 100, 0, 34, 42.56
2026/04/13 20:06:59.450, 0, 3476, 100, 0, 34, 41.89
2026/04/13 20:06:59.453, 1, 3476, 100, 0, 34, 42.55
2026/04/13 20:07:00.457, 0, 3476, 100, 0, 34, 41.91
2026/04/13 20:07:00.460, 1, 3476, 100, 0, 34, 42.56
2026/04/13 20:07:01.466, 0, 3476, 100, 0, 34, 41.91
2026/04/13 20:07:01.469, 1, 3476, 100, 0, 34, 42.55
2026/04/13 20:07:02.473, 0, 3476, 100, 0, 34, 41.90
2026/04/13 20:07:02.476, 1, 3476, 100, 0, 34, 42.55
2026/04/13 20:07:03.480, 0, 3476, 100, 0, 34, 42.01
2026/04/13 20:07:03.483, 1, 3476, 100, 0, 34, 42.55
2026/04/13 20:07:04.487, 0, 3476, 100, 0, 34, 41.90
2026/04/13 20:07:04.489, 1, 3476, 100, 0, 34, 42.56
2026/04/13 20:07:05.494, 0, 3476, 100, 0, 34, 41.90
2026/04/13 20:07:05.496, 1, 3476, 100, 0, 34, 42.65
2026/04/13 20:07:06.500, 0, 3476, 100, 0, 34, 41.90
2026/04/13 20:07:06.506, 1, 3476, 100, 0, 34, 42.55
2026/04/13 20:07:07.510, 0, 3476, 100, 0, 34, 41.89
2026/04/13 20:07:07.513, 1, 3476, 100, 0, 34, 42.65
2026/04/13 20:07:08.517, 0, 3476, 100, 0, 34, 41.89
2026/04/13 20:07:08.519, 1, 3476, 100, 0, 34, 42.55
2026/04/13 20:07:09.526, 0, 3476, 100, 0, 34, 42.00
2026/04/13 20:07:09.528, 1, 3476, 100, 0, 34, 42.55
2026/04/13 20:07:10.531, 0, 3476, 100, 0, 34, 41.89
2026/04/13 20:07:10.538, 1, 3476, 100, 0, 34, 42.55
2026/04/13 20:07:11.541, 0, 3476, 100, 0, 34, 42.00
2026/04/13 20:07:11.544, 1, 3476, 100, 0, 34, 42.55
2026/04/13 20:07:12.548, 0, 3476, 100, 0, 34, 42.00
2026/04/13 20:07:12.551, 1, 3476, 100, 0, 34, 42.65
2026/04/13 20:07:13.555, 0, 3476, 100, 0, 34, 41.90
2026/04/13 20:07:13.558, 1, 3476, 100, 0, 34, 42.56
2026/04/13 20:07:14.561, 0, 3476, 100, 0, 34, 41.90
2026/04/13 20:07:14.563, 1, 3476, 100, 0, 34, 42.55
2026/04/13 20:07:15.566, 0, 3476, 100, 0, 34, 41.90
2026/04/13 20:07:15.569, 1, 3476, 100, 0, 34, 42.56
2026/04/13 20:07:16.573, 0, 3476, 100, 0, 34, 41.90
2026/04/13 20:07:16.576, 1, 3476, 100, 0, 34, 42.56
2026/04/13 20:07:17.579, 0, 3476, 100, 0, 34, 41.91
2026/04/13 20:07:17.582, 1, 3476, 100, 0, 34, 42.65
2026/04/13 20:07:18.587, 0, 3476, 100, 0, 34, 42.00
2026/04/13 20:07:18.591, 1, 3476, 100, 0, 34, 42.55
2026/04/13 20:07:19.593, 0, 3476, 100, 0, 34, 41.99
2026/04/13 20:07:19.596, 1, 3476, 100, 0, 34, 42.65
2026/04/13 20:07:20.599, 0, 3476, 100, 0, 34, 42.00
2026/04/13 20:07:20.602, 1, 3476, 100, 0, 34, 42.55
2026/04/13 20:07:21.604, 0, 3476, 100, 0, 34, 41.99
2026/04/13 20:07:21.607, 1, 3476, 100, 0, 34, 42.55
2026/04/13 20:07:22.611, 0, 3476, 100, 0, 34, 41.90
2026/04/13 20:07:22.613, 1, 3476, 100, 0, 34, 42.65
2026/04/13 20:07:23.616, 0, 3476, 100, 0, 34, 42.00
2026/04/13 20:07:23.619, 1, 3476, 100, 0, 34, 42.65
2026/04/13 20:07:24.623, 0, 3476, 100, 0, 34, 41.99
2026/04/13 20:07:24.625, 1, 3476, 100, 0, 34, 42.65
2026/04/13 20:07:25.629, 0, 3476, 100, 0, 34, 42.00
2026/04/13 20:07:25.632, 1, 3476, 100, 0, 34, 42.55
2026/04/13 20:07:26.636, 0, 3476, 100, 0, 34, 41.99
2026/04/13 20:07:26.639, 1, 3476, 100, 0, 34, 42.66
2026/04/13 20:07:27.643, 0, 3476, 100, 0, 34, 41.99
2026/04/13 20:07:27.645, 1, 3476, 100, 0, 34, 42.55
2026/04/13 20:07:28.649, 0, 3476, 100, 0, 34, 41.90
2026/04/13 20:07:28.652, 1, 3476, 100, 0, 34, 42.56
2026/04/13 20:07:29.655, 0, 3476, 100, 0, 34, 41.90
2026/04/13 20:07:29.658, 1, 3476, 100, 0, 34, 42.56
2026/04/13 20:07:30.661, 0, 3476, 100, 0, 34, 42.10
2026/04/13 20:07:30.664, 1, 3476, 100, 0, 34, 42.56
2026/04/13 20:07:31.667, 0, 3476, 100, 0, 34, 42.00
2026/04/13 20:07:31.670, 1, 3476, 100, 0, 34, 42.66
2026/04/13 20:07:32.673, 0, 3476, 100, 0, 34, 41.99
2026/04/13 20:07:32.675, 1, 3476, 100, 0, 34, 42.55
2026/04/13 20:07:33.679, 0, 3476, 100, 0, 34, 42.00
2026/04/13 20:07:33.682, 1, 3476, 100, 0, 34, 42.55
2026/04/13 20:07:34.687, 0, 3476, 100, 0, 34, 41.91
2026/04/13 20:07:34.690, 1, 3476, 100, 0, 34, 42.55
2026/04/13 20:07:35.694, 0, 3476, 100, 0, 34, 41.91
2026/04/13 20:07:35.696, 1, 3476, 100, 0, 34, 42.55
2026/04/13 20:07:36.702, 0, 3476, 100, 0, 34, 42.00
2026/04/13 20:07:36.707, 1, 3476, 100, 0, 34, 42.45
2026/04/13 20:07:37.711, 0, 3476, 100, 0, 34, 41.91
2026/04/13 20:07:37.714, 1, 3476, 100, 0, 34, 42.55
2026/04/13 20:07:38.719, 0, 3476, 100, 0, 34, 42.00
2026/04/13 20:07:38.723, 1, 3476, 100, 0, 34, 42.66
2026/04/13 20:07:39.727, 0, 3476, 100, 0, 34, 42.00
2026/04/13 20:07:39.729, 1, 3476, 100, 0, 34, 42.55
2026/04/13 20:07:40.733, 0, 3476, 100, 0, 34, 42.00
2026/04/13 20:07:40.737, 1, 3476, 100, 0, 34, 42.55
2026/04/13 20:07:41.741, 0, 3476, 100, 0, 34, 42.00
2026/04/13 20:07:41.744, 1, 3476, 100, 0, 34, 42.55
2026/04/13 20:07:42.748, 0, 3476, 100, 0, 34, 42.00
2026/04/13 20:07:42.751, 1, 3476, 100, 0, 34, 42.56
2026/04/13 20:07:43.755, 0, 3476, 100, 0, 34, 41.90
2026/04/13 20:07:43.757, 1, 3476, 100, 0, 34, 42.56
2026/04/13 20:07:44.761, 0, 3476, 100, 0, 34, 41.91
2026/04/13 20:07:44.766, 1, 3476, 100, 0, 34, 42.55
2026/04/13 20:07:45.770, 0, 3476, 100, 0, 34, 41.91
2026/04/13 20:07:45.772, 1, 3476, 100, 0, 34, 42.65
2026/04/13 20:07:46.777, 0, 3476, 100, 0, 34, 42.00
2026/04/13 20:07:46.780, 1, 3476, 100, 0, 34, 42.66
2026/04/13 20:07:47.784, 0, 3476, 100, 0, 34, 42.00
2026/04/13 20:07:47.786, 1, 3476, 100, 0, 34, 42.55
2026/04/13 20:07:48.790, 0, 3476, 100, 0, 34, 42.00
2026/04/13 20:07:48.795, 1, 3476, 100, 0, 34, 42.55
2026/04/13 20:07:49.799, 0, 3476, 100, 0, 34, 42.01
2026/04/13 20:07:49.802, 1, 3476, 100, 0, 34, 42.55
2026/04/13 20:07:50.805, 0, 3476, 100, 0, 34, 42.00
2026/04/13 20:07:50.808, 1, 3476, 100, 0, 34, 42.55
2026/04/13 20:07:51.812, 0, 3476, 100, 0, 34, 42.10
2026/04/13 20:07:51.815, 1, 3476, 100, 0, 34, 42.55
2026/04/13 20:07:52.818, 0, 3476, 100, 0, 34, 42.00
2026/04/13 20:07:52.824, 1, 3476, 100, 0, 34, 42.55
2026/04/13 20:07:53.828, 0, 3476, 100, 0, 34, 41.90
2026/04/13 20:07:53.830, 1, 3476, 100, 0, 34, 42.55
2026/04/13 20:07:54.834, 0, 3476, 100, 0, 34, 41.90
2026/04/13 20:07:54.837, 1, 3476, 100, 0, 34, 42.55
2026/04/13 20:07:55.844, 0, 3476, 100, 0, 34, 41.89
2026/04/13 20:07:55.846, 1, 3476, 100, 0, 34, 42.55
2026/04/13 20:07:56.850, 0, 3476, 100, 0, 34, 41.90
2026/04/13 20:07:56.853, 1, 3476, 100, 0, 34, 42.56
2026/04/13 20:07:57.857, 0, 3476, 100, 0, 34, 42.01
2026/04/13 20:07:57.860, 1, 3476, 100, 0, 34, 42.56
2026/04/13 20:07:58.864, 0, 3476, 100, 0, 34, 41.90
2026/04/13 20:07:58.866, 1, 3476, 100, 0, 34, 42.65
2026/04/13 20:07:59.873, 0, 3476, 100, 0, 34, 41.90
2026/04/13 20:07:59.878, 1, 3476, 100, 0, 34, 42.65
2026/04/13 20:08:00.882, 0, 3476, 100, 0, 34, 42.01
2026/04/13 20:08:00.884, 1, 3476, 100, 0, 34, 42.65
2026/04/13 20:08:01.888, 0, 3476, 100, 0, 34, 42.00
2026/04/13 20:08:01.891, 1, 3476, 100, 0, 34, 42.66
2026/04/13 20:08:02.894, 0, 3476, 100, 0, 34, 41.90
2026/04/13 20:08:02.897, 1, 3476, 100, 0, 34, 42.56
2026/04/13 20:08:03.902, 0, 3476, 100, 0, 34, 42.00
2026/04/13 20:08:03.906, 1, 3476, 100, 0, 34, 42.55
2026/04/13 20:08:04.910, 0, 3476, 100, 0, 34, 42.00
2026/04/13 20:08:04.913, 1, 3476, 100, 0, 34, 42.55
2026/04/13 20:08:05.916, 0, 3476, 100, 0, 34, 42.00
2026/04/13 20:08:05.919, 1, 3476, 100, 0, 34, 42.56
2026/04/13 20:08:06.923, 0, 3476, 100, 0, 34, 42.09
2026/04/13 20:08:06.925, 1, 3476, 100, 0, 34, 42.56
2026/04/13 20:08:07.929, 0, 3476, 100, 0, 34, 42.01
2026/04/13 20:08:07.935, 1, 3476, 100, 0, 34, 42.56
2026/04/13 20:08:08.939, 0, 3476, 100, 0, 34, 41.90
2026/04/13 20:08:08.942, 1, 3476, 100, 0, 34, 42.55
2026/04/13 20:08:09.948, 0, 3476, 100, 0, 34, 41.90
2026/04/13 20:08:09.951, 1, 3476, 100, 0, 34, 42.55
2026/04/13 20:08:10.955, 0, 3476, 100, 0, 34, 42.01
2026/04/13 20:08:10.960, 1, 3476, 100, 0, 34, 42.55
2026/04/13 20:08:11.964, 0, 3476, 100, 0, 34, 41.91
2026/04/13 20:08:11.967, 1, 3476, 100, 0, 34, 42.56
2026/04/13 20:08:12.972, 0, 3476, 100, 0, 34, 41.89
2026/04/13 20:08:12.975, 1, 3476, 100, 0, 34, 42.55
2026/04/13 20:08:13.979, 0, 3476, 100, 0, 34, 41.89
2026/04/13 20:08:13.981, 1, 3476, 100, 0, 34, 42.56
2026/04/13 20:08:14.985, 0, 3476, 100, 0, 34, 42.00
2026/04/13 20:08:14.991, 1, 3476, 100, 0, 34, 42.55
2026/04/13 20:08:15.995, 0, 3476, 100, 0, 34, 42.00
2026/04/13 20:08:15.999, 1, 3476, 100, 0, 34, 42.55
2026/04/13 20:08:17.003, 0, 3476, 100, 0, 34, 41.99
2026/04/13 20:08:17.008, 1, 3476, 100, 0, 34, 42.55
2026/04/13 20:08:18.012, 0, 3476, 100, 0, 34, 42.09
2026/04/13 20:08:18.015, 1, 3476, 100, 0, 34, 42.55
2026/04/13 20:08:19.019, 0, 3476, 100, 0, 34, 42.10
2026/04/13 20:08:19.021, 1, 3476, 100, 0, 34, 42.55
2026/04/13 20:08:20.025, 0, 3476, 100, 0, 34, 42.00
2026/04/13 20:08:20.028, 1, 3476, 100, 0, 34, 42.66
2026/04/13 20:08:21.032, 0, 3476, 100, 0, 34, 42.00
2026/04/13 20:08:21.035, 1, 3476, 100, 0, 34, 42.55
2026/04/13 20:08:22.039, 0, 3476, 100, 0, 34, 42.00
2026/04/13 20:08:22.041, 1, 3476, 100, 0, 34, 42.56
2026/04/13 20:08:23.045, 0, 3476, 100, 0, 34, 42.00
2026/04/13 20:08:23.048, 1, 3476, 100, 0, 34, 42.55
2026/04/13 20:08:24.052, 0, 3476, 100, 0, 34, 42.10
2026/04/13 20:08:24.054, 1, 3476, 100, 0, 34, 42.55
2026/04/13 20:08:25.058, 0, 3476, 100, 0, 34, 42.00
2026/04/13 20:08:25.066, 1, 3476, 100, 0, 34, 42.55
2026/04/13 20:08:26.069, 0, 3476, 100, 0, 34, 41.99
2026/04/13 20:08:26.074, 1, 3476, 100, 0, 34, 42.56
2026/04/13 20:08:27.080, 0, 3476, 100, 0, 34, 42.00
2026/04/13 20:08:27.083, 1, 3476, 100, 0, 34, 42.66
2026/04/13 20:08:28.090, 0, 3476, 100, 0, 34, 42.01
2026/04/13 20:08:28.092, 1, 3476, 100, 0, 34, 42.65
2026/04/13 20:08:29.095, 0, 3476, 100, 0, 34, 41.99
2026/04/13 20:08:29.098, 1, 3476, 100, 0, 34, 42.55
2026/04/13 20:08:30.101, 0, 3476, 100, 0, 34, 42.00
2026/04/13 20:08:30.105, 1, 3476, 100, 0, 34, 42.56
2026/04/13 20:08:31.107, 0, 3476, 100, 0, 34, 42.00
2026/04/13 20:08:31.110, 1, 3476, 100, 0, 34, 42.56
2026/04/13 20:08:32.113, 0, 3476, 100, 0, 34, 41.89
2026/04/13 20:08:32.116, 1, 3476, 100, 0, 34, 42.55
2026/04/13 20:08:33.121, 0, 3476, 100, 0, 34, 41.89
2026/04/13 20:08:33.124, 1, 3476, 100, 0, 34, 42.55
2026/04/13 20:08:34.127, 0, 3476, 100, 0, 34, 41.99
2026/04/13 20:08:34.130, 1, 3476, 100, 0, 34, 42.65
2026/04/13 20:08:35.132, 0, 3476, 100, 0, 34, 41.89
2026/04/13 20:08:35.136, 1, 3476, 100, 0, 34, 42.55
2026/04/13 20:08:36.140, 0, 3476, 100, 0, 34, 41.90
2026/04/13 20:08:36.143, 1, 3476, 100, 0, 34, 42.55
2026/04/13 20:08:37.146, 0, 3476, 100, 0, 34, 41.99
2026/04/13 20:08:37.148, 1, 3476, 100, 0, 34, 42.55
2026/04/13 20:08:38.152, 0, 3476, 100, 0, 34, 41.90
2026/04/13 20:08:38.154, 1, 3476, 100, 0, 34, 42.56
2026/04/13 20:08:39.159, 0, 3476, 100, 0, 34, 41.99
2026/04/13 20:08:39.165, 1, 3476, 100, 0, 34, 42.55
2026/04/13 20:08:40.169, 0, 3476, 100, 0, 34, 42.01
2026/04/13 20:08:40.171, 1, 3476, 100, 0, 34, 42.55
2026/04/13 20:08:41.175, 0, 3476, 100, 0, 34, 42.09
2026/04/13 20:08:41.178, 1, 3476, 100, 0, 34, 42.56
2026/04/13 20:08:42.182, 0, 3476, 100, 0, 34, 41.99
2026/04/13 20:08:42.184, 1, 3476, 100, 0, 34, 42.56
2026/04/13 20:08:43.188, 0, 3476, 100, 0, 34, 42.01
2026/04/13 20:08:43.193, 1, 3476, 100, 0, 34, 42.55
2026/04/13 20:08:44.197, 0, 3476, 100, 0, 34, 41.90
2026/04/13 20:08:44.199, 1, 3476, 100, 0, 34, 42.55
2026/04/13 20:08:45.203, 0, 3476, 100, 0, 34, 41.90
2026/04/13 20:08:45.207, 1, 3476, 100, 0, 34, 42.55
2026/04/13 20:08:46.211, 0, 3476, 100, 0, 34, 42.10
2026/04/13 20:08:46.214, 1, 3476, 100, 0, 34, 42.55
2026/04/13 20:08:47.218, 0, 3476, 100, 0, 34, 42.00
2026/04/13 20:08:47.222, 1, 3476, 100, 0, 34, 42.55
2026/04/13 20:08:48.227, 0, 3476, 100, 0, 34, 41.90
2026/04/13 20:08:48.230, 1, 3476, 100, 0, 34, 42.56
2026/04/13 20:08:49.234, 0, 3476, 100, 0, 34, 41.90
2026/04/13 20:08:49.236, 1, 3476, 100, 0, 34, 42.55
2026/04/13 20:08:50.240, 0, 3476, 100, 0, 34, 41.91
2026/04/13 20:08:50.243, 1, 3476, 100, 0, 34, 42.55
2026/04/13 20:08:51.249, 0, 3476, 100, 0, 34, 41.99
2026/04/13 20:08:51.251, 1, 3476, 100, 0, 34, 42.55
2026/04/13 20:08:52.255, 0, 3476, 100, 0, 34, 41.99
2026/04/13 20:08:52.258, 1, 3476, 100, 0, 34, 42.55
2026/04/13 20:08:53.262, 0, 3476, 100, 0, 34, 42.10
2026/04/13 20:08:53.264, 1, 3476, 100, 0, 34, 42.55
2026/04/13 20:08:54.268, 0, 3476, 100, 0, 34, 42.00
2026/04/13 20:08:54.271, 1, 3476, 100, 0, 34, 42.55
2026/04/13 20:08:55.275, 0, 3476, 100, 0, 34, 42.00
2026/04/13 20:08:55.280, 1, 3476, 100, 0, 34, 42.65
2026/04/13 20:08:56.284, 0, 3476, 100, 0, 34, 41.91
2026/04/13 20:08:56.287, 1, 3476, 100, 0, 34, 42.55
2026/04/13 20:08:57.290, 0, 3476, 100, 0, 34, 42.10
2026/04/13 20:08:57.293, 1, 3476, 100, 0, 34, 42.55
2026/04/13 20:08:58.297, 0, 3476, 100, 0, 34, 41.89
2026/04/13 20:08:58.299, 1, 3476, 100, 0, 34, 42.55
2026/04/13 20:08:59.303, 0, 3476, 100, 0, 34, 41.89
2026/04/13 20:08:59.306, 1, 3476, 100, 0, 34, 42.65
2026/04/13 20:09:00.310, 0, 3476, 100, 0, 34, 41.90
2026/04/13 20:09:00.313, 1, 3476, 100, 0, 34, 42.65
2026/04/13 20:09:01.317, 0, 3476, 100, 0, 34, 41.90
2026/04/13 20:09:01.320, 1, 3476, 100, 0, 34, 42.65
2026/04/13 20:09:02.323, 0, 3476, 100, 0, 34, 42.00
2026/04/13 20:09:02.326, 1, 3476, 100, 0, 34, 42.55
2026/04/13 20:09:03.330, 0, 3476, 100, 0, 34, 41.91
2026/04/13 20:09:03.333, 1, 3476, 100, 0, 34, 42.55
2026/04/13 20:09:04.337, 0, 3476, 100, 0, 34, 41.89
2026/04/13 20:09:04.341, 1, 3476, 100, 0, 34, 42.55
2026/04/13 20:09:05.345, 0, 3476, 100, 0, 34, 41.90
2026/04/13 20:09:05.350, 1, 3476, 100, 0, 34, 42.55
2026/04/13 20:09:06.353, 0, 3476, 100, 0, 34, 41.99
2026/04/13 20:09:06.356, 1, 3476, 100, 0, 34, 42.55
2026/04/13 20:09:07.360, 0, 3476, 100, 0, 34, 41.89
2026/04/13 20:09:07.363, 1, 3476, 100, 0, 34, 42.55
2026/04/13 20:09:08.366, 0, 3476, 100, 0, 34, 42.00
2026/04/13 20:09:08.371, 1, 3476, 100, 0, 34, 42.55
2026/04/13 20:09:09.374, 0, 3476, 100, 0, 34, 42.00
2026/04/13 20:09:09.377, 1, 3476, 100, 0, 34, 42.65
2026/04/13 20:09:10.382, 0, 3476, 100, 0, 34, 42.00
2026/04/13 20:09:10.385, 1, 3476, 100, 0, 34, 42.65
2026/04/13 20:09:11.388, 0, 3476, 100, 0, 34, 41.99
2026/04/13 20:09:11.391, 1, 3476, 100, 0, 34, 42.56
2026/04/13 20:09:12.395, 0, 3476, 100, 0, 34, 41.90
2026/04/13 20:09:12.397, 1, 3476, 100, 0, 34, 42.65
2026/04/13 20:09:13.401, 0, 3476, 100, 0, 34, 41.99
2026/04/13 20:09:13.404, 1, 3476, 100, 0, 34, 42.55
2026/04/13 20:09:14.408, 0, 3476, 100, 0, 34, 41.99
2026/04/13 20:09:14.410, 1, 3476, 100, 0, 34, 42.65
2026/04/13 20:09:15.414, 0, 3476, 100, 0, 34, 41.91
2026/04/13 20:09:15.417, 1, 3476, 100, 0, 34, 42.55
2026/04/13 20:09:16.421, 0, 3476, 100, 0, 34, 41.99
2026/04/13 20:09:16.424, 1, 3476, 100, 0, 34, 42.66
2026/04/13 20:09:17.428, 0, 3476, 100, 0, 34, 42.00
2026/04/13 20:09:17.431, 1, 3476, 100, 0, 34, 42.56
2026/04/13 20:09:18.435, 0, 3476, 100, 0, 34, 41.90
2026/04/13 20:09:18.437, 1, 3476, 100, 0, 34, 42.65
2026/04/13 20:09:19.441, 0, 3476, 100, 0, 34, 41.91
2026/04/13 20:09:19.444, 1, 3476, 100, 0, 34, 42.65
2026/04/13 20:09:20.447, 0, 3476, 100, 0, 34, 42.01
2026/04/13 20:09:20.450, 1, 3476, 100, 0, 34, 42.56
2026/04/13 20:09:21.455, 0, 3476, 100, 0, 34, 42.00
2026/04/13 20:09:21.458, 1, 3476, 100, 0, 34, 42.65
2026/04/13 20:09:22.462, 0, 3476, 100, 0, 34, 42.10
2026/04/13 20:09:22.468, 1, 3476, 100, 0, 34, 42.56
2026/04/13 20:09:23.472, 0, 3476, 100, 0, 34, 41.90
2026/04/13 20:09:23.476, 1, 3476, 100, 0, 34, 42.65
2026/04/13 20:09:24.483, 0, 3476, 100, 0, 34, 42.00
2026/04/13 20:09:24.486, 1, 3476, 100, 0, 34, 42.56
2026/04/13 20:09:25.489, 0, 3476, 100, 0, 34, 42.00
2026/04/13 20:09:25.492, 1, 3476, 100, 0, 34, 42.55
2026/04/13 20:09:26.496, 0, 3476, 100, 0, 34, 42.10
2026/04/13 20:09:26.500, 1, 3476, 100, 0, 34, 42.66
2026/04/13 20:09:27.504, 0, 3476, 100, 0, 34, 42.00
2026/04/13 20:09:27.507, 1, 3476, 100, 0, 34, 42.55
2026/04/13 20:09:28.513, 0, 3476, 100, 0, 34, 41.89
2026/04/13 20:09:28.515, 1, 3476, 100, 0, 34, 42.55
2026/04/13 20:09:29.519, 0, 3476, 100, 0, 34, 42.01
2026/04/13 20:09:29.522, 1, 3476, 100, 0, 34, 42.66
2026/04/13 20:09:30.525, 0, 3476, 100, 0, 34, 42.09
2026/04/13 20:09:30.528, 1, 3476, 100, 0, 34, 42.65
2026/04/13 20:09:31.532, 0, 3476, 100, 0, 34, 42.00
2026/04/13 20:09:31.535, 1, 3476, 100, 0, 34, 42.56
2026/04/13 20:09:32.538, 0, 3476, 100, 0, 34, 41.99
2026/04/13 20:09:32.542, 1, 3476, 100, 0, 34, 42.66
2026/04/13 20:09:33.546, 0, 3476, 100, 0, 34, 41.89
2026/04/13 20:09:33.549, 1, 3476, 100, 0, 34, 42.65
2026/04/13 20:09:34.553, 0, 3476, 100, 0, 34, 42.00
2026/04/13 20:09:34.556, 1, 3476, 100, 0, 34, 42.66
2026/04/13 20:09:35.560, 0, 3476, 100, 0, 34, 42.00
2026/04/13 20:09:35.562, 1, 3476, 100, 0, 34, 42.55
2026/04/13 20:09:36.566, 0, 3476, 100, 0, 34, 41.90
2026/04/13 20:09:36.569, 1, 3476, 100, 0, 34, 42.55
2026/04/13 20:09:37.575, 0, 3476, 100, 0, 34, 42.01
2026/04/13 20:09:37.579, 1, 3476, 100, 0, 34, 42.55
2026/04/13 20:09:38.583, 0, 3476, 100, 0, 34, 42.00
2026/04/13 20:09:38.586, 1, 3476, 100, 0, 34, 42.55
2026/04/13 20:09:39.589, 0, 3476, 100, 0, 34, 42.00
2026/04/13 20:09:39.592, 1, 3476, 100, 0, 34, 42.65
2026/04/13 20:09:40.596, 0, 3476, 100, 0, 34, 42.00
2026/04/13 20:09:40.598, 1, 3476, 100, 0, 34, 42.55
2026/04/13 20:09:41.602, 0, 3476, 100, 0, 34, 42.00
2026/04/13 20:09:41.605, 1, 3476, 100, 0, 34, 42.65
2026/04/13 20:09:42.609, 0, 3476, 100, 0, 34, 42.10
2026/04/13 20:09:42.611, 1, 3476, 100, 0, 34, 42.66
2026/04/13 20:09:43.615, 0, 3476, 100, 0, 34, 41.99
2026/04/13 20:09:43.618, 1, 3476, 100, 0, 34, 42.55
2026/04/13 20:09:44.623, 0, 3476, 100, 0, 34, 42.00
2026/04/13 20:09:44.626, 1, 3476, 100, 0, 34, 42.56
2026/04/13 20:09:45.630, 0, 3476, 100, 0, 34, 41.99
2026/04/13 20:09:45.632, 1, 3476, 100, 0, 34, 42.55
2026/04/13 20:09:46.639, 0, 3476, 100, 0, 34, 42.10
2026/04/13 20:09:46.642, 1, 3476, 100, 0, 34, 42.55
2026/04/13 20:09:47.645, 0, 3476, 100, 0, 34, 42.00
2026/04/13 20:09:47.648, 1, 3476, 100, 0, 34, 42.55
2026/04/13 20:09:48.652, 0, 3476, 100, 0, 34, 41.99
2026/04/13 20:09:48.655, 1, 3476, 100, 0, 34, 42.55
2026/04/13 20:09:49.658, 0, 3476, 100, 0, 34, 42.10
2026/04/13 20:09:49.661, 1, 3476, 100, 0, 34, 42.65
2026/04/13 20:09:50.665, 0, 3476, 100, 0, 34, 42.01
2026/04/13 20:09:50.669, 1, 3476, 100, 0, 34, 42.55
2026/04/13 20:09:51.673, 0, 3476, 100, 0, 34, 42.00
2026/04/13 20:09:51.675, 1, 3476, 100, 0, 34, 42.55
2026/04/13 20:09:52.679, 0, 3476, 100, 0, 34, 41.99
2026/04/13 20:09:52.682, 1, 3476, 100, 0, 34, 42.65
2026/04/13 20:09:53.685, 0, 3476, 100, 0, 34, 42.00
2026/04/13 20:09:53.688, 1, 3476, 100, 0, 34, 42.65
2026/04/13 20:09:54.692, 0, 3476, 100, 0, 34, 42.00
2026/04/13 20:09:54.695, 1, 3476, 100, 0, 34, 42.56
2026/04/13 20:09:55.698, 0, 3476, 100, 0, 34, 42.10
2026/04/13 20:09:55.702, 1, 3476, 100, 0, 34, 42.56
2026/04/13 20:09:56.705, 0, 3476, 100, 0, 34, 41.99
2026/04/13 20:09:56.708, 1, 3476, 100, 0, 34, 42.55
2026/04/13 20:09:57.712, 0, 3476, 100, 0, 34, 42.01
2026/04/13 20:09:57.715, 1, 3476, 100, 0, 34, 42.65
2026/04/13 20:09:58.718, 0, 3476, 100, 0, 34, 41.99
2026/04/13 20:09:58.721, 1, 3476, 100, 0, 34, 42.55
2026/04/13 20:09:59.725, 0, 3476, 100, 0, 34, 42.01
2026/04/13 20:09:59.727, 1, 3476, 100, 0, 34, 42.66
2026/04/13 20:10:00.731, 0, 3476, 100, 0, 34, 42.10
2026/04/13 20:10:00.735, 1, 3476, 100, 0, 34, 42.56
2026/04/13 20:10:01.739, 0, 3476, 100, 0, 34, 41.99
2026/04/13 20:10:01.742, 1, 3476, 100, 0, 34, 42.56
2026/04/13 20:10:02.746, 0, 3476, 100, 0, 34, 42.00
2026/04/13 20:10:02.749, 1, 3476, 100, 0, 34, 42.65
2026/04/13 20:10:03.752, 0, 3476, 100, 0, 34, 42.10
2026/04/13 20:10:03.755, 1, 3476, 100, 0, 34, 42.56
2026/04/13 20:10:04.759, 0, 3476, 100, 0, 34, 42.00
2026/04/13 20:10:04.764, 1, 3476, 100, 0, 34, 42.55
2026/04/13 20:10:05.770, 0, 3476, 100, 0, 34, 42.00
2026/04/13 20:10:05.774, 1, 3476, 100, 0, 34, 42.55
2026/04/13 20:10:06.778, 0, 3476, 100, 0, 34, 42.00
2026/04/13 20:10:06.781, 1, 3476, 100, 0, 34, 42.56
2026/04/13 20:10:07.785, 0, 3476, 100, 0, 34, 42.00
2026/04/13 20:10:07.790, 1, 3476, 100, 0, 34, 42.65
2026/04/13 20:10:08.794, 0, 3476, 100, 0, 34, 42.00
2026/04/13 20:10:08.797, 1, 3476, 100, 0, 34, 42.55
2026/04/13 20:10:09.800, 0, 3476, 100, 0, 34, 42.00
2026/04/13 20:10:09.803, 1, 3476, 100, 0, 34, 42.56
2026/04/13 20:10:10.807, 0, 3476, 100, 0, 34, 41.91
2026/04/13 20:10:10.809, 1, 3476, 100, 0, 34, 42.65
2026/04/13 20:10:11.813, 0, 3476, 100, 0, 34, 42.00
2026/04/13 20:10:11.818, 1, 3476, 100, 0, 34, 42.55
2026/04/13 20:10:12.822, 0, 3476, 100, 0, 34, 41.99
2026/04/13 20:10:12.825, 1, 3476, 100, 0, 34, 42.55
2026/04/13 20:10:13.830, 0, 3476, 100, 0, 34, 42.00
2026/04/13 20:10:13.833, 1, 3476, 100, 0, 34, 42.56
2026/04/13 20:10:14.837, 0, 3476, 100, 0, 34, 42.10
2026/04/13 20:10:14.840, 1, 3476, 100, 0, 34, 42.65
2026/04/13 20:10:15.846, 0, 3476, 100, 0, 34, 41.99
2026/04/13 20:10:15.849, 1, 3476, 100, 0, 34, 42.55
2026/04/13 20:10:16.853, 0, 3476, 100, 0, 34, 41.90
2026/04/13 20:10:16.856, 1, 3476, 100, 0, 34, 42.56
2026/04/13 20:10:17.859, 0, 3476, 100, 0, 34, 41.99
2026/04/13 20:10:17.862, 1, 3476, 100, 0, 34, 42.55
2026/04/13 20:10:18.866, 0, 3476, 100, 0, 34, 42.01
2026/04/13 20:10:18.871, 1, 3476, 100, 0, 34, 42.55
2026/04/13 20:10:19.875, 0, 3476, 100, 0, 34, 42.10
2026/04/13 20:10:19.878, 1, 3476, 100, 0, 34, 42.55
2026/04/13 20:10:20.881, 0, 3476, 100, 0, 34, 42.01
2026/04/13 20:10:20.884, 1, 3476, 100, 0, 34, 42.56
2026/04/13 20:10:21.888, 0, 3476, 100, 0, 34, 42.00
2026/04/13 20:10:21.890, 1, 3476, 100, 0, 34, 42.55
2026/04/13 20:10:22.894, 0, 3476, 100, 0, 34, 41.90
2026/04/13 20:10:22.900, 1, 3476, 100, 0, 34, 42.55
2026/04/13 20:10:23.904, 0, 3476, 100, 0, 34, 42.00
2026/04/13 20:10:23.907, 1, 3476, 100, 0, 34, 42.55
2026/04/13 20:10:24.911, 0, 3476, 100, 0, 34, 42.09
2026/04/13 20:10:24.913, 1, 3476, 100, 0, 34, 42.55
2026/04/13 20:10:25.917, 0, 3476, 100, 0, 34, 42.01
2026/04/13 20:10:25.920, 1, 3476, 100, 0, 34, 42.55
2026/04/13 20:10:26.926, 0, 3476, 100, 0, 34, 42.00
2026/04/13 20:10:26.929, 1, 3476, 100, 0, 34, 42.65
2026/04/13 20:10:27.932, 0, 3476, 100, 0, 34, 42.10
2026/04/13 20:10:27.935, 1, 3476, 100, 0, 34, 42.56
2026/04/13 20:10:28.939, 0, 3476, 100, 0, 34, 41.99
2026/04/13 20:10:28.941, 1, 3476, 100, 0, 34, 42.55
2026/04/13 20:10:29.945, 0, 3476, 100, 0, 34, 42.00
2026/04/13 20:10:29.948, 1, 3476, 100, 0, 34, 42.55
2026/04/13 20:10:30.952, 0, 3476, 100, 0, 34, 42.00
2026/04/13 20:10:30.954, 1, 3476, 100, 0, 34, 42.55
2026/04/13 20:10:31.958, 0, 3476, 100, 0, 34, 41.99
2026/04/13 20:10:31.961, 1, 3476, 100, 0, 34, 42.55
2026/04/13 20:10:32.964, 0, 3476, 100, 0, 34, 41.99
2026/04/13 20:10:32.969, 1, 3476, 100, 0, 34, 42.65
2026/04/13 20:10:33.973, 0, 3476, 100, 0, 34, 42.09
2026/04/13 20:10:33.976, 1, 3476, 100, 0, 34, 42.65
2026/04/13 20:10:34.980, 0, 3476, 100, 0, 34, 42.10
2026/04/13 20:10:34.982, 1, 3476, 100, 0, 34, 42.55
2026/04/13 20:10:35.987, 0, 3476, 100, 0, 34, 42.00
2026/04/13 20:10:35.990, 1, 3476, 100, 0, 34, 42.55
2026/04/13 20:10:36.993, 0, 3476, 100, 0, 34, 42.00
2026/04/13 20:10:36.996, 1, 3476, 100, 0, 34, 42.65
2026/04/13 20:10:38.000, 0, 3476, 100, 0, 34, 42.00
2026/04/13 20:10:38.002, 1, 3476, 100, 0, 34, 42.65
2026/04/13 20:10:39.008, 0, 3476, 100, 0, 34, 42.00
2026/04/13 20:10:39.011, 1, 3476, 100, 0, 34, 42.55
2026/04/13 20:10:40.017, 0, 3476, 100, 0, 34, 41.89
2026/04/13 20:10:40.020, 1, 3476, 100, 0, 34, 42.55
2026/04/13 20:10:41.024, 0, 3476, 100, 0, 34, 42.00
2026/04/13 20:10:41.026, 1, 3476, 100, 0, 34, 42.55
2026/04/13 20:10:42.030, 0, 3476, 100, 0, 34, 41.90
2026/04/13 20:10:42.033, 1, 3476, 100, 0, 34, 42.55
2026/04/13 20:10:43.037, 0, 3476, 100, 0, 34, 42.00
2026/04/13 20:10:43.039, 1, 3476, 100, 0, 34, 42.55
2026/04/13 20:10:44.043, 0, 3476, 100, 0, 34, 42.00
2026/04/13 20:10:44.046, 1, 3476, 100, 0, 34, 42.55
2026/04/13 20:10:45.050, 0, 3476, 100, 0, 34, 42.00
2026/04/13 20:10:45.052, 1, 3476, 100, 0, 34, 42.55
2026/04/13 20:10:46.056, 0, 3476, 100, 0, 34, 41.90
2026/04/13 20:10:46.059, 1, 3476, 100, 0, 34, 42.55
2026/04/13 20:10:47.062, 0, 3476, 100, 0, 34, 42.00
2026/04/13 20:10:47.065, 1, 3476, 100, 0, 34, 42.56
2026/04/13 20:10:48.069, 0, 3476, 100, 0, 34, 42.00
2026/04/13 20:10:48.072, 1, 3476, 100, 0, 34, 42.65
2026/04/13 20:10:49.078, 0, 3476, 100, 0, 34, 42.01
2026/04/13 20:10:49.081, 1, 3476, 100, 0, 34, 42.65
2026/04/13 20:10:50.085, 0, 3476, 100, 0, 34, 42.01
2026/04/13 20:10:50.088, 1, 3476, 100, 0, 34, 42.56
2026/04/13 20:10:51.091, 0, 3476, 100, 0, 34, 41.89
2026/04/13 20:10:51.094, 1, 3476, 100, 0, 34, 42.65
2026/04/13 20:10:52.098, 0, 3476, 100, 0, 34, 42.10
2026/04/13 20:10:52.100, 1, 3476, 100, 0, 34, 42.56
2026/04/13 20:10:53.104, 0, 3476, 100, 0, 34, 41.91
2026/04/13 20:10:53.107, 1, 3476, 100, 0, 34, 42.65
2026/04/13 20:10:54.113, 0, 3476, 100, 0, 34, 41.90
2026/04/13 20:10:54.115, 1, 3476, 100, 0, 34, 42.55
2026/04/13 20:10:55.119, 0, 3476, 100, 0, 34, 41.89
2026/04/13 20:10:55.123, 1, 3476, 100, 0, 34, 42.65
2026/04/13 20:10:56.127, 0, 3476, 100, 0, 34, 41.99
2026/04/13 20:10:56.133, 1, 3476, 100, 0, 34, 42.56
2026/04/13 20:10:57.136, 0, 3476, 100, 0, 34, 41.99
2026/04/13 20:10:57.139, 1, 3476, 100, 0, 34, 42.66
2026/04/13 20:10:58.143, 0, 3476, 100, 0, 34, 41.99
2026/04/13 20:10:58.145, 1, 3476, 100, 0, 34, 42.55
2026/04/13 20:10:59.150, 0, 3476, 100, 0, 34, 42.00
2026/04/13 20:10:59.153, 1, 3476, 100, 0, 34, 42.55
2026/04/13 20:11:00.156, 0, 3476, 100, 0, 34, 42.00
2026/04/13 20:11:00.160, 1, 3476, 100, 0, 34, 42.55
2026/04/13 20:11:01.164, 0, 3476, 100, 0, 34, 41.99
2026/04/13 20:11:01.167, 1, 3476, 100, 0, 34, 42.65
2026/04/13 20:11:02.173, 0, 3476, 100, 0, 34, 42.09
2026/04/13 20:11:02.175, 1, 3476, 100, 0, 34, 42.56
2026/04/13 20:11:03.179, 0, 3476, 100, 0, 34, 41.89
2026/04/13 20:11:03.182, 1, 3476, 100, 0, 34, 42.55
2026/04/13 20:11:04.186, 0, 3476, 100, 0, 34, 41.99
2026/04/13 20:11:04.188, 1, 3476, 100, 0, 34, 42.66
2026/04/13 20:11:05.192, 0, 3476, 100, 0, 34, 42.01
2026/04/13 20:11:05.195, 1, 3476, 100, 0, 34, 42.55
2026/04/13 20:11:06.199, 0, 3476, 100, 0, 34, 41.90
2026/04/13 20:11:06.201, 1, 3476, 100, 0, 34, 42.66
2026/04/13 20:11:07.206, 0, 3476, 100, 0, 34, 42.01
2026/04/13 20:11:07.208, 1, 3476, 100, 0, 34, 42.56
2026/04/13 20:11:08.212, 0, 3476, 100, 0, 34, 42.00
2026/04/13 20:11:08.216, 1, 3476, 100, 0, 34, 42.55
2026/04/13 20:11:09.219, 0, 3476, 100, 0, 34, 42.00
2026/04/13 20:11:09.222, 1, 3476, 100, 0, 34, 42.55
2026/04/13 20:11:10.226, 0, 3476, 100, 0, 34, 42.00
2026/04/13 20:11:10.228, 1, 3476, 100, 0, 34, 42.55
2026/04/13 20:11:11.232, 0, 3476, 100, 0, 34, 41.99
2026/04/13 20:11:11.235, 1, 3476, 100, 0, 34, 42.55
2026/04/13 20:11:12.239, 0, 3476, 100, 0, 34, 42.10
2026/04/13 20:11:12.243, 1, 3476, 100, 0, 34, 42.55
2026/04/13 20:11:13.247, 0, 3476, 100, 0, 34, 42.00
2026/04/13 20:11:13.249, 1, 3476, 100, 0, 34, 42.55
2026/04/13 20:11:14.253, 0, 3476, 100, 0, 34, 41.90
2026/04/13 20:11:14.256, 1, 3476, 100, 0, 34, 42.65
2026/04/13 20:11:15.260, 0, 3476, 100, 0, 34, 42.00
2026/04/13 20:11:15.263, 1, 3476, 100, 0, 34, 42.56
2026/04/13 20:11:16.269, 0, 3476, 100, 0, 34, 41.91
2026/04/13 20:11:16.272, 1, 3476, 100, 0, 34, 42.55
2026/04/13 20:11:17.275, 0, 3476, 100, 0, 34, 41.90
2026/04/13 20:11:17.278, 1, 3476, 100, 0, 34, 42.65
2026/04/13 20:11:18.282, 0, 3476, 100, 0, 34, 42.01
2026/04/13 20:11:18.284, 1, 3476, 100, 0, 34, 42.55
2026/04/13 20:11:19.288, 0, 3476, 100, 0, 34, 41.90
2026/04/13 20:11:19.291, 1, 3476, 100, 0, 34, 42.55
2026/04/13 20:11:20.295, 0, 3476, 100, 0, 34, 42.10
2026/04/13 20:11:20.299, 1, 3476, 100, 0, 34, 42.55
2026/04/13 20:11:21.305, 0, 3476, 100, 0, 34, 42.10
2026/04/13 20:11:21.307, 1, 3476, 100, 0, 34, 42.55
2026/04/13 20:11:22.312, 0, 3476, 100, 0, 34, 41.89
2026/04/13 20:11:22.315, 1, 3476, 100, 0, 34, 42.55
2026/04/13 20:11:23.321, 0, 3476, 100, 0, 34, 41.99
2026/04/13 20:11:23.325, 1, 3476, 100, 0, 34, 42.55
2026/04/13 20:11:24.329, 0, 3476, 100, 0, 34, 41.99
2026/04/13 20:11:24.332, 1, 3476, 100, 0, 34, 42.55
2026/04/13 20:11:25.336, 0, 3476, 100, 0, 34, 41.99
2026/04/13 20:11:25.338, 1, 3476, 100, 0, 34, 42.65
2026/04/13 20:11:26.342, 0, 3476, 100, 0, 34, 41.99
2026/04/13 20:11:26.345, 1, 3476, 100, 0, 34, 42.55
2026/04/13 20:11:27.349, 0, 3476, 100, 0, 34, 42.10
2026/04/13 20:11:27.354, 1, 3476, 100, 0, 34, 42.55
2026/04/13 20:11:28.358, 0, 3476, 100, 0, 35, 41.99
2026/04/13 20:11:28.361, 1, 3476, 100, 0, 34, 42.55
2026/04/13 20:11:29.364, 0, 3476, 100, 0, 34, 42.00
2026/04/13 20:11:29.367, 1, 3476, 100, 0, 34, 42.55
2026/04/13 20:11:30.371, 0, 3476, 100, 0, 34, 41.90
2026/04/13 20:11:30.374, 1, 3476, 100, 0, 34, 42.55
2026/04/13 20:11:31.377, 0, 3476, 100, 0, 34, 41.99
2026/04/13 20:11:31.380, 1, 3476, 100, 0, 34, 42.55
2026/04/13 20:11:32.386, 0, 3476, 100, 0, 34, 42.10
2026/04/13 20:11:32.391, 1, 3476, 100, 0, 34, 42.55
2026/04/13 20:11:33.394, 0, 3476, 100, 0, 34, 42.01
2026/04/13 20:11:33.397, 1, 3476, 100, 0, 34, 42.55
2026/04/13 20:11:34.401, 0, 3476, 100, 0, 34, 42.00
2026/04/13 20:11:34.404, 1, 3476, 100, 0, 34, 42.55
2026/04/13 20:11:35.406, 0, 3476, 100, 0, 34, 42.10
2026/04/13 20:11:35.409, 1, 3476, 100, 0, 34, 42.55
2026/04/13 20:11:36.415, 0, 3476, 100, 0, 34, 42.00
2026/04/13 20:11:36.418, 1, 3476, 100, 0, 34, 42.55
2026/04/13 20:11:37.423, 0, 3476, 100, 0, 34, 41.90
2026/04/13 20:11:37.426, 1, 3476, 100, 0, 34, 42.55
2026/04/13 20:11:38.429, 0, 3476, 100, 0, 34, 41.90
2026/04/13 20:11:38.431, 1, 3476, 100, 0, 34, 42.55
2026/04/13 20:11:39.435, 0, 3476, 100, 0, 34, 41.99
2026/04/13 20:11:39.442, 1, 3476, 100, 0, 34, 42.55
2026/04/13 20:11:40.445, 0, 3476, 100, 0, 34, 42.10
2026/04/13 20:11:40.448, 1, 3476, 100, 0, 34, 42.65
2026/04/13 20:11:41.452, 0, 3476, 100, 0, 34, 41.91
2026/04/13 20:11:41.455, 1, 3476, 100, 0, 34, 42.55
2026/04/13 20:11:42.459, 0, 3476, 100, 0, 34, 42.00
2026/04/13 20:11:42.463, 1, 3476, 100, 0, 34, 42.55
2026/04/13 20:11:43.466, 0, 3476, 100, 0, 34, 41.99
2026/04/13 20:11:43.469, 1, 3476, 100, 0, 34, 42.56
2026/04/13 20:11:44.473, 0, 3476, 100, 0, 34, 41.90
2026/04/13 20:11:44.476, 1, 3476, 100, 0, 34, 42.55
2026/04/13 20:11:45.482, 0, 3476, 100, 0, 34, 42.01
2026/04/13 20:11:45.484, 1, 3476, 100, 0, 34, 42.55
2026/04/13 20:11:46.488, 0, 3476, 100, 0, 34, 42.00
2026/04/13 20:11:46.491, 1, 3476, 100, 0, 34, 42.45
2026/04/13 20:11:47.494, 0, 3476, 100, 0, 34, 41.91
2026/04/13 20:11:47.497, 1, 3476, 100, 0, 34, 42.55
2026/04/13 20:11:48.501, 0, 3476, 100, 0, 34, 41.91
2026/04/13 20:11:48.506, 1, 3476, 100, 0, 34, 42.66
2026/04/13 20:11:49.511, 0, 3476, 100, 0, 34, 41.99
2026/04/13 20:11:49.513, 1, 3476, 100, 0, 34, 42.65
2026/04/13 20:11:50.517, 0, 3476, 100, 0, 34, 41.89
2026/04/13 20:11:50.520, 1, 3476, 100, 0, 34, 42.66
2026/04/13 20:11:51.523, 0, 3476, 100, 0, 34, 42.00
2026/04/13 20:11:51.526, 1, 3476, 100, 0, 34, 42.66
2026/04/13 20:11:52.530, 0, 3476, 100, 0, 34, 41.89
2026/04/13 20:11:52.533, 1, 3476, 100, 0, 34, 42.65
2026/04/13 20:11:53.537, 0, 3476, 100, 0, 34, 42.10
2026/04/13 20:11:53.540, 1, 3476, 100, 0, 34, 42.55
2026/04/13 20:11:54.544, 0, 3476, 100, 0, 34, 41.90
2026/04/13 20:11:54.546, 1, 3476, 100, 0, 34, 42.65
2026/04/13 20:11:55.550, 0, 3476, 100, 0, 34, 42.00
2026/04/13 20:11:55.553, 1, 3476, 100, 0, 34, 42.55
2026/04/13 20:11:56.558, 0, 3476, 100, 0, 34, 42.01
2026/04/13 20:11:56.561, 1, 3476, 100, 0, 34, 42.55
2026/04/13 20:11:57.565, 0, 3476, 100, 0, 34, 41.91
2026/04/13 20:11:57.567, 1, 3476, 100, 0, 34, 42.66
2026/04/13 20:11:58.573, 0, 3476, 100, 0, 34, 42.00
2026/04/13 20:11:58.576, 1, 3476, 100, 0, 34, 42.55
2026/04/13 20:11:59.579, 0, 3476, 100, 0, 34, 41.90
2026/04/13 20:11:59.582, 1, 3476, 100, 0, 34, 42.65
2026/04/13 20:12:00.586, 0, 3476, 100, 0, 34, 42.01
2026/04/13 20:12:00.589, 1, 3476, 100, 0, 34, 42.65
2026/04/13 20:12:01.593, 0, 3476, 100, 0, 34, 41.99
2026/04/13 20:12:01.596, 1, 3476, 100, 0, 34, 42.55
2026/04/13 20:12:02.602, 0, 3476, 100, 0, 34, 41.89
2026/04/13 20:12:02.607, 1, 3476, 100, 0, 34, 42.55
2026/04/13 20:12:03.611, 0, 3476, 100, 0, 34, 42.00
2026/04/13 20:12:03.616, 1, 3476, 100, 0, 34, 42.65
2026/04/13 20:12:04.620, 0, 3476, 100, 0, 34, 42.00
2026/04/13 20:12:04.623, 1, 3476, 100, 0, 34, 42.55
2026/04/13 20:12:05.628, 0, 3476, 100, 0, 34, 42.00
2026/04/13 20:12:05.631, 1, 3476, 100, 0, 34, 42.65
2026/04/13 20:12:06.635, 0, 3476, 100, 0, 34, 42.00
2026/04/13 20:12:06.637, 1, 3476, 100, 0, 34, 42.65
2026/04/13 20:12:07.641, 0, 3476, 100, 0, 34, 42.00
2026/04/13 20:12:07.644, 1, 3476, 100, 0, 34, 42.65
2026/04/13 20:12:08.648, 0, 3476, 100, 0, 34, 42.00
2026/04/13 20:12:08.651, 1, 3476, 100, 0, 34, 42.55
2026/04/13 20:12:09.656, 0, 3476, 100, 0, 34, 42.00
2026/04/13 20:12:09.658, 1, 3476, 100, 0, 34, 42.66
2026/04/13 20:12:10.662, 0, 3476, 100, 0, 34, 42.01
2026/04/13 20:12:10.665, 1, 3476, 100, 0, 34, 42.65
2026/04/13 20:12:11.668, 0, 3476, 100, 0, 34, 42.10
2026/04/13 20:12:11.672, 1, 3476, 100, 0, 34, 42.56
2026/04/13 20:12:12.676, 0, 3476, 100, 0, 34, 42.10
2026/04/13 20:12:12.679, 1, 3476, 100, 0, 34, 42.65
2026/04/13 20:12:13.683, 0, 3476, 100, 0, 34, 42.10
2026/04/13 20:12:13.686, 1, 3476, 100, 0, 34, 42.55
2026/04/13 20:12:14.691, 0, 3476, 100, 0, 34, 42.01
2026/04/13 20:12:14.694, 1, 3476, 100, 0, 34, 42.66
2026/04/13 20:12:15.698, 0, 3476, 100, 0, 34, 42.10
2026/04/13 20:12:15.702, 1, 3476, 100, 0, 34, 42.55
2026/04/13 20:12:16.706, 0, 3476, 100, 0, 34, 42.00
2026/04/13 20:12:16.708, 1, 3476, 100, 0, 34, 42.66
2026/04/13 20:12:17.714, 0, 3476, 100, 0, 34, 42.00
2026/04/13 20:12:17.717, 1, 3476, 100, 0, 34, 42.65
2026/04/13 20:12:18.720, 0, 3476, 100, 0, 34, 41.99
2026/04/13 20:12:18.723, 1, 3476, 100, 0, 34, 42.55
2026/04/13 20:12:19.727, 0, 3476, 100, 0, 34, 41.91
2026/04/13 20:12:19.730, 1, 3476, 100, 0, 34, 42.65
2026/04/13 20:12:20.734, 0, 3476, 100, 0, 34, 42.00
2026/04/13 20:12:20.737, 1, 3476, 100, 0, 34, 42.56
2026/04/13 20:12:21.741, 0, 3476, 100, 0, 34, 41.90
2026/04/13 20:12:21.744, 1, 3476, 100, 0, 34, 42.56
2026/04/13 20:12:22.748, 0, 3476, 100, 0, 34, 41.89
2026/04/13 20:12:22.750, 1, 3476, 100, 0, 34, 42.65
2026/04/13 20:12:23.754, 0, 3476, 100, 0, 34, 42.00
2026/04/13 20:12:23.758, 1, 3476, 100, 0, 34, 42.55
2026/04/13 20:12:24.762, 0, 3476, 100, 0, 34, 42.00
2026/04/13 20:12:24.764, 1, 3476, 100, 0, 34, 42.56
2026/04/13 20:12:25.768, 0, 3476, 100, 0, 34, 42.00
2026/04/13 20:12:25.771, 1, 3476, 100, 0, 34, 42.55
2026/04/13 20:12:26.777, 0, 3476, 100, 0, 34, 42.10
2026/04/13 20:12:26.780, 1, 3476, 100, 0, 34, 42.65
2026/04/13 20:12:27.783, 0, 3476, 100, 0, 34, 42.00
2026/04/13 20:12:27.786, 1, 3476, 100, 0, 34, 42.66
2026/04/13 20:12:28.790, 0, 3476, 100, 0, 34, 41.99
2026/04/13 20:12:28.792, 1, 3476, 100, 0, 34, 42.66
2026/04/13 20:12:29.796, 0, 3476, 100, 0, 34, 42.01
2026/04/13 20:12:29.799, 1, 3476, 100, 0, 34, 42.66
2026/04/13 20:12:30.803, 0, 3476, 100, 0, 34, 42.01
2026/04/13 20:12:30.806, 1, 3476, 100, 0, 34, 42.66
2026/04/13 20:12:31.810, 0, 3476, 100, 0, 34, 42.01
2026/04/13 20:12:31.814, 1, 3476, 100, 0, 34, 42.56
2026/04/13 20:12:32.818, 0, 3476, 100, 0, 34, 42.00
2026/04/13 20:12:32.821, 1, 3476, 100, 0, 34, 42.55
2026/04/13 20:12:33.827, 0, 3476, 100, 0, 34, 41.90
2026/04/13 20:12:33.830, 1, 3476, 100, 0, 34, 42.55
2026/04/13 20:12:34.834, 0, 3476, 100, 0, 34, 42.01
2026/04/13 20:12:34.836, 1, 3476, 100, 0, 34, 42.56
2026/04/13 20:12:35.840, 0, 3476, 100, 0, 34, 41.99
2026/04/13 20:12:35.843, 1, 3476, 100, 0, 34, 42.56
2026/04/13 20:12:36.846, 0, 3476, 100, 0, 34, 42.01
2026/04/13 20:12:36.849, 1, 3476, 100, 0, 34, 42.65
2026/04/13 20:12:37.853, 0, 3476, 100, 0, 34, 41.89
2026/04/13 20:12:37.855, 1, 3476, 100, 0, 34, 42.55
2026/04/13 20:12:38.859, 0, 3476, 100, 0, 34, 42.10
2026/04/13 20:12:38.862, 1, 3476, 100, 0, 34, 42.65
2026/04/13 20:12:39.866, 0, 3476, 100, 0, 34, 42.00
2026/04/13 20:12:39.871, 1, 3476, 100, 0, 34, 42.55
2026/04/13 20:12:40.875, 0, 3476, 100, 0, 34, 42.00
2026/04/13 20:12:40.878, 1, 3476, 100, 0, 34, 42.65
2026/04/13 20:12:41.881, 0, 3476, 100, 0, 34, 42.01
2026/04/13 20:12:41.883, 1, 3476, 100, 0, 34, 42.56
2026/04/13 20:12:42.886, 0, 3476, 100, 0, 35, 42.01
2026/04/13 20:12:42.889, 1, 3476, 100, 0, 34, 42.65
2026/04/13 20:12:43.892, 0, 3476, 100, 0, 34, 41.90
2026/04/13 20:12:43.894, 1, 3476, 100, 0, 34, 42.56
2026/04/13 20:12:44.897, 0, 3476, 100, 0, 34, 42.00
2026/04/13 20:12:44.900, 1, 3476, 100, 0, 34, 42.55
2026/04/13 20:12:45.903, 0, 3476, 100, 0, 34, 42.00
2026/04/13 20:12:45.906, 1, 3476, 100, 0, 34, 42.55
2026/04/13 20:12:46.909, 0, 3476, 100, 0, 34, 42.00
2026/04/13 20:12:46.912, 1, 3476, 100, 0, 34, 42.65
2026/04/13 20:12:47.915, 0, 3476, 100, 0, 34, 42.01
2026/04/13 20:12:47.917, 1, 3476, 100, 0, 34, 42.55
2026/04/13 20:12:48.920, 0, 3476, 100, 0, 34, 41.90
2026/04/13 20:12:48.923, 1, 3476, 100, 0, 34, 42.55
2026/04/13 20:12:49.927, 0, 3476, 100, 0, 34, 41.91
2026/04/13 20:12:49.930, 1, 3476, 100, 0, 34, 42.65
2026/04/13 20:12:50.935, 0, 3476, 100, 0, 34, 42.00
2026/04/13 20:12:50.938, 1, 3476, 100, 0, 34, 42.65
2026/04/13 20:12:51.941, 0, 3476, 100, 0, 34, 41.90
2026/04/13 20:12:51.944, 1, 3476, 100, 0, 34, 42.65
2026/04/13 20:12:52.946, 0, 3476, 100, 0, 34, 42.00
2026/04/13 20:12:52.952, 1, 3476, 100, 0, 34, 42.55
2026/04/13 20:12:53.955, 0, 3476, 100, 0, 34, 42.01
2026/04/13 20:12:53.960, 1, 3476, 100, 0, 34, 42.65
2026/04/13 20:12:54.965, 0, 3476, 100, 0, 34, 42.00
2026/04/13 20:12:54.967, 1, 3476, 100, 0, 34, 42.56
2026/04/13 20:12:55.970, 0, 3476, 100, 0, 34, 41.90
2026/04/13 20:12:55.973, 1, 3476, 100, 0, 34, 42.55
2026/04/13 20:12:56.975, 0, 3476, 100, 0, 34, 42.01
2026/04/13 20:12:56.978, 1, 3476, 100, 0, 34, 42.66
2026/04/13 20:12:57.982, 0, 3476, 100, 0, 34, 41.89
2026/04/13 20:12:57.984, 1, 3476, 100, 0, 34, 42.66
2026/04/13 20:12:58.987, 0, 3476, 100, 0, 34, 42.01
2026/04/13 20:12:58.990, 1, 3476, 100, 0, 34, 42.55
2026/04/13 20:12:59.993, 0, 3476, 100, 0, 34, 41.89
2026/04/13 20:12:59.997, 1, 3476, 100, 0, 34, 42.55
2026/04/13 20:13:01.000, 0, 3476, 100, 0, 34, 41.99
2026/04/13 20:13:01.003, 1, 3476, 100, 0, 34, 42.66
2026/04/13 20:13:02.005, 0, 3476, 100, 0, 34, 42.00
2026/04/13 20:13:02.008, 1, 3476, 100, 0, 34, 42.55
2026/04/13 20:13:03.011, 0, 3476, 100, 0, 34, 41.99
2026/04/13 20:13:03.013, 1, 3476, 100, 0, 34, 42.65
2026/04/13 20:13:04.016, 0, 3476, 100, 0, 34, 41.99
2026/04/13 20:13:04.019, 1, 3476, 100, 0, 34, 42.55
2026/04/13 20:13:05.021, 0, 3476, 100, 0, 34, 41.99
2026/04/13 20:13:05.024, 1, 3476, 100, 0, 34, 42.55
2026/04/13 20:13:06.027, 0, 3476, 100, 0, 34, 41.91
2026/04/13 20:13:06.030, 1, 3476, 100, 0, 34, 42.65
2026/04/13 20:13:07.034, 0, 3476, 100, 0, 34, 42.00
2026/04/13 20:13:07.037, 1, 3476, 100, 0, 34, 42.56
2026/04/13 20:13:08.041, 0, 3476, 100, 0, 34, 41.99
2026/04/13 20:13:08.043, 1, 3476, 100, 0, 34, 42.55
2026/04/13 20:13:09.047, 0, 3476, 100, 0, 34, 42.00
2026/04/13 20:13:09.050, 1, 3476, 100, 0, 34, 42.55
2026/04/13 20:13:10.054, 0, 3476, 100, 0, 34, 42.10
2026/04/13 20:13:10.058, 1, 3476, 100, 0, 34, 42.55
2026/04/13 20:13:11.061, 0, 3476, 100, 0, 34, 41.91
2026/04/13 20:13:11.064, 1, 3476, 100, 0, 34, 42.66
2026/04/13 20:13:12.068, 0, 3476, 100, 0, 34, 42.00
2026/04/13 20:13:12.070, 1, 3476, 100, 0, 34, 42.65
2026/04/13 20:13:13.075, 0, 3476, 100, 0, 34, 41.90
2026/04/13 20:13:13.078, 1, 3476, 100, 0, 34, 42.55
2026/04/13 20:13:14.082, 0, 3476, 100, 0, 34, 41.99
2026/04/13 20:13:14.086, 1, 3476, 100, 0, 34, 42.65
2026/04/13 20:13:15.090, 0, 3476, 100, 0, 34, 41.99
2026/04/13 20:13:15.092, 1, 3476, 100, 0, 34, 42.65
2026/04/13 20:13:16.097, 0, 3476, 100, 0, 34, 42.00
2026/04/13 20:13:16.102, 1, 3476, 100, 0, 34, 42.66
2026/04/13 20:13:17.106, 0, 3476, 100, 0, 34, 42.09
2026/04/13 20:13:17.108, 1, 3476, 100, 0, 34, 42.65
2026/04/13 20:13:18.112, 0, 3476, 100, 0, 34, 41.90
2026/04/13 20:13:18.116, 1, 3476, 100, 0, 34, 42.55
2026/04/13 20:13:19.120, 0, 3476, 100, 0, 34, 42.00
2026/04/13 20:13:19.123, 1, 3476, 100, 0, 34, 42.66
2026/04/13 20:13:20.128, 0, 3476, 100, 0, 34, 42.00
2026/04/13 20:13:20.131, 1, 3476, 100, 0, 34, 42.66
2026/04/13 20:13:21.135, 0, 3476, 100, 0, 34, 42.01
2026/04/13 20:13:21.138, 1, 3476, 100, 0, 34, 42.65
2026/04/13 20:13:22.142, 0, 3476, 100, 0, 34, 42.00
2026/04/13 20:13:22.145, 1, 3476, 100, 0, 34, 42.55
2026/04/13 20:13:23.148, 0, 3476, 100, 0, 34, 41.90
2026/04/13 20:13:23.151, 1, 3476, 100, 0, 34, 42.55
2026/04/13 20:13:24.155, 0, 3476, 100, 0, 34, 41.89
2026/04/13 20:13:24.157, 1, 3476, 100, 0, 34, 42.55
2026/04/13 20:13:25.161, 0, 3476, 100, 0, 34, 42.00
2026/04/13 20:13:25.164, 1, 3476, 100, 0, 34, 42.56
2026/04/13 20:13:26.168, 0, 3476, 100, 0, 34, 42.00
2026/04/13 20:13:26.173, 1, 3476, 100, 0, 34, 42.65
2026/04/13 20:13:27.177, 0, 3476, 100, 0, 34, 42.00
2026/04/13 20:13:27.180, 1, 3476, 100, 0, 34, 42.65
2026/04/13 20:13:28.183, 0, 3476, 100, 0, 34, 41.99
2026/04/13 20:13:28.186, 1, 3476, 100, 0, 34, 42.65
2026/04/13 20:13:29.191, 0, 3476, 100, 0, 34, 42.10
2026/04/13 20:13:29.193, 1, 3476, 100, 0, 34, 42.65
2026/04/13 20:13:30.197, 0, 3476, 100, 0, 34, 41.99
2026/04/13 20:13:30.201, 1, 3476, 100, 0, 34, 42.65
2026/04/13 20:13:31.205, 0, 3476, 100, 0, 34, 42.00
2026/04/13 20:13:31.208, 1, 3476, 100, 0, 34, 42.55
2026/04/13 20:13:32.212, 0, 3476, 100, 0, 34, 41.99
2026/04/13 20:13:32.214, 1, 3476, 100, 0, 34, 42.66
2026/04/13 20:13:33.222, 0, 3476, 100, 0, 34, 42.01
2026/04/13 20:13:33.227, 1, 3476, 100, 0, 34, 42.55
2026/04/13 20:13:34.231, 0, 3476, 100, 0, 34, 41.99
2026/04/13 20:13:34.235, 1, 3476, 100, 0, 34, 42.56
2026/04/13 20:13:35.239, 0, 3476, 100, 0, 34, 42.00
2026/04/13 20:13:35.242, 1, 3476, 100, 0, 34, 42.65
2026/04/13 20:13:36.246, 0, 3476, 100, 0, 34, 41.90
2026/04/13 20:13:36.248, 1, 3476, 100, 0, 34, 42.55
2026/04/13 20:13:37.252, 0, 3476, 100, 0, 34, 41.91
2026/04/13 20:13:37.256, 1, 3476, 100, 0, 34, 42.55
2026/04/13 20:13:38.262, 0, 3476, 100, 0, 34, 41.90
2026/04/13 20:13:38.265, 1, 3476, 100, 0, 34, 42.55
2026/04/13 20:13:39.269, 0, 3476, 100, 0, 34, 42.09
2026/04/13 20:13:39.271, 1, 3476, 100, 0, 34, 42.55
2026/04/13 20:13:40.275, 0, 3476, 100, 0, 34, 42.01
2026/04/13 20:13:40.278, 1, 3476, 100, 0, 34, 42.55
2026/04/13 20:13:41.282, 0, 3476, 100, 0, 34, 42.01
2026/04/13 20:13:41.285, 1, 3476, 100, 0, 34, 42.56
2026/04/13 20:13:42.289, 0, 3476, 100, 0, 34, 41.91
2026/04/13 20:13:42.292, 1, 3476, 100, 0, 34, 42.56
2026/04/13 20:13:43.295, 0, 3476, 100, 0, 34, 42.00
2026/04/13 20:13:43.298, 1, 3476, 100, 0, 34, 42.55
2026/04/13 20:13:44.302, 0, 3476, 100, 0, 34, 42.00
2026/04/13 20:13:44.305, 1, 3476, 100, 0, 34, 42.55
2026/04/13 20:13:45.309, 0, 3476, 100, 0, 34, 41.91
2026/04/13 20:13:45.311, 1, 3476, 100, 0, 34, 42.55
2026/04/13 20:13:46.315, 0, 3476, 100, 0, 34, 41.91
2026/04/13 20:13:46.318, 1, 3476, 100, 0, 34, 42.65
2026/04/13 20:13:47.322, 0, 3476, 100, 0, 34, 42.01
2026/04/13 20:13:47.324, 1, 3476, 100, 0, 34, 42.65
2026/04/13 20:13:48.328, 0, 3476, 100, 0, 34, 42.00
2026/04/13 20:13:48.331, 1, 3476, 100, 0, 34, 42.55
2026/04/13 20:13:49.336, 0, 3476, 100, 0, 34, 41.90
2026/04/13 20:13:49.339, 1, 3476, 100, 0, 34, 42.56
2026/04/13 20:13:50.343, 0, 3476, 100, 0, 34, 42.01
2026/04/13 20:13:50.346, 1, 3476, 100, 0, 34, 42.55
2026/04/13 20:13:51.349, 0, 3476, 100, 0, 34, 41.90
2026/04/13 20:13:51.353, 1, 3476, 100, 0, 34, 42.55
2026/04/13 20:13:52.357, 0, 3476, 100, 0, 34, 42.00
2026/04/13 20:13:52.359, 1, 3476, 100, 0, 34, 42.55
2026/04/13 20:13:53.363, 0, 3476, 100, 0, 34, 41.99
2026/04/13 20:13:53.366, 1, 3476, 100, 0, 34, 42.55
2026/04/13 20:13:54.370, 0, 3476, 100, 0, 34, 42.00
2026/04/13 20:13:54.375, 1, 3476, 100, 0, 34, 42.66
2026/04/13 20:13:55.379, 0, 3476, 100, 0, 34, 42.10
2026/04/13 20:13:55.382, 1, 3476, 100, 0, 34, 42.55
2026/04/13 20:13:56.385, 0, 3476, 100, 0, 34, 41.99
2026/04/13 20:13:56.388, 1, 3476, 100, 0, 34, 42.65
2026/04/13 20:13:57.392, 0, 3476, 100, 0, 34, 41.99
2026/04/13 20:13:57.395, 1, 3476, 100, 0, 34, 42.55
2026/04/13 20:13:58.400, 0, 3476, 100, 0, 34, 42.09
2026/04/13 20:13:58.403, 1, 3476, 100, 0, 34, 42.65
2026/04/13 20:13:59.406, 0, 3476, 100, 0, 34, 41.91
2026/04/13 20:13:59.409, 1, 3476, 100, 0, 34, 42.66
2026/04/13 20:14:00.413, 0, 3476, 100, 0, 34, 42.00
2026/04/13 20:14:00.416, 1, 3476, 100, 0, 34, 42.55
2026/04/13 20:14:01.419, 0, 3476, 100, 0, 34, 42.10
2026/04/13 20:14:01.422, 1, 3476, 100, 0, 34, 42.65
2026/04/13 20:14:02.426, 0, 3476, 100, 0, 34, 41.90
2026/04/13 20:14:02.429, 1, 3476, 100, 0, 34, 42.56
2026/04/13 20:14:03.432, 0, 3476, 100, 0, 34, 42.01
2026/04/13 20:14:03.435, 1, 3476, 100, 0, 34, 42.65
2026/04/13 20:14:04.438, 0, 3476, 100, 0, 34, 42.00
2026/04/13 20:14:04.440, 1, 3476, 100, 0, 34, 42.65
2026/04/13 20:14:05.443, 0, 3476, 100, 0, 34, 42.01
2026/04/13 20:14:05.446, 1, 3476, 100, 0, 34, 42.55
2026/04/13 20:14:06.449, 0, 3476, 100, 0, 34, 41.90
2026/04/13 20:14:06.452, 1, 3476, 100, 0, 34, 42.55
2026/04/13 20:14:07.454, 0, 3476, 100, 0, 34, 42.01
2026/04/13 20:14:07.457, 1, 3476, 100, 0, 34, 42.56
2026/04/13 20:14:08.460, 0, 3476, 100, 0, 34, 42.01
2026/04/13 20:14:08.465, 1, 3476, 100, 0, 34, 42.66
2026/04/13 20:14:09.469, 0, 3476, 100, 0, 34, 42.10
2026/04/13 20:14:09.471, 1, 3476, 100, 0, 34, 42.55
2026/04/13 20:14:10.475, 0, 3476, 100, 0, 34, 42.00
2026/04/13 20:14:10.478, 1, 3476, 100, 0, 34, 42.55
2026/04/13 20:14:11.481, 0, 3476, 100, 0, 34, 41.91
2026/04/13 20:14:11.484, 1, 3476, 100, 0, 34, 42.55
2026/04/13 20:14:12.488, 0, 3476, 100, 0, 34, 41.99
2026/04/13 20:14:12.493, 1, 3476, 100, 0, 34, 42.65
2026/04/13 20:14:13.498, 0, 3476, 100, 0, 34, 42.01
2026/04/13 20:14:13.500, 1, 3476, 100, 0, 34, 42.55
2026/04/13 20:14:14.505, 0, 3476, 100, 0, 34, 42.00
2026/04/13 20:14:14.507, 1, 3476, 100, 0, 34, 42.55
2026/04/13 20:14:15.512, 0, 3476, 100, 0, 34, 41.91
2026/04/13 20:14:15.515, 1, 3476, 100, 0, 34, 42.55
2026/04/13 20:14:16.519, 0, 3476, 100, 0, 34, 41.90
2026/04/13 20:14:16.522, 1, 3476, 100, 0, 34, 42.66
2026/04/13 20:14:17.528, 0, 3476, 100, 0, 34, 41.99
2026/04/13 20:14:17.531, 1, 3476, 100, 0, 34, 42.55
2026/04/13 20:14:18.535, 0, 3476, 100, 0, 34, 41.90
2026/04/13 20:14:18.537, 1, 3476, 100, 0, 34, 42.55
2026/04/13 20:14:19.541, 0, 3476, 100, 0, 34, 41.89
2026/04/13 20:14:19.544, 1, 3476, 100, 0, 34, 42.55
2026/04/13 20:14:20.548, 0, 3476, 100, 0, 34, 42.10
2026/04/13 20:14:20.550, 1, 3476, 100, 0, 34, 42.66
2026/04/13 20:14:21.554, 0, 3476, 100, 0, 34, 42.01
2026/04/13 20:14:21.557, 1, 3476, 100, 0, 34, 42.55
2026/04/13 20:14:22.561, 0, 3476, 100, 0, 34, 41.90
2026/04/13 20:14:22.564, 1, 3476, 100, 0, 34, 42.55
2026/04/13 20:14:23.567, 0, 3476, 100, 0, 34, 42.01
2026/04/13 20:14:23.570, 1, 3476, 100, 0, 34, 42.55
2026/04/13 20:14:24.574, 0, 3476, 100, 0, 34, 42.10
2026/04/13 20:14:24.578, 1, 3476, 100, 0, 34, 42.55
2026/04/13 20:14:25.582, 0, 3476, 100, 0, 34, 42.00
2026/04/13 20:14:25.585, 1, 3476, 100, 0, 34, 42.55
2026/04/13 20:14:26.591, 0, 3476, 100, 0, 34, 42.01
2026/04/13 20:14:26.593, 1, 3476, 100, 0, 34, 42.56
2026/04/13 20:14:27.597, 0, 3476, 100, 0, 34, 42.00
2026/04/13 20:14:27.600, 1, 3476, 100, 0, 34, 42.56
2026/04/13 20:14:28.603, 0, 3476, 100, 0, 34, 42.00
2026/04/13 20:14:28.609, 1, 3476, 100, 0, 34, 42.55
2026/04/13 20:14:29.612, 0, 3476, 100, 0, 34, 42.01
2026/04/13 20:14:29.615, 1, 3476, 100, 0, 34, 42.56
2026/04/13 20:14:30.622, 0, 3476, 100, 0, 34, 41.90
2026/04/13 20:14:30.624, 1, 3476, 100, 0, 34, 42.65
2026/04/13 20:14:31.628, 0, 3476, 100, 0, 34, 42.09
2026/04/13 20:14:31.631, 1, 3476, 100, 0, 34, 42.65
2026/04/13 20:14:32.634, 0, 3476, 100, 0, 34, 42.10
2026/04/13 20:14:32.637, 1, 3476, 100, 0, 34, 42.55
2026/04/13 20:14:33.641, 0, 3476, 100, 0, 34, 42.00
2026/04/13 20:14:33.644, 1, 3476, 100, 0, 34, 42.66
2026/04/13 20:14:34.647, 0, 3476, 100, 0, 34, 42.00
2026/04/13 20:14:34.650, 1, 3476, 100, 0, 34, 42.56
2026/04/13 20:14:35.654, 0, 3476, 100, 0, 34, 42.00
2026/04/13 20:14:35.656, 1, 3476, 100, 0, 34, 42.55
2026/04/13 20:14:36.662, 0, 3476, 100, 0, 34, 41.90
2026/04/13 20:14:36.665, 1, 3476, 100, 0, 34, 42.55
2026/04/13 20:14:37.669, 0, 3476, 100, 0, 34, 42.01
2026/04/13 20:14:37.672, 1, 3476, 100, 0, 34, 42.65
2026/04/13 20:14:38.676, 0, 3476, 100, 0, 34, 41.91
2026/04/13 20:14:38.678, 1, 3476, 100, 0, 34, 42.56
2026/04/13 20:14:39.682, 0, 3476, 100, 0, 34, 42.00
2026/04/13 20:14:39.685, 1, 3476, 100, 0, 34, 42.55
2026/04/13 20:14:40.690, 0, 3476, 100, 0, 34, 42.10
2026/04/13 20:14:40.693, 1, 3476, 100, 0, 34, 42.56
2026/04/13 20:14:41.697, 0, 3476, 100, 0, 34, 42.01
2026/04/13 20:14:41.700, 1, 3476, 100, 0, 34, 42.56
2026/04/13 20:14:42.703, 0, 3476, 100, 0, 34, 42.01
2026/04/13 20:14:42.707, 1, 3476, 100, 0, 34, 42.55
2026/04/13 20:14:43.710, 0, 3476, 100, 0, 34, 42.01
2026/04/13 20:14:43.713, 1, 3476, 100, 0, 34, 42.55
2026/04/13 20:14:44.717, 0, 3476, 100, 0, 35, 41.99
2026/04/13 20:14:44.721, 1, 3476, 100, 0, 34, 42.66
2026/04/13 20:14:45.725, 0, 3476, 100, 0, 34, 41.91
2026/04/13 20:14:45.727, 1, 3476, 100, 0, 34, 42.66
2026/04/13 20:14:46.731, 0, 3476, 100, 0, 34, 41.91
2026/04/13 20:14:46.734, 1, 3476, 100, 0, 34, 42.55
2026/04/13 20:14:47.740, 0, 3476, 100, 0, 34, 42.00
2026/04/13 20:14:47.743, 1, 3476, 100, 0, 34, 42.55
2026/04/13 20:14:48.746, 0, 3476, 100, 0, 34, 42.00
2026/04/13 20:14:48.749, 1, 3476, 100, 0, 34, 42.66
2026/04/13 20:14:49.753, 0, 3476, 100, 0, 34, 42.00
2026/04/13 20:14:49.756, 1, 3476, 100, 0, 34, 42.66
2026/04/13 20:14:50.760, 0, 3476, 100, 0, 34, 41.91
2026/04/13 20:14:50.762, 1, 3476, 100, 0, 34, 42.65
2026/04/13 20:14:51.766, 0, 3476, 100, 0, 34, 41.89
2026/04/13 20:14:51.769, 1, 3476, 100, 0, 34, 42.55
2026/04/13 20:14:52.772, 0, 3476, 100, 0, 34, 42.10
2026/04/13 20:14:52.779, 1, 3476, 100, 0, 34, 42.55
2026/04/13 20:14:53.783, 0, 3476, 100, 0, 34, 41.89
2026/04/13 20:14:53.785, 1, 3476, 100, 0, 34, 42.56
2026/04/13 20:14:54.789, 0, 3476, 100, 0, 34, 41.90
2026/04/13 20:14:54.792, 1, 3476, 100, 0, 34, 42.65
2026/04/13 20:14:55.796, 0, 3476, 100, 0, 34, 41.90
2026/04/13 20:14:55.798, 1, 3476, 100, 0, 34, 42.55
2026/04/13 20:14:56.802, 0, 3476, 100, 0, 34, 42.00
2026/04/13 20:14:56.805, 1, 3476, 100, 0, 34, 42.55
2026/04/13 20:14:57.809, 0, 3476, 100, 0, 34, 42.01
2026/04/13 20:14:57.812, 1, 3476, 100, 0, 34, 42.56
2026/04/13 20:14:58.816, 0, 3476, 100, 0, 34, 42.01
2026/04/13 20:14:58.821, 1, 3476, 100, 0, 34, 42.56
2026/04/13 20:14:59.826, 0, 3476, 100, 0, 34, 42.00
2026/04/13 20:14:59.829, 1, 3476, 100, 0, 34, 42.55
2026/04/13 20:15:00.832, 0, 3476, 100, 0, 34, 42.00
2026/04/13 20:15:00.840, 1, 3476, 100, 0, 34, 42.56
2026/04/13 20:15:01.844, 0, 3476, 100, 0, 34, 41.91
2026/04/13 20:15:01.847, 1, 3476, 100, 0, 34, 42.55
2026/04/13 20:15:02.854, 0, 3476, 100, 0, 34, 42.00
2026/04/13 20:15:02.856, 1, 3476, 100, 0, 34, 42.55
2026/04/13 20:15:03.860, 0, 3476, 100, 0, 34, 42.00
2026/04/13 20:15:03.863, 1, 3476, 100, 0, 34, 42.55
2026/04/13 20:15:04.867, 0, 3476, 100, 0, 34, 42.00
2026/04/13 20:15:04.869, 1, 3476, 100, 0, 34, 42.55
2026/04/13 20:15:05.873, 0, 3476, 100, 0, 34, 41.89
2026/04/13 20:15:05.876, 1, 3476, 100, 0, 34, 42.66
2026/04/13 20:15:06.880, 0, 3476, 100, 0, 34, 41.91
2026/04/13 20:15:06.883, 1, 3476, 100, 0, 34, 42.56
2026/04/13 20:15:07.886, 0, 3476, 100, 0, 34, 42.00
2026/04/13 20:15:07.889, 1, 3476, 100, 0, 34, 42.56
2026/04/13 20:15:08.893, 0, 3476, 100, 0, 34, 41.89
2026/04/13 20:15:08.895, 1, 3476, 100, 0, 34, 42.56
2026/04/13 20:15:09.899, 0, 3476, 100, 0, 34, 41.91
2026/04/13 20:15:09.902, 1, 3476, 100, 0, 34, 42.65
2026/04/13 20:15:10.906, 0, 3476, 100, 0, 34, 42.00
2026/04/13 20:15:10.909, 1, 3476, 100, 0, 34, 42.55
2026/04/13 20:15:11.913, 0, 3476, 100, 0, 34, 42.10
2026/04/13 20:15:11.918, 1, 3476, 100, 0, 34, 42.56
2026/04/13 20:15:12.922, 0, 3476, 100, 0, 34, 42.00
2026/04/13 20:15:12.925, 1, 3476, 100, 0, 34, 42.56
2026/04/13 20:15:13.929, 0, 3476, 100, 0, 34, 41.89
2026/04/13 20:15:13.931, 1, 3476, 100, 0, 34, 42.55
2026/04/13 20:15:14.935, 0, 3476, 100, 0, 34, 41.91
2026/04/13 20:15:14.938, 1, 3476, 100, 0, 34, 42.55
2026/04/13 20:15:15.942, 0, 3476, 100, 0, 34, 41.90
2026/04/13 20:15:15.945, 1, 3476, 100, 0, 34, 42.55
2026/04/13 20:15:16.950, 0, 3476, 100, 0, 34, 41.89
2026/04/13 20:15:16.953, 1, 3476, 100, 0, 34, 42.55
2026/04/13 20:15:17.956, 0, 3476, 100, 0, 34, 41.90
2026/04/13 20:15:17.959, 1, 3476, 100, 0, 34, 42.55
2026/04/13 20:15:18.963, 0, 3476, 100, 0, 34, 42.01
2026/04/13 20:15:18.965, 1, 3476, 100, 0, 34, 42.55
2026/04/13 20:15:19.969, 0, 3476, 100, 0, 34, 41.90
2026/04/13 20:15:19.972, 1, 3476, 100, 0, 34, 42.66
2026/04/13 20:15:20.976, 0, 3476, 100, 0, 34, 41.90
2026/04/13 20:15:20.979, 1, 3476, 100, 0, 34, 42.65
2026/04/13 20:15:21.985, 0, 3476, 100, 0, 34, 41.90
2026/04/13 20:15:21.988, 1, 3476, 100, 0, 34, 42.55
2026/04/13 20:15:22.991, 0, 3476, 100, 0, 34, 42.00
2026/04/13 20:15:22.996, 1, 3476, 100, 0, 34, 42.66
2026/04/13 20:15:23.999, 0, 3476, 100, 0, 34, 41.90
2026/04/13 20:15:24.005, 1, 3476, 100, 0, 34, 42.65
2026/04/13 20:15:25.008, 0, 3476, 100, 0, 34, 41.99
2026/04/13 20:15:25.010, 1, 3476, 100, 0, 34, 42.66
2026/04/13 20:15:26.014, 0, 3476, 100, 0, 34, 42.01
2026/04/13 20:15:26.017, 1, 3476, 100, 0, 34, 42.56
2026/04/13 20:15:27.020, 0, 3476, 100, 0, 34, 42.00
2026/04/13 20:15:27.022, 1, 3476, 100, 0, 34, 42.55
2026/04/13 20:15:28.026, 0, 3476, 100, 0, 34, 41.90
2026/04/13 20:15:28.029, 1, 3476, 100, 0, 34, 42.55
2026/04/13 20:15:29.032, 0, 3476, 100, 0, 34, 42.00
2026/04/13 20:15:29.035, 1, 3476, 100, 0, 34, 42.65
2026/04/13 20:15:30.039, 0, 3476, 100, 0, 34, 41.90
2026/04/13 20:15:30.041, 1, 3476, 100, 0, 34, 42.55
2026/04/13 20:15:31.046, 0, 3476, 100, 0, 34, 41.91
2026/04/13 20:15:31.049, 1, 3476, 100, 0, 34, 42.55
2026/04/13 20:15:32.053, 0, 3476, 100, 0, 34, 41.90
2026/04/13 20:15:32.056, 1, 3476, 100, 0, 34, 42.55
2026/04/13 20:15:33.059, 0, 3476, 100, 0, 34, 41.99
2026/04/13 20:15:33.063, 1, 3476, 100, 0, 34, 42.65
2026/04/13 20:15:34.066, 0, 3476, 100, 0, 34, 42.01
2026/04/13 20:15:34.069, 1, 3476, 100, 0, 34, 42.65
2026/04/13 20:15:35.071, 0, 3476, 100, 0, 34, 41.90
2026/04/13 20:15:35.074, 1, 3476, 100, 0, 34, 42.55
2026/04/13 20:15:36.078, 0, 3476, 100, 0, 34, 41.89
2026/04/13 20:15:36.081, 1, 3476, 100, 0, 34, 42.65
2026/04/13 20:15:37.083, 0, 3476, 100, 0, 34, 41.99
2026/04/13 20:15:37.086, 1, 3476, 100, 0, 34, 42.65
2026/04/13 20:15:38.089, 0, 3476, 100, 0, 34, 41.90
2026/04/13 20:15:38.092, 1, 3476, 100, 0, 34, 42.55
2026/04/13 20:15:39.095, 0, 3476, 100, 0, 34, 42.00
2026/04/13 20:15:39.098, 1, 3476, 100, 0, 34, 42.55
2026/04/13 20:15:40.101, 0, 3476, 100, 0, 34, 41.89
2026/04/13 20:15:40.103, 1, 3476, 100, 0, 34, 42.55
2026/04/13 20:15:41.107, 0, 3476, 100, 0, 34, 42.01
2026/04/13 20:15:41.110, 1, 3476, 100, 0, 34, 42.56
2026/04/13 20:15:42.113, 0, 3476, 100, 0, 34, 42.00
2026/04/13 20:15:42.116, 1, 3476, 100, 0, 34, 42.56
2026/04/13 20:15:43.118, 0, 3476, 100, 0, 34, 41.90
2026/04/13 20:15:43.122, 1, 3476, 100, 0, 34, 42.56
2026/04/13 20:15:44.125, 0, 3476, 100, 0, 34, 41.99
2026/04/13 20:15:44.127, 1, 3476, 100, 0, 34, 42.45
2026/04/13 20:15:45.130, 0, 3476, 100, 0, 34, 41.90
2026/04/13 20:15:45.133, 1, 3476, 100, 0, 34, 42.56
2026/04/13 20:15:46.136, 0, 3476, 100, 0, 34, 42.00
2026/04/13 20:15:46.138, 1, 3476, 100, 0, 34, 42.55
2026/04/13 20:15:47.141, 0, 3476, 100, 0, 34, 41.89
2026/04/13 20:15:47.144, 1, 3476, 100, 0, 34, 42.56
2026/04/13 20:15:48.149, 0, 3476, 100, 0, 34, 41.90
2026/04/13 20:15:48.152, 1, 3476, 100, 0, 34, 42.55
2026/04/13 20:15:49.154, 0, 3476, 100, 0, 34, 42.01
2026/04/13 20:15:49.157, 1, 3476, 100, 0, 34, 42.55
2026/04/13 20:15:50.160, 0, 3476, 100, 0, 34, 42.00
2026/04/13 20:15:50.162, 1, 3476, 100, 0, 34, 42.55
2026/04/13 20:15:51.167, 0, 3476, 100, 0, 34, 42.01
2026/04/13 20:15:51.170, 1, 3476, 100, 0, 34, 42.65
2026/04/13 20:15:52.173, 0, 3476, 100, 0, 34, 41.99
2026/04/13 20:15:52.176, 1, 3476, 100, 0, 34, 42.56
2026/04/13 20:15:53.178, 0, 3476, 100, 0, 34, 41.89
2026/04/13 20:15:53.182, 1, 3476, 100, 0, 34, 42.65
2026/04/13 20:15:54.186, 0, 3476, 100, 0, 34, 41.90
2026/04/13 20:15:54.189, 1, 3476, 100, 0, 34, 42.55
2026/04/13 20:15:55.191, 0, 3476, 100, 0, 34, 41.91
2026/04/13 20:15:55.194, 1, 3476, 100, 0, 34, 42.56
2026/04/13 20:15:56.197, 0, 3476, 100, 0, 34, 41.90
2026/04/13 20:15:56.199, 1, 3476, 100, 0, 34, 42.56
2026/04/13 20:15:57.204, 0, 3476, 100, 0, 34, 42.00
2026/04/13 20:15:57.207, 1, 3476, 100, 0, 34, 42.56
2026/04/13 20:15:58.210, 0, 3476, 100, 0, 34, 41.91
2026/04/13 20:15:58.213, 1, 3476, 100, 0, 34, 42.66
2026/04/13 20:15:59.217, 0, 3476, 100, 0, 34, 42.00
2026/04/13 20:15:59.220, 1, 3476, 100, 0, 34, 42.55
2026/04/13 20:16:00.224, 0, 3476, 100, 0, 34, 42.00
2026/04/13 20:16:00.227, 1, 3476, 100, 0, 34, 42.66
2026/04/13 20:16:01.231, 0, 3476, 100, 0, 34, 41.90
2026/04/13 20:16:01.234, 1, 3476, 100, 0, 34, 42.56
2026/04/13 20:16:02.237, 0, 3476, 100, 0, 34, 42.00
2026/04/13 20:16:02.241, 1, 3476, 100, 0, 34, 42.55
2026/04/13 20:16:03.244, 0, 3476, 100, 0, 34, 41.99
2026/04/13 20:16:03.247, 1, 3476, 100, 0, 34, 42.55
2026/04/13 20:16:04.251, 0, 3476, 100, 0, 34, 42.10
2026/04/13 20:16:04.253, 1, 3476, 100, 0, 34, 42.55
2026/04/13 20:16:05.258, 0, 3476, 100, 0, 34, 42.01
2026/04/13 20:16:05.260, 1, 3476, 100, 0, 34, 42.45
2026/04/13 20:16:06.264, 0, 3476, 100, 0, 34, 42.00
2026/04/13 20:16:06.267, 1, 3476, 100, 0, 34, 42.55
2026/04/13 20:16:07.270, 0, 3476, 100, 0, 34, 42.00
2026/04/13 20:16:07.273, 1, 3476, 100, 0, 34, 42.45
2026/04/13 20:16:08.277, 0, 3476, 100, 0, 34, 42.01
2026/04/13 20:16:08.279, 1, 3476, 100, 0, 34, 42.55
2026/04/13 20:16:09.283, 0, 3476, 100, 0, 34, 42.00
2026/04/13 20:16:09.287, 1, 3476, 100, 0, 34, 42.56
2026/04/13 20:16:10.291, 0, 3476, 100, 0, 34, 42.01
2026/04/13 20:16:10.293, 1, 3476, 100, 0, 34, 42.65
2026/04/13 20:16:11.297, 0, 3476, 100, 0, 34, 42.00
2026/04/13 20:16:11.300, 1, 3476, 100, 0, 34, 42.66
2026/04/13 20:16:12.303, 0, 3476, 100, 0, 34, 42.00
2026/04/13 20:16:12.308, 1, 3476, 100, 0, 34, 42.56
2026/04/13 20:16:13.313, 0, 3476, 100, 0, 34, 42.01
2026/04/13 20:16:13.315, 1, 3476, 100, 0, 34, 42.56
2026/04/13 20:16:14.319, 0, 3476, 100, 0, 34, 42.10
2026/04/13 20:16:14.323, 1, 3476, 100, 0, 34, 42.55
2026/04/13 20:16:15.327, 0, 3476, 100, 0, 34, 42.00
2026/04/13 20:16:15.330, 1, 3476, 100, 0, 34, 42.55
2026/04/13 20:16:16.334, 0, 3476, 100, 0, 34, 42.01
2026/04/13 20:16:16.336, 1, 3476, 100, 0, 34, 42.55
2026/04/13 20:16:17.340, 0, 3476, 100, 0, 34, 42.01
2026/04/13 20:16:17.343, 1, 3476, 100, 0, 34, 42.56
2026/04/13 20:16:18.347, 0, 3476, 100, 0, 34, 42.01
2026/04/13 20:16:18.351, 1, 3476, 100, 0, 34, 42.56
2026/04/13 20:16:19.357, 0, 3476, 100, 0, 34, 42.01
2026/04/13 20:16:19.360, 1, 3476, 100, 0, 34, 42.56
2026/04/13 20:16:20.364, 0, 3476, 100, 0, 34, 41.91
2026/04/13 20:16:20.366, 1, 3476, 100, 0, 34, 42.65
2026/04/13 20:16:21.370, 0, 3476, 100, 0, 34, 42.01
2026/04/13 20:16:21.373, 1, 3476, 100, 0, 34, 42.56
2026/04/13 20:16:22.377, 0, 3476, 100, 0, 34, 41.99
2026/04/13 20:16:22.379, 1, 3476, 100, 0, 34, 42.55
2026/04/13 20:16:23.383, 0, 3476, 100, 0, 34, 41.90
2026/04/13 20:16:23.386, 1, 3476, 100, 0, 34, 42.65
2026/04/13 20:16:24.390, 0, 3476, 100, 0, 34, 41.91
2026/04/13 20:16:24.393, 1, 3476, 100, 0, 34, 42.55
2026/04/13 20:16:25.397, 0, 3476, 100, 0, 34, 42.01
2026/04/13 20:16:25.399, 1, 3476, 100, 0, 34, 42.56
2026/04/13 20:16:26.403, 0, 3476, 100, 0, 34, 41.89
2026/04/13 20:16:26.406, 1, 3476, 100, 0, 34, 42.65
2026/04/13 20:16:27.409, 0, 3476, 100, 0, 34, 42.00
2026/04/13 20:16:27.413, 1, 3476, 100, 0, 34, 42.55
2026/04/13 20:16:28.418, 0, 3476, 100, 0, 34, 41.99
2026/04/13 20:16:28.421, 1, 3476, 100, 0, 34, 42.55
2026/04/13 20:16:29.425, 0, 3476, 100, 0, 34, 42.01
2026/04/13 20:16:29.427, 1, 3476, 100, 0, 34, 42.56
2026/04/13 20:16:30.431, 0, 3476, 100, 0, 34, 41.90
2026/04/13 20:16:30.434, 1, 3476, 100, 0, 34, 42.65
2026/04/13 20:16:31.438, 0, 3476, 100, 0, 34, 42.01
2026/04/13 20:16:31.441, 1, 3476, 100, 0, 34, 42.55
2026/04/13 20:16:32.448, 0, 3476, 100, 0, 34, 41.91
2026/04/13 20:16:32.451, 1, 3476, 100, 0, 34, 42.56
2026/04/13 20:16:33.454, 0, 3476, 100, 0, 34, 42.00
2026/04/13 20:16:33.457, 1, 3476, 100, 0, 34, 42.56
2026/04/13 20:16:34.461, 0, 3476, 100, 0, 34, 42.00
2026/04/13 20:16:34.464, 1, 3476, 100, 0, 34, 42.55
2026/04/13 20:16:35.467, 0, 3476, 100, 0, 34, 41.99
2026/04/13 20:16:35.470, 1, 3476, 100, 0, 34, 42.66
2026/04/13 20:16:36.474, 0, 3476, 100, 0, 34, 42.01
2026/04/13 20:16:36.477, 1, 3476, 100, 0, 34, 42.56
2026/04/13 20:16:37.481, 0, 3476, 100, 0, 34, 42.00
2026/04/13 20:16:37.484, 1, 3476, 100, 0, 34, 42.55
2026/04/13 20:16:38.488, 0, 3476, 100, 0, 34, 42.01
2026/04/13 20:16:38.490, 1, 3476, 100, 0, 34, 42.56
2026/04/13 20:16:39.494, 0, 3476, 100, 0, 34, 42.10
2026/04/13 20:16:39.498, 1, 3476, 100, 0, 34, 42.66
2026/04/13 20:16:40.502, 0, 3476, 100, 0, 34, 41.90
2026/04/13 20:16:40.504, 1, 3476, 100, 0, 34, 42.55
2026/04/13 20:16:41.511, 0, 3476, 100, 0, 34, 41.90
2026/04/13 20:16:41.513, 1, 3476, 100, 0, 34, 42.55
2026/04/13 20:16:42.517, 0, 3476, 100, 0, 34, 42.01
2026/04/13 20:16:42.520, 1, 3476, 100, 0, 34, 42.56
2026/04/13 20:16:43.524, 0, 3476, 100, 0, 34, 41.91
2026/04/13 20:16:43.527, 1, 3476, 100, 0, 34, 42.55
2026/04/13 20:16:44.531, 0, 3476, 100, 0, 34, 42.00
2026/04/13 20:16:44.533, 1, 3476, 100, 0, 34, 42.65
2026/04/13 20:16:45.537, 0, 3476, 100, 0, 34, 41.91
2026/04/13 20:16:45.540, 1, 3476, 100, 0, 34, 42.56
2026/04/13 20:16:46.545, 0, 3476, 100, 0, 34, 42.01
2026/04/13 20:16:46.547, 1, 3476, 100, 0, 34, 42.55
2026/04/13 20:16:47.551, 0, 3476, 100, 0, 34, 42.00
2026/04/13 20:16:47.554, 1, 3476, 100, 0, 34, 42.55
2026/04/13 20:16:48.558, 0, 3476, 100, 0, 34, 41.89
2026/04/13 20:16:48.560, 1, 3476, 100, 0, 34, 42.65
2026/04/13 20:16:49.564, 0, 3476, 100, 0, 34, 41.91
2026/04/13 20:16:49.567, 1, 3476, 100, 0, 34, 42.65
2026/04/13 20:16:50.571, 0, 3476, 100, 0, 34, 42.00
2026/04/13 20:16:50.573, 1, 3476, 100, 0, 34, 42.65
2026/04/13 20:16:51.580, 0, 3476, 100, 0, 34, 42.01
2026/04/13 20:16:51.583, 1, 3476, 100, 0, 34, 42.56
2026/04/13 20:16:52.587, 0, 3476, 100, 0, 34, 42.00
2026/04/13 20:16:52.589, 1, 3476, 100, 0, 34, 42.55
2026/04/13 20:16:53.593, 0, 3476, 100, 0, 34, 42.00
2026/04/13 20:16:53.596, 1, 3476, 100, 0, 34, 42.55
2026/04/13 20:16:54.600, 0, 3476, 100, 0, 34, 41.90
2026/04/13 20:16:54.602, 1, 3476, 100, 0, 34, 42.55
2026/04/13 20:16:55.606, 0, 3476, 100, 0, 34, 41.99
2026/04/13 20:16:55.610, 1, 3476, 100, 0, 34, 42.55
2026/04/13 20:16:56.618, 0, 3476, 100, 0, 34, 41.99
2026/04/13 20:16:56.621, 1, 3476, 100, 0, 34, 42.55
2026/04/13 20:16:57.626, 0, 3476, 100, 0, 34, 41.91
2026/04/13 20:16:57.629, 1, 3476, 100, 0, 34, 42.65
2026/04/13 20:16:58.636, 0, 3476, 100, 0, 34, 41.91
2026/04/13 20:16:58.638, 1, 3476, 100, 0, 34, 42.55
2026/04/13 20:16:59.642, 0, 3476, 100, 0, 34, 41.91
2026/04/13 20:16:59.645, 1, 3476, 100, 0, 34, 42.55
2026/04/13 20:17:00.652, 0, 3476, 100, 0, 34, 41.90
2026/04/13 20:17:00.654, 1, 3476, 100, 0, 34, 42.55
2026/04/13 20:17:01.658, 0, 3476, 100, 0, 34, 42.00
2026/04/13 20:17:01.662, 1, 3476, 100, 0, 34, 42.65
2026/04/13 20:17:02.665, 0, 3476, 100, 0, 34, 41.89
2026/04/13 20:17:02.668, 1, 3476, 100, 0, 34, 42.55
2026/04/13 20:17:03.672, 0, 3476, 100, 0, 34, 42.00
2026/04/13 20:17:03.675, 1, 3476, 100, 0, 34, 42.56
2026/04/13 20:17:04.678, 0, 3476, 100, 0, 34, 42.01
2026/04/13 20:17:04.681, 1, 3476, 100, 0, 34, 42.56
2026/04/13 20:17:05.685, 0, 3476, 100, 0, 34, 42.00
2026/04/13 20:17:05.689, 1, 3476, 100, 0, 34, 42.55
2026/04/13 20:17:06.698, 0, 3476, 100, 0, 34, 41.99
2026/04/13 20:17:06.701, 1, 3476, 100, 0, 34, 42.56
2026/04/13 20:17:07.706, 0, 3476, 100, 0, 34, 42.00
2026/04/13 20:17:07.709, 1, 3476, 100, 0, 34, 42.55
2026/04/13 20:17:08.713, 0, 3476, 100, 0, 34, 41.91
2026/04/13 20:17:08.716, 1, 3476, 100, 0, 34, 42.55
2026/04/13 20:17:09.719, 0, 3476, 100, 0, 34, 42.01
2026/04/13 20:17:09.722, 1, 3476, 100, 0, 34, 42.55
2026/04/13 20:17:10.726, 0, 3476, 100, 0, 34, 41.90
2026/04/13 20:17:10.728, 1, 3476, 100, 0, 34, 42.56
2026/04/13 20:17:11.732, 0, 3476, 100, 0, 34, 42.01
2026/04/13 20:17:11.735, 1, 3476, 100, 0, 34, 42.55
2026/04/13 20:17:12.739, 0, 3476, 100, 0, 34, 42.01
2026/04/13 20:17:12.742, 1, 3476, 100, 0, 34, 42.65
2026/04/13 20:17:13.746, 0, 3476, 100, 0, 34, 42.01
2026/04/13 20:17:13.750, 1, 3476, 100, 0, 34, 42.55
2026/04/13 20:17:14.752, 0, 3476, 100, 0, 34, 41.91
2026/04/13 20:17:14.755, 1, 3476, 100, 0, 34, 42.55
2026/04/13 20:17:15.759, 0, 3476, 100, 0, 34, 41.91
2026/04/13 20:17:15.761, 1, 3476, 100, 0, 34, 42.45
2026/04/13 20:17:16.765, 0, 3476, 100, 0, 34, 42.01
2026/04/13 20:17:16.768, 1, 3476, 100, 0, 34, 42.66
2026/04/13 20:17:17.772, 0, 3476, 100, 0, 34, 41.91
2026/04/13 20:17:17.775, 1, 3476, 100, 0, 34, 42.65
2026/04/13 20:17:18.778, 0, 3476, 100, 0, 34, 41.91
2026/04/13 20:17:18.781, 1, 3476, 100, 0, 34, 42.55
2026/04/13 20:17:19.785, 0, 3476, 100, 0, 34, 42.00
2026/04/13 20:17:19.791, 1, 3476, 100, 0, 34, 42.55
2026/04/13 20:17:20.794, 0, 3476, 100, 0, 34, 41.89
2026/04/13 20:17:20.797, 1, 3476, 100, 0, 34, 42.55
2026/04/13 20:17:21.803, 0, 3476, 100, 0, 34, 41.90
2026/04/13 20:17:21.805, 1, 3476, 100, 0, 34, 42.65
2026/04/13 20:17:22.809, 0, 3476, 100, 0, 34, 41.89
2026/04/13 20:17:22.812, 1, 3476, 100, 0, 34, 42.55
2026/04/13 20:17:23.815, 0, 3476, 100, 0, 34, 41.89
2026/04/13 20:17:23.818, 1, 3476, 100, 0, 34, 42.55
2026/04/13 20:17:24.822, 0, 3476, 100, 0, 34, 42.00
2026/04/13 20:17:24.827, 1, 3476, 100, 0, 34, 42.55
2026/04/13 20:17:25.833, 0, 3476, 100, 0, 34, 41.91
2026/04/13 20:17:25.835, 1, 3476, 100, 0, 34, 42.56
2026/04/13 20:17:26.839, 0, 3476, 100, 0, 34, 42.01
2026/04/13 20:17:26.842, 1, 3476, 100, 0, 34, 42.55
2026/04/13 20:17:27.845, 0, 3476, 100, 0, 34, 42.00
2026/04/13 20:17:27.848, 1, 3476, 100, 0, 34, 42.55
2026/04/13 20:17:28.853, 0, 3476, 100, 0, 34, 42.01
2026/04/13 20:17:28.858, 1, 3476, 100, 0, 34, 42.56
2026/04/13 20:17:29.864, 0, 3476, 100, 0, 34, 41.91
2026/04/13 20:17:29.866, 1, 3476, 100, 0, 34, 42.56
2026/04/13 20:17:30.870, 0, 3476, 100, 0, 34, 42.01
2026/04/13 20:17:30.873, 1, 3476, 100, 0, 34, 42.56
2026/04/13 20:17:31.877, 0, 3476, 100, 0, 34, 41.91
2026/04/13 20:17:31.879, 1, 3476, 100, 0, 34, 42.55
2026/04/13 20:17:32.883, 0, 3476, 100, 0, 34, 42.01
2026/04/13 20:17:32.886, 1, 3476, 100, 0, 34, 42.56
2026/04/13 20:17:33.890, 0, 3476, 100, 0, 34, 42.00
2026/04/13 20:17:33.892, 1, 3476, 100, 0, 34, 42.65
2026/04/13 20:17:34.899, 0, 3476, 100, 0, 34, 41.99
2026/04/13 20:17:34.902, 1, 3476, 100, 0, 34, 42.55
2026/04/13 20:17:35.906, 0, 3476, 100, 0, 34, 41.99
2026/04/13 20:17:35.910, 1, 3476, 100, 0, 34, 42.66
2026/04/13 20:17:36.914, 0, 3476, 100, 0, 34, 42.01
2026/04/13 20:17:36.917, 1, 3476, 100, 0, 34, 42.55
2026/04/13 20:17:37.921, 0, 3476, 100, 0, 34, 41.90
2026/04/13 20:17:37.923, 1, 3476, 100, 0, 34, 42.65
2026/04/13 20:17:38.929, 0, 3476, 100, 0, 34, 41.90
2026/04/13 20:17:38.931, 1, 3476, 100, 0, 34, 42.65
2026/04/13 20:17:39.935, 0, 3476, 100, 0, 34, 41.91
2026/04/13 20:17:39.939, 1, 3476, 100, 0, 34, 42.56
2026/04/13 20:17:40.942, 0, 3476, 100, 0, 34, 41.91
2026/04/13 20:17:40.945, 1, 3476, 100, 0, 34, 42.56
2026/04/13 20:17:41.949, 0, 3476, 100, 0, 34, 42.00
2026/04/13 20:17:41.952, 1, 3476, 100, 0, 34, 42.56
2026/04/13 20:17:42.959, 0, 3476, 100, 0, 34, 41.91
2026/04/13 20:17:42.961, 1, 3476, 100, 0, 34, 42.56
2026/04/13 20:17:43.965, 0, 3476, 100, 0, 34, 41.90
2026/04/13 20:17:43.968, 1, 3476, 100, 0, 34, 42.55
2026/04/13 20:17:44.972, 0, 3476, 100, 0, 34, 42.01
2026/04/13 20:17:44.975, 1, 3476, 100, 0, 34, 42.55
2026/04/13 20:17:45.978, 0, 3476, 100, 0, 34, 42.01
2026/04/13 20:17:45.981, 1, 3476, 100, 0, 34, 42.56
2026/04/13 20:17:46.985, 0, 3476, 100, 0, 34, 42.00
2026/04/13 20:17:46.987, 1, 3476, 100, 0, 34, 42.55
2026/04/13 20:17:47.992, 0, 3476, 100, 0, 34, 42.00
2026/04/13 20:17:47.995, 1, 3476, 100, 0, 34, 42.56
2026/04/13 20:17:49.000, 0, 3476, 100, 0, 34, 42.00
2026/04/13 20:17:49.003, 1, 3476, 100, 0, 34, 42.55
2026/04/13 20:17:50.006, 0, 3476, 100, 0, 34, 42.01
2026/04/13 20:17:50.009, 1, 3476, 100, 0, 34, 42.56
2026/04/13 20:17:51.013, 0, 3476, 100, 0, 34, 41.91
2026/04/13 20:17:51.016, 1, 3476, 100, 0, 34, 42.65
2026/04/13 20:17:52.022, 0, 3476, 100, 0, 34, 41.90
2026/04/13 20:17:52.025, 1, 3476, 100, 0, 34, 42.55
2026/04/13 20:17:53.028, 0, 3476, 100, 0, 34, 42.10
2026/04/13 20:17:53.031, 1, 3476, 100, 0, 34, 42.55
2026/04/13 20:17:54.035, 0, 3476, 100, 0, 34, 41.90
2026/04/13 20:17:54.038, 1, 3476, 100, 0, 34, 42.65
2026/04/13 20:17:55.041, 0, 3476, 100, 0, 34, 41.90
2026/04/13 20:17:55.044, 1, 3476, 100, 0, 34, 42.55
2026/04/13 20:17:56.048, 0, 3476, 100, 0, 34, 42.01
2026/04/13 20:17:56.050, 1, 3476, 100, 0, 34, 42.55
2026/04/13 20:17:57.055, 0, 3476, 100, 0, 34, 42.01
2026/04/13 20:17:57.057, 1, 3476, 100, 0, 34, 42.56
2026/04/13 20:17:58.061, 0, 3476, 100, 0, 34, 41.90
2026/04/13 20:17:58.064, 1, 3476, 100, 0, 34, 42.55
2026/04/13 20:17:59.068, 0, 3476, 100, 0, 34, 41.90
2026/04/13 20:17:59.071, 1, 3476, 100, 0, 34, 42.55
2026/04/13 20:18:00.074, 0, 3476, 100, 0, 34, 42.01
2026/04/13 20:18:00.078, 1, 3476, 100, 0, 34, 42.45
2026/04/13 20:18:01.081, 0, 3476, 100, 0, 34, 41.90
2026/04/13 20:18:01.086, 1, 3476, 100, 0, 34, 42.56
2026/04/13 20:18:02.089, 0, 3476, 100, 0, 34, 42.01
2026/04/13 20:18:02.092, 1, 3476, 100, 0, 34, 42.66
2026/04/13 20:18:03.096, 0, 3476, 100, 0, 34, 42.00
2026/04/13 20:18:03.099, 1, 3476, 100, 0, 34, 42.66
2026/04/13 20:18:04.102, 0, 3476, 100, 0, 34, 42.01
2026/04/13 20:18:04.106, 1, 3476, 100, 0, 34, 42.55
2026/04/13 20:18:05.110, 0, 3476, 100, 0, 34, 42.01
2026/04/13 20:18:05.112, 1, 3476, 100, 0, 34, 42.55
2026/04/13 20:18:06.116, 0, 3476, 100, 0, 34, 42.00
2026/04/13 20:18:06.119, 1, 3476, 100, 0, 34, 42.55
2026/04/13 20:18:07.123, 0, 3476, 100, 0, 34, 41.90
2026/04/13 20:18:07.125, 1, 3476, 100, 0, 34, 42.56
2026/04/13 20:18:08.129, 0, 3476, 100, 0, 34, 42.10
2026/04/13 20:18:08.134, 1, 3476, 100, 0, 34, 42.56
2026/04/13 20:18:09.138, 0, 3476, 100, 0, 34, 42.00
2026/04/13 20:18:09.140, 1, 3476, 100, 0, 34, 42.55
2026/04/13 20:18:10.145, 0, 3476, 100, 0, 34, 41.90
2026/04/13 20:18:10.148, 1, 3476, 100, 0, 34, 42.55
2026/04/13 20:18:11.151, 0, 3476, 100, 0, 34, 41.90
2026/04/13 20:18:11.154, 1, 3476, 100, 0, 34, 42.65
2026/04/13 20:18:12.158, 0, 3476, 100, 0, 34, 42.00
2026/04/13 20:18:12.163, 1, 3476, 100, 0, 34, 42.55
2026/04/13 20:18:13.167, 0, 3476, 100, 0, 34, 41.99
2026/04/13 20:18:13.170, 1, 3476, 100, 0, 34, 42.55
2026/04/13 20:18:14.174, 0, 3476, 100, 0, 34, 41.99
2026/04/13 20:18:14.176, 1, 3476, 100, 0, 34, 42.65
2026/04/13 20:18:15.180, 0, 3476, 100, 0, 34, 42.00
2026/04/13 20:18:15.183, 1, 3476, 100, 0, 34, 42.55
2026/04/13 20:18:16.186, 0, 3476, 100, 0, 34, 42.00
2026/04/13 20:18:16.192, 1, 3476, 100, 0, 34, 42.45
2026/04/13 20:18:17.196, 0, 3476, 100, 0, 34, 41.90
2026/04/13 20:18:17.199, 1, 3476, 100, 0, 34, 42.65
2026/04/13 20:18:18.202, 0, 3476, 100, 0, 34, 41.90
2026/04/13 20:18:18.205, 1, 3476, 100, 0, 34, 42.55
2026/04/13 20:18:19.208, 0, 3476, 100, 0, 34, 41.90
2026/04/13 20:18:19.210, 1, 3476, 100, 0, 34, 42.65
2026/04/13 20:18:20.214, 0, 3476, 100, 0, 34, 42.00
2026/04/13 20:18:20.218, 1, 3476, 100, 0, 34, 42.65
2026/04/13 20:18:21.222, 0, 3476, 100, 0, 34, 41.99
2026/04/13 20:18:21.225, 1, 3476, 100, 0, 34, 42.65
2026/04/13 20:18:22.228, 0, 3476, 100, 0, 34, 42.10
2026/04/13 20:18:22.230, 1, 3476, 100, 0, 34, 42.55
2026/04/13 20:18:23.233, 0, 3476, 100, 0, 34, 41.90
2026/04/13 20:18:23.236, 1, 3476, 100, 0, 34, 42.55
2026/04/13 20:18:24.240, 0, 3476, 100, 0, 34, 42.00
2026/04/13 20:18:24.242, 1, 3476, 100, 0, 34, 42.55
2026/04/13 20:18:25.247, 0, 3476, 100, 0, 34, 42.00
2026/04/13 20:18:25.250, 1, 3476, 100, 0, 34, 42.55
2026/04/13 20:18:26.255, 0, 3476, 100, 0, 34, 42.00
2026/04/13 20:18:26.262, 1, 3476, 100, 0, 34, 42.55
2026/04/13 20:18:27.265, 0, 3476, 100, 0, 34, 42.00
2026/04/13 20:18:27.267, 1, 3476, 100, 0, 34, 42.65
2026/04/13 20:18:28.270, 0, 3476, 100, 0, 34, 41.90
2026/04/13 20:18:28.273, 1, 3476, 100, 0, 34, 42.55
2026/04/13 20:18:29.276, 0, 3476, 100, 0, 34, 41.90
2026/04/13 20:18:29.278, 1, 3476, 100, 0, 34, 42.55
2026/04/13 20:18:30.281, 0, 3476, 100, 0, 34, 42.01
2026/04/13 20:18:30.285, 1, 3476, 100, 0, 34, 42.66
2026/04/13 20:18:31.287, 0, 3476, 100, 0, 34, 42.00
2026/04/13 20:18:31.290, 1, 3476, 100, 0, 34, 42.46
2026/04/13 20:18:32.293, 0, 3476, 100, 0, 34, 41.91
2026/04/13 20:18:32.295, 1, 3476, 100, 0, 34, 42.55
2026/04/13 20:18:33.298, 0, 3476, 100, 0, 34, 42.00
2026/04/13 20:18:33.301, 1, 3476, 100, 0, 34, 42.55
2026/04/13 20:18:34.303, 0, 3476, 100, 0, 34, 42.00
2026/04/13 20:18:34.308, 1, 3476, 100, 0, 34, 42.66
2026/04/13 20:18:35.311, 0, 3476, 100, 0, 34, 41.89
2026/04/13 20:18:35.316, 1, 3476, 100, 0, 34, 42.65
2026/04/13 20:18:36.320, 0, 3476, 100, 0, 34, 42.01
2026/04/13 20:18:36.323, 1, 3476, 100, 0, 34, 42.55
2026/04/13 20:18:37.327, 0, 3476, 100, 0, 34, 41.99
2026/04/13 20:18:37.327, 1, 3476, 100, 0, 34, 42.65
2026/04/13 20:18:38.331, 0, 3476, 100, 0, 34, 41.99
2026/04/13 20:18:38.334, 1, 3476, 100, 0, 34, 42.65
2026/04/13 20:18:39.335, 0, 3476, 100, 0, 34, 41.99
2026/04/13 20:18:39.337, 1, 3476, 100, 0, 34, 42.55
2026/04/13 20:18:40.340, 0, 3476, 100, 0, 34, 41.99
2026/04/13 20:18:40.346, 1, 3476, 100, 0, 34, 42.55
2026/04/13 20:18:41.349, 0, 3476, 100, 0, 34, 42.01
2026/04/13 20:18:41.352, 1, 3476, 100, 0, 34, 42.65
2026/04/13 20:18:42.357, 0, 3476, 100, 0, 34, 41.89
2026/04/13 20:18:42.359, 1, 3476, 100, 0, 34, 42.55
2026/04/13 20:18:43.362, 0, 3476, 100, 0, 34, 42.01
2026/04/13 20:18:43.365, 1, 3476, 100, 0, 34, 42.55
2026/04/13 20:18:44.367, 0, 3476, 100, 0, 34, 42.00
2026/04/13 20:18:44.370, 1, 3476, 100, 0, 34, 42.65
2026/04/13 20:18:45.373, 0, 3476, 100, 0, 34, 42.01
2026/04/13 20:18:45.375, 1, 3476, 100, 0, 34, 42.56
2026/04/13 20:18:46.378, 0, 3476, 100, 0, 34, 42.01
2026/04/13 20:18:46.381, 1, 3476, 100, 0, 34, 42.55
2026/04/13 20:18:47.385, 0, 3476, 100, 0, 34, 41.90
2026/04/13 20:18:47.387, 1, 3476, 100, 0, 34, 42.65
2026/04/13 20:18:48.391, 0, 3476, 100, 0, 34, 42.00
2026/04/13 20:18:48.394, 1, 3476, 100, 0, 34, 42.55
2026/04/13 20:18:49.399, 0, 3476, 100, 0, 34, 42.00
2026/04/13 20:18:49.402, 1, 3476, 100, 0, 34, 42.65
2026/04/13 20:18:50.406, 0, 3476, 100, 0, 34, 42.01
2026/04/13 20:18:50.409, 1, 3476, 100, 0, 34, 42.56
2026/04/13 20:18:51.413, 0, 3476, 100, 0, 34, 42.00
2026/04/13 20:18:51.415, 1, 3476, 100, 0, 34, 42.56
2026/04/13 20:18:52.421, 0, 3476, 100, 0, 34, 42.00
2026/04/13 20:18:52.423, 1, 3476, 100, 0, 34, 42.55
2026/04/13 20:18:53.427, 0, 3476, 100, 0, 34, 42.00
2026/04/13 20:18:53.431, 1, 3476, 100, 0, 34, 42.55
2026/04/13 20:18:54.434, 0, 3476, 100, 0, 34, 41.99
2026/04/13 20:18:54.437, 1, 3476, 100, 0, 34, 42.55
2026/04/13 20:18:55.441, 0, 3476, 100, 0, 34, 42.09
2026/04/13 20:18:55.445, 1, 3476, 100, 0, 34, 42.55
2026/04/13 20:18:56.450, 0, 3476, 100, 0, 34, 41.90
2026/04/13 20:18:56.452, 1, 3476, 100, 0, 34, 42.55
2026/04/13 20:18:57.456, 0, 3476, 100, 0, 34, 41.90
2026/04/13 20:18:57.461, 1, 3476, 100, 0, 34, 42.56
2026/04/13 20:18:58.465, 0, 3476, 100, 0, 34, 41.99
2026/04/13 20:18:58.468, 1, 3476, 100, 0, 34, 42.55
2026/04/13 20:18:59.471, 0, 3476, 100, 0, 34, 41.99
2026/04/13 20:18:59.474, 1, 3476, 100, 0, 34, 42.55
2026/04/13 20:19:00.481, 0, 3476, 100, 0, 34, 42.01
2026/04/13 20:19:00.483, 1, 3476, 100, 0, 34, 42.55
2026/04/13 20:19:01.487, 0, 3476, 100, 0, 34, 42.00
2026/04/13 20:19:01.490, 1, 3476, 100, 0, 34, 42.55
2026/04/13 20:19:02.493, 0, 3476, 100, 0, 34, 41.99
2026/04/13 20:19:02.496, 1, 3476, 100, 0, 34, 42.55
2026/04/13 20:19:03.500, 0, 3476, 100, 0, 34, 41.90
2026/04/13 20:19:03.503, 1, 3476, 100, 0, 34, 42.55
2026/04/13 20:19:04.506, 0, 3476, 100, 0, 34, 42.01
2026/04/13 20:19:04.509, 1, 3476, 100, 0, 34, 42.66
2026/04/13 20:19:05.514, 0, 3476, 100, 0, 34, 41.99
2026/04/13 20:19:05.518, 1, 3476, 100, 0, 34, 42.55
2026/04/13 20:19:06.521, 0, 3476, 100, 0, 34, 42.00
2026/04/13 20:19:06.524, 1, 3476, 100, 0, 34, 42.55
2026/04/13 20:19:07.528, 0, 3476, 100, 0, 34, 42.00
2026/04/13 20:19:07.530, 1, 3476, 100, 0, 34, 42.55
2026/04/13 20:19:08.534, 0, 3476, 100, 0, 34, 41.90
2026/04/13 20:19:08.537, 1, 3476, 100, 0, 34, 42.56
2026/04/13 20:19:09.540, 0, 3476, 100, 0, 34, 41.99
2026/04/13 20:19:09.545, 1, 3476, 100, 0, 34, 42.56
2026/04/13 20:19:10.552, 0, 3476, 100, 0, 34, 42.00
2026/04/13 20:19:10.554, 1, 3476, 100, 0, 34, 42.55
2026/04/13 20:19:11.560, 0, 3476, 100, 0, 34, 41.91
2026/04/13 20:19:11.563, 1, 3476, 100, 0, 34, 42.55
2026/04/13 20:19:12.569, 0, 3476, 100, 0, 34, 42.01
2026/04/13 20:19:12.571, 1, 3476, 100, 0, 34, 42.55
2026/04/13 20:19:13.575, 0, 3476, 100, 0, 34, 42.00
2026/04/13 20:19:13.578, 1, 3476, 100, 0, 34, 42.55
2026/04/13 20:19:14.582, 0, 3476, 100, 0, 34, 42.00
2026/04/13 20:19:14.585, 1, 3476, 100, 0, 34, 42.65
2026/04/13 20:19:15.589, 0, 3476, 100, 0, 34, 42.00
2026/04/13 20:19:15.591, 1, 3476, 100, 0, 34, 42.65
2026/04/13 20:19:16.595, 0, 3476, 100, 0, 34, 41.89
2026/04/13 20:19:16.599, 1, 3476, 100, 0, 34, 42.55
2026/04/13 20:19:17.603, 0, 3476, 100, 0, 34, 41.91
2026/04/13 20:19:17.606, 1, 3476, 100, 0, 34, 42.65
2026/04/13 20:19:18.610, 0, 3476, 100, 0, 34, 41.90
2026/04/13 20:19:18.613, 1, 3476, 100, 0, 34, 42.55
2026/04/13 20:19:19.617, 0, 3476, 100, 0, 34, 41.90
2026/04/13 20:19:19.619, 1, 3476, 100, 0, 34, 42.55
2026/04/13 20:19:20.623, 0, 3476, 100, 0, 34, 41.89
2026/04/13 20:19:20.627, 1, 3476, 100, 0, 34, 42.55
2026/04/13 20:19:21.631, 0, 3476, 100, 0, 34, 41.89
2026/04/13 20:19:21.633, 1, 3476, 100, 0, 34, 42.56
2026/04/13 20:19:22.637, 0, 3476, 100, 0, 34, 42.00
2026/04/13 20:19:22.640, 1, 3476, 100, 0, 34, 42.55
2026/04/13 20:19:23.647, 0, 3476, 100, 0, 34, 41.91
2026/04/13 20:19:23.653, 1, 3476, 100, 0, 34, 42.55
2026/04/13 20:19:24.657, 0, 3476, 100, 0, 34, 42.01
2026/04/13 20:19:24.659, 1, 3476, 100, 0, 34, 42.56
2026/04/13 20:19:25.663, 0, 3476, 100, 0, 34, 42.01
2026/04/13 20:19:25.666, 1, 3476, 100, 0, 34, 42.55
2026/04/13 20:19:26.670, 0, 3476, 100, 0, 34, 42.00
2026/04/13 20:19:26.672, 1, 3476, 100, 0, 34, 42.56
2026/04/13 20:19:27.677, 0, 3476, 100, 0, 34, 41.90
2026/04/13 20:19:27.679, 1, 3476, 100, 0, 34, 42.55
2026/04/13 20:19:28.683, 0, 3476, 100, 0, 34, 42.00
2026/04/13 20:19:28.686, 1, 3476, 100, 0, 34, 42.56
2026/04/13 20:19:29.690, 0, 3476, 100, 0, 34, 42.00
2026/04/13 20:19:29.692, 1, 3476, 100, 0, 34, 42.55
2026/04/13 20:19:30.696, 0, 3476, 100, 0, 34, 41.90
2026/04/13 20:19:30.699, 1, 3476, 100, 0, 34, 42.56
2026/04/13 20:19:31.703, 0, 3476, 100, 0, 34, 41.91
2026/04/13 20:19:31.711, 1, 3476, 100, 0, 34, 42.65
2026/04/13 20:19:32.715, 0, 3476, 100, 0, 34, 41.90
2026/04/13 20:19:32.718, 1, 3476, 100, 0, 34, 42.55
2026/04/13 20:19:33.722, 0, 3476, 100, 0, 34, 42.00
2026/04/13 20:19:33.725, 1, 3476, 100, 0, 34, 42.56
2026/04/13 20:19:34.729, 0, 3476, 100, 0, 34, 41.99
2026/04/13 20:19:34.731, 1, 3476, 100, 0, 34, 42.56
2026/04/13 20:19:35.736, 0, 3476, 100, 0, 34, 42.00
2026/04/13 20:19:35.739, 1, 3476, 100, 0, 34, 42.55
2026/04/13 20:19:36.742, 0, 3476, 100, 0, 34, 42.00
2026/04/13 20:19:36.745, 1, 3476, 100, 0, 34, 42.55
2026/04/13 20:19:37.749, 0, 3476, 100, 0, 34, 42.01
2026/04/13 20:19:37.752, 1, 3476, 100, 0, 34, 42.56
2026/04/13 20:19:38.755, 0, 3476, 100, 0, 34, 41.90
2026/04/13 20:19:38.758, 1, 3476, 100, 0, 34, 42.55
2026/04/13 20:19:39.762, 0, 3476, 100, 0, 34, 41.89
2026/04/13 20:19:39.765, 1, 3476, 100, 0, 34, 42.55
2026/04/13 20:19:40.768, 0, 3476, 100, 0, 34, 42.00
2026/04/13 20:19:40.771, 1, 3476, 100, 0, 34, 42.55
2026/04/13 20:19:41.775, 0, 3476, 100, 0, 34, 41.91
2026/04/13 20:19:41.777, 1, 3476, 100, 0, 34, 42.65
2026/04/13 20:19:42.782, 0, 3476, 100, 0, 34, 42.00
2026/04/13 20:19:42.785, 1, 3476, 100, 0, 34, 42.55
2026/04/13 20:19:43.789, 0, 3476, 100, 0, 34, 42.00
2026/04/13 20:19:43.793, 1, 3476, 100, 0, 34, 42.55
2026/04/13 20:19:44.799, 0, 3476, 100, 0, 34, 42.01
2026/04/13 20:19:44.801, 1, 3476, 100, 0, 34, 42.65
2026/04/13 20:19:45.805, 0, 3476, 100, 0, 34, 42.00
2026/04/13 20:19:45.808, 1, 3476, 100, 0, 34, 42.56
2026/04/13 20:19:46.812, 0, 3476, 100, 0, 34, 41.91
2026/04/13 20:19:46.814, 1, 3476, 100, 0, 34, 42.55
2026/04/13 20:19:47.818, 0, 3476, 100, 0, 34, 42.00
2026/04/13 20:19:47.821, 1, 3476, 100, 0, 34, 42.56
2026/04/13 20:19:48.825, 0, 3476, 100, 0, 34, 42.01
2026/04/13 20:19:48.829, 1, 3476, 100, 0, 34, 42.65
2026/04/13 20:19:49.832, 0, 3476, 100, 0, 34, 41.90
2026/04/13 20:19:49.835, 1, 3476, 100, 0, 34, 42.55
2026/04/13 20:19:50.839, 0, 3476, 100, 0, 34, 42.01
2026/04/13 20:19:50.842, 1, 3476, 100, 0, 34, 42.66
2026/04/13 20:19:51.845, 0, 3476, 100, 0, 34, 41.90
2026/04/13 20:19:51.848, 1, 3476, 100, 0, 34, 42.66
2026/04/13 20:19:52.852, 0, 3476, 100, 0, 34, 42.01
2026/04/13 20:19:52.857, 1, 3476, 100, 0, 34, 42.56
2026/04/13 20:19:53.862, 0, 3476, 100, 0, 34, 42.01
2026/04/13 20:19:53.864, 1, 3476, 100, 0, 34, 42.55
2026/04/13 20:19:54.868, 0, 3476, 100, 0, 34, 41.90
2026/04/13 20:19:54.871, 1, 3476, 100, 0, 34, 42.56
2026/04/13 20:19:55.875, 0, 3476, 100, 0, 34, 42.00
2026/04/13 20:19:55.877, 1, 3476, 100, 0, 34, 42.55
2026/04/13 20:19:56.880, 0, 3476, 100, 0, 34, 42.00
2026/04/13 20:19:56.886, 1, 3476, 100, 0, 34, 42.55
2026/04/13 20:19:57.888, 0, 3476, 100, 0, 34, 42.00
2026/04/13 20:19:57.891, 1, 3476, 100, 0, 34, 42.55
2026/04/13 20:19:58.896, 0, 3476, 100, 0, 34, 42.01
2026/04/13 20:19:58.899, 1, 3476, 100, 0, 34, 42.55
2026/04/13 20:19:59.901, 0, 3476, 100, 0, 34, 42.00
2026/04/13 20:19:59.904, 1, 3476, 100, 0, 34, 42.56
2026/04/13 20:20:00.907, 0, 3476, 100, 0, 34, 41.89
2026/04/13 20:20:00.909, 1, 3476, 100, 0, 34, 42.55
2026/04/13 20:20:01.912, 0, 3476, 100, 0, 34, 42.00
2026/04/13 20:20:01.916, 1, 3476, 100, 0, 34, 42.55
2026/04/13 20:20:02.919, 0, 3476, 100, 0, 34, 41.90
2026/04/13 20:20:02.922, 1, 3476, 100, 0, 34, 42.56
2026/04/13 20:20:03.928, 0, 3476, 100, 0, 34, 42.00
2026/04/13 20:20:03.930, 1, 3476, 100, 0, 34, 42.56
2026/04/13 20:20:04.935, 0, 3476, 100, 0, 34, 42.01
2026/04/13 20:20:04.937, 1, 3476, 100, 0, 34, 42.55
2026/04/13 20:20:05.940, 0, 3476, 100, 0, 34, 42.01
2026/04/13 20:20:05.945, 1, 3476, 100, 0, 34, 42.56
2026/04/13 20:20:06.948, 0, 3476, 100, 0, 34, 42.00
2026/04/13 20:20:06.951, 1, 3476, 100, 0, 34, 42.55
2026/04/13 20:20:07.954, 0, 3476, 100, 0, 34, 42.01
2026/04/13 20:20:07.956, 1, 3476, 100, 0, 34, 42.55
2026/04/13 20:20:08.961, 0, 3476, 100, 0, 34, 42.00
2026/04/13 20:20:08.963, 1, 3476, 100, 0, 34, 42.55
2026/04/13 20:20:09.966, 0, 3476, 100, 0, 34, 42.01
2026/04/13 20:20:09.969, 1, 3476, 100, 0, 34, 42.55
2026/04/13 20:20:10.971, 0, 3476, 100, 0, 34, 42.10
2026/04/13 20:20:10.977, 1, 3476, 100, 0, 34, 42.55
2026/04/13 20:20:11.979, 0, 3476, 100, 0, 34, 41.90
2026/04/13 20:20:11.982, 1, 3476, 100, 0, 34, 42.55
2026/04/13 20:20:12.985, 0, 3476, 100, 0, 34, 42.01
2026/04/13 20:20:12.987, 1, 3476, 100, 0, 34, 42.56
2026/04/13 20:20:13.994, 0, 3476, 100, 0, 34, 42.00
2026/04/13 20:20:13.997, 1, 3476, 100, 0, 34, 42.55
2026/04/13 20:20:15.001, 0, 3476, 100, 0, 34, 41.91
2026/04/13 20:20:15.005, 1, 3476, 100, 0, 34, 42.55
2026/04/13 20:20:16.009, 0, 3476, 100, 0, 34, 41.91
2026/04/13 20:20:16.012, 1, 3476, 100, 0, 34, 42.55
2026/04/13 20:20:17.015, 0, 3476, 100, 0, 34, 41.89
2026/04/13 20:20:17.018, 1, 3476, 100, 0, 34, 42.65
2026/04/13 20:20:18.022, 0, 3476, 100, 0, 34, 42.00
2026/04/13 20:20:18.025, 1, 3476, 100, 0, 34, 42.55
2026/04/13 20:20:19.028, 0, 3476, 100, 0, 34, 42.01
2026/04/13 20:20:19.031, 1, 3476, 100, 0, 34, 42.65
2026/04/13 20:20:20.035, 0, 3476, 100, 0, 34, 42.00
2026/04/13 20:20:20.037, 1, 3476, 100, 0, 34, 42.55
2026/04/13 20:20:21.041, 0, 3476, 100, 0, 34, 42.01
2026/04/13 20:20:21.044, 1, 3476, 100, 0, 34, 42.55
2026/04/13 20:20:22.048, 0, 3476, 100, 0, 34, 42.00
2026/04/13 20:20:22.050, 1, 3476, 100, 0, 34, 42.55
2026/04/13 20:20:23.056, 0, 3476, 100, 0, 34, 41.91
2026/04/13 20:20:23.058, 1, 3476, 100, 0, 34, 42.56
2026/04/13 20:20:24.062, 0, 3476, 100, 0, 34, 41.89
2026/04/13 20:20:24.070, 1, 3476, 100, 0, 34, 42.55
2026/04/13 20:20:25.073, 0, 3476, 100, 0, 34, 42.01
2026/04/13 20:20:25.076, 1, 3476, 100, 0, 34, 42.55
2026/04/13 20:20:26.080, 0, 3476, 100, 0, 34, 42.00
2026/04/13 20:20:26.083, 1, 3476, 100, 0, 34, 42.55
2026/04/13 20:20:27.086, 0, 3476, 100, 0, 34, 42.01
2026/04/13 20:20:27.089, 1, 3476, 100, 0, 34, 42.65
2026/04/13 20:20:28.093, 0, 3476, 100, 0, 34, 42.00
2026/04/13 20:20:28.098, 1, 3476, 100, 0, 34, 42.55
2026/04/13 20:20:29.102, 0, 3476, 100, 0, 34, 42.00
2026/04/13 20:20:29.104, 1, 3476, 100, 0, 34, 42.55
2026/04/13 20:20:30.110, 0, 3476, 100, 0, 34, 42.00
2026/04/13 20:20:30.113, 1, 3476, 100, 0, 34, 42.55
2026/04/13 20:20:31.117, 0, 3476, 100, 0, 34, 41.89
2026/04/13 20:20:31.119, 1, 3476, 100, 0, 34, 42.55
2026/04/13 20:20:32.123, 0, 3476, 100, 0, 34, 42.00
2026/04/13 20:20:32.128, 1, 3476, 100, 0, 34, 42.55
2026/04/13 20:20:33.132, 0, 3476, 100, 0, 34, 41.89
2026/04/13 20:20:33.136, 1, 3476, 100, 0, 34, 42.55
2026/04/13 20:20:34.141, 0, 3476, 100, 0, 34, 42.00
2026/04/13 20:20:34.143, 1, 3476, 100, 0, 34, 42.56
2026/04/13 20:20:35.147, 0, 3476, 100, 0, 34, 41.89
2026/04/13 20:20:35.150, 1, 3476, 100, 0, 34, 42.55
2026/04/13 20:20:36.153, 0, 3476, 100, 0, 34, 41.89
2026/04/13 20:20:36.156, 1, 3476, 100, 0, 34, 42.55
2026/04/13 20:20:37.160, 0, 3476, 100, 0, 34, 41.90
2026/04/13 20:20:37.163, 1, 3476, 100, 0, 34, 42.55
2026/04/13 20:20:38.166, 0, 3476, 100, 0, 34, 41.91
2026/04/13 20:20:38.169, 1, 3476, 100, 0, 34, 42.55
2026/04/13 20:20:39.173, 0, 3476, 100, 0, 34, 41.90
2026/04/13 20:20:39.178, 1, 3476, 100, 0, 34, 42.55
2026/04/13 20:20:40.182, 0, 3476, 100, 0, 34, 41.90
2026/04/13 20:20:40.184, 1, 3476, 100, 0, 34, 42.55
2026/04/13 20:20:41.189, 0, 3476, 100, 0, 34, 41.90
2026/04/13 20:20:41.192, 1, 3476, 100, 0, 34, 42.55
2026/04/13 20:20:42.196, 0, 3476, 100, 0, 34, 41.99
2026/04/13 20:20:42.198, 1, 3476, 100, 0, 34, 42.55
2026/04/13 20:20:43.203, 0, 3476, 100, 0, 34, 42.00
2026/04/13 20:20:43.206, 1, 3476, 100, 0, 34, 42.55
2026/04/13 20:20:44.210, 0, 3476, 100, 0, 34, 42.00
2026/04/13 20:20:44.212, 1, 3476, 100, 0, 34, 42.55
2026/04/13 20:20:45.216, 0, 3476, 100, 0, 34, 42.01
2026/04/13 20:20:45.219, 1, 3476, 100, 0, 34, 42.55
2026/04/13 20:20:46.222, 0, 3476, 100, 0, 34, 42.00
2026/04/13 20:20:46.228, 1, 3476, 100, 0, 34, 42.55
2026/04/13 20:20:47.233, 0, 3476, 100, 0, 34, 42.00
2026/04/13 20:20:47.236, 1, 3476, 100, 0, 34, 42.55
2026/04/13 20:20:48.240, 0, 3476, 100, 0, 34, 41.99
2026/04/13 20:20:48.242, 1, 3476, 100, 0, 34, 42.65
2026/04/13 20:20:49.246, 0, 3476, 100, 0, 34, 41.90
2026/04/13 20:20:49.249, 1, 3476, 100, 0, 34, 42.66
2026/04/13 20:20:50.253, 0, 3476, 100, 0, 34, 42.00
2026/04/13 20:20:50.257, 1, 3476, 100, 0, 34, 42.55
2026/04/13 20:20:51.263, 0, 3476, 100, 0, 34, 41.99
2026/04/13 20:20:51.266, 1, 3476, 100, 0, 34, 42.55
2026/04/13 20:20:52.270, 0, 3476, 100, 0, 34, 42.00
2026/04/13 20:20:52.272, 1, 3476, 100, 0, 34, 42.55
2026/04/13 20:20:53.276, 0, 3476, 100, 0, 34, 42.10
2026/04/13 20:20:53.279, 1, 3476, 100, 0, 34, 42.55
2026/04/13 20:20:54.283, 0, 3476, 100, 0, 34, 42.00
2026/04/13 20:20:54.286, 1, 3476, 100, 0, 34, 42.55
2026/04/13 20:20:55.290, 0, 3476, 100, 0, 34, 42.01
2026/04/13 20:20:55.293, 1, 3476, 100, 0, 34, 42.55
2026/04/13 20:20:56.297, 0, 3476, 100, 0, 34, 41.90
2026/04/13 20:20:56.300, 1, 3476, 100, 0, 34, 42.55
2026/04/13 20:20:57.303, 0, 3476, 100, 0, 34, 42.00
2026/04/13 20:20:57.306, 1, 3476, 100, 0, 34, 42.45
2026/04/13 20:20:58.310, 0, 3476, 100, 0, 34, 42.00
2026/04/13 20:20:58.315, 1, 3476, 100, 0, 34, 42.65
2026/04/13 20:20:59.319, 0, 3476, 100, 0, 34, 42.01
2026/04/13 20:20:59.322, 1, 3476, 100, 0, 34, 42.65
2026/04/13 20:21:00.326, 0, 3476, 100, 0, 34, 41.99
2026/04/13 20:21:00.329, 1, 3476, 100, 0, 34, 42.65
2026/04/13 20:21:01.333, 0, 3476, 100, 0, 34, 42.10
2026/04/13 20:21:01.336, 1, 3476, 100, 0, 34, 42.56
2026/04/13 20:21:02.340, 0, 3476, 100, 0, 34, 42.00
2026/04/13 20:21:02.345, 1, 3476, 100, 0, 34, 42.55
2026/04/13 20:21:03.349, 0, 3476, 100, 0, 34, 41.99
2026/04/13 20:21:03.351, 1, 3476, 100, 0, 34, 42.65
2026/04/13 20:21:04.357, 0, 3476, 100, 0, 34, 42.00
2026/04/13 20:21:04.360, 1, 3476, 100, 0, 34, 42.55
2026/04/13 20:21:05.364, 0, 3476, 100, 0, 34, 41.99
2026/04/13 20:21:05.366, 1, 3476, 100, 0, 34, 42.55
2026/04/13 20:21:06.370, 0, 3476, 100, 0, 34, 42.00
2026/04/13 20:21:06.375, 1, 3476, 100, 0, 34, 42.66
2026/04/13 20:21:07.378, 0, 3476, 100, 0, 34, 41.89
2026/04/13 20:21:07.380, 1, 3476, 100, 0, 34, 42.55
2026/04/13 20:21:08.387, 0, 3476, 100, 0, 34, 42.01
2026/04/13 20:21:08.389, 1, 3476, 100, 0, 34, 42.55
2026/04/13 20:21:09.393, 0, 3476, 100, 0, 34, 42.01
2026/04/13 20:21:09.396, 1, 3476, 100, 0, 34, 42.66
2026/04/13 20:21:10.398, 0, 3476, 100, 0, 34, 42.01
2026/04/13 20:21:10.401, 1, 3476, 100, 0, 34, 42.65
2026/04/13 20:21:11.405, 0, 3476, 100, 0, 34, 41.91
2026/04/13 20:21:11.408, 1, 3476, 100, 0, 34, 42.55
2026/04/13 20:21:12.411, 0, 3476, 100, 0, 34, 42.01
2026/04/13 20:21:12.414, 1, 3476, 100, 0, 34, 42.65
2026/04/13 20:21:13.417, 0, 3476, 100, 0, 34, 42.00
2026/04/13 20:21:13.419, 1, 3476, 100, 0, 34, 42.56
2026/04/13 20:21:14.423, 0, 3476, 100, 0, 34, 41.90
2026/04/13 20:21:14.426, 1, 3476, 100, 0, 34, 42.65
2026/04/13 20:21:15.428, 0, 3476, 100, 0, 34, 42.00
2026/04/13 20:21:15.431, 1, 3476, 100, 0, 34, 42.65
2026/04/13 20:21:16.434, 0, 3476, 100, 0, 34, 42.01
2026/04/13 20:21:16.437, 1, 3476, 100, 0, 34, 42.65
2026/04/13 20:21:17.440, 0, 3476, 100, 0, 34, 41.99
2026/04/13 20:21:17.443, 1, 3476, 100, 0, 34, 42.55
2026/04/13 20:21:18.445, 0, 3476, 100, 0, 34, 42.00
2026/04/13 20:21:18.448, 1, 3476, 100, 0, 34, 42.55
2026/04/13 20:21:19.451, 0, 3476, 100, 0, 34, 41.99
2026/04/13 20:21:19.453, 1, 3476, 100, 0, 34, 42.56
2026/04/13 20:21:20.457, 0, 3476, 100, 0, 34, 42.00
2026/04/13 20:21:20.460, 1, 3476, 100, 0, 34, 42.65
2026/04/13 20:21:21.464, 0, 3476, 100, 0, 34, 42.00
2026/04/13 20:21:21.466, 1, 3476, 100, 0, 34, 42.55
2026/04/13 20:21:22.469, 0, 3476, 100, 0, 34, 41.89
2026/04/13 20:21:22.473, 1, 3476, 100, 0, 34, 42.55
2026/04/13 20:21:23.476, 0, 3476, 100, 0, 34, 41.90
2026/04/13 20:21:23.479, 1, 3476, 100, 0, 34, 42.55
2026/04/13 20:21:24.483, 0, 3476, 100, 0, 34, 42.01
2026/04/13 20:21:24.485, 1, 3476, 100, 0, 34, 42.55
2026/04/13 20:21:25.489, 0, 3476, 100, 0, 34, 41.90
2026/04/13 20:21:25.494, 1, 3476, 100, 0, 34, 42.56
2026/04/13 20:21:26.498, 0, 3476, 100, 0, 34, 41.99
2026/04/13 20:21:26.501, 1, 3476, 100, 0, 34, 42.55
2026/04/13 20:21:27.505, 0, 3476, 100, 0, 34, 41.90
2026/04/13 20:21:27.508, 1, 3476, 100, 0, 34, 42.55
2026/04/13 20:21:28.511, 0, 3476, 100, 0, 34, 42.00
2026/04/13 20:21:28.514, 1, 3476, 100, 0, 34, 42.66
2026/04/13 20:21:29.518, 0, 3476, 100, 0, 34, 41.99
2026/04/13 20:21:29.522, 1, 3476, 100, 0, 34, 42.65
2026/04/13 20:21:30.526, 0, 3476, 100, 0, 34, 42.00
2026/04/13 20:21:30.529, 1, 3476, 100, 0, 34, 42.65
2026/04/13 20:21:31.533, 0, 3476, 100, 0, 34, 41.89
2026/04/13 20:21:31.536, 1, 3476, 100, 0, 34, 42.65
2026/04/13 20:21:32.540, 0, 3476, 100, 0, 34, 41.91
2026/04/13 20:21:32.542, 1, 3476, 100, 0, 34, 42.55
2026/04/13 20:21:33.546, 0, 3476, 100, 0, 34, 42.00
2026/04/13 20:21:33.549, 1, 3476, 100, 0, 34, 42.56
2026/04/13 20:21:34.555, 0, 3476, 100, 0, 34, 42.00
2026/04/13 20:21:34.558, 1, 3476, 100, 0, 34, 42.55
2026/04/13 20:21:35.562, 0, 3476, 100, 0, 34, 42.00
2026/04/13 20:21:35.564, 1, 3476, 100, 0, 34, 42.55
2026/04/13 20:21:36.568, 0, 3476, 100, 0, 34, 41.90
2026/04/13 20:21:36.571, 1, 3476, 100, 0, 34, 42.45
2026/04/13 20:21:37.574, 0, 3476, 100, 0, 34, 42.00
2026/04/13 20:21:37.577, 1, 3476, 100, 0, 34, 42.55
2026/04/13 20:21:38.581, 0, 3476, 100, 0, 34, 41.89
2026/04/13 20:21:38.583, 1, 3476, 100, 0, 34, 42.56
2026/04/13 20:21:39.587, 0, 3476, 100, 0, 34, 41.89
2026/04/13 20:21:39.590, 1, 3476, 100, 0, 34, 42.65
2026/04/13 20:21:40.594, 0, 3476, 100, 0, 34, 42.00
2026/04/13 20:21:40.597, 1, 3476, 100, 0, 34, 42.65
2026/04/13 20:21:41.601, 0, 3476, 100, 0, 34, 41.90
2026/04/13 20:21:41.603, 1, 3476, 100, 0, 34, 42.55
2026/04/13 20:21:42.607, 0, 3476, 100, 0, 34, 42.01
2026/04/13 20:21:42.611, 1, 3476, 100, 0, 34, 42.55
2026/04/13 20:21:43.614, 0, 3476, 100, 0, 34, 42.00
2026/04/13 20:21:43.617, 1, 3476, 100, 0, 34, 42.65
2026/04/13 20:21:44.621, 0, 3476, 100, 0, 34, 41.89
2026/04/13 20:21:44.623, 1, 3476, 100, 0, 34, 42.65
2026/04/13 20:21:45.627, 0, 3476, 100, 0, 34, 42.01
2026/04/13 20:21:45.630, 1, 3476, 100, 0, 34, 42.55
2026/04/13 20:21:46.633, 0, 3476, 100, 0, 34, 41.99
2026/04/13 20:21:46.636, 1, 3476, 100, 0, 34, 42.45
2026/04/13 20:21:47.640, 0, 3476, 100, 0, 34, 42.00
2026/04/13 20:21:47.642, 1, 3476, 100, 0, 34, 42.55
2026/04/13 20:21:48.646, 0, 3476, 100, 0, 34, 41.91
2026/04/13 20:21:48.650, 1, 3476, 100, 0, 34, 42.55
2026/04/13 20:21:49.654, 0, 3476, 100, 0, 34, 42.01
2026/04/13 20:21:49.657, 1, 3476, 100, 0, 34, 42.56
2026/04/13 20:21:50.660, 0, 3476, 100, 0, 34, 41.91
2026/04/13 20:21:50.663, 1, 3476, 100, 0, 34, 42.55
2026/04/13 20:21:51.670, 0, 3476, 100, 0, 34, 42.00
2026/04/13 20:21:51.674, 1, 3476, 100, 0, 34, 42.65
2026/04/13 20:21:52.677, 0, 3476, 100, 0, 34, 41.99
2026/04/13 20:21:52.680, 1, 3476, 100, 0, 34, 42.65
2026/04/13 20:21:53.684, 0, 3476, 100, 0, 34, 41.91
2026/04/13 20:21:53.686, 1, 3476, 100, 0, 34, 42.56
2026/04/13 20:21:54.690, 0, 3476, 100, 0, 34, 42.00
2026/04/13 20:21:54.693, 1, 3476, 100, 0, 34, 42.55
2026/04/13 20:21:55.697, 0, 3476, 100, 0, 34, 42.00
2026/04/13 20:21:55.701, 1, 3476, 100, 0, 34, 42.55
2026/04/13 20:21:56.705, 0, 3476, 100, 0, 34, 42.00
2026/04/13 20:21:56.708, 1, 3476, 100, 0, 34, 42.55
2026/04/13 20:21:57.711, 0, 3476, 100, 0, 34, 42.00
2026/04/13 20:21:57.714, 1, 3476, 100, 0, 34, 42.65
2026/04/13 20:21:58.718, 0, 3476, 100, 0, 34, 42.01
2026/04/13 20:21:58.720, 1, 3476, 100, 0, 34, 42.65
2026/04/13 20:21:59.724, 0, 3476, 100, 0, 34, 41.90
2026/04/13 20:21:59.727, 1, 3476, 100, 0, 34, 42.56
2026/04/13 20:22:00.731, 0, 3476, 100, 0, 34, 41.99
2026/04/13 20:22:00.735, 1, 3476, 100, 0, 34, 42.55
2026/04/13 20:22:01.739, 0, 3476, 100, 0, 34, 42.01
2026/04/13 20:22:01.742, 1, 3476, 100, 0, 34, 42.65
2026/04/13 20:22:02.746, 0, 3476, 100, 0, 34, 42.10
2026/04/13 20:22:02.748, 1, 3476, 100, 0, 34, 42.55
2026/04/13 20:22:03.752, 0, 3476, 100, 0, 34, 41.89
2026/04/13 20:22:03.755, 1, 3476, 100, 0, 34, 42.55
2026/04/13 20:22:04.758, 0, 3476, 100, 0, 34, 41.99
2026/04/13 20:22:04.764, 1, 3476, 100, 0, 34, 42.56
2026/04/13 20:22:05.768, 0, 3476, 100, 0, 34, 42.00
2026/04/13 20:22:05.770, 1, 3476, 100, 0, 34, 42.65
2026/04/13 20:22:06.774, 0, 3476, 100, 0, 34, 41.90
2026/04/13 20:22:06.777, 1, 3476, 100, 0, 34, 42.55
2026/04/13 20:22:07.781, 0, 3476, 100, 0, 34, 41.90
2026/04/13 20:22:07.783, 1, 3476, 100, 0, 34, 42.65
2026/04/13 20:22:08.787, 0, 3476, 100, 0, 34, 42.00
2026/04/13 20:22:08.791, 1, 3476, 100, 0, 34, 42.56
2026/04/13 20:22:09.796, 0, 3476, 100, 0, 34, 41.91
2026/04/13 20:22:09.798, 1, 3476, 100, 0, 34, 42.55
2026/04/13 20:22:10.802, 0, 3476, 100, 0, 34, 41.99
2026/04/13 20:22:10.805, 1, 3476, 100, 0, 34, 42.55
2026/04/13 20:22:11.809, 0, 3476, 100, 0, 34, 42.01
2026/04/13 20:22:11.812, 1, 3476, 100, 0, 34, 42.55
2026/04/13 20:22:12.815, 0, 3476, 100, 0, 34, 41.91
2026/04/13 20:22:12.819, 1, 3476, 100, 0, 34, 42.55
2026/04/13 20:22:13.823, 0, 3476, 100, 0, 34, 41.99
2026/04/13 20:22:13.826, 1, 3476, 100, 0, 34, 42.55
2026/04/13 20:22:14.829, 0, 3476, 100, 0, 34, 42.01
2026/04/13 20:22:14.834, 1, 3476, 100, 0, 34, 42.46
2026/04/13 20:22:15.837, 0, 3476, 100, 0, 34, 42.00
2026/04/13 20:22:15.840, 1, 3476, 100, 0, 34, 42.55
2026/04/13 20:22:16.844, 0, 3476, 100, 0, 34, 41.99
2026/04/13 20:22:16.847, 1, 3476, 100, 0, 34, 42.56
2026/04/13 20:22:17.851, 0, 3476, 100, 0, 34, 41.99
2026/04/13 20:22:17.854, 1, 3476, 100, 0, 34, 42.55
2026/04/13 20:22:18.859, 0, 3476, 100, 0, 34, 42.00
2026/04/13 20:22:18.862, 1, 3476, 100, 0, 34, 42.55
2026/04/13 20:22:19.865, 0, 3476, 100, 0, 34, 42.10
2026/04/13 20:22:19.868, 1, 3476, 100, 0, 34, 42.66
2026/04/13 20:22:20.872, 0, 3476, 100, 0, 34, 41.99
2026/04/13 20:22:20.875, 1, 3476, 100, 0, 34, 42.55
2026/04/13 20:22:21.879, 0, 3476, 100, 0, 34, 42.00
2026/04/13 20:22:21.881, 1, 3476, 100, 0, 34, 42.55
2026/04/13 20:22:22.885, 0, 3476, 100, 0, 34, 41.90
2026/04/13 20:22:22.888, 1, 3476, 100, 0, 34, 42.55
2026/04/13 20:22:23.893, 0, 3476, 100, 0, 34, 42.00
2026/04/13 20:22:23.896, 1, 3476, 100, 0, 34, 42.55
2026/04/13 20:22:24.900, 0, 3476, 100, 0, 34, 41.90
2026/04/13 20:22:24.903, 1, 3476, 100, 0, 34, 42.55
2026/04/13 20:22:25.907, 0, 3476, 100, 0, 34, 41.90
2026/04/13 20:22:25.909, 1, 3476, 100, 0, 34, 42.55
2026/04/13 20:22:26.913, 0, 3476, 100, 0, 34, 42.10
2026/04/13 20:22:26.916, 1, 3476, 100, 0, 34, 42.55
2026/04/13 20:22:27.923, 0, 3476, 100, 0, 34, 42.00
2026/04/13 20:22:27.925, 1, 3476, 100, 0, 34, 42.56
2026/04/13 20:22:28.930, 0, 3476, 100, 0, 34, 42.00
2026/04/13 20:22:28.932, 1, 3476, 100, 0, 34, 42.55
2026/04/13 20:22:29.936, 0, 3476, 100, 0, 34, 41.90
2026/04/13 20:22:29.939, 1, 3476, 100, 0, 34, 42.55
2026/04/13 20:22:30.942, 0, 3476, 100, 0, 34, 41.91
2026/04/13 20:22:30.945, 1, 3476, 100, 0, 34, 42.56
2026/04/13 20:22:31.949, 0, 3476, 100, 0, 34, 41.90
2026/04/13 20:22:31.952, 1, 3476, 100, 0, 34, 42.55
2026/04/13 20:22:32.955, 0, 3476, 100, 0, 34, 42.00
2026/04/13 20:22:32.959, 1, 3476, 100, 0, 34, 42.55
2026/04/13 20:22:33.963, 0, 3476, 100, 0, 34, 42.01
2026/04/13 20:22:33.966, 1, 3476, 100, 0, 34, 42.65
2026/04/13 20:22:34.969, 0, 3476, 100, 0, 34, 41.90
2026/04/13 20:22:34.972, 1, 3476, 100, 0, 34, 42.55
2026/04/13 20:22:35.977, 0, 3476, 100, 0, 34, 41.91
2026/04/13 20:22:35.980, 1, 3476, 100, 0, 34, 42.55
2026/04/13 20:22:36.984, 0, 3476, 100, 0, 34, 41.91
2026/04/13 20:22:36.988, 1, 3476, 100, 0, 34, 42.55
2026/04/13 20:22:37.991, 0, 3476, 100, 0, 34, 42.01
2026/04/13 20:22:37.994, 1, 3476, 100, 0, 34, 42.66
2026/04/13 20:22:38.999, 0, 3476, 100, 0, 34, 41.90
2026/04/13 20:22:39.002, 1, 3476, 100, 0, 34, 42.55
2026/04/13 20:22:40.005, 0, 3476, 100, 0, 34, 42.01
2026/04/13 20:22:40.008, 1, 3476, 100, 0, 34, 42.56
2026/04/13 20:22:41.012, 0, 3476, 100, 0, 34, 42.00
2026/04/13 20:22:41.017, 1, 3476, 100, 0, 34, 42.65
2026/04/13 20:22:42.021, 0, 3476, 100, 0, 34, 42.00
2026/04/13 20:22:42.023, 1, 3476, 100, 0, 34, 42.66
2026/04/13 20:22:43.027, 0, 3476, 100, 0, 34, 42.00
2026/04/13 20:22:43.030, 1, 3476, 100, 0, 34, 42.56
2026/04/13 20:22:44.033, 0, 3476, 100, 0, 34, 41.91
2026/04/13 20:22:44.036, 1, 3476, 100, 0, 34, 42.65
2026/04/13 20:22:45.040, 0, 3476, 100, 0, 34, 42.00
2026/04/13 20:22:45.045, 1, 3476, 100, 0, 34, 42.65
2026/04/13 20:22:46.049, 0, 3476, 100, 0, 34, 42.01
2026/04/13 20:22:46.052, 1, 3476, 100, 0, 34, 42.55
2026/04/13 20:22:47.058, 0, 3476, 100, 0, 34, 42.01
2026/04/13 20:22:47.060, 1, 3476, 100, 0, 34, 42.55
2026/04/13 20:22:48.064, 0, 3476, 100, 0, 34, 42.00
2026/04/13 20:22:48.067, 1, 3476, 100, 0, 34, 42.56
2026/04/13 20:22:49.071, 0, 3476, 100, 0, 34, 41.91
2026/04/13 20:22:49.074, 1, 3476, 100, 0, 34, 42.55
2026/04/13 20:22:50.078, 0, 3476, 100, 0, 34, 41.90
2026/04/13 20:22:50.081, 1, 3476, 100, 0, 34, 42.56
2026/04/13 20:22:51.084, 0, 3476, 100, 0, 34, 41.90
2026/04/13 20:22:51.090, 1, 3476, 100, 0, 34, 42.56
2026/04/13 20:22:52.094, 0, 3476, 100, 0, 34, 42.00
2026/04/13 20:22:52.096, 1, 3476, 100, 0, 34, 42.65
2026/04/13 20:22:53.100, 0, 3476, 100, 0, 34, 42.00
2026/04/13 20:22:53.103, 1, 3476, 100, 0, 34, 42.55
2026/04/13 20:22:54.106, 0, 3476, 100, 0, 34, 42.00
2026/04/13 20:22:54.109, 1, 3476, 100, 0, 34, 42.55
2026/04/13 20:22:55.113, 0, 3476, 100, 0, 34, 42.00
2026/04/13 20:22:55.116, 1, 3476, 100, 0, 34, 42.66
2026/04/13 20:22:56.121, 0, 3476, 100, 0, 34, 42.01
2026/04/13 20:22:56.126, 1, 3476, 100, 0, 34, 42.55
2026/04/13 20:22:57.130, 0, 3476, 100, 0, 34, 41.91
2026/04/13 20:22:57.133, 1, 3476, 100, 0, 34, 42.56
2026/04/13 20:22:58.138, 0, 3476, 100, 0, 34, 41.91
2026/04/13 20:22:58.141, 1, 3476, 100, 0, 34, 42.66
2026/04/13 20:22:59.145, 0, 3476, 100, 0, 34, 42.01
2026/04/13 20:22:59.148, 1, 3476, 100, 0, 34, 42.56
2026/04/13 20:23:00.151, 0, 3476, 100, 0, 34, 42.00
2026/04/13 20:23:00.154, 1, 3476, 100, 0, 34, 42.55
2026/04/13 20:23:01.158, 0, 3476, 100, 0, 34, 42.00
2026/04/13 20:23:01.161, 1, 3476, 100, 0, 34, 42.65
2026/04/13 20:23:02.165, 0, 3476, 100, 0, 34, 42.01
2026/04/13 20:23:02.168, 1, 3476, 100, 0, 34, 42.55
2026/04/13 20:23:03.172, 0, 3476, 100, 0, 34, 41.99
2026/04/13 20:23:03.174, 1, 3476, 100, 0, 34, 42.55
2026/04/13 20:23:04.181, 0, 3476, 100, 0, 34, 41.99
2026/04/13 20:23:04.183, 1, 3476, 100, 0, 34, 42.65
2026/04/13 20:23:05.187, 0, 3476, 100, 0, 34, 41.89
2026/04/13 20:23:05.190, 1, 3476, 100, 0, 34, 42.55
2026/04/13 20:23:06.194, 0, 3476, 100, 0, 34, 42.10
2026/04/13 20:23:06.196, 1, 3476, 100, 0, 34, 42.55
2026/04/13 20:23:07.200, 0, 3476, 100, 0, 34, 42.00
2026/04/13 20:23:07.203, 1, 3476, 100, 0, 34, 42.55
2026/04/13 20:23:08.207, 0, 3476, 100, 0, 34, 42.01
2026/04/13 20:23:08.209, 1, 3476, 100, 0, 34, 42.65
2026/04/13 20:23:09.213, 0, 3476, 100, 0, 34, 42.00
2026/04/13 20:23:09.216, 1, 3476, 100, 0, 34, 42.65
2026/04/13 20:23:10.220, 0, 3476, 100, 0, 34, 41.89
2026/04/13 20:23:10.223, 1, 3476, 100, 0, 34, 42.65
2026/04/13 20:23:11.227, 0, 3476, 100, 0, 34, 41.99
2026/04/13 20:23:11.230, 1, 3476, 100, 0, 34, 42.65
2026/04/13 20:23:12.233, 0, 3476, 100, 0, 34, 42.00
2026/04/13 20:23:12.236, 1, 3476, 100, 0, 34, 42.65
2026/04/13 20:23:13.240, 0, 3476, 100, 0, 34, 42.00
2026/04/13 20:23:13.244, 1, 3476, 100, 0, 34, 42.65
2026/04/13 20:23:14.248, 0, 3476, 100, 0, 34, 42.00
2026/04/13 20:23:14.251, 1, 3476, 100, 0, 34, 42.55
2026/04/13 20:23:15.255, 0, 3476, 100, 0, 34, 41.89
2026/04/13 20:23:15.257, 1, 3476, 100, 0, 34, 42.55
2026/04/13 20:23:16.261, 0, 3476, 100, 0, 34, 41.90
2026/04/13 20:23:16.264, 1, 3476, 100, 0, 34, 42.55
2026/04/13 20:23:17.268, 0, 3476, 100, 0, 34, 42.10
2026/04/13 20:23:17.273, 1, 3476, 100, 0, 34, 42.56
2026/04/13 20:23:18.277, 0, 3476, 100, 0, 34, 42.00
2026/04/13 20:23:18.280, 1, 3476, 100, 0, 34, 42.65
2026/04/13 20:23:19.285, 0, 3476, 100, 0, 34, 41.99
2026/04/13 20:23:19.288, 1, 3476, 100, 0, 34, 42.55
2026/04/13 20:23:20.292, 0, 3476, 100, 0, 34, 42.00
2026/04/13 20:23:20.294, 1, 3476, 100, 0, 34, 42.56
2026/04/13 20:23:21.298, 0, 3476, 100, 0, 34, 42.01
2026/04/13 20:23:21.302, 1, 3476, 100, 0, 34, 42.65
2026/04/13 20:23:22.307, 0, 3476, 100, 0, 34, 41.99
2026/04/13 20:23:22.309, 1, 3476, 100, 0, 34, 42.55
2026/04/13 20:23:23.313, 0, 3476, 100, 0, 34, 41.98
2026/04/13 20:23:23.316, 1, 3476, 100, 0, 34, 42.55
2026/04/13 20:23:24.320, 0, 3476, 100, 0, 34, 41.99
2026/04/13 20:23:24.323, 1, 3476, 100, 0, 34, 42.55
2026/04/13 20:23:25.327, 0, 3476, 100, 0, 34, 41.99
2026/04/13 20:23:25.331, 1, 3476, 100, 0, 34, 42.55
2026/04/13 20:23:26.337, 0, 3476, 100, 0, 34, 42.09
2026/04/13 20:23:26.340, 1, 3476, 100, 0, 34, 42.55
2026/04/13 20:23:27.344, 0, 3476, 100, 0, 34, 41.99
2026/04/13 20:23:27.346, 1, 3476, 100, 0, 34, 42.55
2026/04/13 20:23:28.350, 0, 3476, 100, 0, 34, 42.00
2026/04/13 20:23:28.353, 1, 3476, 100, 0, 34, 42.55
2026/04/13 20:23:29.357, 0, 3476, 100, 0, 34, 42.00
2026/04/13 20:23:29.359, 1, 3476, 100, 0, 34, 42.65
2026/04/13 20:23:30.363, 0, 3476, 100, 0, 34, 41.89
2026/04/13 20:23:30.366, 1, 3476, 100, 0, 34, 42.55
2026/04/13 20:23:31.370, 0, 3476, 100, 0, 34, 41.89
2026/04/13 20:23:31.372, 1, 3476, 100, 0, 34, 42.65
2026/04/13 20:23:32.376, 0, 3476, 100, 0, 34, 42.01
2026/04/13 20:23:32.379, 1, 3476, 100, 0, 34, 42.55
2026/04/13 20:23:33.383, 0, 3476, 100, 0, 34, 41.90
2026/04/13 20:23:33.387, 1, 3476, 100, 0, 34, 42.65
2026/04/13 20:23:34.391, 0, 3476, 100, 0, 34, 42.00
2026/04/13 20:23:34.394, 1, 3476, 100, 0, 34, 42.56
2026/04/13 20:23:35.397, 0, 3476, 100, 0, 34, 41.91
2026/04/13 20:23:35.400, 1, 3476, 100, 0, 34, 42.55
2026/04/13 20:23:36.407, 0, 3476, 100, 0, 34, 41.90
2026/04/13 20:23:36.410, 1, 3476, 100, 0, 34, 42.55
2026/04/13 20:23:37.413, 0, 3476, 100, 0, 34, 42.00
2026/04/13 20:23:37.416, 1, 3476, 100, 0, 34, 42.55
2026/04/13 20:23:38.420, 0, 3476, 100, 0, 34, 42.00
2026/04/13 20:23:38.423, 1, 3476, 100, 0, 34, 42.55
2026/04/13 20:23:39.426, 0, 3476, 100, 0, 34, 41.89
2026/04/13 20:23:39.429, 1, 3476, 100, 0, 34, 42.65
2026/04/13 20:23:40.433, 0, 3476, 100, 0, 34, 41.99
2026/04/13 20:23:40.436, 1, 3476, 100, 0, 34, 42.55
2026/04/13 20:23:41.439, 0, 3476, 100, 0, 34, 41.91
2026/04/13 20:23:41.443, 1, 3476, 100, 0, 34, 42.65
2026/04/13 20:23:42.447, 0, 3476, 100, 0, 34, 41.89
2026/04/13 20:23:42.449, 1, 3476, 100, 0, 34, 42.55
2026/04/13 20:23:43.453, 0, 3476, 100, 0, 34, 41.91
2026/04/13 20:23:43.456, 1, 3476, 100, 0, 34, 42.65
2026/04/13 20:23:44.460, 0, 3476, 100, 0, 34, 42.01
2026/04/13 20:23:44.462, 1, 3476, 100, 0, 34, 42.65
2026/04/13 20:23:45.468, 0, 3476, 100, 0, 34, 42.00
2026/04/13 20:23:45.471, 1, 3476, 100, 0, 34, 42.65
2026/04/13 20:23:46.475, 0, 3476, 100, 0, 34, 42.00
2026/04/13 20:23:46.478, 1, 3476, 100, 0, 34, 42.55
2026/04/13 20:23:47.481, 0, 3476, 100, 0, 34, 42.01
2026/04/13 20:23:47.484, 1, 3476, 100, 0, 34, 42.55
2026/04/13 20:23:48.488, 0, 3476, 100, 0, 34, 41.91
2026/04/13 20:23:48.491, 1, 3476, 100, 0, 34, 42.56
2026/04/13 20:23:49.494, 0, 3476, 100, 0, 34, 41.90
2026/04/13 20:23:49.499, 1, 3476, 100, 0, 34, 42.56
2026/04/13 20:23:50.504, 0, 3476, 100, 0, 34, 42.10
2026/04/13 20:23:50.507, 1, 3476, 100, 0, 34, 42.55
2026/04/13 20:23:51.510, 0, 3476, 100, 0, 34, 41.90
2026/04/13 20:23:51.513, 1, 3476, 100, 0, 34, 42.56
2026/04/13 20:23:52.517, 0, 3476, 100, 0, 34, 41.91
2026/04/13 20:23:52.519, 1, 3476, 100, 0, 34, 42.66
2026/04/13 20:23:53.523, 0, 3476, 100, 0, 34, 41.91
2026/04/13 20:23:53.526, 1, 3476, 100, 0, 34, 42.56
2026/04/13 20:23:54.530, 0, 3476, 100, 0, 34, 41.90
2026/04/13 20:23:54.533, 1, 3476, 100, 0, 34, 42.56
2026/04/13 20:23:55.537, 0, 3476, 100, 0, 34, 41.91
2026/04/13 20:23:55.539, 1, 3476, 100, 0, 34, 42.56
2026/04/13 20:23:56.543, 0, 3476, 100, 0, 34, 42.00
2026/04/13 20:23:56.546, 1, 3476, 100, 0, 34, 42.55
2026/04/13 20:23:57.550, 0, 3476, 100, 0, 34, 42.00
2026/04/13 20:23:57.552, 1, 3476, 100, 0, 34, 42.55
2026/04/13 20:23:58.556, 0, 3476, 100, 0, 34, 41.90
2026/04/13 20:23:58.559, 1, 3476, 100, 0, 34, 42.55
2026/04/13 20:23:59.562, 0, 3476, 100, 0, 34, 42.01
2026/04/13 20:23:59.564, 1, 3476, 100, 0, 34, 42.65
2026/04/13 20:24:00.569, 0, 3476, 100, 0, 34, 41.91
2026/04/13 20:24:00.575, 1, 3476, 100, 0, 34, 42.56
2026/04/13 20:24:01.579, 0, 3476, 100, 0, 34, 42.09
2026/04/13 20:24:01.581, 1, 3476, 100, 0, 34, 42.45
2026/04/13 20:24:02.584, 0, 3476, 100, 0, 34, 41.90
2026/04/13 20:24:02.587, 1, 3476, 100, 0, 34, 42.56
2026/04/13 20:24:03.589, 0, 3476, 100, 0, 34, 41.99
2026/04/13 20:24:03.592, 1, 3476, 100, 0, 34, 42.55
2026/04/13 20:24:04.598, 0, 3476, 100, 0, 34, 41.89
2026/04/13 20:24:04.601, 1, 3476, 100, 0, 34, 42.55
2026/04/13 20:24:05.603, 0, 3476, 100, 0, 34, 41.99
2026/04/13 20:24:05.606, 1, 3476, 100, 0, 34, 42.55
2026/04/13 20:24:06.610, 0, 3476, 100, 0, 34, 41.91
2026/04/13 20:24:06.612, 1, 3476, 100, 0, 34, 42.55
2026/04/13 20:24:07.616, 0, 3476, 100, 0, 34, 42.00
2026/04/13 20:24:07.620, 1, 3476, 100, 0, 34, 42.56
2026/04/13 20:24:08.623, 0, 3476, 100, 0, 34, 41.90
2026/04/13 20:24:08.625, 1, 3476, 100, 0, 34, 42.55
2026/04/13 20:24:09.630, 0, 3476, 100, 0, 34, 41.90
2026/04/13 20:24:09.633, 1, 3476, 100, 0, 34, 42.55
2026/04/13 20:24:10.635, 0, 3476, 100, 0, 34, 41.90
2026/04/13 20:24:10.638, 1, 3476, 100, 0, 34, 42.55
2026/04/13 20:24:11.641, 0, 3476, 100, 0, 34, 41.89
2026/04/13 20:24:11.643, 1, 3476, 100, 0, 34, 42.55
2026/04/13 20:24:12.646, 0, 3476, 100, 0, 34, 41.91
2026/04/13 20:24:12.649, 1, 3476, 100, 0, 34, 42.55
2026/04/13 20:24:13.652, 0, 3476, 100, 0, 34, 42.10
2026/04/13 20:24:13.655, 1, 3476, 100, 0, 34, 42.56
2026/04/13 20:24:14.658, 0, 3476, 100, 0, 34, 41.90
2026/04/13 20:24:14.661, 1, 3476, 100, 0, 34, 42.55
2026/04/13 20:24:15.668, 0, 3476, 100, 0, 34, 42.01
2026/04/13 20:24:15.673, 1, 3476, 100, 0, 34, 42.65
2026/04/13 20:24:16.675, 0, 3476, 100, 0, 34, 41.89
2026/04/13 20:24:16.680, 1, 3476, 100, 0, 34, 42.55
2026/04/13 20:24:17.683, 0, 3476, 100, 0, 34, 41.99
2026/04/13 20:24:17.686, 1, 3476, 100, 0, 34, 42.55
2026/04/13 20:24:18.690, 0, 3476, 100, 0, 34, 41.90
2026/04/13 20:24:18.693, 1, 3476, 100, 0, 34, 42.65
2026/04/13 20:24:19.699, 0, 3476, 100, 0, 34, 42.01
2026/04/13 20:24:19.701, 1, 3476, 100, 0, 34, 42.55
2026/04/13 20:24:20.704, 0, 3476, 100, 0, 34, 41.90
2026/04/13 20:24:20.709, 1, 3476, 100, 0, 34, 42.55
2026/04/13 20:24:21.711, 0, 3476, 100, 0, 34, 41.90
2026/04/13 20:24:21.714, 1, 3476, 100, 0, 34, 42.66
2026/04/13 20:24:22.717, 0, 3476, 100, 0, 34, 41.91
2026/04/13 20:24:22.719, 1, 3476, 100, 0, 34, 42.55
2026/04/13 20:24:23.723, 0, 3476, 100, 0, 34, 41.89
2026/04/13 20:24:23.726, 1, 3476, 100, 0, 34, 42.56
2026/04/13 20:24:24.729, 0, 3476, 100, 0, 34, 41.90
2026/04/13 20:24:24.732, 1, 3476, 100, 0, 34, 42.65
2026/04/13 20:24:25.735, 0, 3476, 100, 0, 34, 42.01
2026/04/13 20:24:25.739, 1, 3476, 100, 0, 34, 42.55
2026/04/13 20:24:26.744, 0, 3476, 100, 0, 34, 41.90
2026/04/13 20:24:26.746, 1, 3476, 100, 0, 34, 42.56
2026/04/13 20:24:27.750, 0, 3476, 100, 0, 34, 41.89
2026/04/13 20:24:27.753, 1, 3476, 100, 0, 34, 42.65
2026/04/13 20:24:28.758, 0, 3476, 100, 0, 34, 41.90
2026/04/13 20:24:28.760, 1, 3476, 100, 0, 34, 42.66
2026/04/13 20:24:29.764, 0, 3476, 100, 0, 34, 42.00
2026/04/13 20:24:29.769, 1, 3476, 100, 0, 34, 42.65
2026/04/13 20:24:30.772, 0, 3476, 100, 0, 34, 42.00
2026/04/13 20:24:30.775, 1, 3476, 100, 0, 34, 42.56
2026/04/13 20:24:31.779, 0, 3476, 100, 0, 34, 41.90
2026/04/13 20:24:31.782, 1, 3476, 100, 0, 34, 42.66
2026/04/13 20:24:32.788, 0, 3476, 100, 0, 34, 41.91
2026/04/13 20:24:32.790, 1, 3476, 100, 0, 34, 42.56
2026/04/13 20:24:33.794, 0, 3476, 100, 0, 34, 42.01
2026/04/13 20:24:33.797, 1, 3476, 100, 0, 34, 42.65
2026/04/13 20:24:34.800, 0, 3476, 100, 0, 34, 41.90
2026/04/13 20:24:34.803, 1, 3476, 100, 0, 34, 42.56
2026/04/13 20:24:35.807, 0, 3476, 100, 0, 34, 41.90
2026/04/13 20:24:35.810, 1, 3476, 100, 0, 34, 42.65
2026/04/13 20:24:36.816, 0, 3476, 100, 0, 34, 42.00
2026/04/13 20:24:36.819, 1, 3476, 100, 0, 34, 42.55
2026/04/13 20:24:37.822, 0, 3476, 100, 0, 34, 42.00
2026/04/13 20:24:37.825, 1, 3476, 100, 0, 34, 42.56
2026/04/13 20:24:38.829, 0, 3476, 100, 0, 34, 41.90
2026/04/13 20:24:38.832, 1, 3476, 100, 0, 34, 42.65
2026/04/13 20:24:39.836, 0, 3476, 100, 0, 34, 42.00
2026/04/13 20:24:39.839, 1, 3476, 100, 0, 34, 42.55
2026/04/13 20:24:40.846, 0, 3476, 100, 0, 34, 42.10
2026/04/13 20:24:40.850, 1, 3476, 100, 0, 34, 42.65
2026/04/13 20:24:41.854, 0, 3476, 100, 0, 34, 41.89
2026/04/13 20:24:41.857, 1, 3476, 100, 0, 34, 42.65
2026/04/13 20:24:42.861, 0, 3476, 100, 0, 34, 42.01
2026/04/13 20:24:42.863, 1, 3476, 100, 0, 34, 42.65
2026/04/13 20:24:43.867, 0, 3476, 100, 0, 34, 42.00
2026/04/13 20:24:43.870, 1, 3476, 100, 0, 34, 42.55
2026/04/13 20:24:44.874, 0, 3476, 100, 0, 34, 41.99
2026/04/13 20:24:44.879, 1, 3476, 100, 0, 34, 42.55
2026/04/13 20:24:45.883, 0, 3476, 100, 0, 34, 42.00
2026/04/13 20:24:45.885, 1, 3476, 100, 0, 34, 42.66
2026/04/13 20:24:46.889, 0, 3476, 100, 0, 34, 42.00
2026/04/13 20:24:46.892, 1, 3476, 100, 0, 34, 42.65
2026/04/13 20:24:47.897, 0, 3476, 100, 0, 34, 42.01
2026/04/13 20:24:47.899, 1, 3476, 100, 0, 34, 42.55
2026/04/13 20:24:48.903, 0, 3476, 100, 0, 34, 42.00
2026/04/13 20:24:48.907, 1, 3476, 100, 0, 34, 42.55
2026/04/13 20:24:49.911, 0, 3476, 100, 0, 34, 41.99
2026/04/13 20:24:49.914, 1, 3476, 100, 0, 34, 42.65
2026/04/13 20:24:50.922, 0, 3476, 100, 0, 34, 42.00
2026/04/13 20:24:50.925, 1, 3476, 100, 0, 34, 42.65
2026/04/13 20:24:51.928, 0, 3476, 100, 0, 34, 42.01
2026/04/13 20:24:51.931, 1, 3476, 100, 0, 34, 42.56
2026/04/13 20:24:52.935, 0, 3476, 100, 0, 34, 42.00
2026/04/13 20:24:52.939, 1, 3476, 100, 0, 34, 42.55
2026/04/13 20:24:53.943, 0, 3476, 100, 0, 34, 42.01
2026/04/13 20:24:53.946, 1, 3476, 100, 0, 34, 42.56
2026/04/13 20:24:54.952, 0, 3476, 100, 0, 34, 42.00
2026/04/13 20:24:54.954, 1, 3476, 100, 0, 34, 42.55
2026/04/13 20:24:55.958, 0, 3476, 100, 0, 34, 42.01
2026/04/13 20:24:55.961, 1, 3476, 100, 0, 34, 42.66
2026/04/13 20:24:56.968, 0, 3476, 100, 0, 34, 41.90
2026/04/13 20:24:56.970, 1, 3476, 100, 0, 34, 42.55
2026/04/13 20:24:57.974, 0, 3476, 100, 0, 34, 42.00
2026/04/13 20:24:57.977, 1, 3476, 100, 0, 34, 42.56
2026/04/13 20:24:58.981, 0, 3476, 100, 0, 34, 41.90
2026/04/13 20:24:58.984, 1, 3476, 100, 0, 34, 42.56
2026/04/13 20:24:59.987, 0, 3476, 100, 0, 34, 42.00
2026/04/13 20:24:59.993, 1, 3476, 100, 0, 34, 42.55
2026/04/13 20:25:00.999, 0, 3476, 100, 0, 34, 42.01
2026/04/13 20:25:01.002, 1, 3476, 100, 0, 34, 42.56
2026/04/13 20:25:02.006, 0, 3476, 100, 0, 34, 42.01
2026/04/13 20:25:02.008, 1, 3476, 100, 0, 34, 42.55
2026/04/13 20:25:03.012, 0, 3476, 100, 0, 34, 42.00
2026/04/13 20:25:03.016, 1, 3476, 100, 0, 34, 42.65
2026/04/13 20:25:04.020, 0, 3476, 100, 0, 34, 42.00
2026/04/13 20:25:04.023, 1, 3476, 100, 0, 34, 42.65
2026/04/13 20:25:05.030, 0, 3476, 100, 0, 34, 41.90
2026/04/13 20:25:05.032, 1, 3476, 100, 0, 34, 42.65
2026/04/13 20:25:06.036, 0, 3476, 100, 0, 34, 41.90
2026/04/13 20:25:06.039, 1, 3476, 100, 0, 34, 42.55
2026/04/13 20:25:07.043, 0, 3476, 100, 0, 34, 41.90
2026/04/13 20:25:07.046, 1, 3476, 100, 0, 34, 42.55
2026/04/13 20:25:08.049, 0, 3476, 100, 0, 34, 42.00
2026/04/13 20:25:08.052, 1, 3476, 100, 0, 34, 42.55
2026/04/13 20:25:09.056, 0, 3476, 100, 0, 34, 42.00
2026/04/13 20:25:09.060, 1, 3476, 100, 0, 34, 42.56
2026/04/13 20:25:10.063, 0, 3476, 100, 0, 34, 41.99
2026/04/13 20:25:10.067, 1, 3476, 100, 0, 34, 42.55
2026/04/13 20:25:11.071, 0, 3476, 100, 0, 34, 41.90
2026/04/13 20:25:11.075, 1, 3476, 100, 0, 34, 42.55
2026/04/13 20:25:12.080, 0, 3476, 100, 0, 34, 41.90
2026/04/13 20:25:12.083, 1, 3476, 100, 0, 34, 42.56
2026/04/13 20:25:13.086, 0, 3476, 100, 0, 34, 42.00
2026/04/13 20:25:13.089, 1, 3476, 100, 0, 34, 42.65
2026/04/13 20:25:14.094, 0, 3476, 100, 0, 34, 41.90
2026/04/13 20:25:14.096, 1, 3476, 100, 0, 34, 42.55
2026/04/13 20:25:15.101, 0, 3476, 100, 0, 34, 41.99
2026/04/13 20:25:15.106, 1, 3476, 100, 0, 34, 42.55
2026/04/13 20:25:16.110, 0, 3476, 100, 0, 34, 42.00
2026/04/13 20:25:16.112, 1, 3476, 100, 0, 34, 42.55
2026/04/13 20:25:17.116, 0, 3476, 100, 0, 34, 42.00
2026/04/13 20:25:17.119, 1, 3476, 100, 0, 34, 42.45
2026/04/13 20:25:18.123, 0, 3476, 100, 0, 34, 41.99
2026/04/13 20:25:18.126, 1, 3476, 100, 0, 34, 42.66
2026/04/13 20:25:19.130, 0, 3476, 100, 0, 34, 42.00
2026/04/13 20:25:19.134, 1, 3476, 100, 0, 34, 42.55
2026/04/13 20:25:20.137, 0, 3476, 100, 0, 34, 42.01
2026/04/13 20:25:20.140, 1, 3476, 100, 0, 34, 42.65
2026/04/13 20:25:21.144, 0, 3476, 100, 0, 34, 42.00
2026/04/13 20:25:21.146, 1, 3476, 100, 0, 34, 42.66
2026/04/13 20:25:22.153, 0, 3476, 100, 0, 34, 41.90
2026/04/13 20:25:22.156, 1, 3476, 100, 0, 34, 42.55
2026/04/13 20:25:23.158, 0, 3476, 100, 0, 34, 41.99
2026/04/13 20:25:23.162, 1, 3476, 100, 0, 34, 42.55
2026/04/13 20:25:24.166, 0, 3476, 100, 0, 34, 41.89
2026/04/13 20:25:24.168, 1, 3476, 100, 0, 34, 42.65
2026/04/13 20:25:25.172, 0, 3476, 100, 0, 34, 41.91
2026/04/13 20:25:25.175, 1, 3476, 100, 0, 34, 42.66
2026/04/13 20:25:26.178, 0, 3476, 100, 0, 34, 42.01
2026/04/13 20:25:26.180, 1, 3476, 100, 0, 34, 42.55
2026/04/13 20:25:27.185, 0, 3476, 100, 0, 34, 42.00
2026/04/13 20:25:27.190, 1, 3476, 100, 0, 34, 42.56
2026/04/13 20:25:28.194, 0, 3476, 100, 0, 34, 42.00
2026/04/13 20:25:28.196, 1, 3476, 100, 0, 34, 42.55
2026/04/13 20:25:29.200, 0, 3476, 100, 0, 34, 41.99
2026/04/13 20:25:29.203, 1, 3476, 100, 0, 34, 42.55
2026/04/13 20:25:30.206, 0, 3476, 100, 0, 34, 41.90
2026/04/13 20:25:30.209, 1, 3476, 100, 0, 34, 42.55
2026/04/13 20:25:31.215, 0, 3476, 100, 0, 34, 42.00
2026/04/13 20:25:31.218, 1, 3476, 100, 0, 34, 42.65
2026/04/13 20:25:32.224, 0, 3476, 100, 0, 34, 41.90
2026/04/13 20:25:32.227, 1, 3476, 100, 0, 34, 42.56
2026/04/13 20:25:33.230, 0, 3476, 100, 0, 34, 42.01
2026/04/13 20:25:33.233, 1, 3476, 100, 0, 34, 42.55
2026/04/13 20:25:34.237, 0, 3476, 100, 0, 34, 41.99
2026/04/13 20:25:34.240, 1, 3476, 100, 0, 34, 42.55
2026/04/13 20:25:35.245, 0, 3476, 100, 0, 34, 41.91
2026/04/13 20:25:35.248, 1, 3476, 100, 0, 34, 42.56
2026/04/13 20:25:36.251, 0, 3476, 100, 0, 34, 42.00
2026/04/13 20:25:36.254, 1, 3476, 100, 0, 34, 42.55
2026/04/13 20:25:37.258, 0, 3476, 100, 0, 34, 41.90
2026/04/13 20:25:37.261, 1, 3476, 100, 0, 34, 42.65
2026/04/13 20:25:38.264, 0, 3476, 100, 0, 34, 41.91
2026/04/13 20:25:38.267, 1, 3476, 100, 0, 34, 42.66
2026/04/13 20:25:39.271, 0, 3476, 100, 0, 34, 42.01
2026/04/13 20:25:39.274, 1, 3476, 100, 0, 34, 42.55
2026/04/13 20:25:40.278, 0, 3476, 100, 0, 34, 42.01
2026/04/13 20:25:40.281, 1, 3476, 100, 0, 34, 42.55
2026/04/13 20:25:41.285, 0, 3476, 100, 0, 34, 42.01
2026/04/13 20:25:41.287, 1, 3476, 100, 0, 34, 42.55
2026/04/13 20:25:42.291, 0, 3476, 100, 0, 34, 41.90
2026/04/13 20:25:42.294, 1, 3476, 100, 0, 34, 42.56
2026/04/13 20:25:43.298, 0, 3476, 100, 0, 34, 42.00
2026/04/13 20:25:43.300, 1, 3476, 100, 0, 34, 42.66
2026/04/13 20:25:44.304, 0, 3476, 100, 0, 34, 42.00
2026/04/13 20:25:44.308, 1, 3476, 100, 0, 34, 42.66
2026/04/13 20:25:45.313, 0, 3476, 100, 0, 34, 42.00
2026/04/13 20:25:45.315, 1, 3476, 100, 0, 34, 42.66
2026/04/13 20:25:46.319, 0, 3476, 100, 0, 34, 41.99
2026/04/13 20:25:46.322, 1, 3476, 100, 0, 34, 42.66
2026/04/13 20:25:47.326, 0, 3476, 100, 0, 34, 41.99
2026/04/13 20:25:47.328, 1, 3476, 100, 0, 34, 42.55
2026/04/13 20:25:48.332, 0, 3476, 100, 0, 34, 42.01
2026/04/13 20:25:48.336, 1, 3476, 100, 0, 34, 42.55
2026/04/13 20:25:49.342, 0, 3476, 100, 0, 34, 41.91
2026/04/13 20:25:49.345, 1, 3476, 100, 0, 34, 42.56
2026/04/13 20:25:50.348, 0, 3476, 100, 0, 34, 42.00
2026/04/13 20:25:50.351, 1, 3476, 100, 0, 34, 42.65
2026/04/13 20:25:51.355, 0, 3476, 100, 0, 34, 42.00
2026/04/13 20:25:51.358, 1, 3476, 100, 0, 34, 42.55
2026/04/13 20:25:52.361, 0, 3476, 100, 0, 34, 41.99
2026/04/13 20:25:52.364, 1, 3476, 100, 0, 34, 42.56
2026/04/13 20:25:53.368, 0, 3476, 100, 0, 34, 42.00
2026/04/13 20:25:53.370, 1, 3476, 100, 0, 34, 42.46
2026/04/13 20:25:54.374, 0, 3476, 100, 0, 34, 42.00
2026/04/13 20:25:54.377, 1, 3476, 100, 0, 34, 42.55
2026/04/13 20:25:55.381, 0, 3476, 100, 0, 34, 42.01
2026/04/13 20:25:55.384, 1, 3476, 100, 0, 34, 42.55
2026/04/13 20:25:56.387, 0, 3476, 100, 0, 34, 42.00
2026/04/13 20:25:56.391, 1, 3476, 100, 0, 34, 42.55
2026/04/13 20:25:57.395, 0, 3476, 100, 0, 34, 42.00
2026/04/13 20:25:57.397, 1, 3476, 100, 0, 34, 42.55
2026/04/13 20:25:58.401, 0, 3476, 100, 0, 34, 42.00
2026/04/13 20:25:58.404, 1, 3476, 100, 0, 34, 42.55
2026/04/13 20:25:59.408, 0, 3476, 100, 0, 34, 42.00
2026/04/13 20:25:59.410, 1, 3476, 100, 0, 34, 42.55
2026/04/13 20:26:00.414, 0, 3476, 100, 0, 34, 42.01
2026/04/13 20:26:00.419, 1, 3476, 100, 0, 34, 42.56
2026/04/13 20:26:01.428, 0, 3476, 100, 0, 34, 42.01
2026/04/13 20:26:01.431, 1, 3476, 100, 0, 34, 42.56
2026/04/13 20:26:02.435, 0, 3476, 100, 0, 34, 41.89
2026/04/13 20:26:02.437, 1, 3476, 100, 0, 34, 42.55
2026/04/13 20:26:03.441, 0, 3476, 100, 0, 34, 42.00
2026/04/13 20:26:03.445, 1, 3476, 100, 0, 34, 42.55
2026/04/13 20:26:04.449, 0, 3476, 100, 0, 34, 42.01
2026/04/13 20:26:04.452, 1, 3476, 100, 0, 34, 42.55
2026/04/13 20:26:05.456, 0, 3476, 100, 0, 34, 42.00
2026/04/13 20:26:05.459, 1, 3476, 100, 0, 34, 42.55
2026/04/13 20:26:06.462, 0, 3476, 100, 0, 34, 42.00
2026/04/13 20:26:06.465, 1, 3476, 100, 0, 34, 42.55
2026/04/13 20:26:07.472, 0, 3476, 100, 0, 34, 41.99
2026/04/13 20:26:07.478, 1, 3476, 100, 0, 34, 42.55
2026/04/13 20:26:08.482, 0, 3476, 100, 0, 34, 42.00
2026/04/13 20:26:08.486, 1, 3476, 100, 0, 34, 42.55
2026/04/13 20:26:09.490, 0, 3476, 100, 0, 34, 41.99
2026/04/13 20:26:09.493, 1, 3476, 100, 0, 34, 42.56
2026/04/13 20:26:10.499, 0, 3476, 100, 0, 34, 41.90
2026/04/13 20:26:10.502, 1, 3476, 100, 0, 34, 42.55
2026/04/13 20:26:11.505, 0, 3476, 100, 0, 34, 41.89
2026/04/13 20:26:11.508, 1, 3476, 100, 0, 34, 42.65
2026/04/13 20:26:12.512, 0, 3476, 100, 0, 34, 42.00
2026/04/13 20:26:12.515, 1, 3476, 100, 0, 34, 42.46
2026/04/13 20:26:13.518, 0, 3476, 100, 0, 34, 42.01
2026/04/13 20:26:13.521, 1, 3476, 100, 0, 34, 42.55
2026/04/13 20:26:14.525, 0, 3476, 100, 0, 34, 41.90
2026/04/13 20:26:14.527, 1, 3476, 100, 0, 34, 42.65
2026/04/13 20:26:15.532, 0, 3476, 100, 0, 34, 42.00
2026/04/13 20:26:15.534, 1, 3476, 100, 0, 34, 42.65
2026/04/13 20:26:16.538, 0, 3476, 100, 0, 34, 41.99
2026/04/13 20:26:16.541, 1, 3476, 100, 0, 34, 42.65
2026/04/13 20:26:17.545, 0, 3476, 100, 0, 34, 41.90
2026/04/13 20:26:17.549, 1, 3476, 100, 0, 34, 42.65
2026/04/13 20:26:18.553, 0, 3476, 100, 0, 34, 41.90
2026/04/13 20:26:18.555, 1, 3476, 100, 0, 34, 42.66
2026/04/13 20:26:19.561, 0, 3476, 100, 0, 34, 41.90
2026/04/13 20:26:19.564, 1, 3476, 100, 0, 34, 42.55
2026/04/13 20:26:20.568, 0, 3476, 100, 0, 34, 41.99
2026/04/13 20:26:20.571, 1, 3476, 100, 0, 34, 42.65
2026/04/13 20:26:21.574, 0, 3476, 100, 0, 34, 42.00
2026/04/13 20:26:21.577, 1, 3476, 100, 0, 34, 42.55
2026/04/13 20:26:22.581, 0, 3476, 100, 0, 34, 41.99
2026/04/13 20:26:22.585, 1, 3476, 100, 0, 34, 42.65
2026/04/13 20:26:23.591, 0, 3476, 100, 0, 34, 41.90
2026/04/13 20:26:23.594, 1, 3476, 100, 0, 34, 42.55
2026/04/13 20:26:24.598, 0, 3476, 100, 0, 34, 41.89
2026/04/13 20:26:24.601, 1, 3476, 100, 0, 34, 42.55
2026/04/13 20:26:25.604, 0, 3476, 100, 0, 34, 42.00
2026/04/13 20:26:25.607, 1, 3476, 100, 0, 34, 42.55
2026/04/13 20:26:26.611, 0, 3476, 100, 0, 34, 41.91
2026/04/13 20:26:26.614, 1, 3476, 100, 0, 34, 42.55
2026/04/13 20:26:27.618, 0, 3476, 100, 0, 34, 41.99
2026/04/13 20:26:27.620, 1, 3476, 100, 0, 34, 42.55
2026/04/13 20:26:28.626, 0, 3476, 100, 0, 34, 41.99
2026/04/13 20:26:28.629, 1, 3476, 100, 0, 34, 42.55
2026/04/13 20:26:29.633, 0, 3476, 100, 0, 34, 42.00
2026/04/13 20:26:29.636, 1, 3476, 100, 0, 34, 42.66
2026/04/13 20:26:30.639, 0, 3476, 100, 0, 34, 42.00
2026/04/13 20:26:30.642, 1, 3476, 100, 0, 34, 42.56
2026/04/13 20:26:31.646, 0, 3476, 100, 0, 34, 41.90
2026/04/13 20:26:31.648, 1, 3476, 100, 0, 34, 42.55
2026/04/13 20:26:32.652, 0, 3476, 100, 0, 34, 41.91
2026/04/13 20:26:32.655, 1, 3476, 100, 0, 34, 42.55
2026/04/13 20:26:33.660, 0, 3476, 100, 0, 34, 42.00
2026/04/13 20:26:33.663, 1, 3476, 100, 0, 34, 42.55
2026/04/13 20:26:34.666, 0, 3476, 100, 0, 34, 41.91
2026/04/13 20:26:34.670, 1, 3476, 100, 0, 34, 42.65
2026/04/13 20:26:35.674, 0, 3476, 100, 0, 34, 42.01
2026/04/13 20:26:35.676, 1, 3476, 100, 0, 34, 42.55
2026/04/13 20:26:36.680, 0, 3476, 100, 0, 34, 41.90
2026/04/13 20:26:36.683, 1, 3476, 100, 0, 34, 42.55
2026/04/13 20:26:37.686, 0, 3476, 100, 0, 34, 42.00
2026/04/13 20:26:37.689, 1, 3476, 100, 0, 34, 42.55
2026/04/13 20:26:38.692, 0, 3476, 100, 0, 34, 42.00
2026/04/13 20:26:38.694, 1, 3476, 100, 0, 34, 42.55
2026/04/13 20:26:39.698, 0, 3476, 100, 0, 34, 42.00
2026/04/13 20:26:39.701, 1, 3476, 100, 0, 34, 42.55
2026/04/13 20:26:40.704, 0, 3476, 100, 0, 34, 41.99
2026/04/13 20:26:40.706, 1, 3476, 100, 0, 34, 42.55
2026/04/13 20:26:41.710, 0, 3476, 100, 0, 34, 41.99
2026/04/13 20:26:41.713, 1, 3476, 100, 0, 34, 42.55
2026/04/13 20:26:42.715, 0, 3476, 100, 0, 34, 42.01
2026/04/13 20:26:42.718, 1, 3476, 100, 0, 34, 42.65
2026/04/13 20:26:43.722, 0, 3476, 100, 0, 34, 42.00
2026/04/13 20:26:43.725, 1, 3476, 100, 0, 34, 42.55
2026/04/13 20:26:44.727, 0, 3476, 100, 0, 34, 41.99
2026/04/13 20:26:44.730, 1, 3476, 100, 0, 34, 42.66
2026/04/13 20:26:45.733, 0, 3476, 100, 0, 34, 41.99
2026/04/13 20:26:45.736, 1, 3476, 100, 0, 34, 42.66
2026/04/13 20:26:46.738, 0, 3476, 100, 0, 34, 41.99
2026/04/13 20:26:46.742, 1, 3476, 100, 0, 34, 42.55
2026/04/13 20:26:47.745, 0, 3476, 100, 0, 34, 41.99
2026/04/13 20:26:47.749, 1, 3476, 100, 0, 34, 42.55
2026/04/13 20:26:48.751, 0, 3476, 100, 0, 34, 41.91
2026/04/13 20:26:48.754, 1, 3476, 100, 0, 34, 42.55
2026/04/13 20:26:49.760, 0, 3476, 100, 0, 34, 41.90
2026/04/13 20:26:49.762, 1, 3476, 100, 0, 34, 42.55
2026/04/13 20:26:50.766, 0, 3476, 100, 0, 34, 41.91
2026/04/13 20:26:50.769, 1, 3476, 100, 0, 34, 42.65
2026/04/13 20:26:51.772, 0, 3476, 100, 0, 34, 41.91
2026/04/13 20:26:51.775, 1, 3476, 100, 0, 34, 42.55
2026/04/13 20:26:52.778, 0, 3476, 100, 0, 34, 41.99
2026/04/13 20:26:52.780, 1, 3476, 100, 0, 34, 42.56
2026/04/13 20:26:53.783, 0, 3476, 100, 0, 34, 42.01
2026/04/13 20:26:53.788, 1, 3476, 100, 0, 34, 42.55
2026/04/13 20:26:54.793, 0, 3476, 100, 0, 34, 41.91
2026/04/13 20:26:54.795, 1, 3476, 100, 0, 34, 42.55
2026/04/13 20:26:55.799, 0, 3476, 100, 0, 34, 41.90
2026/04/13 20:26:55.802, 1, 3476, 100, 0, 34, 42.65
2026/04/13 20:26:56.804, 0, 3476, 100, 0, 34, 41.91
2026/04/13 20:26:56.807, 1, 3476, 100, 0, 34, 42.66
2026/04/13 20:26:57.811, 0, 3476, 100, 0, 34, 42.00
2026/04/13 20:26:57.815, 1, 3476, 100, 0, 34, 42.45
2026/04/13 20:26:58.818, 0, 3476, 100, 0, 34, 42.00
2026/04/13 20:26:58.823, 1, 3476, 100, 0, 34, 42.65
2026/04/13 20:26:59.827, 0, 3476, 100, 0, 34, 41.90
2026/04/13 20:26:59.830, 1, 3476, 100, 0, 34, 42.65
2026/04/13 20:27:00.834, 0, 3476, 100, 0, 34, 41.91
2026/04/13 20:27:00.836, 1, 3476, 100, 0, 34, 42.55
2026/04/13 20:27:01.839, 0, 3476, 100, 0, 34, 41.99
2026/04/13 20:27:01.844, 1, 3476, 100, 0, 34, 42.55
2026/04/13 20:27:02.848, 0, 3476, 100, 0, 34, 42.00
2026/04/13 20:27:02.850, 1, 3476, 100, 0, 34, 42.65
2026/04/13 20:27:03.854, 0, 3476, 100, 0, 34, 42.01
2026/04/13 20:27:03.857, 1, 3476, 100, 0, 34, 42.45
2026/04/13 20:27:04.860, 0, 3476, 100, 0, 34, 41.90
2026/04/13 20:27:04.862, 1, 3476, 100, 0, 34, 42.55
2026/04/13 20:27:05.865, 0, 3476, 100, 0, 34, 42.01
2026/04/13 20:27:05.868, 1, 3476, 100, 0, 34, 42.65
2026/04/13 20:27:06.870, 0, 3476, 100, 0, 34, 41.99
2026/04/13 20:27:06.875, 1, 3476, 100, 0, 34, 42.55
2026/04/13 20:27:07.879, 0, 3476, 100, 0, 34, 41.99
2026/04/13 20:27:07.881, 1, 3476, 100, 0, 34, 42.55
2026/04/13 20:27:08.884, 0, 3476, 100, 0, 34, 41.89
2026/04/13 20:27:08.887, 1, 3476, 100, 0, 34, 42.55
2026/04/13 20:27:09.892, 0, 3476, 100, 0, 34, 41.90
2026/04/13 20:27:09.895, 1, 3476, 100, 0, 34, 42.55
2026/04/13 20:27:10.898, 0, 3476, 100, 0, 34, 42.00
2026/04/13 20:27:10.903, 1, 3476, 100, 0, 34, 42.45
2026/04/13 20:27:11.909, 0, 3476, 100, 0, 34, 42.00
2026/04/13 20:27:11.912, 1, 3476, 100, 0, 34, 42.66
2026/04/13 20:27:12.914, 0, 3476, 100, 0, 34, 42.00
2026/04/13 20:27:12.917, 1, 3476, 100, 0, 34, 42.56
2026/04/13 20:27:13.921, 0, 3476, 100, 0, 34, 41.91
2026/04/13 20:27:13.924, 1, 3476, 100, 0, 34, 42.55
2026/04/13 20:27:14.927, 0, 3476, 100, 0, 34, 41.99
2026/04/13 20:27:14.930, 1, 3476, 100, 0, 34, 42.65
2026/04/13 20:27:15.934, 0, 3476, 100, 0, 34, 41.90
2026/04/13 20:27:15.936, 1, 3476, 100, 0, 34, 42.65
2026/04/13 20:27:16.943, 0, 3476, 100, 0, 34, 42.01
2026/04/13 20:27:16.946, 1, 3476, 100, 0, 34, 42.65
2026/04/13 20:27:17.949, 0, 3476, 100, 0, 34, 41.89
2026/04/13 20:27:17.952, 1, 3476, 100, 0, 34, 42.56
2026/04/13 20:27:18.956, 0, 3476, 100, 0, 34, 41.91
2026/04/13 20:27:18.959, 1, 3476, 100, 0, 34, 42.65
2026/04/13 20:27:19.962, 0, 3476, 100, 0, 34, 42.00
2026/04/13 20:27:19.968, 1, 3476, 100, 0, 34, 42.65
2026/04/13 20:27:20.973, 0, 3476, 100, 0, 34, 41.91
2026/04/13 20:27:20.976, 1, 3476, 100, 0, 34, 42.65
2026/04/13 20:27:21.979, 0, 3476, 100, 0, 34, 41.90
2026/04/13 20:27:21.986, 1, 3476, 100, 0, 34, 42.56
2026/04/13 20:27:22.991, 0, 3476, 100, 0, 34, 42.00
2026/04/13 20:27:22.993, 1, 3476, 100, 0, 34, 42.66
2026/04/13 20:27:23.998, 0, 3476, 100, 0, 34, 41.89
2026/04/13 20:27:24.001, 1, 3476, 100, 0, 34, 42.66
2026/04/13 20:27:25.005, 0, 3476, 100, 0, 34, 41.90
2026/04/13 20:27:25.010, 1, 3476, 100, 0, 34, 42.55
2026/04/13 20:27:26.014, 0, 3476, 100, 0, 34, 42.00
2026/04/13 20:27:26.016, 1, 3476, 100, 0, 34, 42.55
2026/04/13 20:27:27.021, 0, 3476, 100, 0, 34, 41.90
2026/04/13 20:27:27.023, 1, 3476, 100, 0, 34, 42.66
2026/04/13 20:27:28.027, 0, 3476, 100, 0, 34, 42.00
2026/04/13 20:27:28.031, 1, 3476, 100, 0, 34, 42.55
2026/04/13 20:27:29.034, 0, 3476, 100, 0, 34, 42.00
2026/04/13 20:27:29.038, 1, 3476, 100, 0, 34, 42.55
2026/04/13 20:27:30.042, 0, 3476, 100, 0, 34, 41.90
2026/04/13 20:27:30.045, 1, 3476, 100, 0, 34, 42.55
2026/04/13 20:27:31.048, 0, 3476, 100, 0, 34, 42.01
2026/04/13 20:27:31.051, 1, 3476, 100, 0, 34, 42.55
2026/04/13 20:27:32.055, 0, 3476, 100, 0, 34, 42.00
2026/04/13 20:27:32.058, 1, 3476, 100, 0, 34, 42.65
2026/04/13 20:27:33.063, 0, 3476, 100, 0, 34, 41.99
2026/04/13 20:27:33.066, 1, 3476, 100, 0, 34, 42.55
2026/04/13 20:27:34.070, 0, 3476, 100, 0, 34, 41.90
2026/04/13 20:27:34.073, 1, 3476, 100, 0, 34, 42.55
2026/04/13 20:27:35.076, 0, 3476, 100, 0, 34, 41.99
2026/04/13 20:27:35.079, 1, 3476, 100, 0, 34, 42.45
2026/04/13 20:27:36.083, 0, 3476, 100, 0, 34, 41.89
2026/04/13 20:27:36.086, 1, 3476, 100, 0, 34, 42.55
2026/04/13 20:27:37.093, 0, 3476, 100, 0, 34, 42.00
2026/04/13 20:27:37.095, 1, 3476, 100, 0, 34, 42.65
2026/04/13 20:27:38.099, 0, 3476, 100, 0, 34, 42.01
2026/04/13 20:27:38.102, 1, 3476, 100, 0, 34, 42.65
2026/04/13 20:27:39.105, 0, 3476, 100, 0, 34, 42.01
2026/04/13 20:27:39.108, 1, 3476, 100, 0, 34, 42.55
2026/04/13 20:27:40.112, 0, 3476, 100, 0, 34, 42.00
2026/04/13 20:27:40.114, 1, 3476, 100, 0, 34, 42.56
2026/04/13 20:27:41.118, 0, 3476, 100, 0, 34, 42.00
2026/04/13 20:27:41.122, 1, 3476, 100, 0, 34, 42.65
2026/04/13 20:27:42.126, 0, 3476, 100, 0, 34, 42.00
2026/04/13 20:27:42.129, 1, 3476, 100, 0, 34, 42.55
2026/04/13 20:27:43.133, 0, 3476, 100, 0, 34, 41.91
2026/04/13 20:27:43.135, 1, 3476, 100, 0, 34, 42.65
2026/04/13 20:27:44.139, 0, 3476, 100, 0, 34, 41.89
2026/04/13 20:27:44.142, 1, 3476, 100, 0, 34, 42.45
2026/04/13 20:27:45.146, 0, 3476, 100, 0, 34, 41.99
2026/04/13 20:27:45.150, 1, 3476, 100, 0, 34, 42.55
2026/04/13 20:27:46.155, 0, 3476, 100, 0, 34, 41.90
2026/04/13 20:27:46.158, 1, 3476, 100, 0, 34, 42.56
2026/04/13 20:27:47.163, 0, 3476, 100, 0, 34, 42.01
2026/04/13 20:27:47.166, 1, 3476, 100, 0, 34, 42.55
2026/04/13 20:27:48.169, 0, 3476, 100, 0, 34, 41.99
2026/04/13 20:27:48.172, 1, 3476, 100, 0, 34, 42.65
2026/04/13 20:27:49.176, 0, 3476, 100, 0, 34, 42.00
2026/04/13 20:27:49.180, 1, 3476, 100, 0, 34, 42.55
2026/04/13 20:27:50.186, 0, 3476, 100, 0, 34, 41.99
2026/04/13 20:27:50.189, 1, 3476, 100, 0, 34, 42.55
2026/04/13 20:27:51.193, 0, 3476, 100, 0, 34, 41.89
2026/04/13 20:27:51.196, 1, 3476, 100, 0, 34, 42.55
2026/04/13 20:27:52.199, 0, 3476, 100, 0, 34, 42.01
2026/04/13 20:27:52.203, 1, 3476, 100, 0, 34, 42.65
2026/04/13 20:27:53.206, 0, 3476, 100, 0, 34, 42.00
2026/04/13 20:27:53.210, 1, 3476, 100, 0, 34, 42.55
2026/04/13 20:27:54.217, 0, 3476, 100, 0, 34, 41.89
2026/04/13 20:27:54.220, 1, 3476, 100, 0, 34, 42.55
2026/04/13 20:27:55.224, 0, 3476, 100, 0, 34, 42.00
2026/04/13 20:27:55.226, 1, 3476, 100, 0, 34, 42.56
2026/04/13 20:27:56.230, 0, 3476, 100, 0, 34, 41.89
2026/04/13 20:27:56.235, 1, 3476, 100, 0, 34, 42.55
2026/04/13 20:27:57.238, 0, 3476, 100, 0, 34, 41.90
2026/04/13 20:27:57.241, 1, 3476, 100, 0, 34, 42.55
2026/04/13 20:27:58.245, 0, 3476, 100, 0, 34, 41.90
2026/04/13 20:27:58.248, 1, 3476, 100, 0, 34, 42.55
2026/04/13 20:27:59.251, 0, 3476, 100, 0, 34, 42.00
2026/04/13 20:27:59.254, 1, 3476, 100, 0, 34, 42.65
2026/04/13 20:28:00.258, 0, 3476, 100, 0, 34, 42.00
2026/04/13 20:28:00.263, 1, 3476, 100, 0, 34, 42.55
2026/04/13 20:28:01.267, 0, 3476, 100, 0, 34, 41.90
2026/04/13 20:28:01.269, 1, 3476, 100, 0, 34, 42.56
2026/04/13 20:28:02.274, 0, 3476, 100, 0, 34, 41.90
2026/04/13 20:28:02.276, 1, 3476, 100, 0, 34, 42.55
2026/04/13 20:28:03.282, 0, 3476, 100, 0, 34, 42.00
2026/04/13 20:28:03.285, 1, 3476, 100, 0, 34, 42.55
2026/04/13 20:28:04.288, 0, 3476, 100, 0, 34, 41.91
2026/04/13 20:28:04.291, 1, 3476, 100, 0, 34, 42.56
2026/04/13 20:28:05.295, 0, 3476, 100, 0, 34, 42.01
2026/04/13 20:28:05.299, 1, 3476, 100, 0, 34, 42.56
2026/04/13 20:28:06.303, 0, 3476, 100, 0, 34, 41.91
2026/04/13 20:28:06.306, 1, 3476, 100, 0, 34, 42.55
2026/04/13 20:28:07.310, 0, 3476, 100, 0, 34, 41.90
2026/04/13 20:28:07.313, 1, 3476, 100, 0, 34, 42.55
2026/04/13 20:28:08.317, 0, 3476, 100, 0, 34, 42.00
2026/04/13 20:28:08.320, 1, 3476, 100, 0, 34, 42.56
2026/04/13 20:28:09.324, 0, 3476, 100, 0, 34, 41.90
2026/04/13 20:28:09.326, 1, 3476, 100, 0, 34, 42.55
2026/04/13 20:28:10.331, 0, 3476, 100, 0, 34, 41.91
2026/04/13 20:28:10.333, 1, 3476, 100, 0, 34, 42.55
2026/04/13 20:28:11.337, 0, 3476, 100, 0, 34, 42.09
2026/04/13 20:28:11.340, 1, 3476, 100, 0, 34, 42.55
2026/04/13 20:28:12.344, 0, 3476, 100, 0, 34, 41.91
2026/04/13 20:28:12.347, 1, 3476, 100, 0, 34, 42.55
2026/04/13 20:28:13.351, 0, 3476, 100, 0, 34, 41.89
2026/04/13 20:28:13.354, 1, 3476, 100, 0, 34, 42.65
2026/04/13 20:28:14.358, 0, 3476, 100, 0, 34, 42.00
2026/04/13 20:28:14.361, 1, 3476, 100, 0, 34, 42.56
2026/04/13 20:28:15.364, 0, 3476, 100, 0, 34, 41.89
2026/04/13 20:28:15.367, 1, 3476, 100, 0, 34, 42.55
2026/04/13 20:28:16.371, 0, 3476, 100, 0, 34, 42.00
2026/04/13 20:28:16.374, 1, 3476, 100, 0, 34, 42.55
2026/04/13 20:28:17.378, 0, 3476, 100, 0, 34, 41.90
2026/04/13 20:28:17.381, 1, 3476, 100, 0, 34, 42.56
2026/04/13 20:28:18.385, 0, 3476, 100, 0, 34, 41.89
2026/04/13 20:28:18.387, 1, 3476, 100, 0, 34, 42.55
2026/04/13 20:28:19.391, 0, 3476, 100, 0, 34, 41.89
2026/04/13 20:28:19.394, 1, 3476, 100, 0, 34, 42.55
2026/04/13 20:28:20.398, 0, 3476, 100, 0, 34, 41.90
2026/04/13 20:28:20.402, 1, 3476, 100, 0, 34, 42.55
2026/04/13 20:28:21.407, 0, 3476, 100, 0, 34, 42.00
2026/04/13 20:28:21.410, 1, 3476, 100, 0, 34, 42.56
2026/04/13 20:28:22.413, 0, 3476, 100, 0, 34, 41.90
2026/04/13 20:28:22.416, 1, 3476, 100, 0, 34, 42.55
2026/04/13 20:28:23.419, 0, 3476, 100, 0, 34, 41.90
2026/04/13 20:28:23.422, 1, 3476, 100, 0, 34, 42.55
2026/04/13 20:28:24.424, 0, 3476, 100, 0, 34, 41.89
2026/04/13 20:28:24.428, 1, 3476, 100, 0, 34, 42.55
2026/04/13 20:28:25.431, 0, 3476, 100, 0, 34, 41.89
2026/04/13 20:28:25.433, 1, 3476, 100, 0, 34, 42.55
2026/04/13 20:28:26.436, 0, 3476, 100, 0, 34, 41.90
2026/04/13 20:28:26.439, 1, 3476, 100, 0, 34, 42.55
2026/04/13 20:28:27.444, 0, 3476, 100, 0, 34, 41.90
2026/04/13 20:28:27.447, 1, 3476, 100, 0, 34, 42.55
2026/04/13 20:28:28.449, 0, 3476, 100, 0, 34, 41.99
2026/04/13 20:28:28.452, 1, 3476, 100, 0, 34, 42.55
2026/04/13 20:28:29.455, 0, 3476, 100, 0, 34, 41.90
2026/04/13 20:28:29.458, 1, 3476, 100, 0, 34, 42.65
2026/04/13 20:28:30.460, 0, 3476, 100, 0, 34, 41.99
2026/04/13 20:28:30.463, 1, 3476, 100, 0, 34, 42.55
2026/04/13 20:28:31.467, 0, 3476, 100, 0, 34, 41.91
2026/04/13 20:28:31.469, 1, 3476, 100, 0, 34, 42.56
2026/04/13 20:28:32.472, 0, 3476, 100, 0, 34, 41.90
2026/04/13 20:28:32.475, 1, 3476, 100, 0, 34, 42.55
2026/04/13 20:28:33.480, 0, 3476, 100, 0, 34, 41.91
2026/04/13 20:28:33.482, 1, 3476, 100, 0, 34, 42.56
2026/04/13 20:28:34.485, 0, 3476, 100, 0, 34, 41.99
2026/04/13 20:28:34.490, 1, 3476, 100, 0, 34, 42.45
2026/04/13 20:28:35.492, 0, 3476, 100, 0, 34, 41.99
2026/04/13 20:28:35.495, 1, 3476, 100, 0, 34, 42.56
2026/04/13 20:28:36.499, 0, 3476, 100, 0, 34, 41.90
2026/04/13 20:28:36.501, 1, 3476, 100, 0, 34, 42.55
2026/04/13 20:28:37.505, 0, 3476, 100, 0, 34, 42.00
2026/04/13 20:28:37.508, 1, 3476, 100, 0, 34, 42.55
2026/04/13 20:28:38.515, 0, 3476, 100, 0, 34, 41.90
2026/04/13 20:28:38.520, 1, 3476, 100, 0, 34, 42.55
2026/04/13 20:28:39.524, 0, 3476, 100, 0, 34, 41.90
2026/04/13 20:28:39.526, 1, 3476, 100, 0, 34, 42.55
2026/04/13 20:28:40.530, 0, 3476, 100, 0, 34, 41.99
2026/04/13 20:28:40.533, 1, 3476, 100, 0, 34, 42.55
2026/04/13 20:28:41.536, 0, 3476, 100, 0, 34, 41.99
2026/04/13 20:28:41.539, 1, 3476, 100, 0, 34, 42.65
2026/04/13 20:28:42.546, 0, 3476, 100, 0, 34, 42.00
2026/04/13 20:28:42.549, 1, 3476, 100, 0, 34, 42.55
2026/04/13 20:28:43.552, 0, 3476, 100, 0, 34, 42.00
2026/04/13 20:28:43.555, 1, 3476, 100, 0, 34, 42.55
2026/04/13 20:28:44.560, 0, 3476, 100, 0, 34, 41.90
2026/04/13 20:28:44.562, 1, 3476, 100, 0, 34, 42.56
2026/04/13 20:28:45.566, 0, 3476, 100, 0, 34, 41.89
2026/04/13 20:28:45.569, 1, 3476, 100, 0, 34, 42.46
2026/04/13 20:28:46.573, 0, 3476, 100, 0, 34, 41.91
2026/04/13 20:28:46.576, 1, 3476, 100, 0, 34, 42.55
2026/04/13 20:28:47.580, 0, 3476, 100, 0, 34, 41.90
2026/04/13 20:28:47.583, 1, 3476, 100, 0, 34, 42.55
2026/04/13 20:28:48.586, 0, 3476, 100, 0, 34, 41.90
2026/04/13 20:28:48.589, 1, 3476, 100, 0, 34, 42.55
2026/04/13 20:28:49.593, 0, 3476, 100, 0, 34, 41.90
2026/04/13 20:28:49.595, 1, 3476, 100, 0, 34, 42.55
2026/04/13 20:28:50.599, 0, 3476, 100, 0, 34, 41.89
2026/04/13 20:28:50.603, 1, 3476, 100, 0, 34, 42.55
2026/04/13 20:28:51.607, 0, 3476, 100, 0, 34, 42.00
2026/04/13 20:28:51.609, 1, 3476, 100, 0, 34, 42.55
2026/04/13 20:28:52.614, 0, 3476, 100, 0, 34, 41.90
2026/04/13 20:28:52.616, 1, 3476, 100, 0, 34, 42.56
2026/04/13 20:28:53.620, 0, 3476, 100, 0, 34, 41.89
2026/04/13 20:28:53.623, 1, 3476, 100, 0, 34, 42.55
2026/04/13 20:28:54.626, 0, 3476, 100, 0, 34, 42.00
2026/04/13 20:28:54.631, 1, 3476, 100, 0, 34, 42.55
2026/04/13 20:28:55.634, 0, 3476, 100, 0, 34, 41.99
2026/04/13 20:28:55.637, 1, 3476, 100, 0, 34, 42.55
2026/04/13 20:28:56.643, 0, 3476, 100, 0, 34, 42.00
2026/04/13 20:28:56.645, 1, 3476, 100, 0, 34, 42.45
2026/04/13 20:28:57.649, 0, 3476, 100, 0, 34, 41.91
2026/04/13 20:28:57.652, 1, 3476, 100, 0, 34, 42.55
2026/04/13 20:28:58.656, 0, 3476, 100, 0, 34, 42.01
2026/04/13 20:28:58.659, 1, 3476, 100, 0, 34, 42.65
2026/04/13 20:28:59.663, 0, 3476, 100, 0, 34, 42.01
2026/04/13 20:28:59.665, 1, 3476, 100, 0, 34, 42.56
2026/04/13 20:29:00.669, 0, 3476, 100, 0, 34, 42.00
2026/04/13 20:29:00.672, 1, 3476, 100, 0, 34, 42.55
2026/04/13 20:29:01.676, 0, 3476, 100, 0, 34, 42.10
2026/04/13 20:29:01.678, 1, 3476, 100, 0, 34, 42.56
2026/04/13 20:29:02.682, 0, 3476, 100, 0, 34, 41.99
2026/04/13 20:29:02.687, 1, 3476, 100, 0, 34, 42.56
2026/04/13 20:29:03.691, 0, 3476, 100, 0, 34, 42.00
2026/04/13 20:29:03.693, 1, 3476, 100, 0, 34, 42.56
2026/04/13 20:29:04.697, 0, 3476, 100, 0, 34, 41.90
2026/04/13 20:29:04.700, 1, 3476, 100, 0, 34, 42.55
2026/04/13 20:29:05.705, 0, 3476, 100, 0, 34, 41.91
2026/04/13 20:29:05.708, 1, 3476, 100, 0, 34, 42.66
2026/04/13 20:29:06.712, 0, 3476, 100, 0, 34, 41.91
2026/04/13 20:29:06.715, 1, 3476, 100, 0, 34, 42.55
2026/04/13 20:29:07.718, 0, 3476, 100, 0, 34, 41.90
2026/04/13 20:29:07.721, 1, 3476, 100, 0, 34, 42.56
2026/04/13 20:29:08.725, 0, 3476, 100, 0, 34, 41.91
2026/04/13 20:29:08.728, 1, 3476, 100, 0, 34, 42.55
2026/04/13 20:29:09.731, 0, 3476, 100, 0, 34, 41.90
2026/04/13 20:29:09.734, 1, 3476, 100, 0, 34, 42.55
2026/04/13 20:29:10.739, 0, 3476, 100, 0, 34, 41.90
2026/04/13 20:29:10.742, 1, 3476, 100, 0, 34, 42.56
2026/04/13 20:29:11.746, 0, 3476, 100, 0, 34, 41.91
2026/04/13 20:29:11.749, 1, 3476, 100, 0, 34, 42.45
2026/04/13 20:29:12.753, 0, 3476, 100, 0, 34, 42.00
2026/04/13 20:29:12.755, 1, 3476, 100, 0, 34, 42.55
2026/04/13 20:29:13.759, 0, 3476, 100, 0, 34, 41.90
2026/04/13 20:29:13.762, 1, 3476, 100, 0, 34, 42.56
2026/04/13 20:29:14.765, 0, 3476, 100, 0, 34, 42.01
2026/04/13 20:29:14.770, 1, 3476, 100, 0, 34, 42.56
2026/04/13 20:29:15.774, 0, 3476, 100, 0, 34, 42.00
2026/04/13 20:29:15.776, 1, 3476, 100, 0, 34, 42.56
2026/04/13 20:29:16.780, 0, 3476, 100, 0, 34, 41.91
2026/04/13 20:29:16.783, 1, 3476, 100, 0, 34, 42.55
2026/04/13 20:29:17.791, 0, 3476, 100, 0, 34, 41.90
2026/04/13 20:29:17.796, 1, 3476, 100, 0, 34, 42.55
2026/04/13 20:29:18.800, 0, 3476, 100, 0, 34, 41.99
2026/04/13 20:29:18.803, 1, 3476, 100, 0, 34, 42.55
2026/04/13 20:29:19.807, 0, 3476, 100, 0, 34, 42.09
2026/04/13 20:29:19.809, 1, 3476, 100, 0, 34, 42.55
2026/04/13 20:29:20.815, 0, 3476, 100, 0, 34, 41.99
2026/04/13 20:29:20.818, 1, 3476, 100, 0, 34, 42.55
2026/04/13 20:29:21.821, 0, 3476, 100, 0, 34, 41.99
2026/04/13 20:29:21.825, 1, 3476, 100, 0, 34, 42.55
2026/04/13 20:29:22.829, 0, 3476, 100, 0, 34, 42.00
2026/04/13 20:29:22.832, 1, 3476, 100, 0, 34, 42.55
2026/04/13 20:29:23.836, 0, 3476, 100, 0, 34, 41.91
2026/04/13 20:29:23.838, 1, 3476, 100, 0, 34, 42.55
2026/04/13 20:29:24.842, 0, 3476, 100, 0, 34, 41.90
2026/04/13 20:29:24.845, 1, 3476, 100, 0, 34, 42.66
2026/04/13 20:29:25.851, 0, 3476, 100, 0, 34, 41.90
2026/04/13 20:29:25.855, 1, 3476, 100, 0, 34, 42.55
2026/04/13 20:29:26.859, 0, 3476, 100, 0, 34, 41.90
2026/04/13 20:29:26.861, 1, 3476, 100, 0, 34, 42.56
2026/04/13 20:29:27.865, 0, 3476, 100, 0, 34, 41.89
2026/04/13 20:29:27.868, 1, 3476, 100, 0, 34, 42.55
2026/04/13 20:29:28.871, 0, 3476, 100, 0, 34, 41.99
2026/04/13 20:29:28.874, 1, 3476, 100, 0, 34, 42.65
2026/04/13 20:29:29.878, 0, 3476, 100, 0, 34, 41.89
2026/04/13 20:29:29.881, 1, 3476, 100, 0, 34, 42.65
2026/04/13 20:29:30.885, 0, 3476, 100, 0, 34, 42.00
2026/04/13 20:29:30.887, 1, 3476, 100, 0, 34, 42.55
2026/04/13 20:29:31.891, 0, 3476, 100, 0, 34, 41.90
2026/04/13 20:29:31.896, 1, 3476, 100, 0, 34, 42.55
2026/04/13 20:29:32.900, 0, 3476, 100, 0, 34, 41.90
2026/04/13 20:29:32.903, 1, 3476, 100, 0, 34, 42.55
2026/04/13 20:29:33.905, 0, 3476, 100, 0, 34, 42.00
2026/04/13 20:29:33.908, 1, 3476, 100, 0, 34, 42.65
2026/04/13 20:29:34.913, 0, 3476, 100, 0, 34, 41.91
2026/04/13 20:29:34.916, 1, 3476, 100, 0, 34, 42.55
2026/04/13 20:29:35.918, 0, 3476, 100, 0, 34, 41.89
2026/04/13 20:29:35.921, 1, 3476, 100, 0, 34, 42.55
2026/04/13 20:29:36.924, 0, 3476, 100, 0, 34, 41.91
2026/04/13 20:29:36.927, 1, 3476, 100, 0, 34, 42.56
2026/04/13 20:29:37.930, 0, 3476, 100, 0, 34, 42.00
2026/04/13 20:29:37.934, 1, 3476, 100, 0, 34, 42.55
2026/04/13 20:29:38.937, 0, 3476, 100, 0, 34, 41.91
2026/04/13 20:29:38.942, 1, 3476, 100, 0, 34, 42.56
2026/04/13 20:29:39.946, 0, 3476, 100, 0, 34, 41.89
2026/04/13 20:29:39.949, 1, 3476, 100, 0, 34, 42.55
2026/04/13 20:29:40.952, 0, 3476, 100, 0, 34, 42.00
2026/04/13 20:29:40.954, 1, 3476, 100, 0, 34, 42.65
2026/04/13 20:29:41.957, 0, 3476, 100, 0, 34, 41.90
2026/04/13 20:29:41.960, 1, 3476, 100, 0, 34, 42.55
2026/04/13 20:29:42.966, 0, 3476, 100, 0, 34, 42.00
2026/04/13 20:29:42.971, 1, 3476, 100, 0, 34, 42.55
2026/04/13 20:29:43.977, 0, 3476, 100, 0, 34, 41.90
2026/04/13 20:29:43.980, 1, 3476, 100, 0, 34, 42.55
2026/04/13 20:29:44.983, 0, 3476, 100, 0, 34, 42.00
2026/04/13 20:29:44.985, 1, 3476, 100, 0, 34, 42.55
2026/04/13 20:29:45.988, 0, 3476, 100, 0, 34, 42.01
2026/04/13 20:29:45.992, 1, 3476, 100, 0, 34, 42.56
2026/04/13 20:29:46.995, 0, 3476, 100, 0, 34, 41.90
2026/04/13 20:29:46.999, 1, 3476, 100, 0, 34, 42.55
2026/04/13 20:29:48.002, 0, 3476, 100, 0, 34, 42.01
2026/04/13 20:29:48.005, 1, 3476, 100, 0, 34, 42.55
2026/04/13 20:29:49.009, 0, 3476, 100, 0, 34, 42.01
2026/04/13 20:29:49.012, 1, 3476, 100, 0, 34, 42.55
2026/04/13 20:29:50.015, 0, 3476, 100, 0, 34, 42.01
2026/04/13 20:29:50.018, 1, 3476, 100, 0, 34, 42.55
2026/04/13 20:29:51.020, 0, 3476, 100, 0, 34, 42.01
2026/04/13 20:29:51.023, 1, 3476, 100, 0, 34, 42.55
2026/04/13 20:29:52.026, 0, 3476, 100, 0, 34, 41.99
2026/04/13 20:29:52.029, 1, 3476, 100, 0, 34, 42.55
2026/04/13 20:29:53.032, 0, 3476, 100, 0, 34, 41.99
2026/04/13 20:29:53.035, 1, 3476, 100, 0, 34, 42.56
2026/04/13 20:29:54.037, 0, 3476, 100, 0, 34, 42.01
2026/04/13 20:29:54.040, 1, 3476, 100, 0, 34, 42.55
2026/04/13 20:29:55.043, 0, 3476, 100, 0, 34, 42.00
2026/04/13 20:29:55.046, 1, 3476, 100, 0, 34, 42.55
2026/04/13 20:29:56.049, 0, 3476, 100, 0, 34, 42.01
2026/04/13 20:29:56.052, 1, 3476, 100, 0, 34, 42.55
2026/04/13 20:29:57.055, 0, 3476, 100, 0, 34, 41.90
2026/04/13 20:29:57.058, 1, 3476, 100, 0, 34, 42.55
2026/04/13 20:29:58.061, 0, 3476, 100, 0, 34, 42.01
2026/04/13 20:29:58.064, 1, 3476, 100, 0, 34, 42.55
2026/04/13 20:29:59.067, 0, 3476, 100, 0, 34, 41.99
2026/04/13 20:29:59.069, 1, 3476, 100, 0, 34, 42.66
2026/04/13 20:30:00.072, 0, 3476, 100, 0, 34, 42.00
2026/04/13 20:30:00.075, 1, 3476, 100, 0, 34, 42.55
2026/04/13 20:30:01.079, 0, 3476, 100, 0, 34, 42.00
2026/04/13 20:30:01.081, 1, 3476, 100, 0, 34, 42.56
2026/04/13 20:30:02.084, 0, 3476, 100, 0, 34, 42.01
2026/04/13 20:30:02.088, 1, 3476, 100, 0, 34, 42.65
2026/04/13 20:30:03.091, 0, 3476, 100, 0, 34, 41.90
2026/04/13 20:30:03.094, 1, 3476, 100, 0, 34, 42.55
2026/04/13 20:30:04.096, 0, 3476, 100, 0, 34, 42.00
2026/04/13 20:30:04.099, 1, 3476, 100, 0, 34, 42.65
2026/04/13 20:30:05.102, 0, 3476, 100, 0, 34, 42.01
2026/04/13 20:30:05.105, 1, 3476, 100, 0, 34, 42.45
2026/04/13 20:30:06.108, 0, 3476, 100, 0, 34, 42.00
2026/04/13 20:30:06.111, 1, 3476, 100, 0, 34, 42.55
2026/04/13 20:30:07.115, 0, 3476, 100, 0, 34, 42.00
2026/04/13 20:30:07.121, 1, 3476, 100, 0, 34, 42.65
2026/04/13 20:30:08.125, 0, 3476, 100, 0, 34, 42.00
2026/04/13 20:30:08.128, 1, 3476, 100, 0, 34, 42.56
2026/04/13 20:30:09.132, 0, 3476, 100, 0, 34, 42.00
2026/04/13 20:30:09.134, 1, 3476, 100, 0, 34, 42.56
2026/04/13 20:30:10.138, 0, 3476, 100, 0, 34, 41.90
2026/04/13 20:30:10.142, 1, 3476, 100, 0, 34, 42.55
2026/04/13 20:30:11.146, 0, 3476, 100, 0, 34, 42.00
2026/04/13 20:30:11.150, 1, 3476, 100, 0, 34, 42.56
2026/04/13 20:30:12.153, 0, 3476, 100, 0, 34, 41.91
2026/04/13 20:30:12.156, 1, 3476, 100, 0, 34, 42.55
2026/04/13 20:30:13.160, 0, 3476, 100, 0, 34, 42.00
2026/04/13 20:30:13.163, 1, 3476, 100, 0, 34, 42.55
2026/04/13 20:30:14.167, 0, 3476, 100, 0, 34, 42.00
2026/04/13 20:30:14.169, 1, 3476, 100, 0, 34, 42.55
2026/04/13 20:30:15.173, 0, 3476, 100, 0, 34, 41.89
2026/04/13 20:30:15.177, 1, 3476, 100, 0, 34, 42.55
2026/04/13 20:30:16.181, 0, 3476, 100, 0, 34, 42.00
2026/04/13 20:30:16.184, 1, 3476, 100, 0, 34, 42.55
2026/04/13 20:30:17.187, 0, 3476, 100, 0, 34, 42.01
2026/04/13 20:30:17.190, 1, 3476, 100, 0, 34, 42.55
2026/04/13 20:30:18.194, 0, 3476, 100, 0, 34, 41.91
2026/04/13 20:30:18.197, 1, 3476, 100, 0, 34, 42.55
2026/04/13 20:30:19.200, 0, 3476, 100, 0, 34, 41.89
2026/04/13 20:30:19.205, 1, 3476, 100, 0, 34, 42.55
2026/04/13 20:30:20.209, 0, 3476, 100, 0, 34, 42.01
2026/04/13 20:30:20.212, 1, 3476, 100, 0, 34, 42.55
2026/04/13 20:30:21.216, 0, 3476, 100, 0, 34, 41.90
2026/04/13 20:30:21.218, 1, 3476, 100, 0, 34, 42.55
2026/04/13 20:30:22.222, 0, 3476, 100, 0, 34, 41.89
2026/04/13 20:30:22.225, 1, 3476, 100, 0, 34, 42.55
2026/04/13 20:30:23.228, 0, 3476, 100, 0, 34, 41.91
2026/04/13 20:30:23.233, 1, 3476, 100, 0, 34, 42.56
2026/04/13 20:30:24.238, 0, 3476, 100, 0, 34, 41.90
2026/04/13 20:30:24.241, 1, 3476, 100, 0, 34, 42.56
2026/04/13 20:30:25.245, 0, 3476, 100, 0, 34, 42.00
2026/04/13 20:30:25.247, 1, 3476, 100, 0, 34, 42.55
2026/04/13 20:30:26.251, 0, 3476, 100, 0, 34, 42.00
2026/04/13 20:30:26.254, 1, 3476, 100, 0, 34, 42.55
2026/04/13 20:30:27.259, 0, 3476, 100, 0, 34, 42.00
2026/04/13 20:30:27.264, 1, 3476, 100, 0, 34, 42.55
2026/04/13 20:30:28.267, 0, 3476, 100, 0, 34, 42.00
2026/04/13 20:30:28.270, 1, 3476, 100, 0, 34, 42.55
2026/04/13 20:30:29.274, 0, 3476, 100, 0, 34, 41.99
2026/04/13 20:30:29.277, 1, 3476, 100, 0, 34, 42.55
2026/04/13 20:30:30.282, 0, 3476, 100, 0, 34, 42.00
2026/04/13 20:30:30.287, 1, 3476, 100, 0, 34, 42.55
2026/04/13 20:30:31.291, 0, 3476, 100, 0, 34, 41.91
2026/04/13 20:30:31.293, 1, 3476, 100, 0, 34, 42.65
2026/04/13 20:30:32.297, 0, 3476, 100, 0, 34, 42.00
2026/04/13 20:30:32.300, 1, 3476, 100, 0, 34, 42.55
2026/04/13 20:30:33.306, 0, 3476, 100, 0, 34, 41.89
2026/04/13 20:30:33.309, 1, 3476, 100, 0, 34, 42.55
2026/04/13 20:30:34.313, 0, 3476, 100, 0, 34, 41.99
2026/04/13 20:30:34.315, 1, 3476, 100, 0, 34, 42.55
2026/04/13 20:30:35.319, 0, 3476, 100, 0, 34, 41.99
2026/04/13 20:30:35.322, 1, 3476, 100, 0, 34, 42.56
2026/04/13 20:30:36.325, 0, 3476, 100, 0, 34, 42.00
2026/04/13 20:30:36.329, 1, 3476, 100, 0, 34, 42.66
2026/04/13 20:30:37.336, 0, 3476, 100, 0, 34, 41.99
2026/04/13 20:30:37.341, 1, 3476, 100, 0, 34, 42.55
2026/04/13 20:30:38.345, 0, 3476, 100, 0, 34, 41.99
2026/04/13 20:30:38.347, 1, 3476, 100, 0, 34, 42.55
2026/04/13 20:30:39.351, 0, 3476, 100, 0, 34, 42.00
2026/04/13 20:30:39.354, 1, 3476, 100, 0, 34, 42.56
2026/04/13 20:30:40.358, 0, 3476, 100, 0, 34, 41.99
2026/04/13 20:30:40.361, 1, 3476, 100, 0, 34, 42.55
2026/04/13 20:30:41.366, 0, 3476, 100, 0, 34, 41.90
2026/04/13 20:30:41.368, 1, 3476, 100, 0, 34, 42.55
2026/04/13 20:30:42.372, 0, 3476, 100, 0, 34, 42.00
2026/04/13 20:30:42.375, 1, 3476, 100, 0, 34, 42.56
2026/04/13 20:30:43.379, 0, 3476, 100, 0, 34, 42.01
2026/04/13 20:30:43.384, 1, 3476, 100, 0, 34, 42.55
2026/04/13 20:30:44.388, 0, 3476, 100, 0, 34, 41.89
2026/04/13 20:30:44.391, 1, 3476, 100, 0, 34, 42.55
2026/04/13 20:30:45.395, 0, 3476, 100, 0, 34, 42.01
2026/04/13 20:30:45.400, 1, 3476, 100, 0, 34, 42.55
2026/04/13 20:30:46.403, 0, 3476, 100, 0, 34, 42.10
2026/04/13 20:30:46.406, 1, 3476, 100, 0, 34, 42.45
2026/04/13 20:30:47.410, 0, 3476, 100, 0, 34, 41.90
2026/04/13 20:30:47.412, 1, 3476, 100, 0, 34, 42.55
2026/04/13 20:30:48.416, 0, 3476, 100, 0, 34, 42.01
2026/04/13 20:30:48.419, 1, 3476, 100, 0, 34, 42.56
2026/04/13 20:30:49.425, 0, 3476, 100, 0, 34, 41.91
2026/04/13 20:30:49.427, 1, 3476, 100, 0, 34, 42.55
2026/04/13 20:30:50.431, 0, 3476, 100, 0, 34, 41.99
2026/04/13 20:30:50.434, 1, 3476, 100, 0, 34, 42.55
2026/04/13 20:30:51.438, 0, 3476, 100, 0, 34, 42.01
2026/04/13 20:30:51.441, 1, 3476, 100, 0, 34, 42.55
2026/04/13 20:30:52.444, 0, 3476, 100, 0, 34, 42.00
2026/04/13 20:30:52.447, 1, 3476, 100, 0, 34, 42.55
2026/04/13 20:30:53.451, 0, 3476, 100, 0, 34, 42.01
2026/04/13 20:30:53.453, 1, 3476, 100, 0, 34, 42.56
2026/04/13 20:30:54.458, 0, 3476, 100, 0, 34, 42.00
2026/04/13 20:30:54.463, 1, 3476, 100, 0, 34, 42.55
2026/04/13 20:30:55.466, 0, 3476, 100, 0, 34, 41.90
2026/04/13 20:30:55.469, 1, 3476, 100, 0, 34, 42.55
2026/04/13 20:30:56.472, 0, 3476, 100, 0, 34, 42.01
2026/04/13 20:30:56.475, 1, 3476, 100, 0, 34, 42.55
2026/04/13 20:30:57.478, 0, 3476, 100, 0, 34, 42.01
2026/04/13 20:30:57.483, 1, 3476, 100, 0, 34, 42.56
2026/04/13 20:30:58.490, 0, 3476, 100, 0, 34, 41.91
2026/04/13 20:30:58.492, 1, 3476, 100, 0, 34, 42.56
2026/04/13 20:30:59.496, 0, 3476, 100, 0, 34, 41.90
2026/04/13 20:30:59.499, 1, 3476, 100, 0, 34, 42.55
2026/04/13 20:31:00.503, 0, 3476, 100, 0, 34, 41.91
2026/04/13 20:31:00.505, 1, 3476, 100, 0, 34, 42.46
2026/04/13 20:31:01.509, 0, 3476, 100, 0, 34, 42.00
2026/04/13 20:31:01.512, 1, 3476, 100, 0, 34, 42.55
2026/04/13 20:31:02.515, 0, 3476, 100, 0, 34, 41.91
2026/04/13 20:31:02.519, 1, 3476, 100, 0, 34, 42.55
2026/04/13 20:31:03.522, 0, 3476, 100, 0, 34, 42.01
2026/04/13 20:31:03.525, 1, 3476, 100, 0, 34, 42.55
2026/04/13 20:31:04.527, 0, 3476, 100, 0, 34, 41.91
2026/04/13 20:31:04.530, 1, 3476, 100, 0, 34, 42.56
2026/04/13 20:31:05.534, 0, 3476, 100, 0, 34, 42.00
2026/04/13 20:31:05.537, 1, 3476, 100, 0, 34, 42.55
2026/04/13 20:31:06.539, 0, 3476, 100, 0, 34, 42.00
2026/04/13 20:31:06.542, 1, 3476, 100, 0, 34, 42.55
2026/04/13 20:31:07.545, 0, 3476, 100, 0, 34, 42.00
2026/04/13 20:31:07.549, 1, 3476, 100, 0, 34, 42.55
2026/04/13 20:31:08.553, 0, 3476, 100, 0, 34, 42.00
2026/04/13 20:31:08.556, 1, 3476, 100, 0, 34, 42.55
2026/04/13 20:31:09.558, 0, 3476, 100, 0, 34, 41.90
2026/04/13 20:31:09.561, 1, 3476, 100, 0, 34, 42.66
2026/04/13 20:31:10.565, 0, 3476, 100, 0, 34, 42.01
2026/04/13 20:31:10.567, 1, 3476, 100, 0, 34, 42.55
2026/04/13 20:31:11.572, 0, 3476, 100, 0, 34, 41.90
2026/04/13 20:31:11.574, 1, 3476, 100, 0, 34, 42.46
2026/04/13 20:31:12.577, 0, 3476, 100, 0, 34, 42.00
2026/04/13 20:31:12.580, 1, 3476, 100, 0, 34, 42.56
2026/04/13 20:31:13.587, 0, 3476, 100, 0, 34, 41.90
2026/04/13 20:31:13.590, 1, 3476, 100, 0, 34, 42.55
2026/04/13 20:31:14.592, 0, 3476, 100, 0, 34, 42.00
2026/04/13 20:31:14.595, 1, 3476, 100, 0, 34, 42.55
2026/04/13 20:31:15.598, 0, 3476, 100, 0, 34, 41.90
2026/04/13 20:31:15.601, 1, 3476, 100, 0, 34, 42.55
2026/04/13 20:31:16.604, 0, 3476, 100, 0, 34, 42.01
2026/04/13 20:31:16.609, 1, 3476, 100, 0, 34, 42.56
2026/04/13 20:31:17.612, 0, 3476, 100, 0, 34, 42.01
2026/04/13 20:31:17.615, 1, 3476, 100, 0, 34, 42.56
2026/04/13 20:31:18.620, 0, 3476, 100, 0, 34, 42.00
2026/04/13 20:31:18.622, 1, 3476, 100, 0, 34, 42.56
2026/04/13 20:31:19.625, 0, 3476, 100, 0, 34, 42.00
2026/04/13 20:31:19.628, 1, 3476, 100, 0, 34, 42.45
2026/04/13 20:31:20.631, 0, 3476, 100, 0, 34, 41.91
2026/04/13 20:31:20.633, 1, 3476, 100, 0, 34, 42.55
2026/04/13 20:31:21.636, 0, 3476, 100, 0, 34, 42.00
2026/04/13 20:31:21.640, 1, 3476, 100, 0, 34, 42.55
2026/04/13 20:31:22.643, 0, 3476, 100, 0, 34, 42.01
2026/04/13 20:31:22.646, 1, 3476, 100, 0, 34, 42.55
2026/04/13 20:31:23.649, 0, 3476, 100, 0, 34, 42.01
2026/04/13 20:31:23.651, 1, 3476, 100, 0, 34, 42.55
2026/04/13 20:31:24.657, 0, 3476, 100, 0, 34, 42.01
2026/04/13 20:31:24.660, 1, 3476, 100, 0, 34, 42.55
2026/04/13 20:31:25.663, 0, 3476, 100, 0, 34, 42.01
2026/04/13 20:31:25.665, 1, 3476, 100, 0, 34, 42.56
2026/04/13 20:31:26.668, 0, 3476, 100, 0, 34, 42.00
2026/04/13 20:31:26.671, 1, 3476, 100, 0, 34, 42.56
2026/04/13 20:31:27.675, 0, 3476, 100, 0, 34, 41.91
2026/04/13 20:31:27.678, 1, 3476, 100, 0, 34, 42.55
2026/04/13 20:31:28.681, 0, 3476, 100, 0, 34, 41.91
2026/04/13 20:31:28.684, 1, 3476, 100, 0, 34, 42.55
2026/04/13 20:31:29.688, 0, 3476, 100, 0, 34, 42.01
2026/04/13 20:31:29.691, 1, 3476, 100, 0, 34, 42.65
2026/04/13 20:31:30.699, 0, 3476, 100, 0, 34, 42.00
2026/04/13 20:31:30.702, 1, 3476, 100, 0, 34, 42.45
2026/04/13 20:31:31.706, 0, 3476, 100, 0, 34, 42.01
2026/04/13 20:31:31.709, 1, 3476, 100, 0, 34, 42.55
2026/04/13 20:31:32.712, 0, 3476, 100, 0, 34, 42.01
2026/04/13 20:31:32.715, 1, 3476, 100, 0, 34, 42.55
2026/04/13 20:31:33.720, 0, 3476, 100, 0, 34, 42.01
2026/04/13 20:31:33.722, 1, 3476, 100, 0, 34, 42.55
2026/04/13 20:31:34.726, 0, 3476, 100, 0, 34, 42.01
2026/04/13 20:31:34.732, 1, 3476, 100, 0, 34, 42.55
2026/04/13 20:31:35.736, 0, 3476, 100, 0, 34, 41.90
2026/04/13 20:31:35.739, 1, 3476, 100, 0, 34, 42.55
2026/04/13 20:31:36.744, 0, 3476, 100, 0, 34, 42.00
2026/04/13 20:31:36.746, 1, 3476, 100, 0, 34, 42.55
2026/04/13 20:31:37.750, 0, 3476, 100, 0, 34, 42.01
2026/04/13 20:31:37.753, 1, 3476, 100, 0, 34, 42.45
2026/04/13 20:31:38.757, 0, 3476, 100, 0, 34, 42.01
2026/04/13 20:31:38.764, 1, 3476, 100, 0, 34, 42.45
2026/04/13 20:31:39.770, 0, 3476, 100, 0, 34, 42.00
2026/04/13 20:31:39.773, 1, 3476, 100, 0, 34, 42.56
2026/04/13 20:31:40.776, 0, 3476, 100, 0, 34, 42.01
2026/04/13 20:31:40.779, 1, 3476, 100, 0, 34, 42.55
2026/04/13 20:31:41.783, 0, 3476, 100, 0, 34, 42.01
2026/04/13 20:31:41.786, 1, 3476, 100, 0, 34, 42.55
2026/04/13 20:31:42.789, 0, 3476, 100, 0, 34, 42.00
2026/04/13 20:31:42.792, 1, 3476, 100, 0, 34, 42.55
2026/04/13 20:31:43.796, 0, 3476, 100, 0, 34, 42.01
2026/04/13 20:31:43.799, 1, 3476, 100, 0, 34, 42.56
2026/04/13 20:31:44.802, 0, 3476, 100, 0, 34, 41.90
2026/04/13 20:31:44.811, 1, 3476, 100, 0, 34, 42.55
2026/04/13 20:31:45.815, 0, 3476, 100, 0, 34, 41.90
2026/04/13 20:31:45.818, 1, 3476, 100, 0, 34, 42.65
2026/04/13 20:31:46.821, 0, 3476, 100, 0, 34, 41.99
2026/04/13 20:31:46.824, 1, 3476, 100, 0, 34, 42.56
2026/04/13 20:31:47.829, 0, 3476, 100, 0, 34, 42.01
2026/04/13 20:31:47.831, 1, 3476, 100, 0, 34, 42.55
2026/04/13 20:31:48.837, 0, 3476, 100, 0, 34, 42.00
2026/04/13 20:31:48.840, 1, 3476, 100, 0, 34, 42.65
2026/04/13 20:31:49.843, 0, 3476, 100, 0, 34, 41.99
2026/04/13 20:31:49.848, 1, 3476, 100, 0, 34, 42.56
2026/04/13 20:31:50.852, 0, 3476, 100, 0, 34, 41.89
2026/04/13 20:31:50.856, 1, 3476, 100, 0, 34, 42.55
2026/04/13 20:31:51.860, 0, 3476, 100, 0, 34, 42.01
2026/04/13 20:31:51.862, 1, 3476, 100, 0, 34, 42.55
2026/04/13 20:31:52.867, 0, 3476, 100, 0, 34, 42.01
2026/04/13 20:31:52.870, 1, 3476, 100, 0, 34, 42.55
2026/04/13 20:31:53.874, 0, 3476, 100, 0, 34, 42.00
2026/04/13 20:31:53.877, 1, 3476, 100, 0, 34, 42.46
2026/04/13 20:31:54.881, 0, 3476, 100, 0, 34, 42.01
2026/04/13 20:31:54.884, 1, 3476, 100, 0, 34, 42.46
2026/04/13 20:31:55.888, 0, 3476, 100, 0, 34, 42.01
2026/04/13 20:31:55.890, 1, 3476, 100, 0, 34, 42.55
2026/04/13 20:31:56.894, 0, 3476, 100, 0, 34, 42.00
2026/04/13 20:31:56.899, 1, 3476, 100, 0, 34, 42.56
2026/04/13 20:31:57.903, 0, 3476, 100, 0, 34, 42.01
2026/04/13 20:31:57.906, 1, 3476, 100, 0, 34, 42.55
2026/04/13 20:31:58.910, 0, 3476, 100, 0, 34, 41.90
2026/04/13 20:31:58.912, 1, 3476, 100, 0, 34, 42.55
2026/04/13 20:31:59.918, 0, 3476, 100, 0, 34, 41.99
2026/04/13 20:31:59.920, 1, 3476, 100, 0, 34, 42.55
2026/04/13 20:32:00.924, 0, 3476, 100, 0, 34, 42.01
2026/04/13 20:32:00.928, 1, 3476, 100, 0, 34, 42.65
2026/04/13 20:32:01.932, 0, 3476, 100, 0, 34, 41.89
2026/04/13 20:32:01.934, 1, 3476, 100, 0, 34, 42.46
2026/04/13 20:32:02.938, 0, 3476, 100, 0, 34, 42.00
2026/04/13 20:32:02.941, 1, 3476, 100, 0, 34, 42.55
2026/04/13 20:32:03.945, 0, 3476, 100, 0, 34, 42.01
2026/04/13 20:32:03.947, 1, 3476, 100, 0, 34, 42.65
2026/04/13 20:32:04.951, 0, 3476, 100, 0, 34, 41.90
2026/04/13 20:32:04.954, 1, 3476, 100, 0, 34, 42.56
2026/04/13 20:32:05.957, 0, 3476, 100, 0, 34, 42.00
2026/04/13 20:32:05.960, 1, 3476, 100, 0, 34, 42.55
2026/04/13 20:32:06.964, 0, 3476, 100, 0, 34, 42.00
2026/04/13 20:32:06.967, 1, 3476, 100, 0, 34, 42.56
2026/04/13 20:32:07.971, 0, 3476, 100, 0, 34, 41.90
2026/04/13 20:32:07.973, 1, 3476, 100, 0, 34, 42.56
2026/04/13 20:32:08.977, 0, 3476, 100, 0, 34, 41.90
2026/04/13 20:32:08.980, 1, 3476, 100, 0, 34, 42.56
2026/04/13 20:32:09.984, 0, 3476, 100, 0, 34, 42.01
2026/04/13 20:32:09.988, 1, 3476, 100, 0, 34, 42.65
2026/04/13 20:32:10.991, 0, 3476, 100, 0, 34, 42.00
2026/04/13 20:32:10.994, 1, 3476, 100, 0, 34, 42.65
2026/04/13 20:32:11.998, 0, 3476, 100, 0, 34, 41.90
2026/04/13 20:32:12.000, 1, 3476, 100, 0, 34, 42.66
2026/04/13 20:32:13.004, 0, 3476, 100, 0, 34, 41.89
2026/04/13 20:32:13.007, 1, 3476, 100, 0, 34, 42.56
2026/04/13 20:32:14.011, 0, 3476, 100, 0, 34, 41.91
2026/04/13 20:32:14.013, 1, 3476, 100, 0, 34, 42.55
2026/04/13 20:32:15.017, 0, 3476, 100, 0, 34, 42.00
2026/04/13 20:32:15.020, 1, 3476, 100, 0, 34, 42.55
2026/04/13 20:32:16.023, 0, 3476, 100, 0, 34, 42.00
2026/04/13 20:32:16.026, 1, 3476, 100, 0, 34, 42.56
2026/04/13 20:32:17.030, 0, 3476, 100, 0, 34, 41.99
2026/04/13 20:32:17.034, 1, 3476, 100, 0, 34, 42.55
2026/04/13 20:32:18.037, 0, 3476, 100, 0, 34, 41.91
2026/04/13 20:32:18.040, 1, 3476, 100, 0, 34, 42.65
2026/04/13 20:32:19.044, 0, 3476, 100, 0, 34, 41.91
2026/04/13 20:32:19.047, 1, 3476, 100, 0, 34, 42.55
2026/04/13 20:32:20.050, 0, 3476, 100, 0, 34, 42.01
2026/04/13 20:32:20.054, 1, 3476, 100, 0, 34, 42.55
2026/04/13 20:32:21.058, 0, 3476, 100, 0, 34, 42.00
2026/04/13 20:32:21.061, 1, 3476, 100, 0, 34, 42.55
2026/04/13 20:32:22.065, 0, 3476, 100, 0, 34, 42.00
2026/04/13 20:32:22.068, 1, 3476, 100, 0, 34, 42.55
2026/04/13 20:32:23.072, 0, 3476, 100, 0, 34, 42.00
2026/04/13 20:32:23.074, 1, 3476, 100, 0, 34, 42.55
2026/04/13 20:32:24.077, 0, 3476, 100, 0, 34, 42.00
2026/04/13 20:32:24.082, 1, 3476, 100, 0, 34, 42.56
2026/04/13 20:32:25.088, 0, 3476, 100, 0, 34, 42.00
2026/04/13 20:32:25.090, 1, 3476, 100, 0, 34, 42.56
2026/04/13 20:32:26.094, 0, 3476, 100, 0, 34, 42.01
2026/04/13 20:32:26.097, 1, 3476, 100, 0, 34, 42.55
2026/04/13 20:32:27.099, 0, 3476, 100, 0, 34, 41.99
2026/04/13 20:32:27.102, 1, 3476, 100, 0, 34, 42.56
2026/04/13 20:32:28.105, 0, 3476, 100, 0, 34, 41.91
2026/04/13 20:32:28.110, 1, 3476, 100, 0, 34, 42.55
2026/04/13 20:32:29.112, 0, 3476, 100, 0, 34, 42.01
2026/04/13 20:32:29.115, 1, 3476, 100, 0, 34, 42.56
2026/04/13 20:32:30.118, 0, 3476, 100, 0, 34, 42.00
2026/04/13 20:32:30.120, 1, 3476, 100, 0, 34, 42.55
2026/04/13 20:32:31.124, 0, 3476, 100, 0, 34, 42.01
2026/04/13 20:32:31.127, 1, 3476, 100, 0, 34, 42.65
2026/04/13 20:32:32.129, 0, 3476, 100, 0, 34, 42.01
2026/04/13 20:32:32.132, 1, 3476, 100, 0, 34, 42.56
2026/04/13 20:32:33.135, 0, 3476, 100, 0, 34, 41.99
2026/04/13 20:32:33.139, 1, 3476, 100, 0, 34, 42.55
2026/04/13 20:32:34.142, 0, 3476, 100, 0, 34, 42.01
2026/04/13 20:32:34.145, 1, 3476, 100, 0, 34, 42.56
2026/04/13 20:32:35.148, 0, 3476, 100, 0, 34, 42.00
2026/04/13 20:32:35.150, 1, 3476, 100, 0, 34, 42.55
2026/04/13 20:32:36.154, 0, 3476, 100, 0, 34, 41.90
2026/04/13 20:32:36.157, 1, 3476, 100, 0, 34, 42.56
2026/04/13 20:32:37.160, 0, 3476, 100, 0, 34, 42.01
2026/04/13 20:32:37.163, 1, 3476, 100, 0, 34, 42.65
2026/04/13 20:32:38.167, 0, 3476, 100, 0, 34, 41.99
2026/04/13 20:32:38.171, 1, 3476, 100, 0, 34, 42.55
2026/04/13 20:32:39.175, 0, 3476, 100, 0, 34, 41.90
2026/04/13 20:32:39.178, 1, 3476, 100, 0, 34, 42.45
2026/04/13 20:32:40.181, 0, 3476, 100, 0, 34, 41.91
2026/04/13 20:32:40.184, 1, 3476, 100, 0, 34, 42.55
2026/04/13 20:32:41.188, 0, 3476, 100, 0, 34, 41.90
2026/04/13 20:32:41.191, 1, 3476, 100, 0, 34, 42.56
2026/04/13 20:32:42.194, 0, 3476, 100, 0, 34, 42.00
2026/04/13 20:32:42.197, 1, 3476, 100, 0, 34, 42.56
2026/04/13 20:32:43.201, 0, 3476, 100, 0, 34, 41.89
2026/04/13 20:32:43.203, 1, 3476, 100, 0, 34, 42.55
2026/04/13 20:32:44.207, 0, 3476, 100, 0, 34, 42.00
2026/04/13 20:32:44.210, 1, 3476, 100, 0, 34, 42.56
2026/04/13 20:32:45.216, 0, 3476, 100, 0, 34, 41.99
2026/04/13 20:32:45.219, 1, 3476, 100, 0, 34, 42.55
2026/04/13 20:32:46.223, 0, 3476, 100, 0, 34, 41.90
2026/04/13 20:32:46.226, 1, 3476, 100, 0, 34, 42.56
2026/04/13 20:32:47.229, 0, 3476, 100, 0, 34, 42.00
2026/04/13 20:32:47.232, 1, 3476, 100, 0, 34, 42.56
2026/04/13 20:32:48.236, 0, 3476, 100, 0, 34, 41.90
2026/04/13 20:32:48.238, 1, 3476, 100, 0, 34, 42.55
2026/04/13 20:32:49.242, 0, 3476, 100, 0, 34, 42.01
2026/04/13 20:32:49.245, 1, 3476, 100, 0, 34, 42.65
2026/04/13 20:32:50.249, 0, 3476, 100, 0, 34, 41.90
2026/04/13 20:32:50.251, 1, 3476, 100, 0, 34, 42.55
2026/04/13 20:32:51.254, 0, 3476, 100, 0, 34, 41.90
2026/04/13 20:32:51.257, 1, 3476, 100, 0, 34, 42.55
2026/04/13 20:32:52.260, 0, 3476, 100, 0, 34, 42.00
2026/04/13 20:32:52.263, 1, 3476, 100, 0, 34, 42.56
2026/04/13 20:32:53.265, 0, 3476, 100, 0, 34, 41.89
2026/04/13 20:32:53.268, 1, 3476, 100, 0, 34, 42.56
2026/04/13 20:32:54.272, 0, 3476, 100, 0, 34, 41.91
2026/04/13 20:32:54.279, 1, 3476, 100, 0, 34, 42.55
2026/04/13 20:32:55.284, 0, 3476, 100, 0, 34, 42.00
2026/04/13 20:32:55.287, 1, 3476, 100, 0, 34, 42.55
2026/04/13 20:32:56.291, 0, 3476, 100, 0, 34, 41.90
2026/04/13 20:32:56.296, 1, 3476, 100, 0, 34, 42.55
2026/04/13 20:32:57.299, 0, 3476, 100, 0, 34, 41.91
2026/04/13 20:32:57.302, 1, 3476, 100, 0, 34, 42.55
2026/04/13 20:32:58.306, 0, 3476, 100, 0, 34, 42.10
2026/04/13 20:32:58.309, 1, 3476, 100, 0, 34, 42.56
2026/04/13 20:32:59.315, 0, 3476, 100, 0, 34, 42.00
2026/04/13 20:32:59.317, 1, 3476, 100, 0, 34, 42.55
2026/04/13 20:33:00.321, 0, 3476, 100, 0, 34, 42.01
2026/04/13 20:33:00.324, 1, 3476, 100, 0, 34, 42.55
2026/04/13 20:33:01.328, 0, 3476, 100, 0, 34, 42.00
2026/04/13 20:33:01.330, 1, 3476, 100, 0, 34, 42.55
2026/04/13 20:33:02.334, 0, 3476, 100, 0, 34, 42.00
2026/04/13 20:33:02.337, 1, 3476, 100, 0, 34, 42.55
2026/04/13 20:33:03.341, 0, 3476, 100, 0, 34, 41.99
2026/04/13 20:33:03.345, 1, 3476, 100, 0, 34, 42.56
2026/04/13 20:33:04.349, 0, 3476, 100, 0, 34, 42.00
2026/04/13 20:33:04.352, 1, 3476, 100, 0, 34, 42.56
2026/04/13 20:33:05.356, 0, 3476, 100, 0, 34, 41.99
2026/04/13 20:33:05.358, 1, 3476, 100, 0, 34, 42.45
2026/04/13 20:33:06.362, 0, 3476, 100, 0, 34, 42.00
2026/04/13 20:33:06.365, 1, 3476, 100, 0, 34, 42.55
2026/04/13 20:33:07.368, 0, 3476, 100, 0, 34, 41.99
2026/04/13 20:33:07.372, 1, 3476, 100, 0, 34, 42.55
2026/04/13 20:33:08.375, 0, 3476, 100, 0, 34, 42.00
2026/04/13 20:33:08.378, 1, 3476, 100, 0, 34, 42.55
2026/04/13 20:33:09.383, 0, 3476, 100, 0, 34, 41.89
2026/04/13 20:33:09.386, 1, 3476, 100, 0, 34, 42.56
2026/04/13 20:33:10.389, 0, 3476, 100, 0, 34, 42.01
2026/04/13 20:33:10.392, 1, 3476, 100, 0, 34, 42.55
2026/04/13 20:33:11.396, 0, 3476, 100, 0, 34, 42.01
2026/04/13 20:33:11.398, 1, 3476, 100, 0, 34, 42.56
2026/04/13 20:33:12.402, 0, 3476, 100, 0, 34, 41.90
2026/04/13 20:33:12.405, 1, 3476, 100, 0, 34, 42.45
2026/04/13 20:33:13.409, 0, 3476, 100, 0, 34, 42.10
2026/04/13 20:33:13.411, 1, 3476, 100, 0, 34, 42.55
2026/04/13 20:33:14.417, 0, 3476, 100, 0, 34, 42.01
2026/04/13 20:33:14.420, 1, 3476, 100, 0, 34, 42.56
2026/04/13 20:33:15.424, 0, 3476, 100, 0, 34, 41.99
2026/04/13 20:33:15.427, 1, 3476, 100, 0, 34, 42.55
2026/04/13 20:33:16.431, 0, 3476, 100, 0, 34, 41.90
2026/04/13 20:33:16.434, 1, 3476, 100, 0, 34, 42.65
2026/04/13 20:33:17.438, 0, 3476, 100, 0, 34, 42.01
2026/04/13 20:33:17.440, 1, 3476, 100, 0, 34, 42.56
2026/04/13 20:33:18.444, 0, 3476, 100, 0, 34, 41.89
2026/04/13 20:33:18.447, 1, 3476, 100, 0, 34, 42.55
2026/04/13 20:33:19.450, 0, 3476, 100, 0, 34, 42.01
2026/04/13 20:33:19.453, 1, 3476, 100, 0, 34, 42.55
2026/04/13 20:33:20.457, 0, 3476, 100, 0, 34, 42.01
2026/04/13 20:33:20.461, 1, 3476, 100, 0, 34, 42.45
2026/04/13 20:33:21.464, 0, 3476, 100, 0, 34, 42.00
2026/04/13 20:33:21.467, 1, 3476, 100, 0, 34, 42.65
2026/04/13 20:33:22.471, 0, 3476, 100, 0, 34, 42.00
2026/04/13 20:33:22.474, 1, 3476, 100, 0, 34, 42.66
2026/04/13 20:33:23.477, 0, 3476, 100, 0, 34, 41.99
2026/04/13 20:33:23.480, 1, 3476, 100, 0, 34, 42.56
2026/04/13 20:33:24.484, 0, 3476, 100, 0, 34, 41.99
2026/04/13 20:33:24.488, 1, 3476, 100, 0, 34, 42.55
2026/04/13 20:33:25.492, 0, 3476, 100, 0, 34, 42.01
2026/04/13 20:33:25.495, 1, 3476, 100, 0, 34, 42.56
2026/04/13 20:33:26.499, 0, 3476, 100, 0, 34, 41.91
2026/04/13 20:33:26.501, 1, 3476, 100, 0, 34, 42.65
2026/04/13 20:33:27.505, 0, 3476, 100, 0, 34, 42.00
2026/04/13 20:33:27.508, 1, 3476, 100, 0, 34, 42.55
2026/04/13 20:33:28.514, 0, 3476, 100, 0, 34, 42.01
2026/04/13 20:33:28.517, 1, 3476, 100, 0, 34, 42.55
2026/04/13 20:33:29.521, 0, 3476, 100, 0, 34, 41.91
2026/04/13 20:33:29.523, 1, 3476, 100, 0, 34, 42.56
2026/04/13 20:33:30.527, 0, 3476, 100, 0, 34, 42.00
2026/04/13 20:33:30.530, 1, 3476, 100, 0, 34, 42.56
2026/04/13 20:33:31.534, 0, 3476, 100, 0, 34, 41.90
2026/04/13 20:33:31.536, 1, 3476, 100, 0, 34, 42.56
2026/04/13 20:33:32.540, 0, 3476, 100, 0, 34, 42.00
2026/04/13 20:33:32.544, 1, 3476, 100, 0, 34, 42.55
2026/04/13 20:33:33.548, 0, 3476, 100, 0, 34, 41.91
2026/04/13 20:33:33.551, 1, 3476, 100, 0, 34, 42.55
2026/04/13 20:33:34.554, 0, 3476, 100, 0, 34, 41.91
2026/04/13 20:33:34.557, 1, 3476, 100, 0, 34, 42.55
2026/04/13 20:33:35.561, 0, 3476, 100, 0, 34, 42.01
2026/04/13 20:33:35.564, 1, 3476, 100, 0, 34, 42.55
2026/04/13 20:33:36.567, 0, 3476, 100, 0, 34, 42.01
2026/04/13 20:33:36.572, 1, 3476, 100, 0, 34, 42.55
2026/04/13 20:33:37.578, 0, 3476, 100, 0, 34, 41.90
2026/04/13 20:33:37.581, 1, 3476, 100, 0, 34, 42.55
2026/04/13 20:33:38.585, 0, 3476, 100, 0, 34, 41.89
2026/04/13 20:33:38.587, 1, 3476, 100, 0, 34, 42.65
2026/04/13 20:33:39.591, 0, 3476, 100, 0, 34, 41.89
2026/04/13 20:33:39.594, 1, 3476, 100, 0, 34, 42.55
2026/04/13 20:33:40.598, 0, 3476, 100, 0, 34, 41.91
2026/04/13 20:33:40.600, 1, 3476, 100, 0, 34, 42.55
2026/04/13 20:33:41.604, 0, 3476, 100, 0, 34, 42.00
2026/04/13 20:33:41.607, 1, 3476, 100, 0, 34, 42.55
2026/04/13 20:33:42.611, 0, 3476, 100, 0, 34, 42.00
2026/04/13 20:33:42.613, 1, 3476, 100, 0, 34, 42.55
2026/04/13 20:33:43.617, 0, 3476, 100, 0, 34, 42.00
2026/04/13 20:33:43.620, 1, 3476, 100, 0, 34, 42.55
2026/04/13 20:33:44.624, 0, 3476, 100, 0, 34, 41.89
2026/04/13 20:33:44.628, 1, 3476, 100, 0, 34, 42.56
2026/04/13 20:33:45.632, 0, 3476, 100, 0, 34, 42.01
2026/04/13 20:33:45.634, 1, 3476, 100, 0, 34, 42.55
2026/04/13 20:33:46.638, 0, 3476, 100, 0, 34, 41.91
2026/04/13 20:33:46.641, 1, 3476, 100, 0, 34, 42.56
2026/04/13 20:33:47.645, 0, 3476, 100, 0, 34, 42.10
2026/04/13 20:33:47.647, 1, 3476, 100, 0, 34, 42.65
2026/04/13 20:33:48.651, 0, 3476, 100, 0, 34, 42.00
2026/04/13 20:33:48.658, 1, 3476, 100, 0, 34, 42.45
2026/04/13 20:33:49.663, 0, 3476, 100, 0, 34, 42.01
2026/04/13 20:33:49.666, 1, 3476, 100, 0, 34, 42.55
2026/04/13 20:33:50.670, 0, 3476, 100, 0, 34, 41.99
2026/04/13 20:33:50.673, 1, 3476, 100, 0, 34, 42.55
2026/04/13 20:33:51.676, 0, 3476, 100, 0, 34, 42.01
2026/04/13 20:33:51.679, 1, 3476, 100, 0, 34, 42.56
2026/04/13 20:33:52.685, 0, 3476, 100, 0, 34, 41.90
2026/04/13 20:33:52.688, 1, 3476, 100, 0, 34, 42.55
2026/04/13 20:33:53.692, 0, 3476, 100, 0, 34, 41.91
2026/04/13 20:33:53.695, 1, 3476, 100, 0, 34, 42.55
2026/04/13 20:33:54.698, 0, 3476, 100, 0, 34, 42.10
2026/04/13 20:33:54.701, 1, 3476, 100, 0, 34, 42.65
2026/04/13 20:33:55.705, 0, 3476, 100, 0, 34, 42.01
2026/04/13 20:33:55.707, 1, 3476, 100, 0, 34, 42.55
2026/04/13 20:33:56.711, 0, 3476, 100, 0, 34, 42.00
2026/04/13 20:33:56.714, 1, 3476, 100, 0, 34, 42.55
2026/04/13 20:33:57.718, 0, 3476, 100, 0, 34, 42.01
2026/04/13 20:33:57.720, 1, 3476, 100, 0, 34, 42.55
2026/04/13 20:33:58.724, 0, 3476, 100, 0, 34, 42.01
2026/04/13 20:33:58.728, 1, 3476, 100, 0, 34, 42.66
2026/04/13 20:33:59.731, 0, 3476, 100, 0, 34, 42.01
2026/04/13 20:33:59.734, 1, 3476, 100, 0, 34, 42.56
2026/04/13 20:34:00.738, 0, 3476, 100, 0, 34, 42.00
2026/04/13 20:34:00.740, 1, 3476, 100, 0, 34, 42.55
2026/04/13 20:34:01.744, 0, 3476, 100, 0, 34, 42.01
2026/04/13 20:34:01.747, 1, 3476, 100, 0, 34, 42.55
2026/04/13 20:34:02.751, 0, 3476, 100, 0, 34, 41.91
2026/04/13 20:34:02.754, 1, 3476, 100, 0, 34, 42.56
2026/04/13 20:34:03.758, 0, 3476, 100, 0, 34, 41.90
2026/04/13 20:34:03.761, 1, 3476, 100, 0, 34, 42.55
2026/04/13 20:34:04.763, 0, 3476, 100, 0, 34, 42.10
2026/04/13 20:34:04.766, 1, 3476, 100, 0, 34, 42.55
2026/04/13 20:34:05.769, 0, 3476, 100, 0, 34, 42.00
2026/04/13 20:34:05.772, 1, 3476, 100, 0, 34, 42.56
2026/04/13 20:34:06.775, 0, 3476, 100, 0, 34, 41.99
2026/04/13 20:34:06.778, 1, 3476, 100, 0, 34, 42.55
2026/04/13 20:34:07.781, 0, 3476, 100, 0, 34, 42.00
2026/04/13 20:34:07.785, 1, 3476, 100, 0, 34, 42.55
2026/04/13 20:34:08.788, 0, 3476, 100, 0, 34, 42.00
2026/04/13 20:34:08.791, 1, 3476, 100, 0, 34, 42.55
2026/04/13 20:34:09.794, 0, 3476, 100, 0, 34, 42.00
2026/04/13 20:34:09.796, 1, 3476, 100, 0, 34, 42.66
2026/04/13 20:34:10.799, 0, 3476, 100, 0, 34, 42.10
2026/04/13 20:34:10.802, 1, 3476, 100, 0, 34, 42.65
2026/04/13 20:34:11.806, 0, 3476, 100, 0, 34, 42.00
2026/04/13 20:34:11.808, 1, 3476, 100, 0, 34, 42.55
2026/04/13 20:34:12.811, 0, 3476, 100, 0, 34, 41.89
2026/04/13 20:34:12.814, 1, 3476, 100, 0, 34, 42.55
2026/04/13 20:34:13.817, 0, 3476, 100, 0, 34, 42.10
2026/04/13 20:34:13.820, 1, 3476, 100, 0, 34, 42.65
2026/04/13 20:34:14.824, 0, 3476, 100, 0, 34, 42.10
2026/04/13 20:34:14.826, 1, 3476, 100, 0, 34, 42.55
2026/04/13 20:34:15.830, 0, 3476, 100, 0, 34, 42.00
2026/04/13 20:34:15.833, 1, 3476, 100, 0, 34, 42.65
2026/04/13 20:34:16.836, 0, 3476, 100, 0, 34, 41.99
2026/04/13 20:34:16.838, 1, 3476, 100, 0, 34, 42.55
2026/04/13 20:34:17.842, 0, 3476, 100, 0, 34, 41.89
2026/04/13 20:34:17.845, 1, 3476, 100, 0, 34, 42.55
2026/04/13 20:34:18.848, 0, 3476, 100, 0, 34, 42.01
2026/04/13 20:34:18.850, 1, 3476, 100, 0, 34, 42.55
2026/04/13 20:34:19.857, 0, 3476, 100, 0, 34, 42.00
2026/04/13 20:34:19.860, 1, 3476, 100, 0, 34, 42.55
2026/04/13 20:34:20.862, 0, 3476, 100, 0, 34, 42.01
2026/04/13 20:34:20.865, 1, 3476, 100, 0, 34, 42.65
2026/04/13 20:34:21.870, 0, 3476, 100, 0, 34, 42.01
2026/04/13 20:34:21.873, 1, 3476, 100, 0, 34, 42.55
2026/04/13 20:34:22.877, 0, 3476, 100, 0, 34, 42.00
2026/04/13 20:34:22.880, 1, 3476, 100, 0, 34, 42.55
2026/04/13 20:34:23.883, 0, 3476, 100, 0, 34, 42.01
2026/04/13 20:34:23.888, 1, 3476, 100, 0, 34, 42.46
2026/04/13 20:34:24.891, 0, 3476, 100, 0, 34, 41.90
2026/04/13 20:34:24.894, 1, 3476, 100, 0, 34, 42.56
2026/04/13 20:34:25.898, 0, 3476, 100, 0, 34, 42.01
2026/04/13 20:34:25.901, 1, 3476, 100, 0, 34, 42.45
2026/04/13 20:34:26.905, 0, 3476, 100, 0, 34, 42.00
2026/04/13 20:34:26.907, 1, 3476, 100, 0, 34, 42.55
2026/04/13 20:34:27.911, 0, 3476, 100, 0, 34, 42.00
2026/04/13 20:34:27.914, 1, 3476, 100, 0, 34, 42.55
2026/04/13 20:34:28.920, 0, 3476, 100, 0, 34, 41.89
2026/04/13 20:34:28.925, 1, 3476, 100, 0, 34, 42.56
2026/04/13 20:34:29.929, 0, 3476, 100, 0, 34, 42.10
2026/04/13 20:34:29.932, 1, 3476, 100, 0, 34, 42.55
2026/04/13 20:34:30.935, 0, 3476, 100, 0, 34, 42.01
2026/04/13 20:34:30.938, 1, 3476, 100, 0, 34, 42.55
2026/04/13 20:34:31.942, 0, 3476, 100, 0, 34, 42.01
2026/04/13 20:34:31.945, 1, 3476, 100, 0, 34, 42.65
2026/04/13 20:34:32.950, 0, 3476, 100, 0, 34, 41.91
2026/04/13 20:34:32.955, 1, 3476, 100, 0, 34, 42.56
2026/04/13 20:34:33.958, 0, 3476, 100, 0, 34, 41.99
2026/04/13 20:34:33.961, 1, 3476, 100, 0, 34, 42.56
2026/04/13 20:34:34.965, 0, 3476, 100, 0, 34, 41.91
2026/04/13 20:34:34.967, 1, 3476, 100, 0, 34, 42.65
2026/04/13 20:34:35.971, 0, 3476, 100, 0, 34, 41.90
2026/04/13 20:34:35.974, 1, 3476, 100, 0, 34, 42.55
2026/04/13 20:34:36.978, 0, 3476, 100, 0, 34, 42.01
2026/04/13 20:34:36.980, 1, 3476, 100, 0, 34, 42.65
2026/04/13 20:34:37.984, 0, 3476, 100, 0, 34, 41.91
2026/04/13 20:34:37.987, 1, 3476, 100, 0, 34, 42.65
2026/04/13 20:34:38.991, 0, 3476, 100, 0, 34, 42.00
2026/04/13 20:34:38.993, 1, 3476, 100, 0, 34, 42.55
2026/04/13 20:34:39.997, 0, 3476, 100, 0, 34, 41.90
2026/04/13 20:34:40.000, 1, 3476, 100, 0, 34, 42.56
2026/04/13 20:34:41.003, 0, 3476, 100, 0, 34, 41.99
2026/04/13 20:34:41.006, 1, 3476, 100, 0, 34, 42.56
2026/04/13 20:34:42.010, 0, 3476, 100, 0, 34, 42.00
2026/04/13 20:34:42.014, 1, 3476, 100, 0, 34, 42.56
2026/04/13 20:34:43.021, 0, 3476, 100, 0, 34, 41.89
2026/04/13 20:34:43.023, 1, 3476, 100, 0, 34, 42.56
2026/04/13 20:34:44.027, 0, 3476, 100, 0, 34, 41.89
2026/04/13 20:34:44.030, 1, 3476, 100, 0, 34, 42.55
2026/04/13 20:34:45.034, 0, 3476, 100, 0, 34, 42.00
2026/04/13 20:34:45.036, 1, 3476, 100, 0, 34, 42.56
2026/04/13 20:34:46.040, 0, 3476, 100, 0, 34, 41.89
2026/04/13 20:34:46.043, 1, 3476, 100, 0, 34, 42.66
2026/04/13 20:34:47.050, 0, 3476, 100, 0, 34, 42.01
2026/04/13 20:34:47.052, 1, 3476, 100, 0, 34, 42.55
2026/04/13 20:34:48.056, 0, 3476, 100, 0, 34, 42.00
2026/04/13 20:34:48.059, 1, 3476, 100, 0, 34, 42.56
2026/04/13 20:34:49.062, 0, 3476, 100, 0, 34, 41.91
2026/04/13 20:34:49.068, 1, 3476, 100, 0, 34, 42.56
2026/04/13 20:34:50.071, 0, 3476, 100, 0, 34, 42.00
2026/04/13 20:34:50.074, 1, 3476, 100, 0, 34, 42.55
2026/04/13 20:34:51.078, 0, 3476, 100, 0, 34, 42.01
2026/04/13 20:34:51.081, 1, 3476, 100, 0, 34, 42.55
2026/04/13 20:34:52.084, 0, 3476, 100, 0, 34, 42.01
2026/04/13 20:34:52.087, 1, 3476, 100, 0, 34, 42.55
2026/04/13 20:34:53.092, 0, 3476, 100, 0, 34, 41.90
2026/04/13 20:34:53.096, 1, 3476, 100, 0, 34, 42.55
2026/04/13 20:34:54.100, 0, 3476, 100, 0, 34, 42.10
2026/04/13 20:34:54.102, 1, 3476, 100, 0, 34, 42.55
2026/04/13 20:34:55.106, 0, 3476, 100, 0, 34, 41.90
2026/04/13 20:34:55.109, 1, 3476, 100, 0, 34, 42.55
2026/04/13 20:34:56.113, 0, 3476, 100, 0, 34, 41.99
2026/04/13 20:34:56.115, 1, 3476, 100, 0, 34, 42.55
2026/04/13 20:34:57.119, 0, 3476, 100, 0, 34, 41.90
2026/04/13 20:34:57.124, 1, 3476, 100, 0, 34, 42.56
2026/04/13 20:34:58.128, 0, 3476, 100, 0, 34, 42.10
2026/04/13 20:34:58.131, 1, 3476, 100, 0, 34, 42.56
2026/04/13 20:34:59.137, 0, 3476, 100, 0, 34, 42.01
2026/04/13 20:34:59.140, 1, 3476, 100, 0, 34, 42.55
2026/04/13 20:35:00.144, 0, 3476, 100, 0, 34, 42.01
2026/04/13 20:35:00.147, 1, 3476, 100, 0, 34, 42.55
2026/04/13 20:35:01.151, 0, 3476, 100, 0, 34, 42.09
2026/04/13 20:35:01.156, 1, 3476, 100, 0, 34, 42.55
2026/04/13 20:35:02.160, 0, 3476, 100, 0, 34, 42.10
2026/04/13 20:35:02.162, 1, 3476, 100, 0, 34, 42.55
2026/04/13 20:35:03.166, 0, 3476, 100, 0, 34, 41.90
2026/04/13 20:35:03.169, 1, 3476, 100, 0, 34, 42.65
2026/04/13 20:35:04.175, 0, 3476, 100, 0, 34, 42.00
2026/04/13 20:35:04.177, 1, 3476, 100, 0, 34, 42.55
2026/04/13 20:35:05.181, 0, 3476, 100, 0, 34, 42.00
2026/04/13 20:35:05.184, 1, 3476, 100, 0, 34, 42.55
2026/04/13 20:35:06.188, 0, 3476, 100, 0, 34, 42.01
2026/04/13 20:35:06.191, 1, 3476, 100, 0, 34, 42.56
2026/04/13 20:35:07.194, 0, 3476, 100, 0, 34, 41.91
2026/04/13 20:35:07.197, 1, 3476, 100, 0, 34, 42.55
2026/04/13 20:35:08.201, 0, 3476, 100, 0, 34, 41.99
2026/04/13 20:35:08.207, 1, 3476, 100, 0, 34, 42.56
2026/04/13 20:35:09.211, 0, 3476, 100, 0, 34, 42.00
2026/04/13 20:35:09.214, 1, 3476, 100, 0, 34, 42.55
2026/04/13 20:35:10.218, 0, 3476, 100, 0, 34, 42.10
2026/04/13 20:35:10.220, 1, 3476, 100, 0, 34, 42.65
2026/04/13 20:35:11.224, 0, 3476, 100, 0, 34, 42.10
2026/04/13 20:35:11.227, 1, 3476, 100, 0, 34, 42.56
2026/04/13 20:35:12.231, 0, 3476, 100, 0, 34, 41.99
2026/04/13 20:35:12.234, 1, 3476, 100, 0, 34, 42.55
2026/04/13 20:35:13.237, 0, 3476, 100, 0, 34, 42.00
2026/04/13 20:35:13.242, 1, 3476, 100, 0, 34, 42.55
2026/04/13 20:35:14.245, 0, 3476, 100, 0, 34, 41.99
2026/04/13 20:35:14.248, 1, 3476, 100, 0, 34, 42.55
2026/04/13 20:35:15.253, 0, 3476, 100, 0, 34, 42.01
2026/04/13 20:35:15.255, 1, 3476, 100, 0, 34, 42.55
2026/04/13 20:35:16.259, 0, 3476, 100, 0, 34, 42.01
2026/04/13 20:35:16.262, 1, 3476, 100, 0, 34, 42.55
2026/04/13 20:35:17.266, 0, 3476, 100, 0, 34, 41.90
2026/04/13 20:35:17.269, 1, 3476, 100, 0, 34, 42.65
2026/04/13 20:35:18.272, 0, 3476, 100, 0, 34, 41.90
2026/04/13 20:35:18.275, 1, 3476, 100, 0, 34, 42.45
2026/04/13 20:35:19.278, 0, 3476, 100, 0, 34, 41.99
2026/04/13 20:35:19.281, 1, 3476, 100, 0, 34, 42.56
2026/04/13 20:35:20.283, 0, 3476, 100, 0, 34, 42.01
2026/04/13 20:35:20.286, 1, 3476, 100, 0, 34, 42.65
2026/04/13 20:35:21.289, 0, 3476, 100, 0, 34, 42.00
2026/04/13 20:35:21.291, 1, 3476, 100, 0, 34, 42.56
2026/04/13 20:35:22.295, 0, 3476, 100, 0, 34, 41.90
2026/04/13 20:35:22.298, 1, 3476, 100, 0, 34, 42.55
2026/04/13 20:35:23.302, 0, 3476, 100, 0, 34, 42.10
2026/04/13 20:35:23.307, 1, 3476, 100, 0, 34, 42.56
2026/04/13 20:35:24.309, 0, 3476, 100, 0, 34, 42.01
2026/04/13 20:35:24.312, 1, 3476, 100, 0, 34, 42.45
2026/04/13 20:35:25.315, 0, 3476, 100, 0, 34, 42.09
2026/04/13 20:35:25.317, 1, 3476, 100, 0, 34, 42.45
2026/04/13 20:35:26.321, 0, 3476, 100, 0, 34, 41.89
2026/04/13 20:35:26.324, 1, 3476, 100, 0, 34, 42.55
2026/04/13 20:35:27.327, 0, 3476, 100, 0, 34, 41.99
2026/04/13 20:35:27.330, 1, 3476, 100, 0, 34, 42.55
2026/04/13 20:35:28.333, 0, 3476, 100, 0, 34, 42.09
2026/04/13 20:35:28.337, 1, 3476, 100, 0, 34, 42.65
2026/04/13 20:35:29.340, 0, 3476, 100, 0, 34, 42.09
2026/04/13 20:35:29.343, 1, 3476, 100, 0, 34, 42.55
2026/04/13 20:35:30.346, 0, 3476, 100, 0, 34, 41.99
2026/04/13 20:35:30.348, 1, 3476, 100, 0, 34, 42.66
2026/04/13 20:35:31.352, 0, 3476, 100, 0, 34, 41.89
2026/04/13 20:35:31.355, 1, 3476, 100, 0, 34, 42.56
2026/04/13 20:35:32.357, 0, 3476, 100, 0, 34, 41.99
2026/04/13 20:35:32.360, 1, 3476, 100, 0, 34, 42.45
2026/04/13 20:35:33.363, 0, 3476, 100, 0, 34, 42.00
2026/04/13 20:35:33.367, 1, 3476, 100, 0, 34, 42.55
2026/04/13 20:35:34.370, 0, 3476, 100, 0, 34, 42.01
2026/04/13 20:35:34.373, 1, 3476, 100, 0, 34, 42.55
2026/04/13 20:35:35.376, 0, 3476, 100, 0, 34, 42.00
2026/04/13 20:35:35.378, 1, 3476, 100, 0, 34, 42.46
2026/04/13 20:35:36.381, 0, 3476, 100, 0, 34, 42.00
2026/04/13 20:35:36.386, 1, 3476, 100, 0, 34, 42.46
2026/04/13 20:35:37.388, 0, 3476, 100, 0, 34, 41.90
2026/04/13 20:35:37.391, 1, 3476, 100, 0, 34, 42.45
2026/04/13 20:35:38.394, 0, 3476, 100, 0, 34, 42.10
2026/04/13 20:35:38.400, 1, 3476, 100, 0, 34, 42.56
2026/04/13 20:35:39.404, 0, 3476, 100, 0, 34, 42.10
2026/04/13 20:35:39.407, 1, 3476, 100, 0, 34, 42.56
2026/04/13 20:35:40.411, 0, 3476, 100, 0, 34, 42.00
2026/04/13 20:35:40.414, 1, 3476, 100, 0, 34, 42.56
2026/04/13 20:35:41.418, 0, 3476, 100, 0, 34, 42.10
2026/04/13 20:35:41.421, 1, 3476, 100, 0, 34, 42.56
2026/04/13 20:35:42.423, 0, 3476, 100, 0, 34, 42.00
2026/04/13 20:35:42.428, 1, 3476, 100, 0, 34, 42.55
2026/04/13 20:35:43.433, 0, 3476, 100, 0, 34, 42.01
2026/04/13 20:35:43.436, 1, 3476, 100, 0, 34, 42.56
2026/04/13 20:35:44.438, 0, 3476, 100, 0, 34, 42.01
2026/04/13 20:35:44.441, 1, 3476, 100, 0, 34, 42.55
2026/04/13 20:35:45.444, 0, 3476, 100, 0, 34, 42.10
2026/04/13 20:35:45.447, 1, 3476, 100, 0, 34, 42.55
2026/04/13 20:35:46.449, 0, 3476, 100, 0, 34, 42.00
2026/04/13 20:35:46.452, 1, 3476, 100, 0, 34, 42.55
2026/04/13 20:35:47.455, 0, 3476, 100, 0, 34, 42.10
2026/04/13 20:35:47.458, 1, 3476, 100, 0, 34, 42.56
2026/04/13 20:35:48.462, 0, 3476, 100, 0, 34, 42.00
2026/04/13 20:35:48.464, 1, 3476, 100, 0, 34, 42.55
2026/04/13 20:35:49.469, 0, 3476, 100, 0, 34, 42.01
2026/04/13 20:35:49.472, 1, 3476, 100, 0, 34, 42.55
2026/04/13 20:35:50.476, 0, 3476, 100, 0, 34, 42.00
2026/04/13 20:35:50.479, 1, 3476, 100, 0, 34, 42.55
2026/04/13 20:35:51.482, 0, 3476, 100, 0, 34, 42.00
2026/04/13 20:35:51.486, 1, 3476, 100, 0, 34, 42.55
2026/04/13 20:35:52.490, 0, 3476, 100, 0, 34, 42.10
2026/04/13 20:35:52.492, 1, 3476, 100, 0, 34, 42.65
2026/04/13 20:35:53.499, 0, 3476, 100, 0, 34, 42.10
2026/04/13 20:35:53.501, 1, 3476, 100, 0, 34, 42.55
2026/04/13 20:35:54.505, 0, 3476, 100, 0, 34, 41.99
2026/04/13 20:35:54.508, 1, 3476, 100, 0, 34, 42.55
2026/04/13 20:35:55.512, 0, 3476, 100, 0, 34, 42.01
2026/04/13 20:35:55.514, 1, 3476, 100, 0, 34, 42.55
2026/04/13 20:35:56.518, 0, 3476, 100, 0, 34, 42.10
2026/04/13 20:35:56.521, 1, 3476, 100, 0, 34, 42.45
2026/04/13 20:35:57.524, 0, 3476, 100, 0, 34, 42.10
2026/04/13 20:35:57.527, 1, 3476, 100, 0, 34, 42.56
2026/04/13 20:35:58.531, 0, 3476, 100, 0, 34, 42.10
2026/04/13 20:35:58.534, 1, 3476, 100, 0, 34, 42.56
2026/04/13 20:35:59.538, 0, 3476, 100, 0, 34, 42.00
2026/04/13 20:35:59.542, 1, 3476, 100, 0, 34, 42.45
2026/04/13 20:36:00.546, 0, 3476, 100, 0, 34, 42.00
2026/04/13 20:36:00.549, 1, 3476, 100, 0, 34, 42.55
2026/04/13 20:36:01.552, 0, 3476, 100, 0, 34, 41.99
2026/04/13 20:36:01.555, 1, 3476, 100, 0, 34, 42.65
2026/04/13 20:36:02.562, 0, 3476, 100, 0, 34, 41.90
2026/04/13 20:36:02.564, 1, 3476, 100, 0, 34, 42.55
2026/04/13 20:36:03.568, 0, 3476, 100, 0, 34, 42.10
2026/04/13 20:36:03.573, 1, 3476, 100, 0, 34, 42.55
2026/04/13 20:36:04.576, 0, 3476, 100, 0, 34, 42.10
2026/04/13 20:36:04.579, 1, 3476, 100, 0, 34, 42.56
2026/04/13 20:36:05.583, 0, 3476, 100, 0, 34, 41.99
2026/04/13 20:36:05.585, 1, 3476, 100, 0, 34, 42.55
2026/04/13 20:36:06.589, 0, 3476, 100, 0, 34, 42.00
2026/04/13 20:36:06.592, 1, 3476, 100, 0, 34, 42.55
2026/04/13 20:36:07.595, 0, 3476, 100, 0, 34, 41.90
2026/04/13 20:36:07.598, 1, 3476, 100, 0, 34, 42.55
2026/04/13 20:36:08.602, 0, 3476, 100, 0, 34, 41.90
2026/04/13 20:36:08.604, 1, 3476, 100, 0, 34, 42.55
2026/04/13 20:36:09.608, 0, 3476, 100, 0, 34, 42.00
2026/04/13 20:36:09.611, 1, 3476, 100, 0, 34, 42.55
2026/04/13 20:36:10.615, 0, 3476, 100, 0, 34, 42.01
2026/04/13 20:36:10.617, 1, 3476, 100, 0, 34, 42.55
2026/04/13 20:36:11.622, 0, 3476, 100, 0, 34, 42.01
2026/04/13 20:36:11.624, 1, 3476, 100, 0, 34, 42.55
2026/04/13 20:36:12.628, 0, 3476, 100, 0, 34, 42.00
2026/04/13 20:36:12.631, 1, 3476, 100, 0, 34, 42.55
2026/04/13 20:36:13.634, 0, 3476, 100, 0, 34, 42.00
2026/04/13 20:36:13.637, 1, 3476, 100, 0, 34, 42.55
2026/04/13 20:36:14.641, 0, 3476, 100, 0, 34, 42.01
2026/04/13 20:36:14.643, 1, 3476, 100, 0, 34, 42.46
2026/04/13 20:36:15.647, 0, 3476, 100, 0, 34, 41.99
2026/04/13 20:36:15.655, 1, 3476, 100, 0, 34, 42.55
2026/04/13 20:36:16.659, 0, 3476, 100, 0, 34, 42.00
2026/04/13 20:36:16.662, 1, 3476, 100, 0, 34, 42.56
2026/04/13 20:36:17.665, 0, 3476, 100, 0, 34, 42.10
2026/04/13 20:36:17.668, 1, 3476, 100, 0, 34, 42.56
2026/04/13 20:36:18.674, 0, 3476, 100, 0, 34, 42.10
2026/04/13 20:36:18.676, 1, 3476, 100, 0, 34, 42.55
2026/04/13 20:36:19.682, 0, 3476, 100, 0, 34, 41.89
2026/04/13 20:36:19.688, 1, 3476, 100, 0, 34, 42.55
2026/04/13 20:36:20.692, 0, 3476, 100, 0, 34, 42.01
2026/04/13 20:36:20.694, 1, 3476, 100, 0, 34, 42.46
2026/04/13 20:36:21.698, 0, 3476, 100, 0, 34, 41.91
2026/04/13 20:36:21.701, 1, 3476, 100, 0, 34, 42.55
2026/04/13 20:36:22.704, 0, 3476, 100, 0, 34, 41.99
2026/04/13 20:36:22.709, 1, 3476, 100, 0, 34, 42.55
2026/04/13 20:36:23.713, 0, 3476, 100, 0, 34, 42.00
2026/04/13 20:36:23.716, 1, 3476, 100, 0, 34, 42.55
2026/04/13 20:36:24.720, 0, 3476, 100, 0, 34, 41.91
2026/04/13 20:36:24.722, 1, 3476, 100, 0, 34, 42.56
2026/04/13 20:36:25.726, 0, 3476, 100, 0, 34, 41.91
2026/04/13 20:36:25.729, 1, 3476, 100, 0, 34, 42.56
2026/04/13 20:36:26.732, 0, 3476, 100, 0, 34, 42.01
2026/04/13 20:36:26.738, 1, 3476, 100, 0, 34, 42.56
2026/04/13 20:36:27.742, 0, 3476, 100, 0, 34, 42.10
2026/04/13 20:36:27.745, 1, 3476, 100, 0, 34, 42.45
2026/04/13 20:36:28.749, 0, 3476, 100, 0, 34, 41.99
2026/04/13 20:36:28.751, 1, 3476, 100, 0, 34, 42.55
2026/04/13 20:36:29.755, 0, 3476, 100, 0, 34, 41.90
2026/04/13 20:36:29.758, 1, 3476, 100, 0, 34, 42.55
2026/04/13 20:36:30.762, 0, 3476, 100, 0, 34, 41.91
2026/04/13 20:36:30.766, 1, 3476, 100, 0, 34, 42.55
2026/04/13 20:36:31.772, 0, 3476, 100, 0, 34, 41.91
2026/04/13 20:36:31.775, 1, 3476, 100, 0, 34, 42.56
2026/04/13 20:36:32.779, 0, 3476, 100, 0, 34, 41.90
2026/04/13 20:36:32.783, 1, 3476, 100, 0, 34, 42.56
2026/04/13 20:36:33.787, 0, 3476, 100, 0, 34, 41.91
2026/04/13 20:36:33.792, 1, 3476, 100, 0, 34, 42.55
2026/04/13 20:36:34.799, 0, 3476, 100, 0, 34, 41.91
2026/04/13 20:36:34.802, 1, 3476, 100, 0, 34, 42.55
2026/04/13 20:36:35.806, 0, 3476, 100, 0, 34, 42.10
2026/04/13 20:36:35.808, 1, 3476, 100, 0, 34, 42.56
2026/04/13 20:36:36.812, 0, 3476, 100, 0, 34, 41.90
2026/04/13 20:36:36.818, 1, 3476, 100, 0, 34, 42.55
2026/04/13 20:36:37.822, 0, 3476, 100, 0, 34, 41.91
2026/04/13 20:36:37.824, 1, 3476, 100, 0, 34, 42.56
2026/04/13 20:36:38.829, 0, 3476, 100, 0, 34, 41.89
2026/04/13 20:36:38.831, 1, 3476, 100, 0, 34, 42.55
2026/04/13 20:36:39.835, 0, 3476, 100, 0, 34, 42.01
2026/04/13 20:36:39.838, 1, 3476, 100, 0, 34, 42.56
2026/04/13 20:36:40.842, 0, 3476, 100, 0, 34, 41.91
2026/04/13 20:36:40.846, 1, 3476, 100, 0, 34, 42.55
2026/04/13 20:36:41.850, 0, 3476, 100, 0, 34, 42.00
2026/04/13 20:36:41.852, 1, 3476, 100, 0, 34, 42.55
2026/04/13 20:36:42.857, 0, 3476, 100, 0, 34, 41.91
2026/04/13 20:36:42.860, 1, 3476, 100, 0, 34, 42.56
2026/04/13 20:36:43.864, 0, 3476, 100, 0, 34, 41.89
2026/04/13 20:36:43.867, 1, 3476, 100, 0, 34, 42.65
2026/04/13 20:36:44.869, 0, 3476, 100, 0, 34, 41.90
2026/04/13 20:36:44.875, 1, 3476, 100, 0, 34, 42.55
2026/04/13 20:36:45.878, 0, 3476, 100, 0, 34, 41.90
2026/04/13 20:36:45.880, 1, 3476, 100, 0, 34, 42.45
2026/04/13 20:36:46.883, 0, 3476, 100, 0, 34, 41.90
2026/04/13 20:36:46.886, 1, 3476, 100, 0, 34, 42.55
2026/04/13 20:36:47.891, 0, 3476, 100, 0, 34, 41.91
2026/04/13 20:36:47.893, 1, 3476, 100, 0, 34, 42.55
2026/04/13 20:36:48.896, 0, 3476, 100, 0, 34, 41.90
2026/04/13 20:36:48.899, 1, 3476, 100, 0, 34, 42.55
2026/04/13 20:36:49.901, 0, 3476, 100, 0, 34, 41.90
2026/04/13 20:36:49.904, 1, 3476, 100, 0, 34, 42.55
2026/04/13 20:36:50.907, 0, 3476, 100, 0, 34, 42.01
2026/04/13 20:36:50.909, 1, 3476, 100, 0, 34, 42.55
2026/04/13 20:36:51.912, 0, 3476, 100, 0, 34, 41.90
2026/04/13 20:36:51.915, 1, 3476, 100, 0, 34, 42.45
2026/04/13 20:36:52.917, 0, 3476, 100, 0, 34, 42.00
2026/04/13 20:36:52.923, 1, 3476, 100, 0, 34, 42.55
2026/04/13 20:36:53.927, 0, 3476, 100, 0, 34, 42.00
2026/04/13 20:36:53.930, 1, 3476, 100, 0, 34, 42.55
2026/04/13 20:36:54.932, 0, 3476, 100, 0, 34, 41.91
2026/04/13 20:36:54.938, 1, 3476, 100, 0, 34, 42.56
2026/04/13 20:36:55.940, 0, 3476, 100, 0, 34, 41.90
2026/04/13 20:36:55.943, 1, 3476, 100, 0, 34, 42.66
2026/04/13 20:36:56.946, 0, 3476, 100, 0, 34, 41.90
2026/04/13 20:36:56.948, 1, 3476, 100, 0, 34, 42.55
2026/04/13 20:36:57.951, 0, 3476, 100, 0, 34, 41.90
2026/04/13 20:36:57.954, 1, 3476, 100, 0, 34, 42.55
2026/04/13 20:36:58.957, 0, 3476, 100, 0, 34, 41.91
2026/04/13 20:36:58.959, 1, 3476, 100, 0, 34, 42.56
2026/04/13 20:36:59.966, 0, 3476, 100, 0, 34, 41.89
2026/04/13 20:36:59.971, 1, 3476, 100, 0, 34, 42.46
2026/04/13 20:37:00.975, 0, 3476, 100, 0, 34, 41.90
2026/04/13 20:37:00.977, 1, 3476, 100, 0, 34, 42.55
2026/04/13 20:37:01.980, 0, 3476, 100, 0, 34, 41.90
2026/04/13 20:37:01.983, 1, 3476, 100, 0, 34, 42.55
2026/04/13 20:37:02.985, 0, 3476, 100, 0, 34, 41.91
2026/04/13 20:37:02.988, 1, 3476, 100, 0, 34, 42.56
2026/04/13 20:37:03.991, 0, 3476, 100, 0, 34, 41.90
2026/04/13 20:37:03.993, 1, 3476, 100, 0, 34, 42.65
2026/04/13 20:37:04.996, 0, 3476, 100, 0, 34, 42.00
2026/04/13 20:37:05.000, 1, 3476, 100, 0, 34, 42.56
2026/04/13 20:37:06.004, 0, 3476, 100, 0, 34, 42.00
2026/04/13 20:37:06.006, 1, 3476, 100, 0, 34, 42.55
2026/04/13 20:37:07.009, 0, 3476, 100, 0, 34, 41.90
2026/04/13 20:37:07.012, 1, 3476, 100, 0, 34, 42.65
2026/04/13 20:37:08.014, 0, 3476, 100, 0, 34, 41.89
2026/04/13 20:37:08.017, 1, 3476, 100, 0, 34, 42.45
2026/04/13 20:37:09.020, 0, 3476, 100, 0, 34, 41.90
2026/04/13 20:37:09.023, 1, 3476, 100, 0, 34, 42.55
2026/04/13 20:37:10.026, 0, 3476, 100, 0, 34, 41.90
2026/04/13 20:37:10.030, 1, 3476, 100, 0, 34, 42.45
2026/04/13 20:37:11.033, 0, 3476, 100, 0, 34, 42.00
2026/04/13 20:37:11.035, 1, 3476, 100, 0, 34, 42.56
2026/04/13 20:37:12.042, 0, 3476, 100, 0, 34, 41.90
2026/04/13 20:37:12.044, 1, 3476, 100, 0, 34, 42.55
2026/04/13 20:37:13.048, 0, 3476, 100, 0, 34, 41.89
2026/04/13 20:37:13.051, 1, 3476, 100, 0, 34, 42.56
2026/04/13 20:37:14.055, 0, 3476, 100, 0, 34, 41.99
2026/04/13 20:37:14.059, 1, 3476, 100, 0, 34, 42.45
2026/04/13 20:37:15.064, 0, 3476, 100, 0, 34, 42.00
2026/04/13 20:37:15.067, 1, 3476, 100, 0, 34, 42.55
2026/04/13 20:37:16.071, 0, 3476, 100, 0, 34, 41.89
2026/04/13 20:37:16.073, 1, 3476, 100, 0, 34, 42.56
2026/04/13 20:37:17.077, 0, 3476, 100, 0, 34, 41.91
2026/04/13 20:37:17.080, 1, 3476, 100, 0, 34, 42.65
2026/04/13 20:37:18.084, 0, 3476, 100, 0, 34, 41.90
2026/04/13 20:37:18.086, 1, 3476, 100, 0, 34, 42.55
2026/04/13 20:37:19.090, 0, 3476, 100, 0, 34, 41.91
2026/04/13 20:37:19.093, 1, 3476, 100, 0, 34, 42.56
2026/04/13 20:37:20.096, 0, 3476, 100, 0, 34, 41.90
2026/04/13 20:37:20.099, 1, 3476, 100, 0, 34, 42.56
2026/04/13 20:37:21.103, 0, 3476, 100, 0, 34, 41.91
2026/04/13 20:37:21.105, 1, 3476, 100, 0, 34, 42.55
2026/04/13 20:37:22.109, 0, 3476, 100, 0, 34, 41.90
2026/04/13 20:37:22.112, 1, 3476, 100, 0, 34, 42.45
2026/04/13 20:37:23.116, 0, 3476, 100, 0, 34, 41.89
2026/04/13 20:37:23.119, 1, 3476, 100, 0, 34, 42.65
2026/04/13 20:37:24.122, 0, 3476, 100, 0, 34, 42.01
2026/04/13 20:37:24.125, 1, 3476, 100, 0, 34, 42.55
2026/04/13 20:37:25.129, 0, 3476, 100, 0, 34, 42.00
2026/04/13 20:37:25.132, 1, 3476, 100, 0, 34, 42.45
2026/04/13 20:37:26.138, 0, 3476, 100, 0, 34, 41.90
2026/04/13 20:37:26.141, 1, 3476, 100, 0, 34, 42.55
2026/04/13 20:37:27.145, 0, 3476, 100, 0, 34, 41.89
2026/04/13 20:37:27.147, 1, 3476, 100, 0, 34, 42.55
2026/04/13 20:37:28.151, 0, 3476, 100, 0, 34, 41.91
2026/04/13 20:37:28.154, 1, 3476, 100, 0, 34, 42.46
2026/04/13 20:37:29.158, 0, 3476, 100, 0, 34, 41.91
2026/04/13 20:37:29.161, 1, 3476, 100, 0, 34, 42.55
2026/04/13 20:37:30.167, 0, 3476, 100, 0, 34, 42.00
2026/04/13 20:37:30.170, 1, 3476, 100, 0, 34, 42.55
2026/04/13 20:37:31.174, 0, 3476, 100, 0, 34, 41.90
2026/04/13 20:37:31.176, 1, 3476, 100, 0, 34, 42.56
2026/04/13 20:37:32.180, 0, 3476, 100, 0, 34, 41.99
2026/04/13 20:37:32.183, 1, 3476, 100, 0, 34, 42.45
2026/04/13 20:37:33.186, 0, 3476, 100, 0, 34, 41.90
2026/04/13 20:37:33.189, 1, 3476, 100, 0, 34, 42.45
2026/04/13 20:37:34.193, 0, 3476, 100, 0, 34, 41.91
2026/04/13 20:37:34.196, 1, 3476, 100, 0, 34, 42.55
2026/04/13 20:37:35.201, 0, 3476, 100, 0, 34, 41.90
2026/04/13 20:37:35.203, 1, 3476, 100, 0, 34, 42.55
2026/04/13 20:37:36.207, 0, 3476, 100, 0, 34, 41.90
2026/04/13 20:37:36.210, 1, 3476, 100, 0, 34, 42.55
2026/04/13 20:37:37.216, 0, 3476, 100, 0, 34, 41.90
2026/04/13 20:37:37.218, 1, 3476, 100, 0, 34, 42.56
2026/04/13 20:37:38.222, 0, 3476, 100, 0, 34, 41.91
2026/04/13 20:37:38.225, 1, 3476, 100, 0, 34, 42.55
2026/04/13 20:37:39.231, 0, 3476, 100, 0, 34, 41.90
2026/04/13 20:37:39.234, 1, 3476, 100, 0, 34, 42.56
2026/04/13 20:37:40.237, 0, 3476, 100, 0, 34, 41.90
2026/04/13 20:37:40.240, 1, 3476, 100, 0, 34, 42.55
2026/04/13 20:37:41.244, 0, 3476, 100, 0, 34, 41.89
2026/04/13 20:37:41.247, 1, 3476, 100, 0, 34, 42.55
2026/04/13 20:37:42.250, 0, 3476, 100, 0, 34, 41.89
2026/04/13 20:37:42.253, 1, 3476, 100, 0, 34, 42.55
2026/04/13 20:37:43.259, 0, 3476, 100, 0, 34, 41.91
2026/04/13 20:37:43.262, 1, 3476, 100, 0, 34, 42.55
2026/04/13 20:37:44.266, 0, 3476, 100, 0, 34, 41.91
2026/04/13 20:37:44.268, 1, 3476, 100, 0, 34, 42.55
2026/04/13 20:37:45.272, 0, 3476, 100, 0, 34, 41.91
2026/04/13 20:37:45.275, 1, 3476, 100, 0, 34, 42.56
2026/04/13 20:37:46.279, 0, 3476, 100, 0, 34, 41.91
2026/04/13 20:37:46.284, 1, 3476, 100, 0, 34, 42.45
2026/04/13 20:37:47.288, 0, 3476, 100, 0, 34, 41.89
2026/04/13 20:37:47.291, 1, 3476, 100, 0, 34, 42.45
2026/04/13 20:37:48.294, 0, 3476, 100, 0, 34, 41.90
2026/04/13 20:37:48.297, 1, 3476, 100, 0, 34, 42.46
2026/04/13 20:37:49.301, 0, 3476, 100, 0, 34, 42.00
2026/04/13 20:37:49.304, 1, 3476, 100, 0, 34, 42.55
2026/04/13 20:37:50.307, 0, 3476, 100, 0, 34, 41.90
2026/04/13 20:37:50.311, 1, 3476, 100, 0, 34, 42.55
2026/04/13 20:37:51.317, 0, 3476, 100, 0, 34, 41.99
2026/04/13 20:37:51.319, 1, 3476, 100, 0, 34, 42.56
2026/04/13 20:37:52.323, 0, 3476, 100, 0, 34, 42.01
2026/04/13 20:37:52.326, 1, 3476, 100, 0, 34, 42.47
2026/04/13 20:37:53.330, 0, 3476, 100, 0, 34, 41.91
2026/04/13 20:37:53.332, 1, 3476, 100, 0, 34, 42.45
2026/04/13 20:37:54.336, 0, 3476, 100, 0, 34, 41.90
2026/04/13 20:37:54.339, 1, 3476, 100, 0, 34, 42.55
2026/04/13 20:37:55.346, 0, 3476, 100, 0, 34, 41.91
2026/04/13 20:37:55.349, 1, 3476, 100, 0, 34, 42.56
2026/04/13 20:37:56.353, 0, 3476, 100, 0, 34, 41.91
2026/04/13 20:37:56.356, 1, 3476, 100, 0, 34, 42.65
2026/04/13 20:37:57.360, 0, 3476, 100, 0, 34, 41.90
2026/04/13 20:37:57.365, 1, 3476, 100, 0, 34, 42.55
2026/04/13 20:37:58.369, 0, 3476, 100, 0, 34, 41.90
2026/04/13 20:37:58.372, 1, 3476, 100, 0, 34, 42.55
2026/04/13 20:37:59.375, 0, 3476, 100, 0, 34, 41.90
2026/04/13 20:37:59.378, 1, 3476, 100, 0, 34, 42.55
2026/04/13 20:38:00.382, 0, 3476, 100, 0, 34, 41.91
2026/04/13 20:38:00.385, 1, 3476, 100, 0, 34, 42.45
2026/04/13 20:38:01.388, 0, 3476, 100, 0, 34, 41.91
2026/04/13 20:38:01.393, 1, 3476, 100, 0, 34, 42.45
2026/04/13 20:38:02.396, 0, 3476, 100, 0, 34, 42.00
2026/04/13 20:38:02.400, 1, 3476, 100, 0, 34, 42.55
2026/04/13 20:38:03.404, 0, 3476, 100, 0, 34, 41.91
2026/04/13 20:38:03.406, 1, 3476, 100, 0, 34, 42.66
2026/04/13 20:38:04.410, 0, 3476, 100, 0, 34, 41.90
2026/04/13 20:38:04.413, 1, 3476, 100, 0, 34, 42.55
2026/04/13 20:38:05.417, 0, 3476, 100, 0, 34, 42.01
2026/04/13 20:38:05.421, 1, 3476, 100, 0, 34, 42.56
2026/04/13 20:38:06.425, 0, 3476, 100, 0, 34, 41.90
2026/04/13 20:38:06.428, 1, 3476, 100, 0, 34, 42.46
2026/04/13 20:38:07.432, 0, 3476, 100, 0, 34, 42.00
2026/04/13 20:38:07.435, 1, 3476, 100, 0, 34, 42.55
2026/04/13 20:38:08.438, 0, 3476, 100, 0, 34, 41.91
2026/04/13 20:38:08.441, 1, 3476, 100, 0, 34, 42.55
2026/04/13 20:38:09.445, 0, 3476, 100, 0, 34, 41.91
2026/04/13 20:38:09.448, 1, 3476, 100, 0, 34, 42.55
2026/04/13 20:38:10.451, 0, 3476, 100, 0, 34, 42.01
2026/04/13 20:38:10.454, 1, 3476, 100, 0, 34, 42.55
2026/04/13 20:38:11.457, 0, 3476, 100, 0, 34, 41.89
2026/04/13 20:38:11.460, 1, 3476, 100, 0, 34, 42.55
2026/04/13 20:38:12.466, 0, 3476, 100, 0, 34, 41.91
2026/04/13 20:38:12.468, 1, 3476, 100, 0, 34, 42.45
2026/04/13 20:38:13.471, 0, 3476, 100, 0, 34, 41.91
2026/04/13 20:38:13.475, 1, 3476, 100, 0, 34, 42.55
2026/04/13 20:38:14.478, 0, 3476, 100, 0, 34, 42.01
2026/04/13 20:38:14.481, 1, 3476, 100, 0, 34, 42.45
2026/04/13 20:38:15.484, 0, 3476, 100, 0, 34, 42.01
2026/04/13 20:38:15.486, 1, 3476, 100, 0, 34, 42.55
2026/04/13 20:38:16.493, 0, 3476, 100, 0, 34, 42.01
2026/04/13 20:38:16.495, 1, 3476, 100, 0, 34, 42.45
2026/04/13 20:38:17.499, 0, 3476, 100, 0, 34, 41.99
2026/04/13 20:38:17.502, 1, 3476, 100, 0, 34, 42.56
2026/04/13 20:38:18.506, 0, 3476, 100, 0, 34, 41.90
2026/04/13 20:38:18.508, 1, 3476, 100, 0, 34, 42.55
2026/04/13 20:38:19.512, 0, 3476, 100, 0, 34, 41.90
2026/04/13 20:38:19.515, 1, 3476, 100, 0, 34, 42.45
2026/04/13 20:38:20.519, 0, 3476, 100, 0, 34, 41.90
2026/04/13 20:38:20.521, 1, 3476, 100, 0, 34, 42.56
2026/04/13 20:38:21.525, 0, 3476, 100, 0, 34, 41.91
2026/04/13 20:38:21.528, 1, 3476, 100, 0, 34, 42.56
2026/04/13 20:38:22.533, 0, 3476, 100, 0, 34, 42.00
2026/04/13 20:38:22.537, 1, 3476, 100, 0, 34, 42.55
2026/04/13 20:38:23.541, 0, 3476, 100, 0, 34, 41.90
2026/04/13 20:38:23.544, 1, 3476, 100, 0, 34, 42.56
2026/04/13 20:38:24.548, 0, 3476, 100, 0, 34, 41.89
2026/04/13 20:38:24.550, 1, 3476, 100, 0, 34, 42.56
2026/04/13 20:38:25.554, 0, 3476, 100, 0, 34, 41.91
2026/04/13 20:38:25.557, 1, 3476, 100, 0, 34, 42.55
2026/04/13 20:38:26.560, 0, 3476, 100, 0, 34, 42.01
2026/04/13 20:38:26.563, 1, 3476, 100, 0, 34, 42.45
2026/04/13 20:38:27.567, 0, 3476, 100, 0, 34, 41.90
2026/04/13 20:38:27.570, 1, 3476, 100, 0, 34, 42.46
2026/04/13 20:38:28.574, 0, 3476, 100, 0, 34, 41.91
2026/04/13 20:38:28.576, 1, 3476, 100, 0, 34, 42.55
2026/04/13 20:38:29.581, 0, 3476, 100, 0, 34, 41.90
2026/04/13 20:38:29.583, 1, 3476, 100, 0, 34, 42.45
2026/04/13 20:38:30.587, 0, 3476, 100, 0, 34, 42.00
2026/04/13 20:38:30.591, 1, 3476, 100, 0, 34, 42.55
2026/04/13 20:38:31.595, 0, 3476, 100, 0, 34, 41.90
2026/04/13 20:38:31.598, 1, 3476, 100, 0, 34, 42.55
2026/04/13 20:38:32.601, 0, 3476, 100, 0, 34, 42.00
2026/04/13 20:38:32.604, 1, 3476, 100, 0, 34, 42.45
2026/04/13 20:38:33.608, 0, 3476, 100, 0, 34, 41.90
2026/04/13 20:38:33.610, 1, 3476, 100, 0, 34, 42.55
2026/04/13 20:38:34.615, 0, 3476, 100, 0, 34, 41.91
2026/04/13 20:38:34.621, 1, 3476, 100, 0, 34, 42.55
2026/04/13 20:38:35.625, 0, 3476, 100, 0, 34, 41.89
2026/04/13 20:38:35.628, 1, 3476, 100, 0, 34, 42.55
2026/04/13 20:38:36.631, 0, 3476, 100, 0, 34, 41.91
2026/04/13 20:38:36.634, 1, 3476, 100, 0, 34, 42.55
2026/04/13 20:38:37.638, 0, 3476, 100, 0, 34, 41.90
2026/04/13 20:38:37.640, 1, 3476, 100, 0, 34, 42.56
2026/04/13 20:38:38.644, 0, 3476, 100, 0, 34, 41.91
2026/04/13 20:38:38.648, 1, 3476, 100, 0, 34, 42.46
2026/04/13 20:38:39.655, 0, 3476, 100, 0, 34, 41.90
2026/04/13 20:38:39.658, 1, 3476, 100, 0, 34, 42.55
2026/04/13 20:38:40.662, 0, 3476, 100, 0, 34, 42.00
2026/04/13 20:38:40.664, 1, 3476, 100, 0, 34, 42.55
2026/04/13 20:38:41.668, 0, 3476, 100, 0, 34, 41.90
2026/04/13 20:38:41.671, 1, 3476, 100, 0, 34, 42.55
2026/04/13 20:38:42.675, 0, 3476, 100, 0, 34, 41.90
2026/04/13 20:38:42.677, 1, 3476, 100, 0, 34, 42.55
2026/04/13 20:38:43.681, 0, 3476, 100, 0, 34, 41.90
2026/04/13 20:38:43.684, 1, 3476, 100, 0, 34, 42.55
2026/04/13 20:38:44.687, 0, 3476, 100, 0, 34, 41.90
2026/04/13 20:38:44.690, 1, 3476, 100, 0, 34, 42.56
2026/04/13 20:38:45.694, 0, 3476, 100, 0, 34, 41.91
2026/04/13 20:38:45.696, 1, 3476, 100, 0, 34, 42.56
2026/04/13 20:38:46.700, 0, 3476, 100, 0, 34, 41.90
2026/04/13 20:38:46.704, 1, 3476, 100, 0, 34, 42.65
2026/04/13 20:38:47.707, 0, 3476, 100, 0, 34, 41.90
2026/04/13 20:38:47.710, 1, 3476, 100, 0, 34, 42.56
2026/04/13 20:38:48.717, 0, 3476, 100, 0, 34, 41.91
2026/04/13 20:38:48.720, 1, 3476, 100, 0, 34, 42.55
2026/04/13 20:38:49.724, 0, 3476, 100, 0, 34, 42.10
2026/04/13 20:38:49.729, 1, 3476, 100, 0, 34, 42.56
2026/04/13 20:38:50.733, 0, 3476, 100, 0, 34, 42.01
2026/04/13 20:38:50.736, 1, 3476, 100, 0, 34, 42.56
2026/04/13 20:38:51.740, 0, 3476, 100, 0, 34, 42.00
2026/04/13 20:38:51.742, 1, 3476, 100, 0, 34, 42.55
2026/04/13 20:38:52.747, 0, 3476, 100, 0, 34, 41.99
2026/04/13 20:38:52.750, 1, 3476, 100, 0, 34, 42.55
2026/04/13 20:38:53.753, 0, 3476, 100, 0, 34, 41.90
2026/04/13 20:38:53.758, 1, 3476, 100, 0, 34, 42.56
2026/04/13 20:38:54.762, 0, 3476, 100, 0, 34, 41.90
2026/04/13 20:38:54.764, 1, 3476, 100, 0, 34, 42.55
2026/04/13 20:38:55.768, 0, 3476, 100, 0, 34, 42.00
2026/04/13 20:38:55.771, 1, 3476, 100, 0, 34, 42.56
2026/04/13 20:38:56.776, 0, 3476, 100, 0, 34, 41.99
2026/04/13 20:38:56.779, 1, 3476, 100, 0, 34, 42.56
2026/04/13 20:38:57.783, 0, 3476, 100, 0, 34, 42.00
2026/04/13 20:38:57.786, 1, 3476, 100, 0, 34, 42.56
2026/04/13 20:38:58.790, 0, 3476, 100, 0, 34, 41.90
2026/04/13 20:38:58.792, 1, 3476, 100, 0, 34, 42.56
2026/04/13 20:38:59.796, 0, 3476, 100, 0, 34, 41.90
2026/04/13 20:38:59.799, 1, 3476, 100, 0, 34, 42.55
2026/04/13 20:39:00.804, 0, 3476, 100, 0, 34, 41.90
2026/04/13 20:39:00.807, 1, 3476, 100, 0, 34, 42.55
2026/04/13 20:39:01.811, 0, 3476, 100, 0, 34, 42.00
2026/04/13 20:39:01.815, 1, 3476, 100, 0, 34, 42.55
2026/04/13 20:39:02.818, 0, 3476, 100, 0, 34, 41.91
2026/04/13 20:39:02.821, 1, 3476, 100, 0, 34, 42.55
2026/04/13 20:39:03.825, 0, 3476, 100, 0, 34, 41.90
2026/04/13 20:39:03.827, 1, 3476, 100, 0, 34, 42.45
2026/04/13 20:39:04.831, 0, 3476, 100, 0, 34, 41.89
2026/04/13 20:39:04.834, 1, 3476, 100, 0, 34, 42.55
2026/04/13 20:39:05.838, 0, 3476, 100, 0, 34, 41.90
2026/04/13 20:39:05.843, 1, 3476, 100, 0, 34, 42.55
2026/04/13 20:39:06.846, 0, 3476, 100, 0, 34, 41.90
2026/04/13 20:39:06.849, 1, 3476, 100, 0, 34, 42.55
2026/04/13 20:39:07.853, 0, 3476, 100, 0, 34, 41.89
2026/04/13 20:39:07.855, 1, 3476, 100, 0, 34, 42.65
2026/04/13 20:39:08.859, 0, 3476, 100, 0, 34, 41.89
2026/04/13 20:39:08.862, 1, 3476, 100, 0, 34, 42.55
2026/04/13 20:39:09.868, 0, 3476, 100, 0, 34, 41.91
2026/04/13 20:39:09.871, 1, 3476, 100, 0, 34, 42.55
2026/04/13 20:39:10.875, 0, 3476, 100, 0, 34, 42.00
2026/04/13 20:39:10.879, 1, 3476, 100, 0, 34, 42.56
2026/04/13 20:39:11.883, 0, 3476, 100, 0, 34, 42.00
2026/04/13 20:39:11.886, 1, 3476, 100, 0, 34, 42.55
2026/04/13 20:39:12.889, 0, 3476, 100, 0, 34, 41.89
2026/04/13 20:39:12.892, 1, 3476, 100, 0, 34, 42.56
2026/04/13 20:39:13.898, 0, 3476, 100, 0, 34, 42.01
2026/04/13 20:39:13.901, 1, 3476, 100, 0, 34, 42.55
2026/04/13 20:39:14.905, 0, 3476, 100, 0, 34, 42.10
2026/04/13 20:39:14.907, 1, 3476, 100, 0, 34, 42.56
2026/04/13 20:39:15.911, 0, 3476, 100, 0, 34, 42.01
2026/04/13 20:39:15.914, 1, 3476, 100, 0, 34, 42.56
2026/04/13 20:39:16.918, 0, 3476, 100, 0, 34, 42.01
2026/04/13 20:39:16.920, 1, 3476, 100, 0, 34, 42.55
2026/04/13 20:39:17.924, 0, 3476, 100, 0, 34, 41.90
2026/04/13 20:39:17.927, 1, 3476, 100, 0, 34, 42.56
2026/04/13 20:39:18.931, 0, 3476, 100, 0, 34, 41.90
2026/04/13 20:39:18.934, 1, 3476, 100, 0, 34, 42.55
2026/04/13 20:39:19.938, 0, 3476, 100, 0, 34, 41.91
2026/04/13 20:39:19.940, 1, 3476, 100, 0, 34, 42.55
2026/04/13 20:39:20.945, 0, 3476, 100, 0, 34, 41.91
2026/04/13 20:39:20.947, 1, 3476, 100, 0, 34, 42.55
2026/04/13 20:39:21.951, 0, 3476, 100, 0, 34, 41.91
2026/04/13 20:39:21.955, 1, 3476, 100, 0, 34, 42.55
2026/04/13 20:39:22.958, 0, 3476, 100, 0, 34, 41.90
2026/04/13 20:39:22.961, 1, 3476, 100, 0, 34, 42.55
2026/04/13 20:39:23.965, 0, 3476, 100, 0, 34, 41.89
2026/04/13 20:39:23.968, 1, 3476, 100, 0, 34, 42.46
2026/04/13 20:39:24.971, 0, 3476, 100, 0, 34, 41.91
2026/04/13 20:39:24.974, 1, 3476, 100, 0, 34, 42.56
2026/04/13 20:39:25.978, 0, 3476, 100, 0, 34, 41.90
2026/04/13 20:39:25.981, 1, 3476, 100, 0, 34, 42.45
2026/04/13 20:39:26.985, 0, 3476, 100, 0, 34, 42.00
2026/04/13 20:39:26.988, 1, 3476, 100, 0, 34, 42.55
2026/04/13 20:39:27.994, 0, 3476, 100, 0, 34, 42.00
2026/04/13 20:39:27.996, 1, 3476, 100, 0, 34, 42.45
2026/04/13 20:39:29.000, 0, 3476, 100, 0, 34, 42.01
2026/04/13 20:39:29.003, 1, 3476, 100, 0, 34, 42.55
2026/04/13 20:39:30.007, 0, 3476, 100, 0, 34, 41.90
2026/04/13 20:39:30.011, 1, 3476, 100, 0, 34, 42.65
2026/04/13 20:39:31.015, 0, 3476, 100, 0, 34, 41.90
2026/04/13 20:39:31.017, 1, 3476, 100, 0, 34, 42.55
2026/04/13 20:39:32.022, 0, 3476, 100, 0, 34, 41.90
2026/04/13 20:39:32.025, 1, 3476, 100, 0, 34, 42.55
2026/04/13 20:39:33.029, 0, 3476, 100, 0, 34, 41.90
2026/04/13 20:39:33.037, 1, 3476, 100, 0, 34, 42.46
2026/04/13 20:39:34.041, 0, 3476, 100, 0, 34, 41.90
2026/04/13 20:39:34.044, 1, 3476, 100, 0, 34, 42.55
2026/04/13 20:39:35.048, 0, 3476, 100, 0, 34, 41.91
2026/04/13 20:39:35.050, 1, 3476, 100, 0, 34, 42.65
2026/04/13 20:39:36.053, 0, 3476, 100, 0, 34, 42.00
2026/04/13 20:39:36.058, 1, 3476, 100, 0, 34, 42.55
2026/04/13 20:39:37.061, 0, 3476, 100, 0, 34, 41.90
2026/04/13 20:39:37.063, 1, 3476, 100, 0, 34, 42.55
2026/04/13 20:39:38.066, 0, 3476, 100, 0, 34, 42.01
2026/04/13 20:39:38.069, 1, 3476, 100, 0, 34, 42.55
2026/04/13 20:39:39.071, 0, 3476, 100, 0, 34, 41.90
2026/04/13 20:39:39.076, 1, 3476, 100, 0, 34, 42.66
2026/04/13 20:39:40.080, 0, 3476, 100, 0, 34, 42.00
2026/04/13 20:39:40.082, 1, 3476, 100, 0, 34, 42.56
2026/04/13 20:39:41.085, 0, 3476, 100, 0, 34, 41.99
2026/04/13 20:39:41.092, 1, 3476, 100, 0, 34, 42.55
2026/04/13 20:39:42.095, 0, 3476, 100, 0, 34, 41.91
2026/04/13 20:39:42.097, 1, 3476, 100, 0, 34, 42.55
2026/04/13 20:39:43.100, 0, 3476, 100, 0, 34, 41.90
2026/04/13 20:39:43.103, 1, 3476, 100, 0, 34, 42.55
2026/04/13 20:39:44.109, 0, 3476, 100, 0, 34, 42.09
2026/04/13 20:39:44.112, 1, 3476, 100, 0, 34, 42.55
2026/04/13 20:39:45.116, 0, 3476, 100, 0, 34, 41.91
2026/04/13 20:39:45.118, 1, 3476, 100, 0, 34, 42.55
2026/04/13 20:39:46.121, 0, 3476, 100, 0, 34, 41.91
2026/04/13 20:39:46.124, 1, 3476, 100, 0, 34, 42.55
2026/04/13 20:39:47.127, 0, 3476, 100, 0, 34, 41.90
2026/04/13 20:39:47.132, 1, 3476, 100, 0, 34, 42.55
2026/04/13 20:39:48.135, 0, 3476, 100, 0, 34, 41.91
2026/04/13 20:39:48.138, 1, 3476, 100, 0, 34, 42.56
2026/04/13 20:39:49.141, 0, 3476, 100, 0, 34, 42.00
2026/04/13 20:39:49.143, 1, 3476, 100, 0, 34, 42.55
2026/04/13 20:39:50.146, 0, 3476, 100, 0, 34, 41.91
2026/04/13 20:39:50.149, 1, 3476, 100, 0, 34, 42.55
2026/04/13 20:39:51.153, 0, 3476, 100, 0, 34, 41.90
2026/04/13 20:39:51.155, 1, 3476, 100, 0, 34, 42.55
2026/04/13 20:39:52.158, 0, 3476, 100, 0, 34, 42.00
2026/04/13 20:39:52.162, 1, 3476, 100, 0, 34, 42.55
2026/04/13 20:39:53.166, 0, 3476, 100, 0, 34, 41.89
2026/04/13 20:39:53.169, 1, 3476, 100, 0, 34, 42.55
2026/04/13 20:39:54.173, 0, 3476, 100, 0, 34, 41.90
2026/04/13 20:39:54.175, 1, 3476, 100, 0, 34, 42.65
2026/04/13 20:39:55.180, 0, 3476, 100, 0, 34, 41.90
2026/04/13 20:39:55.182, 1, 3476, 100, 0, 34, 42.55
2026/04/13 20:39:56.186, 0, 3476, 100, 0, 34, 41.91
2026/04/13 20:39:56.190, 1, 3476, 100, 0, 34, 42.65
2026/04/13 20:39:57.194, 0, 3476, 100, 0, 34, 41.91
2026/04/13 20:39:57.197, 1, 3476, 100, 0, 34, 42.55
2026/04/13 20:39:58.200, 0, 3476, 100, 0, 34, 42.01
2026/04/13 20:39:58.203, 1, 3476, 100, 0, 34, 42.65
2026/04/13 20:39:59.210, 0, 3476, 100, 0, 34, 41.89
2026/04/13 20:39:59.213, 1, 3476, 100, 0, 34, 42.56
2026/04/13 20:40:00.216, 0, 3476, 100, 0, 34, 42.00
2026/04/13 20:40:00.219, 1, 3476, 100, 0, 34, 42.65
2026/04/13 20:40:01.223, 0, 3476, 100, 0, 34, 41.91
2026/04/13 20:40:01.225, 1, 3476, 100, 0, 34, 42.55
2026/04/13 20:40:02.230, 0, 3476, 100, 0, 34, 42.01
2026/04/13 20:40:02.234, 1, 3476, 100, 0, 34, 42.55
2026/04/13 20:40:03.239, 0, 3476, 100, 0, 34, 41.90
2026/04/13 20:40:03.245, 1, 3476, 100, 0, 34, 42.56
2026/04/13 20:40:04.249, 0, 3476, 100, 0, 34, 41.90
2026/04/13 20:40:04.251, 1, 3476, 100, 0, 34, 42.56
2026/04/13 20:40:05.255, 0, 3476, 100, 0, 34, 42.01
2026/04/13 20:40:05.258, 1, 3476, 100, 0, 34, 42.56
2026/04/13 20:40:06.262, 0, 3476, 100, 0, 34, 41.90
2026/04/13 20:40:06.264, 1, 3476, 100, 0, 34, 42.55
2026/04/13 20:40:07.269, 0, 3476, 100, 0, 34, 41.91
2026/04/13 20:40:07.273, 1, 3476, 100, 0, 34, 42.55
2026/04/13 20:40:08.278, 0, 3476, 100, 0, 34, 42.00
2026/04/13 20:40:08.281, 1, 3476, 100, 0, 34, 42.55
2026/04/13 20:40:09.284, 0, 3476, 100, 0, 34, 41.90
2026/04/13 20:40:09.287, 1, 3476, 100, 0, 34, 42.55
2026/04/13 20:40:10.291, 0, 3476, 100, 0, 34, 41.91
2026/04/13 20:40:10.294, 1, 3476, 100, 0, 34, 42.65
2026/04/13 20:40:11.300, 0, 3476, 100, 0, 34, 41.91
2026/04/13 20:40:11.302, 1, 3476, 100, 0, 34, 42.55
2026/04/13 20:40:12.306, 0, 3476, 100, 0, 34, 41.91
2026/04/13 20:40:12.309, 1, 3476, 100, 0, 34, 42.55
2026/04/13 20:40:13.313, 0, 3476, 100, 0, 34, 41.90
2026/04/13 20:40:13.316, 1, 3476, 100, 0, 34, 42.55
2026/04/13 20:40:14.319, 0, 3476, 100, 0, 34, 41.91
2026/04/13 20:40:14.325, 1, 3476, 100, 0, 34, 42.65
2026/04/13 20:40:15.330, 0, 3476, 100, 0, 34, 41.91
2026/04/13 20:40:15.333, 1, 3476, 100, 0, 34, 42.65
2026/04/13 20:40:16.337, 0, 3476, 100, 0, 34, 41.91
2026/04/13 20:40:16.340, 1, 3476, 100, 0, 34, 42.55
2026/04/13 20:40:17.343, 0, 3476, 100, 0, 34, 42.10
2026/04/13 20:40:17.346, 1, 3476, 100, 0, 34, 42.55
2026/04/13 20:40:18.350, 0, 3476, 100, 0, 34, 41.90
2026/04/13 20:40:18.353, 1, 3476, 100, 0, 34, 42.55
2026/04/13 20:40:19.357, 0, 3476, 100, 0, 34, 42.01
2026/04/13 20:40:19.361, 1, 3476, 100, 0, 34, 42.56
2026/04/13 20:40:20.365, 0, 3476, 100, 0, 34, 41.90
2026/04/13 20:40:20.368, 1, 3476, 100, 0, 34, 42.55
2026/04/13 20:40:21.372, 0, 3476, 100, 0, 34, 41.90
2026/04/13 20:40:21.374, 1, 3476, 100, 0, 34, 42.55
2026/04/13 20:40:22.378, 0, 3476, 100, 0, 34, 41.99
2026/04/13 20:40:22.381, 1, 3476, 100, 0, 34, 42.55
2026/04/13 20:40:23.385, 0, 3476, 100, 0, 34, 42.00
2026/04/13 20:40:23.388, 1, 3476, 100, 0, 34, 42.55
2026/04/13 20:40:24.392, 0, 3476, 100, 0, 34, 42.00
2026/04/13 20:40:24.394, 1, 3476, 100, 0, 34, 42.55
2026/04/13 20:40:25.398, 0, 3476, 100, 0, 34, 41.90
2026/04/13 20:40:25.401, 1, 3476, 100, 0, 34, 42.56
2026/04/13 20:40:26.405, 0, 3476, 100, 0, 34, 41.89
2026/04/13 20:40:26.409, 1, 3476, 100, 0, 34, 42.55
2026/04/13 20:40:27.413, 0, 3476, 100, 0, 34, 42.00
2026/04/13 20:40:27.416, 1, 3476, 100, 0, 34, 42.55
2026/04/13 20:40:28.420, 0, 3476, 100, 0, 34, 42.09
2026/04/13 20:40:28.422, 1, 3476, 100, 0, 34, 42.45
2026/04/13 20:40:29.426, 0, 3476, 100, 0, 34, 41.90
2026/04/13 20:40:29.429, 1, 3476, 100, 0, 34, 42.55
2026/04/13 20:40:30.432, 0, 3476, 100, 0, 34, 41.90
2026/04/13 20:40:30.435, 1, 3476, 100, 0, 34, 42.55
2026/04/13 20:40:31.439, 0, 3476, 100, 0, 34, 42.01
2026/04/13 20:40:31.442, 1, 3476, 100, 0, 34, 42.55
2026/04/13 20:40:32.446, 0, 3476, 100, 0, 34, 41.89
2026/04/13 20:40:32.448, 1, 3476, 100, 0, 34, 42.55
2026/04/13 20:40:33.452, 0, 3476, 100, 0, 34, 41.91
2026/04/13 20:40:33.455, 1, 3476, 100, 0, 34, 42.55
2026/04/13 20:40:34.462, 0, 3476, 100, 0, 34, 41.91
2026/04/13 20:40:34.464, 1, 3476, 100, 0, 34, 42.56
2026/04/13 20:40:35.471, 0, 3476, 100, 0, 34, 41.91
2026/04/13 20:40:35.474, 1, 3476, 100, 0, 34, 42.55
2026/04/13 20:40:36.477, 0, 3476, 100, 0, 34, 41.91
2026/04/13 20:40:36.480, 1, 3476, 100, 0, 34, 42.55
2026/04/13 20:40:37.484, 0, 3476, 100, 0, 34, 42.01
2026/04/13 20:40:37.487, 1, 3476, 100, 0, 34, 42.55
2026/04/13 20:40:38.490, 0, 3476, 100, 0, 34, 41.91
2026/04/13 20:40:38.493, 1, 3476, 100, 0, 34, 42.56
2026/04/13 20:40:39.497, 0, 3476, 100, 0, 34, 42.10
2026/04/13 20:40:39.499, 1, 3476, 100, 0, 34, 42.65
2026/04/13 20:40:40.506, 0, 3476, 100, 0, 34, 41.90
2026/04/13 20:40:40.508, 1, 3476, 100, 0, 34, 42.55
2026/04/13 20:40:41.512, 0, 3476, 100, 0, 34, 41.91
2026/04/13 20:40:41.515, 1, 3476, 100, 0, 34, 42.66
2026/04/13 20:40:42.519, 0, 3476, 100, 0, 34, 41.90
2026/04/13 20:40:42.521, 1, 3476, 100, 0, 34, 42.55
2026/04/13 20:40:43.525, 0, 3476, 100, 0, 34, 41.90
2026/04/13 20:40:43.528, 1, 3476, 100, 0, 34, 42.55
2026/04/13 20:40:44.532, 0, 3476, 100, 0, 34, 42.01
2026/04/13 20:40:44.534, 1, 3476, 100, 0, 34, 42.56
2026/04/13 20:40:45.538, 0, 3476, 100, 0, 34, 41.91
2026/04/13 20:40:45.541, 1, 3476, 100, 0, 34, 42.55
2026/04/13 20:40:46.545, 0, 3476, 100, 0, 34, 41.90
2026/04/13 20:40:46.551, 1, 3476, 100, 0, 34, 42.55
2026/04/13 20:40:47.557, 0, 3476, 100, 0, 34, 42.01
2026/04/13 20:40:47.559, 1, 3476, 100, 0, 34, 42.55
2026/04/13 20:40:48.563, 0, 3476, 100, 0, 34, 41.91
2026/04/13 20:40:48.566, 1, 3476, 100, 0, 34, 42.45
2026/04/13 20:40:49.570, 0, 3476, 100, 0, 34, 41.90
2026/04/13 20:40:49.573, 1, 3476, 100, 0, 34, 42.45
2026/04/13 20:40:50.576, 0, 3476, 100, 0, 34, 42.00
2026/04/13 20:40:50.581, 1, 3476, 100, 0, 34, 42.55
2026/04/13 20:40:51.584, 0, 3476, 100, 0, 34, 41.90
2026/04/13 20:40:51.587, 1, 3476, 100, 0, 34, 42.55
2026/04/13 20:40:52.591, 0, 3476, 100, 0, 34, 41.90
2026/04/13 20:40:52.593, 1, 3476, 100, 0, 34, 42.56
2026/04/13 20:40:53.599, 0, 3476, 100, 0, 34, 41.89
2026/04/13 20:40:53.602, 1, 3476, 100, 0, 34, 42.55
2026/04/13 20:40:54.606, 0, 3476, 100, 0, 34, 41.90
2026/04/13 20:40:54.608, 1, 3476, 100, 0, 34, 42.65
2026/04/13 20:40:55.612, 0, 3476, 100, 0, 34, 42.01
2026/04/13 20:40:55.615, 1, 3476, 100, 0, 34, 42.55
2026/04/13 20:40:56.619, 0, 3476, 100, 0, 34, 42.01
2026/04/13 20:40:56.621, 1, 3476, 100, 0, 34, 42.56
2026/04/13 20:40:57.625, 0, 3476, 100, 0, 34, 42.00
2026/04/13 20:40:57.628, 1, 3476, 100, 0, 34, 42.56
2026/04/13 20:40:58.633, 0, 3476, 100, 0, 34, 41.91
2026/04/13 20:40:58.635, 1, 3476, 100, 0, 34, 42.56
2026/04/13 20:40:59.639, 0, 3476, 100, 0, 34, 41.90
2026/04/13 20:40:59.642, 1, 3476, 100, 0, 34, 42.46
2026/04/13 20:41:00.646, 0, 3476, 100, 0, 34, 42.00
2026/04/13 20:41:00.649, 1, 3476, 100, 0, 34, 42.55
2026/04/13 20:41:01.653, 0, 3476, 100, 0, 34, 42.01
2026/04/13 20:41:01.655, 1, 3476, 100, 0, 34, 42.55
2026/04/13 20:41:02.659, 0, 3476, 100, 0, 34, 42.01
2026/04/13 20:41:02.662, 1, 3476, 100, 0, 34, 42.55
2026/04/13 20:41:03.665, 0, 3476, 100, 0, 34, 41.91
2026/04/13 20:41:03.669, 1, 3476, 100, 0, 34, 42.55
2026/04/13 20:41:04.673, 0, 3476, 100, 0, 34, 41.99
2026/04/13 20:41:04.676, 1, 3476, 100, 0, 34, 42.56
2026/04/13 20:41:05.679, 0, 3476, 100, 0, 34, 42.00
2026/04/13 20:41:05.682, 1, 3476, 100, 0, 34, 42.45
2026/04/13 20:41:06.686, 0, 3476, 100, 0, 34, 42.01
2026/04/13 20:41:06.688, 1, 3476, 100, 0, 34, 42.56
2026/04/13 20:41:07.695, 0, 3476, 100, 0, 34, 41.91
2026/04/13 20:41:07.698, 1, 3476, 100, 0, 34, 42.55
2026/04/13 20:41:08.702, 0, 3476, 100, 0, 34, 41.91
2026/04/13 20:41:08.705, 1, 3476, 100, 0, 34, 42.66
2026/04/13 20:41:09.709, 0, 3476, 100, 0, 34, 41.90
2026/04/13 20:41:09.713, 1, 3476, 100, 0, 34, 42.65
2026/04/13 20:41:10.717, 0, 3476, 100, 0, 34, 41.91
2026/04/13 20:41:10.720, 1, 3476, 100, 0, 34, 42.55
2026/04/13 20:41:11.724, 0, 3476, 100, 0, 34, 42.00
2026/04/13 20:41:11.727, 1, 3476, 100, 0, 34, 42.45
2026/04/13 20:41:12.731, 0, 3476, 100, 0, 34, 41.90
2026/04/13 20:41:12.734, 1, 3476, 100, 0, 34, 42.56
2026/04/13 20:41:13.737, 0, 3476, 100, 0, 34, 42.00
2026/04/13 20:41:13.740, 1, 3476, 100, 0, 34, 42.55
2026/04/13 20:41:14.744, 0, 3476, 100, 0, 34, 41.90
2026/04/13 20:41:14.747, 1, 3476, 100, 0, 34, 42.45
2026/04/13 20:41:15.750, 0, 3476, 100, 0, 34, 41.90
2026/04/13 20:41:15.755, 1, 3476, 100, 0, 34, 42.65
2026/04/13 20:41:16.759, 0, 3476, 100, 0, 34, 42.00
2026/04/13 20:41:16.762, 1, 3476, 100, 0, 34, 42.46
2026/04/13 20:41:17.766, 0, 3476, 100, 0, 34, 41.90
2026/04/13 20:41:17.768, 1, 3476, 100, 0, 34, 42.65
2026/04/13 20:41:18.772, 0, 3476, 100, 0, 34, 41.90
2026/04/13 20:41:18.775, 1, 3476, 100, 0, 34, 42.55
2026/04/13 20:41:19.779, 0, 3476, 100, 0, 34, 41.90
2026/04/13 20:41:19.781, 1, 3476, 100, 0, 34, 42.55
2026/04/13 20:41:20.787, 0, 3476, 100, 0, 34, 41.91
2026/04/13 20:41:20.790, 1, 3476, 100, 0, 34, 42.45
2026/04/13 20:41:21.793, 0, 3476, 100, 0, 34, 41.91
2026/04/13 20:41:21.795, 1, 3476, 100, 0, 34, 42.56
2026/04/13 20:41:22.798, 0, 3476, 100, 0, 34, 42.00
2026/04/13 20:41:22.801, 1, 3476, 100, 0, 34, 42.55
2026/04/13 20:41:23.805, 0, 3476, 100, 0, 34, 41.90
2026/04/13 20:41:23.807, 1, 3476, 100, 0, 34, 42.56
2026/04/13 20:41:24.811, 0, 3476, 100, 0, 34, 41.91
2026/04/13 20:41:24.815, 1, 3476, 100, 0, 34, 42.55
2026/04/13 20:41:25.821, 0, 3476, 100, 0, 34, 42.00
2026/04/13 20:41:25.824, 1, 3476, 100, 0, 34, 42.55
2026/04/13 20:41:26.827, 0, 3476, 100, 0, 34, 41.99
2026/04/13 20:41:26.830, 1, 3476, 100, 0, 34, 42.56
2026/04/13 20:41:27.834, 0, 3476, 100, 0, 34, 41.90
2026/04/13 20:41:27.836, 1, 3476, 100, 0, 34, 42.56
2026/04/13 20:41:28.840, 0, 3476, 100, 0, 34, 41.91
2026/04/13 20:41:28.843, 1, 3476, 100, 0, 34, 42.45
2026/04/13 20:41:29.847, 0, 3476, 100, 0, 34, 41.90
2026/04/13 20:41:29.850, 1, 3476, 100, 0, 34, 42.56
2026/04/13 20:41:30.856, 0, 3476, 100, 0, 34, 42.01
2026/04/13 20:41:30.858, 1, 3476, 100, 0, 34, 42.56
2026/04/13 20:41:31.864, 0, 3476, 100, 0, 34, 41.89
2026/04/13 20:41:31.869, 1, 3476, 100, 0, 34, 42.55
2026/04/13 20:41:32.873, 0, 3476, 100, 0, 34, 42.01
2026/04/13 20:41:32.876, 1, 3476, 100, 0, 34, 42.56
2026/04/13 20:41:33.880, 0, 3476, 100, 0, 34, 41.91
2026/04/13 20:41:33.882, 1, 3476, 100, 0, 34, 42.55
2026/04/13 20:41:34.888, 0, 3476, 100, 0, 34, 41.90
2026/04/13 20:41:34.890, 1, 3476, 100, 0, 34, 42.55
2026/04/13 20:41:35.894, 0, 3476, 100, 0, 34, 42.00
2026/04/13 20:41:35.897, 1, 3476, 100, 0, 34, 42.45
2026/04/13 20:41:36.901, 0, 3476, 100, 0, 34, 42.00
2026/04/13 20:41:36.904, 1, 3476, 100, 0, 34, 42.55
2026/04/13 20:41:37.909, 0, 3476, 100, 0, 34, 42.00
2026/04/13 20:41:37.912, 1, 3476, 100, 0, 34, 42.56
2026/04/13 20:41:38.916, 0, 3476, 100, 0, 34, 42.01
2026/04/13 20:41:38.918, 1, 3476, 100, 0, 34, 42.55
2026/04/13 20:41:39.922, 0, 3476, 100, 0, 34, 41.91
2026/04/13 20:41:39.925, 1, 3476, 100, 0, 34, 42.45
2026/04/13 20:41:40.932, 0, 3476, 100, 0, 34, 42.01
2026/04/13 20:41:40.935, 1, 3476, 100, 0, 34, 42.55
2026/04/13 20:41:41.940, 0, 3476, 100, 0, 34, 41.99
2026/04/13 20:41:41.943, 1, 3476, 100, 0, 34, 42.45
2026/04/13 20:41:42.947, 0, 3476, 100, 0, 34, 41.99
2026/04/13 20:41:42.950, 1, 3476, 100, 0, 34, 42.55
2026/04/13 20:41:43.954, 0, 3476, 100, 0, 34, 41.90
2026/04/13 20:41:43.957, 1, 3476, 100, 0, 34, 42.55
2026/04/13 20:41:44.961, 0, 3476, 100, 0, 34, 41.90
2026/04/13 20:41:44.964, 1, 3476, 100, 0, 34, 42.55
2026/04/13 20:41:45.967, 0, 3476, 100, 0, 34, 41.91
2026/04/13 20:41:45.970, 1, 3476, 100, 0, 34, 42.45
2026/04/13 20:41:46.975, 0, 3476, 100, 0, 34, 41.91
2026/04/13 20:41:46.978, 1, 3476, 100, 0, 34, 42.56
2026/04/13 20:41:47.981, 0, 3476, 100, 0, 34, 41.90
2026/04/13 20:41:47.984, 1, 3476, 100, 0, 34, 42.45
2026/04/13 20:41:48.988, 0, 3476, 100, 0, 34, 41.90
2026/04/13 20:41:48.991, 1, 3476, 100, 0, 34, 42.56
2026/04/13 20:41:49.994, 0, 3476, 100, 0, 34, 41.90
2026/04/13 20:41:50.000, 1, 3476, 100, 0, 34, 42.65
2026/04/13 20:41:51.005, 0, 3476, 100, 0, 34, 41.90
2026/04/13 20:41:51.007, 1, 3476, 100, 0, 34, 42.56
2026/04/13 20:41:52.012, 0, 3476, 100, 0, 34, 42.01
2026/04/13 20:41:52.014, 1, 3476, 100, 0, 34, 42.55
2026/04/13 20:41:53.018, 0, 3476, 100, 0, 34, 42.00
2026/04/13 20:41:53.021, 1, 3476, 100, 0, 34, 42.55
2026/04/13 20:41:54.024, 0, 3476, 100, 0, 34, 42.00
2026/04/13 20:41:54.027, 1, 3476, 100, 0, 34, 42.55
2026/04/13 20:41:55.031, 0, 3476, 100, 0, 34, 41.90
2026/04/13 20:41:55.034, 1, 3476, 100, 0, 34, 42.45
2026/04/13 20:41:56.037, 0, 3476, 100, 0, 34, 41.90
2026/04/13 20:41:56.040, 1, 3476, 100, 0, 34, 42.46
2026/04/13 20:41:57.044, 0, 3476, 100, 0, 34, 41.89
2026/04/13 20:41:57.047, 1, 3476, 100, 0, 34, 42.55
2026/04/13 20:41:58.050, 0, 3476, 100, 0, 34, 42.01
2026/04/13 20:41:58.053, 1, 3476, 100, 0, 34, 42.55
2026/04/13 20:41:59.057, 0, 3476, 100, 0, 34, 41.90
2026/04/13 20:41:59.061, 1, 3476, 100, 0, 34, 42.56
2026/04/13 20:42:00.066, 0, 3476, 100, 0, 34, 41.90
2026/04/13 20:42:00.068, 1, 3476, 100, 0, 34, 42.46
2026/04/13 20:42:01.072, 0, 3476, 100, 0, 34, 41.90
2026/04/13 20:42:01.075, 1, 3476, 100, 0, 34, 42.56
2026/04/13 20:42:02.079, 0, 3476, 100, 0, 34, 41.90
2026/04/13 20:42:02.081, 1, 3476, 100, 0, 34, 42.65
2026/04/13 20:42:03.085, 0, 3476, 100, 0, 34, 42.00
2026/04/13 20:42:03.088, 1, 3476, 100, 0, 34, 42.55
2026/04/13 20:42:04.092, 0, 3476, 100, 0, 34, 41.91
2026/04/13 20:42:04.097, 1, 3476, 100, 0, 34, 42.56
2026/04/13 20:42:05.101, 0, 3476, 100, 0, 34, 42.01
2026/04/13 20:42:05.103, 1, 3476, 100, 0, 34, 42.46
2026/04/13 20:42:06.107, 0, 3476, 100, 0, 34, 42.00
2026/04/13 20:42:06.110, 1, 3476, 100, 0, 34, 42.45
2026/04/13 20:42:07.114, 0, 3476, 100, 0, 34, 41.90
2026/04/13 20:42:07.116, 1, 3476, 100, 0, 34, 42.55
2026/04/13 20:42:08.120, 0, 3476, 100, 0, 34, 41.89
2026/04/13 20:42:08.125, 1, 3476, 100, 0, 34, 42.56
2026/04/13 20:42:09.130, 0, 3476, 100, 0, 34, 42.01
2026/04/13 20:42:09.133, 1, 3476, 100, 0, 34, 42.55
2026/04/13 20:42:10.137, 0, 3476, 100, 0, 34, 41.90
2026/04/13 20:42:10.139, 1, 3476, 100, 0, 34, 42.45
2026/04/13 20:42:11.143, 0, 3476, 100, 0, 34, 41.90
2026/04/13 20:42:11.146, 1, 3476, 100, 0, 34, 42.56
2026/04/13 20:42:12.150, 0, 3476, 100, 0, 34, 41.90
2026/04/13 20:42:12.153, 1, 3476, 100, 0, 34, 42.55
2026/04/13 20:42:13.160, 0, 3476, 100, 0, 34, 41.90
2026/04/13 20:42:13.162, 1, 3476, 100, 0, 34, 42.56
2026/04/13 20:42:14.166, 0, 3476, 100, 0, 34, 42.01
2026/04/13 20:42:14.169, 1, 3476, 100, 0, 34, 42.55
2026/04/13 20:42:15.173, 0, 3476, 100, 0, 34, 42.09
2026/04/13 20:42:15.176, 1, 3476, 100, 0, 34, 42.55
2026/04/13 20:42:16.180, 0, 3476, 100, 0, 34, 41.90
2026/04/13 20:42:16.182, 1, 3476, 100, 0, 34, 42.46
2026/04/13 20:42:17.186, 0, 3476, 100, 0, 34, 41.91
2026/04/13 20:42:17.189, 1, 3476, 100, 0, 34, 42.55
2026/04/13 20:42:18.193, 0, 3476, 100, 0, 34, 41.91
2026/04/13 20:42:18.196, 1, 3476, 100, 0, 34, 42.55
2026/04/13 20:42:19.199, 0, 3476, 100, 0, 34, 41.91
2026/04/13 20:42:19.202, 1, 3476, 100, 0, 34, 42.56
2026/04/13 20:42:20.206, 0, 3476, 100, 0, 34, 41.90
2026/04/13 20:42:20.210, 1, 3476, 100, 0, 34, 42.55
2026/04/13 20:42:21.214, 0, 3476, 100, 0, 34, 41.91
2026/04/13 20:42:21.217, 1, 3476, 100, 0, 34, 42.55
2026/04/13 20:42:22.220, 0, 3476, 100, 0, 34, 42.01
2026/04/13 20:42:22.223, 1, 3476, 100, 0, 34, 42.55
2026/04/13 20:42:23.228, 0, 3476, 100, 0, 34, 41.91
2026/04/13 20:42:23.231, 1, 3476, 100, 0, 34, 42.56
2026/04/13 20:42:24.234, 0, 3476, 100, 0, 34, 41.91
2026/04/13 20:42:24.239, 1, 3476, 100, 0, 34, 42.55
2026/04/13 20:42:25.242, 0, 3476, 100, 0, 34, 41.90
2026/04/13 20:42:25.244, 1, 3476, 100, 0, 34, 42.55
2026/04/13 20:42:26.247, 0, 3476, 100, 0, 34, 41.89
2026/04/13 20:42:26.250, 1, 3476, 100, 0, 34, 42.55
2026/04/13 20:42:27.253, 0, 3476, 100, 0, 34, 41.91
2026/04/13 20:42:27.256, 1, 3476, 100, 0, 34, 42.55
2026/04/13 20:42:28.259, 0, 3476, 100, 0, 34, 41.90
2026/04/13 20:42:28.262, 1, 3476, 100, 0, 34, 42.56
2026/04/13 20:42:29.264, 0, 3476, 100, 0, 34, 41.90
2026/04/13 20:42:29.267, 1, 3476, 100, 0, 34, 42.55
2026/04/13 20:42:30.270, 0, 3476, 100, 0, 34, 41.90
2026/04/13 20:42:30.273, 1, 3476, 100, 0, 34, 42.55
2026/04/13 20:42:31.275, 0, 3476, 100, 0, 34, 41.91
2026/04/13 20:42:31.278, 1, 3476, 100, 0, 34, 42.46
2026/04/13 20:42:32.283, 0, 3476, 100, 0, 34, 41.91
2026/04/13 20:42:32.286, 1, 3476, 100, 0, 34, 42.45
2026/04/13 20:42:33.288, 0, 3476, 100, 0, 34, 41.90
2026/04/13 20:42:33.291, 1, 3476, 100, 0, 34, 42.46
2026/04/13 20:42:34.294, 0, 3476, 100, 0, 34, 42.00
2026/04/13 20:42:34.296, 1, 3476, 100, 0, 34, 42.56
2026/04/13 20:42:35.299, 0, 3476, 100, 0, 34, 41.91
2026/04/13 20:42:35.304, 1, 3476, 100, 0, 34, 42.55
2026/04/13 20:42:36.306, 0, 3476, 100, 0, 34, 41.90
2026/04/13 20:42:36.309, 1, 3476, 100, 0, 34, 42.55
2026/04/13 20:42:37.314, 0, 3476, 100, 0, 34, 41.99
2026/04/13 20:42:37.317, 1, 3476, 100, 0, 34, 42.55
2026/04/13 20:42:38.321, 0, 3476, 100, 0, 34, 41.89
2026/04/13 20:42:38.323, 1, 3476, 100, 0, 34, 42.55
2026/04/13 20:42:39.327, 0, 3476, 100, 0, 34, 41.99
2026/04/13 20:42:39.333, 1, 3476, 100, 0, 34, 42.55
2026/04/13 20:42:40.339, 0, 3476, 100, 0, 34, 41.89
2026/04/13 20:42:40.341, 1, 3476, 100, 0, 34, 42.55
2026/04/13 20:42:41.345, 0, 3476, 100, 0, 34, 41.90
2026/04/13 20:42:41.348, 1, 3476, 100, 0, 34, 42.56
2026/04/13 20:42:42.351, 0, 3476, 100, 0, 34, 41.90
2026/04/13 20:42:42.354, 1, 3476, 100, 0, 34, 42.45
2026/04/13 20:42:43.357, 0, 3476, 100, 0, 34, 42.01
2026/04/13 20:42:43.360, 1, 3476, 100, 0, 34, 42.55
2026/04/13 20:42:44.366, 0, 3476, 100, 0, 34, 41.91
2026/04/13 20:42:44.368, 1, 3476, 100, 0, 34, 42.56
2026/04/13 20:42:45.371, 0, 3476, 100, 0, 34, 42.00
2026/04/13 20:42:45.374, 1, 3476, 100, 0, 34, 42.55
2026/04/13 20:42:46.376, 0, 3476, 100, 0, 34, 41.90
2026/04/13 20:42:46.379, 1, 3476, 100, 0, 34, 42.55
2026/04/13 20:42:47.382, 0, 3476, 100, 0, 34, 41.90
2026/04/13 20:42:47.384, 1, 3476, 100, 0, 34, 42.55
2026/04/13 20:42:48.388, 0, 3476, 100, 0, 34, 41.91
2026/04/13 20:42:48.391, 1, 3476, 100, 0, 34, 42.56
2026/04/13 20:42:49.395, 0, 3476, 100, 0, 34, 41.90
2026/04/13 20:42:49.398, 1, 3476, 100, 0, 34, 42.55
2026/04/13 20:42:50.401, 0, 3476, 100, 0, 34, 41.90
2026/04/13 20:42:50.404, 1, 3476, 100, 0, 34, 42.55
2026/04/13 20:42:51.407, 0, 3476, 100, 0, 34, 41.91
2026/04/13 20:42:51.410, 1, 3476, 100, 0, 34, 42.55
2026/04/13 20:42:52.414, 0, 3476, 100, 0, 34, 41.91
2026/04/13 20:42:52.417, 1, 3476, 100, 0, 34, 42.56
2026/04/13 20:42:53.421, 0, 3476, 100, 0, 34, 42.00
2026/04/13 20:42:53.423, 1, 3476, 100, 0, 34, 42.45
2026/04/13 20:42:54.427, 0, 3476, 100, 0, 34, 42.00
2026/04/13 20:42:54.432, 1, 3476, 100, 0, 34, 42.45
2026/04/13 20:42:55.436, 0, 3476, 100, 0, 34, 42.00
2026/04/13 20:42:55.439, 1, 3476, 100, 0, 34, 42.56
2026/04/13 20:42:56.443, 0, 3476, 100, 0, 34, 42.01
2026/04/13 20:42:56.445, 1, 3476, 100, 0, 34, 42.55
2026/04/13 20:42:57.450, 0, 3476, 100, 0, 34, 42.01
2026/04/13 20:42:57.453, 1, 3476, 100, 0, 34, 42.56
2026/04/13 20:42:58.457, 0, 3476, 100, 0, 34, 41.90
2026/04/13 20:42:58.459, 1, 3476, 100, 0, 34, 42.55
2026/04/13 20:42:59.463, 0, 3476, 100, 0, 34, 41.90
2026/04/13 20:42:59.466, 1, 3476, 100, 0, 34, 42.56
2026/04/13 20:43:00.469, 0, 3476, 100, 0, 34, 41.91
2026/04/13 20:43:00.472, 1, 3476, 100, 0, 34, 42.46
2026/04/13 20:43:01.476, 0, 3476, 100, 0, 34, 41.90
2026/04/13 20:43:01.479, 1, 3476, 100, 0, 34, 42.66
2026/04/13 20:43:02.482, 0, 3476, 100, 0, 34, 41.90
2026/04/13 20:43:02.485, 1, 3476, 100, 0, 34, 42.56
2026/04/13 20:43:03.489, 0, 3476, 100, 0, 34, 41.91
2026/04/13 20:43:03.491, 1, 3476, 100, 0, 34, 42.56
2026/04/13 20:43:04.495, 0, 3476, 100, 0, 34, 41.91
2026/04/13 20:43:04.498, 1, 3476, 100, 0, 34, 42.55
2026/04/13 20:43:05.503, 0, 3476, 100, 0, 34, 42.10
2026/04/13 20:43:05.506, 1, 3476, 100, 0, 34, 42.56
2026/04/13 20:43:06.513, 0, 3476, 100, 0, 34, 41.90
2026/04/13 20:43:06.515, 1, 3476, 100, 0, 34, 42.56
2026/04/13 20:43:07.519, 0, 3476, 100, 0, 34, 41.90
2026/04/13 20:43:07.522, 1, 3476, 100, 0, 34, 42.55
2026/04/13 20:43:08.526, 0, 3476, 100, 0, 34, 41.90
2026/04/13 20:43:08.528, 1, 3476, 100, 0, 34, 42.56
2026/04/13 20:43:09.532, 0, 3476, 100, 0, 34, 41.90
2026/04/13 20:43:09.535, 1, 3476, 100, 0, 34, 42.55
2026/04/13 20:43:10.542, 0, 3476, 100, 0, 34, 41.91
2026/04/13 20:43:10.545, 1, 3476, 100, 0, 34, 42.56
2026/04/13 20:43:11.548, 0, 3476, 100, 0, 34, 41.90
2026/04/13 20:43:11.551, 1, 3476, 100, 0, 34, 42.55
2026/04/13 20:43:12.555, 0, 3476, 100, 0, 34, 41.90
2026/04/13 20:43:12.558, 1, 3476, 100, 0, 34, 42.55
2026/04/13 20:43:13.562, 0, 3476, 100, 0, 34, 41.99
2026/04/13 20:43:13.564, 1, 3476, 100, 0, 34, 42.45
2026/04/13 20:43:14.568, 0, 3476, 100, 0, 34, 41.90
2026/04/13 20:43:14.571, 1, 3476, 100, 0, 34, 42.55
2026/04/13 20:43:15.575, 0, 3476, 100, 0, 34, 41.89
2026/04/13 20:43:15.577, 1, 3476, 100, 0, 34, 42.55
2026/04/13 20:43:16.581, 0, 3476, 100, 0, 34, 41.91
2026/04/13 20:43:16.584, 1, 3476, 100, 0, 34, 42.47
2026/04/13 20:43:17.588, 0, 3476, 100, 0, 34, 41.91
2026/04/13 20:43:17.593, 1, 3476, 100, 0, 34, 42.56
2026/04/13 20:43:18.597, 0, 3476, 100, 0, 34, 41.90
2026/04/13 20:43:18.600, 1, 3476, 100, 0, 34, 42.45
2026/04/13 20:43:19.605, 0, 3476, 100, 0, 34, 42.01
2026/04/13 20:43:19.609, 1, 3476, 100, 0, 34, 42.45
2026/04/13 20:43:20.612, 0, 3476, 100, 0, 34, 42.00
2026/04/13 20:43:20.615, 1, 3476, 100, 0, 34, 42.55
2026/04/13 20:43:21.619, 0, 3476, 100, 0, 34, 42.10
2026/04/13 20:43:21.623, 1, 3476, 100, 0, 34, 42.55
2026/04/13 20:43:22.627, 0, 3476, 100, 0, 34, 41.90
2026/04/13 20:43:22.629, 1, 3476, 100, 0, 34, 42.65
2026/04/13 20:43:23.634, 0, 3476, 100, 0, 34, 41.99
2026/04/13 20:43:23.637, 1, 3476, 100, 0, 34, 42.55
2026/04/13 20:43:24.641, 0, 3476, 100, 0, 34, 41.90
2026/04/13 20:43:24.644, 1, 3476, 100, 0, 34, 42.55
2026/04/13 20:43:25.648, 0, 3476, 100, 0, 34, 42.01
2026/04/13 20:43:25.653, 1, 3476, 100, 0, 34, 42.45
2026/04/13 20:43:26.656, 0, 3476, 100, 0, 34, 41.90
2026/04/13 20:43:26.659, 1, 3476, 100, 0, 34, 42.55
2026/04/13 20:43:27.665, 0, 3476, 100, 0, 34, 41.90
2026/04/13 20:43:27.668, 1, 3476, 100, 0, 34, 42.56
2026/04/13 20:43:28.671, 0, 3476, 100, 0, 34, 41.91
2026/04/13 20:43:28.674, 1, 3476, 100, 0, 34, 42.55
2026/04/13 20:43:29.678, 0, 3476, 100, 0, 34, 41.90
2026/04/13 20:43:29.683, 1, 3476, 100, 0, 34, 42.55
2026/04/13 20:43:30.687, 0, 3476, 100, 0, 34, 41.91
2026/04/13 20:43:30.689, 1, 3476, 100, 0, 34, 42.55
2026/04/13 20:43:31.695, 0, 3476, 100, 0, 34, 42.00
2026/04/13 20:43:31.698, 1, 3476, 100, 0, 34, 42.55
2026/04/13 20:43:32.701, 0, 3476, 100, 0, 34, 42.01
2026/04/13 20:43:32.704, 1, 3476, 100, 0, 34, 42.56
2026/04/13 20:43:33.708, 0, 3476, 100, 0, 34, 41.91
2026/04/13 20:43:33.712, 1, 3476, 100, 0, 34, 42.55
2026/04/13 20:43:34.716, 0, 3476, 100, 0, 34, 41.90
2026/04/13 20:43:34.718, 1, 3476, 100, 0, 34, 42.55
2026/04/13 20:43:35.722, 0, 3476, 100, 0, 34, 41.91
2026/04/13 20:43:35.725, 1, 3476, 100, 0, 34, 42.55
2026/04/13 20:43:36.730, 0, 3476, 100, 0, 34, 41.89
2026/04/13 20:43:36.733, 1, 3476, 100, 0, 34, 42.55
2026/04/13 20:43:37.736, 0, 3476, 100, 0, 34, 41.91
2026/04/13 20:43:37.740, 1, 3476, 100, 0, 34, 42.65
2026/04/13 20:43:38.743, 0, 3476, 100, 0, 34, 41.90
2026/04/13 20:43:38.748, 1, 3476, 100, 0, 34, 42.35
2026/04/13 20:43:39.752, 0, 3476, 100, 0, 34, 41.90
2026/04/13 20:43:39.754, 1, 3476, 100, 0, 34, 42.55
2026/04/13 20:43:40.761, 0, 3476, 100, 0, 34, 41.90
2026/04/13 20:43:40.766, 1, 3476, 100, 0, 34, 42.55
2026/04/13 20:43:41.768, 0, 3476, 100, 0, 34, 41.90
2026/04/13 20:43:41.771, 1, 3476, 100, 0, 34, 42.45
2026/04/13 20:43:42.775, 0, 3476, 100, 0, 34, 41.89
2026/04/13 20:43:42.777, 1, 3476, 100, 0, 34, 42.45
2026/04/13 20:43:43.782, 0, 3476, 100, 0, 34, 42.01
2026/04/13 20:43:43.784, 1, 3476, 100, 0, 34, 42.45
2026/04/13 20:43:44.788, 0, 3476, 100, 0, 34, 41.91
2026/04/13 20:43:44.794, 1, 3476, 100, 0, 34, 42.55
2026/04/13 20:43:45.802, 0, 3476, 100, 0, 34, 41.90
2026/04/13 20:43:45.805, 1, 3476, 100, 0, 34, 42.55
2026/04/13 20:43:46.809, 0, 3476, 100, 0, 34, 41.99
2026/04/13 20:43:46.812, 1, 3476, 100, 0, 34, 42.55
2026/04/13 20:43:47.815, 0, 3476, 100, 0, 34, 41.90
2026/04/13 20:43:47.818, 1, 3476, 100, 0, 34, 42.55
2026/04/13 20:43:48.824, 0, 3476, 100, 0, 34, 41.90
2026/04/13 20:43:48.826, 1, 3476, 100, 0, 34, 42.56
2026/04/13 20:43:49.829, 0, 3476, 100, 0, 34, 41.89
2026/04/13 20:43:49.832, 1, 3476, 100, 0, 34, 42.45
2026/04/13 20:43:50.834, 0, 3476, 100, 0, 34, 41.90
2026/04/13 20:43:50.837, 1, 3476, 100, 0, 34, 42.45
2026/04/13 20:43:51.841, 0, 3476, 100, 0, 34, 42.01
2026/04/13 20:43:51.846, 1, 3476, 100, 0, 34, 42.55
2026/04/13 20:43:52.850, 0, 3476, 100, 0, 34, 41.91
2026/04/13 20:43:52.853, 1, 3476, 100, 0, 34, 42.55
2026/04/13 20:43:53.855, 0, 3476, 100, 0, 34, 41.89
2026/04/13 20:43:53.858, 1, 3476, 100, 0, 34, 42.56
2026/04/13 20:43:54.861, 0, 3476, 100, 0, 34, 41.90
2026/04/13 20:43:54.863, 1, 3476, 100, 0, 34, 42.55
2026/04/13 20:43:55.867, 0, 3476, 100, 0, 34, 41.89
2026/04/13 20:43:55.875, 1, 3476, 100, 0, 34, 42.55
2026/04/13 20:43:56.877, 0, 3476, 100, 0, 34, 41.90
2026/04/13 20:43:56.880, 1, 3476, 100, 0, 34, 42.55
2026/04/13 20:43:57.883, 0, 3476, 100, 0, 34, 42.01
2026/04/13 20:43:57.885, 1, 3476, 100, 0, 34, 42.55
2026/04/13 20:43:58.888, 0, 3476, 100, 0, 34, 42.00
2026/04/13 20:43:58.891, 1, 3476, 100, 0, 34, 42.56
2026/04/13 20:43:59.895, 0, 3476, 100, 0, 34, 42.00
2026/04/13 20:43:59.898, 1, 3476, 100, 0, 34, 42.45
2026/04/13 20:44:00.901, 0, 3476, 100, 0, 34, 42.10
2026/04/13 20:44:00.903, 1, 3476, 100, 0, 34, 42.55
2026/04/13 20:44:01.907, 0, 3476, 100, 0, 34, 41.90
2026/04/13 20:44:01.910, 1, 3476, 100, 0, 34, 42.45
2026/04/13 20:44:02.913, 0, 3476, 100, 0, 34, 41.90
2026/04/13 20:44:02.915, 1, 3476, 100, 0, 34, 42.46
2026/04/13 20:44:03.918, 0, 3476, 100, 0, 34, 41.91
2026/04/13 20:44:03.923, 1, 3476, 100, 0, 34, 42.55
2026/04/13 20:44:04.927, 0, 3476, 100, 0, 34, 41.90
2026/04/13 20:44:04.930, 1, 3476, 100, 0, 34, 42.55
2026/04/13 20:44:05.932, 0, 3476, 100, 0, 34, 41.91
2026/04/13 20:44:05.935, 1, 3476, 100, 0, 34, 42.46
2026/04/13 20:44:06.938, 0, 3476, 100, 0, 34, 41.90
2026/04/13 20:44:06.940, 1, 3476, 100, 0, 34, 42.56
2026/04/13 20:44:07.943, 0, 3476, 100, 0, 34, 41.90
2026/04/13 20:44:07.946, 1, 3476, 100, 0, 34, 42.56
2026/04/13 20:44:08.949, 0, 3476, 100, 0, 34, 41.90
2026/04/13 20:44:08.951, 1, 3476, 100, 0, 34, 42.56
2026/04/13 20:44:09.954, 0, 3476, 100, 0, 34, 41.90
2026/04/13 20:44:09.957, 1, 3476, 100, 0, 34, 42.46
2026/04/13 20:44:10.962, 0, 3476, 100, 0, 34, 41.89
2026/04/13 20:44:10.966, 1, 3476, 100, 0, 34, 42.55
2026/04/13 20:44:11.969, 0, 3476, 100, 0, 34, 41.91
2026/04/13 20:44:11.973, 1, 3476, 100, 0, 34, 42.45
2026/04/13 20:44:12.975, 0, 3476, 100, 0, 34, 41.89
2026/04/13 20:44:12.978, 1, 3476, 100, 0, 34, 42.56
2026/04/13 20:44:13.981, 0, 3476, 100, 0, 34, 41.91
2026/04/13 20:44:13.983, 1, 3476, 100, 0, 34, 42.45
2026/04/13 20:44:14.986, 0, 3476, 100, 0, 34, 41.90
2026/04/13 20:44:14.989, 1, 3476, 100, 0, 34, 42.46
2026/04/13 20:44:15.991, 0, 3476, 100, 0, 34, 41.90
2026/04/13 20:44:15.994, 1, 3476, 100, 0, 34, 42.45
2026/04/13 20:44:16.997, 0, 3476, 100, 0, 34, 42.01
2026/04/13 20:44:17.000, 1, 3476, 100, 0, 34, 42.45
2026/04/13 20:44:18.003, 0, 3476, 100, 0, 34, 42.00
2026/04/13 20:44:18.007, 1, 3476, 100, 0, 34, 42.56
2026/04/13 20:44:19.011, 0, 3476, 100, 0, 34, 41.90
2026/04/13 20:44:19.013, 1, 3476, 100, 0, 34, 42.55
2026/04/13 20:44:20.017, 0, 3476, 100, 0, 34, 41.89
2026/04/13 20:44:20.020, 1, 3476, 100, 0, 34, 42.55
2026/04/13 20:44:21.024, 0, 3476, 100, 0, 34, 41.91
2026/04/13 20:44:21.027, 1, 3476, 100, 0, 34, 42.55
2026/04/13 20:44:22.030, 0, 3476, 100, 0, 34, 41.90
2026/04/13 20:44:22.034, 1, 3476, 100, 0, 34, 42.46
2026/04/13 20:44:23.038, 0, 3476, 100, 0, 34, 41.89
2026/04/13 20:44:23.040, 1, 3476, 100, 0, 34, 42.56
2026/04/13 20:44:24.044, 0, 3476, 100, 0, 34, 41.90
2026/04/13 20:44:24.047, 1, 3476, 100, 0, 34, 42.46
2026/04/13 20:44:25.051, 0, 3476, 100, 0, 34, 41.90
2026/04/13 20:44:25.053, 1, 3476, 100, 0, 34, 42.56
2026/04/13 20:44:26.057, 0, 3476, 100, 0, 34, 41.90
2026/04/13 20:44:26.062, 1, 3476, 100, 0, 34, 42.55
2026/04/13 20:44:27.068, 0, 3476, 100, 0, 34, 41.90
2026/04/13 20:44:27.070, 1, 3476, 100, 0, 34, 42.65
2026/04/13 20:44:28.074, 0, 3476, 100, 0, 34, 41.91
2026/04/13 20:44:28.077, 1, 3476, 100, 0, 34, 42.56
2026/04/13 20:44:29.080, 0, 3476, 100, 0, 34, 41.91
2026/04/13 20:44:29.083, 1, 3476, 100, 0, 34, 42.46
2026/04/13 20:44:30.087, 0, 3476, 100, 0, 34, 41.89
2026/04/13 20:44:30.090, 1, 3476, 100, 0, 34, 42.56
2026/04/13 20:44:31.094, 0, 3476, 100, 0, 34, 41.91
2026/04/13 20:44:31.096, 1, 3476, 100, 0, 34, 42.55
2026/04/13 20:44:32.101, 0, 3476, 100, 0, 34, 41.90
2026/04/13 20:44:32.104, 1, 3476, 100, 0, 34, 42.45
2026/04/13 20:44:33.108, 0, 3476, 100, 0, 34, 41.91
2026/04/13 20:44:33.110, 1, 3476, 100, 0, 34, 42.45
2026/04/13 20:44:34.114, 0, 3476, 100, 0, 34, 41.91
2026/04/13 20:44:34.118, 1, 3476, 100, 0, 34, 42.36
2026/04/13 20:44:35.122, 0, 3476, 100, 0, 34, 41.91
2026/04/13 20:44:35.124, 1, 3476, 100, 0, 34, 42.45
2026/04/13 20:44:36.128, 0, 3476, 100, 0, 34, 42.01
2026/04/13 20:44:36.131, 1, 3476, 100, 0, 34, 42.55
2026/04/13 20:44:37.135, 0, 3476, 100, 0, 34, 41.90
2026/04/13 20:44:37.137, 1, 3476, 100, 0, 34, 42.56
2026/04/13 20:44:38.141, 0, 3476, 100, 0, 34, 41.90
2026/04/13 20:44:38.145, 1, 3476, 100, 0, 34, 42.55
2026/04/13 20:44:39.149, 0, 3476, 100, 0, 34, 42.01
2026/04/13 20:44:39.152, 1, 3476, 100, 0, 34, 42.55
2026/04/13 20:44:40.156, 0, 3476, 100, 0, 34, 41.91
2026/04/13 20:44:40.158, 1, 3476, 100, 0, 34, 42.56
2026/04/13 20:44:41.164, 0, 3476, 100, 0, 34, 41.90
2026/04/13 20:44:41.166, 1, 3476, 100, 0, 34, 42.55
2026/04/13 20:44:42.170, 0, 3476, 100, 0, 34, 41.89
2026/04/13 20:44:42.173, 1, 3476, 100, 0, 34, 42.56
2026/04/13 20:44:43.177, 0, 3476, 100, 0, 34, 41.91
2026/04/13 20:44:43.179, 1, 3476, 100, 0, 34, 42.46
2026/04/13 20:44:44.183, 0, 3476, 100, 0, 34, 41.90
2026/04/13 20:44:44.186, 1, 3476, 100, 0, 34, 42.56
2026/04/13 20:44:45.189, 0, 3476, 100, 0, 34, 41.91
2026/04/13 20:44:45.192, 1, 3476, 100, 0, 34, 42.55
2026/04/13 20:44:46.197, 0, 3476, 100, 0, 34, 41.90
2026/04/13 20:44:46.200, 1, 3476, 100, 0, 34, 42.45
2026/04/13 20:44:47.204, 0, 3476, 100, 0, 34, 41.91
2026/04/13 20:44:47.207, 1, 3476, 100, 0, 34, 42.56
2026/04/13 20:44:48.210, 0, 3476, 100, 0, 34, 41.91
2026/04/13 20:44:48.213, 1, 3476, 100, 0, 34, 42.45
2026/04/13 20:44:49.217, 0, 3476, 100, 0, 34, 41.91
2026/04/13 20:44:49.219, 1, 3476, 100, 0, 34, 42.45
2026/04/13 20:44:50.223, 0, 3476, 100, 0, 34, 41.90
2026/04/13 20:44:50.228, 1, 3476, 100, 0, 34, 42.46
2026/04/13 20:44:51.232, 0, 3476, 100, 0, 34, 41.89
2026/04/13 20:44:51.235, 1, 3476, 100, 0, 34, 42.55
2026/04/13 20:44:52.239, 0, 3476, 100, 0, 34, 41.90
2026/04/13 20:44:52.241, 1, 3476, 100, 0, 34, 42.55
2026/04/13 20:44:53.245, 0, 3476, 100, 0, 34, 41.90
2026/04/13 20:44:53.248, 1, 3476, 100, 0, 34, 42.65
2026/04/13 20:44:54.251, 0, 3476, 100, 0, 34, 41.91
2026/04/13 20:44:54.256, 1, 3476, 100, 0, 34, 42.46
2026/04/13 20:44:55.260, 0, 3476, 100, 0, 34, 41.91
2026/04/13 20:44:55.262, 1, 3476, 100, 0, 34, 42.55
2026/04/13 20:44:56.266, 0, 3476, 100, 0, 34, 41.90
2026/04/13 20:44:56.269, 1, 3476, 100, 0, 34, 42.45
2026/04/13 20:44:57.273, 0, 3476, 100, 0, 34, 41.89
2026/04/13 20:44:57.276, 1, 3476, 100, 0, 34, 42.45
2026/04/13 20:44:58.280, 0, 3476, 100, 0, 34, 41.91
2026/04/13 20:44:58.285, 1, 3476, 100, 0, 34, 42.55
2026/04/13 20:44:59.289, 0, 3476, 100, 0, 34, 41.91
2026/04/13 20:44:59.291, 1, 3476, 100, 0, 34, 42.55
2026/04/13 20:45:00.295, 0, 3476, 100, 0, 34, 42.01
2026/04/13 20:45:00.298, 1, 3476, 100, 0, 34, 42.55
2026/04/13 20:45:01.302, 0, 3476, 100, 0, 34, 42.01
2026/04/13 20:45:01.304, 1, 3476, 100, 0, 34, 42.65
2026/04/13 20:45:02.308, 0, 3476, 100, 0, 34, 41.91
2026/04/13 20:45:02.311, 1, 3476, 100, 0, 34, 42.56
2026/04/13 20:45:03.315, 0, 3476, 100, 0, 34, 42.00
2026/04/13 20:45:03.317, 1, 3476, 100, 0, 34, 42.55
2026/04/13 20:45:04.321, 0, 3476, 100, 0, 34, 41.91
2026/04/13 20:45:04.324, 1, 3476, 100, 0, 34, 42.45
2026/04/13 20:45:05.328, 0, 3476, 100, 0, 34, 41.90
2026/04/13 20:45:05.330, 1, 3476, 100, 0, 34, 42.56
2026/04/13 20:45:06.334, 0, 3476, 100, 0, 34, 41.90
2026/04/13 20:45:06.337, 1, 3476, 100, 0, 34, 42.56
2026/04/13 20:45:07.344, 0, 3476, 100, 0, 34, 41.91
2026/04/13 20:45:07.347, 1, 3476, 100, 0, 34, 42.56
2026/04/13 20:45:08.349, 0, 3476, 100, 0, 34, 41.89
2026/04/13 20:45:08.352, 1, 3476, 100, 0, 34, 42.45
2026/04/13 20:45:09.356, 0, 3476, 100, 0, 34, 41.90
2026/04/13 20:45:09.359, 1, 3476, 100, 0, 34, 42.55
2026/04/13 20:45:10.362, 0, 3476, 100, 0, 34, 42.01
2026/04/13 20:45:10.365, 1, 3476, 100, 0, 34, 42.46
2026/04/13 20:45:11.369, 0, 3476, 100, 0, 34, 41.91
2026/04/13 20:45:11.373, 1, 3476, 100, 0, 34, 42.46
2026/04/13 20:45:12.377, 0, 3476, 100, 0, 34, 41.91
2026/04/13 20:45:12.380, 1, 3476, 100, 0, 34, 42.55
2026/04/13 20:45:13.383, 0, 3476, 100, 0, 34, 41.91
2026/04/13 20:45:13.391, 1, 3476, 100, 0, 34, 42.55
2026/04/13 20:45:14.394, 0, 3476, 100, 0, 34, 41.91
2026/04/13 20:45:14.397, 1, 3476, 100, 0, 34, 42.55
2026/04/13 20:45:15.399, 0, 3476, 100, 0, 34, 41.89
2026/04/13 20:45:15.405, 1, 3476, 100, 0, 34, 42.55
2026/04/13 20:45:16.408, 0, 3476, 100, 0, 34, 41.90
2026/04/13 20:45:16.411, 1, 3476, 100, 0, 34, 42.55
2026/04/13 20:45:17.413, 0, 3476, 100, 0, 34, 41.89
2026/04/13 20:45:17.416, 1, 3476, 100, 0, 34, 42.56
2026/04/13 20:45:18.420, 0, 3476, 100, 0, 34, 41.90
2026/04/13 20:45:18.423, 1, 3476, 100, 0, 34, 42.45
2026/04/13 20:45:19.426, 0, 3476, 100, 0, 34, 41.90
2026/04/13 20:45:19.429, 1, 3476, 100, 0, 34, 42.46
2026/04/13 20:45:20.431, 0, 3476, 100, 0, 34, 41.91
2026/04/13 20:45:20.434, 1, 3476, 100, 0, 34, 42.56
2026/04/13 20:45:21.440, 0, 3476, 100, 0, 34, 41.90
2026/04/13 20:45:21.443, 1, 3476, 100, 0, 34, 42.45
2026/04/13 20:45:22.447, 0, 3476, 100, 0, 34, 41.90
2026/04/13 20:45:22.452, 1, 3476, 100, 0, 34, 42.56
2026/04/13 20:45:23.456, 0, 3476, 100, 0, 34, 41.91
2026/04/13 20:45:23.459, 1, 3476, 100, 0, 34, 42.46
2026/04/13 20:45:24.461, 0, 3476, 100, 0, 34, 41.91
2026/04/13 20:45:24.464, 1, 3476, 100, 0, 34, 42.35
2026/04/13 20:45:25.468, 0, 3476, 100, 0, 34, 41.90
2026/04/13 20:45:25.471, 1, 3476, 100, 0, 34, 42.45
2026/04/13 20:45:26.474, 0, 3476, 100, 0, 34, 41.91
2026/04/13 20:45:26.479, 1, 3476, 100, 0, 34, 42.46
2026/04/13 20:45:27.482, 0, 3476, 100, 0, 34, 42.01
2026/04/13 20:45:27.485, 1, 3476, 100, 0, 34, 42.56
2026/04/13 20:45:28.487, 0, 3476, 100, 0, 34, 41.90
2026/04/13 20:45:28.490, 1, 3476, 100, 0, 34, 42.55
2026/04/13 20:45:29.493, 0, 3476, 100, 0, 34, 41.91
2026/04/13 20:45:29.495, 1, 3476, 100, 0, 34, 42.45
2026/04/13 20:45:30.502, 0, 3476, 100, 0, 34, 41.90
2026/04/13 20:45:30.507, 1, 3476, 100, 0, 34, 42.45
2026/04/13 20:45:31.511, 0, 3476, 100, 0, 34, 41.90
2026/04/13 20:45:31.513, 1, 3476, 100, 0, 34, 42.55
2026/04/13 20:45:32.517, 0, 3476, 100, 0, 34, 42.01
2026/04/13 20:45:32.520, 1, 3476, 100, 0, 34, 42.46
2026/04/13 20:45:33.524, 0, 3476, 100, 0, 34, 41.91
2026/04/13 20:45:33.526, 1, 3476, 100, 0, 34, 42.46
2026/04/13 20:45:34.532, 0, 3476, 100, 0, 34, 42.01
2026/04/13 20:45:34.535, 1, 3476, 100, 0, 34, 42.55
2026/04/13 20:45:35.538, 0, 3476, 100, 0, 34, 41.90
2026/04/13 20:45:35.541, 1, 3476, 100, 0, 34, 42.55
2026/04/13 20:45:36.545, 0, 3476, 100, 0, 34, 41.90
2026/04/13 20:45:36.548, 1, 3476, 100, 0, 34, 42.56
2026/04/13 20:45:37.552, 0, 3476, 100, 0, 34, 41.90
2026/04/13 20:45:37.554, 1, 3476, 100, 0, 34, 42.46
2026/04/13 20:45:38.558, 0, 3476, 100, 0, 34, 41.91
2026/04/13 20:45:38.562, 1, 3476, 100, 0, 34, 42.66
2026/04/13 20:45:39.566, 0, 3476, 100, 0, 34, 41.89
2026/04/13 20:45:39.569, 1, 3476, 100, 0, 34, 42.55
2026/04/13 20:45:40.572, 0, 3476, 100, 0, 34, 41.89
2026/04/13 20:45:40.576, 1, 3476, 100, 0, 34, 42.56
2026/04/13 20:45:41.580, 0, 3476, 100, 0, 34, 41.91
2026/04/13 20:45:41.583, 1, 3476, 100, 0, 34, 42.55
2026/04/13 20:45:42.586, 0, 3476, 100, 0, 34, 41.90
2026/04/13 20:45:42.592, 1, 3476, 100, 0, 34, 42.45
2026/04/13 20:45:43.596, 0, 3476, 100, 0, 34, 41.90
2026/04/13 20:45:43.598, 1, 3476, 100, 0, 34, 42.55
2026/04/13 20:45:44.602, 0, 3476, 100, 0, 34, 41.91
2026/04/13 20:45:44.605, 1, 3476, 100, 0, 34, 42.45
2026/04/13 20:45:45.609, 0, 3476, 100, 0, 34, 41.90
2026/04/13 20:45:45.611, 1, 3476, 100, 0, 34, 42.55
2026/04/13 20:45:46.615, 0, 3476, 100, 0, 34, 41.90
2026/04/13 20:45:46.621, 1, 3476, 100, 0, 34, 42.45
2026/04/13 20:45:47.626, 0, 3476, 100, 0, 34, 41.90
2026/04/13 20:45:47.629, 1, 3476, 100, 0, 34, 42.55
2026/04/13 20:45:48.633, 0, 3476, 100, 0, 34, 41.90
2026/04/13 20:45:48.636, 1, 3476, 100, 0, 34, 42.45
2026/04/13 20:45:49.639, 0, 3476, 100, 0, 34, 41.91
2026/04/13 20:45:49.642, 1, 3476, 100, 0, 34, 42.56
2026/04/13 20:45:50.646, 0, 3476, 100, 0, 34, 41.89
2026/04/13 20:45:50.649, 1, 3476, 100, 0, 34, 42.55
2026/04/13 20:45:51.653, 0, 3476, 100, 0, 34, 41.89
2026/04/13 20:45:51.656, 1, 3476, 100, 0, 34, 42.56
2026/04/13 20:45:52.660, 0, 3476, 100, 0, 34, 41.90
2026/04/13 20:45:52.663, 1, 3476, 100, 0, 34, 42.55
2026/04/13 20:45:53.666, 0, 3476, 100, 0, 34, 41.91
2026/04/13 20:45:53.669, 1, 3476, 100, 0, 34, 42.56
2026/04/13 20:45:54.673, 0, 3476, 100, 0, 34, 41.90
2026/04/13 20:45:54.678, 1, 3476, 100, 0, 34, 42.45
2026/04/13 20:45:55.682, 0, 3476, 100, 0, 34, 41.90
2026/04/13 20:45:55.684, 1, 3476, 100, 0, 34, 42.56
2026/04/13 20:45:56.691, 0, 3476, 100, 0, 34, 41.90
2026/04/13 20:45:56.693, 1, 3476, 100, 0, 34, 42.55
2026/04/13 20:45:57.697, 0, 3476, 100, 0, 34, 42.01
2026/04/13 20:45:57.700, 1, 3476, 100, 0, 34, 42.56
2026/04/13 20:45:58.703, 0, 3476, 100, 0, 34, 41.90
2026/04/13 20:45:58.706, 1, 3476, 100, 0, 34, 42.56
2026/04/13 20:45:59.710, 0, 3476, 100, 0, 34, 41.89
2026/04/13 20:45:59.713, 1, 3476, 100, 0, 34, 42.45
2026/04/13 20:46:00.716, 0, 3476, 100, 0, 34, 41.89
2026/04/13 20:46:00.719, 1, 3476, 100, 0, 34, 42.55
2026/04/13 20:46:01.725, 0, 3476, 100, 0, 34, 41.90
2026/04/13 20:46:01.731, 1, 3476, 100, 0, 34, 42.55
2026/04/13 20:46:02.735, 0, 3476, 100, 0, 34, 41.89
2026/04/13 20:46:02.738, 1, 3476, 100, 0, 34, 42.55
2026/04/13 20:46:03.741, 0, 3476, 100, 0, 34, 41.91
2026/04/13 20:46:03.744, 1, 3476, 100, 0, 34, 42.55
2026/04/13 20:46:04.751, 0, 3476, 100, 0, 34, 41.90
2026/04/13 20:46:04.753, 1, 3476, 100, 0, 34, 42.55
2026/04/13 20:46:05.757, 0, 3476, 100, 0, 34, 41.91
2026/04/13 20:46:05.760, 1, 3476, 100, 0, 34, 42.55
2026/04/13 20:46:06.763, 0, 3476, 100, 0, 34, 41.89
2026/04/13 20:46:06.766, 1, 3476, 100, 0, 34, 42.55
2026/04/13 20:46:07.770, 0, 3476, 100, 0, 34, 41.89
2026/04/13 20:46:07.773, 1, 3476, 100, 0, 34, 42.45
2026/04/13 20:46:08.776, 0, 3476, 100, 0, 34, 41.90
2026/04/13 20:46:08.779, 1, 3476, 100, 0, 34, 42.55
2026/04/13 20:46:09.783, 0, 3476, 100, 0, 34, 41.90
2026/04/13 20:46:09.788, 1, 3476, 100, 0, 34, 42.55
2026/04/13 20:46:10.791, 0, 3476, 100, 0, 34, 41.90
2026/04/13 20:46:10.794, 1, 3476, 100, 0, 34, 42.55
2026/04/13 20:46:11.798, 0, 3476, 100, 0, 34, 41.90
2026/04/13 20:46:11.800, 1, 3476, 100, 0, 34, 42.56
2026/04/13 20:46:12.804, 0, 3476, 100, 0, 34, 41.91
2026/04/13 20:46:12.807, 1, 3476, 100, 0, 34, 42.55
2026/04/13 20:46:13.811, 0, 3476, 100, 0, 34, 41.89
2026/04/13 20:46:13.813, 1, 3476, 100, 0, 34, 42.56
2026/04/13 20:46:14.818, 0, 3476, 100, 0, 34, 41.90
2026/04/13 20:46:14.821, 1, 3476, 100, 0, 34, 42.55
2026/04/13 20:46:15.825, 0, 3476, 100, 0, 34, 41.89
2026/04/13 20:46:15.828, 1, 3476, 100, 0, 34, 42.45
2026/04/13 20:46:16.831, 0, 3476, 100, 0, 34, 41.90
2026/04/13 20:46:16.835, 1, 3476, 100, 0, 34, 42.56
2026/04/13 20:46:17.841, 0, 3476, 100, 0, 34, 41.90
2026/04/13 20:46:17.843, 1, 3476, 100, 0, 34, 42.56
2026/04/13 20:46:18.847, 0, 3476, 100, 0, 34, 41.90
2026/04/13 20:46:18.850, 1, 3476, 100, 0, 34, 42.45
2026/04/13 20:46:19.854, 0, 3476, 100, 0, 34, 41.90
2026/04/13 20:46:19.859, 1, 3476, 100, 0, 34, 42.56
2026/04/13 20:46:20.863, 0, 3476, 100, 0, 34, 41.90
2026/04/13 20:46:20.866, 1, 3476, 100, 0, 34, 42.55
2026/04/13 20:46:21.870, 0, 3476, 100, 0, 34, 41.90
2026/04/13 20:46:21.873, 1, 3476, 100, 0, 34, 42.56
2026/04/13 20:46:22.877, 0, 3476, 100, 0, 34, 41.90
2026/04/13 20:46:22.880, 1, 3476, 100, 0, 34, 42.56
2026/04/13 20:46:23.884, 0, 3476, 100, 0, 34, 41.90
2026/04/13 20:46:23.886, 1, 3476, 100, 0, 34, 42.45
2026/04/13 20:46:24.890, 0, 3476, 100, 0, 34, 41.90
2026/04/13 20:46:24.893, 1, 3476, 100, 0, 34, 42.45
2026/04/13 20:46:25.896, 0, 3476, 100, 0, 34, 41.90
2026/04/13 20:46:25.899, 1, 3476, 100, 0, 34, 42.56
2026/04/13 20:46:26.906, 0, 3476, 100, 0, 34, 41.91
2026/04/13 20:46:26.908, 1, 3476, 100, 0, 34, 42.46
2026/04/13 20:46:27.912, 0, 3476, 100, 0, 34, 41.90
2026/04/13 20:46:27.915, 1, 3476, 100, 0, 34, 42.45
2026/04/13 20:46:28.919, 0, 3476, 100, 0, 34, 41.91
2026/04/13 20:46:28.921, 1, 3476, 100, 0, 34, 42.55
2026/04/13 20:46:29.925, 0, 3476, 100, 0, 34, 41.90
2026/04/13 20:46:29.929, 1, 3476, 100, 0, 34, 42.56
2026/04/13 20:46:30.935, 0, 3476, 100, 0, 34, 41.90
2026/04/13 20:46:30.937, 1, 3476, 100, 0, 34, 42.55
2026/04/13 20:46:31.941, 0, 3476, 100, 0, 34, 41.90
2026/04/13 20:46:31.944, 1, 3476, 100, 0, 34, 42.56
2026/04/13 20:46:32.948, 0, 3476, 100, 0, 34, 41.90
2026/04/13 20:46:32.950, 1, 3476, 100, 0, 34, 42.55
2026/04/13 20:46:33.954, 0, 3476, 100, 0, 34, 41.90
2026/04/13 20:46:33.957, 1, 3476, 100, 0, 34, 42.55
2026/04/13 20:46:34.960, 0, 3476, 100, 0, 34, 41.90
2026/04/13 20:46:34.965, 1, 3476, 100, 0, 34, 42.55
2026/04/13 20:46:35.969, 0, 3476, 100, 0, 34, 41.90
2026/04/13 20:46:35.972, 1, 3476, 100, 0, 34, 42.45
2026/04/13 20:46:36.974, 0, 3476, 100, 0, 34, 41.91
2026/04/13 20:46:36.977, 1, 3476, 100, 0, 34, 42.55
2026/04/13 20:46:37.980, 0, 3476, 100, 0, 34, 41.91
2026/04/13 20:46:37.982, 1, 3476, 100, 0, 34, 42.55
2026/04/13 20:46:38.987, 0, 3476, 100, 0, 34, 41.90
2026/04/13 20:46:38.990, 1, 3476, 100, 0, 34, 42.45
2026/04/13 20:46:39.992, 0, 3476, 100, 0, 34, 41.91
2026/04/13 20:46:39.996, 1, 3476, 100, 0, 34, 42.45
2026/04/13 20:46:40.999, 0, 3476, 100, 0, 34, 41.90
2026/04/13 20:46:41.002, 1, 3476, 100, 0, 34, 42.55
2026/04/13 20:46:42.006, 0, 3476, 100, 0, 34, 41.91
2026/04/13 20:46:42.008, 1, 3476, 100, 0, 34, 42.55
2026/04/13 20:46:43.011, 0, 3476, 100, 0, 34, 41.90
2026/04/13 20:46:43.014, 1, 3476, 100, 0, 34, 42.45
2026/04/13 20:46:44.018, 0, 3476, 100, 0, 34, 41.90
2026/04/13 20:46:44.020, 1, 3476, 100, 0, 34, 42.55
2026/04/13 20:46:45.023, 0, 3476, 100, 0, 34, 41.90
2026/04/13 20:46:45.026, 1, 3476, 100, 0, 34, 42.55
2026/04/13 20:46:46.030, 0, 3476, 100, 0, 34, 41.91
2026/04/13 20:46:46.033, 1, 3476, 100, 0, 34, 42.46
2026/04/13 20:46:47.035, 0, 3476, 100, 0, 34, 41.90
2026/04/13 20:46:47.038, 1, 3476, 100, 0, 34, 42.56
2026/04/13 20:46:48.041, 0, 3476, 100, 0, 34, 42.01
2026/04/13 20:46:48.044, 1, 3476, 100, 0, 34, 42.55
2026/04/13 20:46:49.047, 0, 3476, 100, 0, 34, 42.01
2026/04/13 20:46:49.049, 1, 3476, 100, 0, 34, 42.56
2026/04/13 20:46:50.052, 0, 3476, 100, 0, 34, 41.90
2026/04/13 20:46:50.056, 1, 3476, 100, 0, 34, 42.55
2026/04/13 20:46:51.059, 0, 3476, 100, 0, 34, 41.89
2026/04/13 20:46:51.062, 1, 3476, 100, 0, 34, 42.55
2026/04/13 20:46:52.064, 0, 3476, 100, 0, 34, 42.00
2026/04/13 20:46:52.069, 1, 3476, 100, 0, 34, 42.56
2026/04/13 20:46:53.073, 0, 3476, 100, 0, 34, 41.91
2026/04/13 20:46:53.076, 1, 3476, 100, 0, 34, 42.55
2026/04/13 20:46:54.078, 0, 3476, 100, 0, 34, 41.91
2026/04/13 20:46:54.081, 1, 3476, 100, 0, 34, 42.45
2026/04/13 20:46:55.084, 0, 3476, 100, 0, 34, 41.89
2026/04/13 20:46:55.087, 1, 3476, 100, 0, 34, 42.45
2026/04/13 20:46:56.090, 0, 3476, 100, 0, 34, 41.90
2026/04/13 20:46:56.092, 1, 3476, 100, 0, 34, 42.55
2026/04/13 20:46:57.095, 0, 3476, 100, 0, 34, 41.91
2026/04/13 20:46:57.098, 1, 3476, 100, 0, 34, 42.55
2026/04/13 20:46:58.102, 0, 3476, 100, 0, 34, 42.01
2026/04/13 20:46:58.104, 1, 3476, 100, 0, 34, 42.55
2026/04/13 20:46:59.108, 0, 3476, 100, 0, 34, 42.00
2026/04/13 20:46:59.111, 1, 3476, 100, 0, 34, 42.45
2026/04/13 20:47:00.114, 0, 3476, 100, 0, 34, 41.91
2026/04/13 20:47:00.117, 1, 3476, 100, 0, 34, 42.55
2026/04/13 20:47:01.120, 0, 3476, 100, 0, 34, 41.89
2026/04/13 20:47:01.122, 1, 3476, 100, 0, 34, 42.46
2026/04/13 20:47:02.125, 0, 3476, 100, 0, 34, 41.89
2026/04/13 20:47:02.128, 1, 3476, 100, 0, 34, 42.46
2026/04/13 20:47:03.130, 0, 3476, 100, 0, 34, 41.89
2026/04/13 20:47:03.133, 1, 3476, 100, 0, 34, 42.55
2026/04/13 20:47:04.136, 0, 3476, 100, 0, 34, 41.90
2026/04/13 20:47:04.139, 1, 3476, 100, 0, 34, 42.55
2026/04/13 20:47:05.146, 0, 3476, 100, 0, 34, 41.91
2026/04/13 20:47:05.149, 1, 3476, 100, 0, 34, 42.45
2026/04/13 20:47:06.152, 0, 3476, 100, 0, 34, 41.89
2026/04/13 20:47:06.155, 1, 3476, 100, 0, 34, 42.55
2026/04/13 20:47:07.158, 0, 3476, 100, 0, 34, 41.89
2026/04/13 20:47:07.161, 1, 3476, 100, 0, 34, 42.45
2026/04/13 20:47:08.169, 0, 3476, 100, 0, 34, 41.90
2026/04/13 20:47:08.173, 1, 3476, 100, 0, 34, 42.55
2026/04/13 20:47:09.176, 0, 3476, 100, 0, 34, 41.99
2026/04/13 20:47:09.178, 1, 3476, 100, 0, 34, 42.55
2026/04/13 20:47:10.185, 0, 3476, 100, 0, 34, 41.90
2026/04/13 20:47:10.188, 1, 3476, 100, 0, 34, 42.55
2026/04/13 20:47:11.191, 0, 3476, 100, 0, 34, 42.09
2026/04/13 20:47:11.194, 1, 3476, 100, 0, 34, 42.55
2026/04/13 20:47:12.198, 0, 3476, 100, 0, 34, 41.91
2026/04/13 20:47:12.204, 1, 3476, 100, 0, 34, 42.55
2026/04/13 20:47:13.208, 0, 3476, 100, 0, 34, 41.91
2026/04/13 20:47:13.211, 1, 3476, 100, 0, 34, 42.55
2026/04/13 20:47:14.215, 0, 3476, 100, 0, 34, 41.89
2026/04/13 20:47:14.218, 1, 3476, 100, 0, 34, 42.55
2026/04/13 20:47:15.221, 0, 3476, 100, 0, 34, 41.89
2026/04/13 20:47:15.224, 1, 3476, 100, 0, 34, 42.55
2026/04/13 20:47:16.230, 0, 3476, 100, 0, 34, 42.01
2026/04/13 20:47:16.232, 1, 3476, 100, 0, 34, 42.65
2026/04/13 20:47:17.236, 0, 3476, 100, 0, 34, 41.89
2026/04/13 20:47:17.239, 1, 3476, 100, 0, 34, 42.55
2026/04/13 20:47:18.242, 0, 3476, 100, 0, 34, 41.91
2026/04/13 20:47:18.245, 1, 3476, 100, 0, 34, 42.55
2026/04/13 20:47:19.251, 0, 3476, 100, 0, 34, 41.89
2026/04/13 20:47:19.253, 1, 3476, 100, 0, 34, 42.45
2026/04/13 20:47:20.257, 0, 3476, 100, 0, 34, 42.00
2026/04/13 20:47:20.260, 1, 3476, 100, 0, 34, 42.56
2026/04/13 20:47:21.263, 0, 3476, 100, 0, 34, 41.91
2026/04/13 20:47:21.266, 1, 3476, 100, 0, 34, 42.45
2026/04/13 20:47:22.270, 0, 3476, 100, 0, 34, 41.99
2026/04/13 20:47:22.273, 1, 3476, 100, 0, 34, 42.55
2026/04/13 20:47:23.276, 0, 3476, 100, 0, 34, 41.90
2026/04/13 20:47:23.279, 1, 3476, 100, 0, 34, 42.56
2026/04/13 20:47:24.283, 0, 3476, 100, 0, 34, 41.90
2026/04/13 20:47:24.292, 1, 3476, 100, 0, 34, 42.46
2026/04/13 20:47:25.296, 0, 3476, 100, 0, 34, 41.90
2026/04/13 20:47:25.298, 1, 3476, 100, 0, 34, 42.55
2026/04/13 20:47:26.302, 0, 3476, 100, 0, 34, 41.99
2026/04/13 20:47:26.305, 1, 3476, 100, 0, 34, 42.55
2026/04/13 20:47:27.309, 0, 3476, 100, 0, 34, 41.99
2026/04/13 20:47:27.311, 1, 3476, 100, 0, 34, 42.55
2026/04/13 20:47:28.316, 0, 3476, 100, 0, 34, 42.09
2026/04/13 20:47:28.319, 1, 3476, 100, 0, 34, 42.55
2026/04/13 20:47:29.322, 0, 3476, 100, 0, 34, 41.89
2026/04/13 20:47:29.325, 1, 3476, 100, 0, 34, 42.55
2026/04/13 20:47:30.329, 0, 3476, 100, 0, 34, 41.89
2026/04/13 20:47:30.332, 1, 3476, 100, 0, 34, 42.55
2026/04/13 20:47:31.336, 0, 3476, 100, 0, 34, 41.99
2026/04/13 20:47:31.341, 1, 3476, 100, 0, 34, 42.55
2026/04/13 20:47:32.345, 0, 3476, 100, 0, 34, 41.91
2026/04/13 20:47:32.348, 1, 3476, 100, 0, 34, 42.55
2026/04/13 20:47:33.351, 0, 3476, 100, 0, 34, 42.00
2026/04/13 20:47:33.355, 1, 3476, 100, 0, 34, 42.56
2026/04/13 20:47:34.358, 0, 3476, 100, 0, 34, 41.90
2026/04/13 20:47:34.361, 1, 3476, 100, 0, 34, 42.55
2026/04/13 20:47:35.365, 0, 3476, 100, 0, 34, 41.90
2026/04/13 20:47:35.370, 1, 3476, 100, 0, 34, 42.56
2026/04/13 20:47:36.374, 0, 3476, 100, 0, 34, 41.91
2026/04/13 20:47:36.377, 1, 3476, 100, 0, 34, 42.55
2026/04/13 20:47:37.381, 0, 3476, 100, 0, 34, 41.91
2026/04/13 20:47:37.383, 1, 3476, 100, 0, 34, 42.55
2026/04/13 20:47:38.389, 0, 3476, 100, 0, 34, 41.90
2026/04/13 20:47:38.392, 1, 3476, 100, 0, 34, 42.56
2026/04/13 20:47:39.395, 0, 3476, 100, 0, 34, 41.90
2026/04/13 20:47:39.398, 1, 3476, 100, 0, 34, 42.45
2026/04/13 20:47:40.404, 0, 3476, 100, 0, 34, 42.00
2026/04/13 20:47:40.407, 1, 3476, 100, 0, 34, 42.55
2026/04/13 20:47:41.411, 0, 3476, 100, 0, 34, 41.89
2026/04/13 20:47:41.415, 1, 3476, 100, 0, 34, 42.55
2026/04/13 20:47:42.419, 0, 3476, 100, 0, 34, 41.89
2026/04/13 20:47:42.421, 1, 3476, 100, 0, 34, 42.45
2026/04/13 20:47:43.425, 0, 3476, 100, 0, 34, 42.01
2026/04/13 20:47:43.428, 1, 3476, 100, 0, 34, 42.45
2026/04/13 20:47:44.434, 0, 3476, 100, 0, 34, 41.89
2026/04/13 20:47:44.436, 1, 3476, 100, 0, 34, 42.45
2026/04/13 20:47:45.440, 0, 3476, 100, 0, 34, 41.89
2026/04/13 20:47:45.443, 1, 3476, 100, 0, 34, 42.45
2026/04/13 20:47:46.447, 0, 3476, 100, 0, 34, 42.00
2026/04/13 20:47:46.452, 1, 3476, 100, 0, 34, 42.55
2026/04/13 20:47:47.456, 0, 3476, 100, 0, 34, 42.00
2026/04/13 20:47:47.459, 1, 3476, 100, 0, 34, 42.46
2026/04/13 20:47:48.464, 0, 3476, 100, 0, 34, 42.00
2026/04/13 20:47:48.466, 1, 3476, 100, 0, 34, 42.55
2026/04/13 20:47:49.470, 0, 3476, 100, 0, 34, 41.99
2026/04/13 20:47:49.473, 1, 3476, 100, 0, 34, 42.55
2026/04/13 20:47:50.477, 0, 3476, 100, 0, 34, 42.01
2026/04/13 20:47:50.480, 1, 3476, 100, 0, 34, 42.56
2026/04/13 20:47:51.484, 0, 3476, 100, 0, 34, 41.90
2026/04/13 20:47:51.486, 1, 3476, 100, 0, 34, 42.46
2026/04/13 20:47:52.490, 0, 3476, 100, 0, 34, 41.91
2026/04/13 20:47:52.493, 1, 3476, 100, 0, 34, 42.55
2026/04/13 20:47:53.497, 0, 3476, 100, 0, 34, 42.10
2026/04/13 20:47:53.499, 1, 3476, 100, 0, 34, 42.56
2026/04/13 20:47:54.503, 0, 3476, 100, 0, 34, 42.01
2026/04/13 20:47:54.509, 1, 3476, 100, 0, 34, 42.55
2026/04/13 20:47:55.512, 0, 3476, 100, 0, 34, 41.90
2026/04/13 20:47:55.515, 1, 3476, 100, 0, 34, 42.56
2026/04/13 20:47:56.519, 0, 3476, 100, 0, 34, 42.00
2026/04/13 20:47:56.521, 1, 3476, 100, 0, 34, 42.65
2026/04/13 20:47:57.526, 0, 3476, 100, 0, 34, 41.90
2026/04/13 20:47:57.529, 1, 3476, 100, 0, 34, 42.55
2026/04/13 20:47:58.534, 0, 3476, 100, 0, 34, 42.00
2026/04/13 20:47:58.539, 1, 3476, 100, 0, 34, 42.55
2026/04/13 20:47:59.543, 0, 3476, 100, 0, 34, 42.01
2026/04/13 20:47:59.545, 1, 3476, 100, 0, 34, 42.56
2026/04/13 20:48:00.549, 0, 3476, 100, 0, 34, 41.90
2026/04/13 20:48:00.552, 1, 3476, 100, 0, 34, 42.55
2026/04/13 20:48:01.557, 0, 3476, 100, 0, 34, 42.00
2026/04/13 20:48:01.560, 1, 3476, 100, 0, 34, 42.55
2026/04/13 20:48:02.564, 0, 3476, 100, 0, 34, 41.89
2026/04/13 20:48:02.567, 1, 3476, 100, 0, 34, 42.55
2026/04/13 20:48:03.571, 0, 3476, 100, 0, 34, 42.00
2026/04/13 20:48:03.573, 1, 3476, 100, 0, 34, 42.55
2026/04/13 20:48:04.577, 0, 3476, 100, 0, 34, 41.90
2026/04/13 20:48:04.580, 1, 3476, 100, 0, 34, 42.65
2026/04/13 20:48:05.584, 0, 3476, 100, 0, 34, 41.90
2026/04/13 20:48:05.587, 1, 3476, 100, 0, 34, 42.55
2026/04/13 20:48:06.592, 0, 3476, 100, 0, 34, 42.00
2026/04/13 20:48:06.594, 1, 3476, 100, 0, 34, 42.55
2026/04/13 20:48:07.598, 0, 3476, 100, 0, 34, 41.89
2026/04/13 20:48:07.601, 1, 3476, 100, 0, 34, 42.55
2026/04/13 20:48:08.605, 0, 3476, 100, 0, 34, 41.91
2026/04/13 20:48:08.607, 1, 3476, 100, 0, 34, 42.55
2026/04/13 20:48:09.611, 0, 3476, 100, 0, 34, 41.91
2026/04/13 20:48:09.614, 1, 3476, 100, 0, 34, 42.56
2026/04/13 20:48:10.617, 0, 3476, 100, 0, 34, 42.10
2026/04/13 20:48:10.622, 1, 3476, 100, 0, 34, 42.55
2026/04/13 20:48:11.626, 0, 3476, 100, 0, 34, 42.00
2026/04/13 20:48:11.629, 1, 3476, 100, 0, 34, 42.45
2026/04/13 20:48:12.632, 0, 3476, 100, 0, 34, 42.00
2026/04/13 20:48:12.635, 1, 3476, 100, 0, 34, 42.55
2026/04/13 20:48:13.639, 0, 3476, 100, 0, 34, 41.91
2026/04/13 20:48:13.641, 1, 3476, 100, 0, 34, 42.56
2026/04/13 20:48:14.645, 0, 3476, 100, 0, 34, 42.00
2026/04/13 20:48:14.650, 1, 3476, 100, 0, 34, 42.55
2026/04/13 20:48:15.654, 0, 3476, 100, 0, 34, 42.00
2026/04/13 20:48:15.656, 1, 3476, 100, 0, 34, 42.55
2026/04/13 20:48:16.660, 0, 3476, 100, 0, 34, 42.00
2026/04/13 20:48:16.663, 1, 3476, 100, 0, 34, 42.46
2026/04/13 20:48:17.667, 0, 3476, 100, 0, 34, 41.90
2026/04/13 20:48:17.670, 1, 3476, 100, 0, 34, 42.56
2026/04/13 20:48:18.673, 0, 3476, 100, 0, 34, 42.00
2026/04/13 20:48:18.678, 1, 3476, 100, 0, 34, 42.55
2026/04/13 20:48:19.682, 0, 3476, 100, 0, 34, 41.91
2026/04/13 20:48:19.685, 1, 3476, 100, 0, 34, 42.56
2026/04/13 20:48:20.689, 0, 3476, 100, 0, 34, 42.01
2026/04/13 20:48:20.692, 1, 3476, 100, 0, 34, 42.56
2026/04/13 20:48:21.698, 0, 3476, 100, 0, 34, 41.90
2026/04/13 20:48:21.703, 1, 3476, 100, 0, 34, 42.55
2026/04/13 20:48:22.707, 0, 3476, 100, 0, 34, 41.91
2026/04/13 20:48:22.710, 1, 3476, 100, 0, 34, 42.56
2026/04/13 20:48:23.715, 0, 3476, 100, 0, 34, 42.00
2026/04/13 20:48:23.718, 1, 3476, 100, 0, 34, 42.55
2026/04/13 20:48:24.721, 0, 3476, 100, 0, 34, 42.01
2026/04/13 20:48:24.724, 1, 3476, 100, 0, 34, 42.55
2026/04/13 20:48:25.728, 0, 3476, 100, 0, 34, 42.00
2026/04/13 20:48:25.731, 1, 3476, 100, 0, 34, 42.55
2026/04/13 20:48:26.735, 0, 3476, 100, 0, 34, 42.00
2026/04/13 20:48:26.737, 1, 3476, 100, 0, 34, 42.56
2026/04/13 20:48:27.741, 0, 3476, 100, 0, 34, 42.01
2026/04/13 20:48:27.744, 1, 3476, 100, 0, 34, 42.56
2026/04/13 20:48:28.748, 0, 3476, 100, 0, 34, 42.01
2026/04/13 20:48:28.751, 1, 3476, 100, 0, 34, 42.55
2026/04/13 20:48:29.754, 0, 3476, 100, 0, 34, 42.00
2026/04/13 20:48:29.756, 1, 3476, 100, 0, 34, 42.55
2026/04/13 20:48:30.759, 0, 3476, 100, 0, 34, 42.00
2026/04/13 20:48:30.762, 1, 3476, 100, 0, 34, 42.56
2026/04/13 20:48:31.766, 0, 3476, 100, 0, 34, 42.00
2026/04/13 20:48:31.775, 1, 3476, 100, 0, 34, 42.56
2026/04/13 20:48:32.778, 0, 3476, 100, 0, 34, 41.89
2026/04/13 20:48:32.780, 1, 3476, 100, 0, 34, 42.55
2026/04/13 20:48:33.783, 0, 3476, 100, 0, 34, 42.10
2026/04/13 20:48:33.786, 1, 3476, 100, 0, 34, 42.55
2026/04/13 20:48:34.788, 0, 3476, 100, 0, 34, 42.01
2026/04/13 20:48:34.791, 1, 3476, 100, 0, 34, 42.55
2026/04/13 20:48:35.795, 0, 3476, 100, 0, 34, 42.10
2026/04/13 20:48:35.798, 1, 3476, 100, 0, 34, 42.45
2026/04/13 20:48:36.801, 0, 3476, 100, 0, 34, 41.89
2026/04/13 20:48:36.804, 1, 3476, 100, 0, 34, 42.56
2026/04/13 20:48:37.808, 0, 3476, 100, 0, 34, 42.00
2026/04/13 20:48:37.810, 1, 3476, 100, 0, 34, 42.55
2026/04/13 20:48:38.814, 0, 3476, 100, 0, 34, 42.10
2026/04/13 20:48:38.821, 1, 3476, 100, 0, 34, 42.55
2026/04/13 20:48:39.825, 0, 3476, 100, 0, 34, 42.00
2026/04/13 20:48:39.827, 1, 3476, 100, 0, 34, 42.56
2026/04/13 20:48:40.831, 0, 3476, 100, 0, 34, 41.99
2026/04/13 20:48:40.834, 1, 3476, 100, 0, 34, 42.56
2026/04/13 20:48:41.838, 0, 3476, 100, 0, 34, 41.90
2026/04/13 20:48:41.840, 1, 3476, 100, 0, 34, 42.56
2026/04/13 20:48:42.844, 0, 3476, 100, 0, 34, 42.10
2026/04/13 20:48:42.847, 1, 3476, 100, 0, 34, 42.46
2026/04/13 20:48:43.850, 0, 3476, 100, 0, 34, 41.90
2026/04/13 20:48:43.853, 1, 3476, 100, 0, 34, 42.55
2026/04/13 20:48:44.857, 0, 3476, 100, 0, 34, 42.01
2026/04/13 20:48:44.860, 1, 3476, 100, 0, 34, 42.55
2026/04/13 20:48:45.864, 0, 3476, 100, 0, 34, 42.00
2026/04/13 20:48:45.866, 1, 3476, 100, 0, 34, 42.55
2026/04/13 20:48:46.870, 0, 3476, 100, 0, 34, 41.90
2026/04/13 20:48:46.873, 1, 3476, 100, 0, 34, 42.56
2026/04/13 20:48:47.878, 0, 3476, 100, 0, 34, 41.99
2026/04/13 20:48:47.881, 1, 3476, 100, 0, 34, 42.56
2026/04/13 20:48:48.885, 0, 3476, 100, 0, 34, 41.91
2026/04/13 20:48:48.887, 1, 3476, 100, 0, 34, 42.56
2026/04/13 20:48:49.891, 0, 3476, 100, 0, 34, 41.89
2026/04/13 20:48:49.894, 1, 3476, 100, 0, 34, 42.55
2026/04/13 20:48:50.897, 0, 3476, 100, 0, 34, 42.10
2026/04/13 20:48:50.900, 1, 3476, 100, 0, 34, 42.56
2026/04/13 20:48:51.904, 0, 3476, 100, 0, 34, 42.00
2026/04/13 20:48:51.909, 1, 3476, 100, 0, 34, 42.55
2026/04/13 20:48:52.913, 0, 3476, 100, 0, 34, 41.99
2026/04/13 20:48:52.915, 1, 3476, 100, 0, 34, 42.55
2026/04/13 20:48:53.920, 0, 3476, 100, 0, 34, 41.91
2026/04/13 20:48:53.923, 1, 3476, 100, 0, 34, 42.56
2026/04/13 20:48:54.926, 0, 3476, 100, 0, 34, 42.01
2026/04/13 20:48:54.929, 1, 3476, 100, 0, 34, 42.56
2026/04/13 20:48:55.933, 0, 3476, 100, 0, 34, 42.01
2026/04/13 20:48:55.936, 1, 3476, 100, 0, 34, 42.45
2026/04/13 20:48:56.941, 0, 3476, 100, 0, 34, 41.99
2026/04/13 20:48:56.944, 1, 3476, 100, 0, 34, 42.55
2026/04/13 20:48:57.947, 0, 3476, 100, 0, 34, 41.90
2026/04/13 20:48:57.950, 1, 3476, 100, 0, 34, 42.55
2026/04/13 20:48:58.954, 0, 3476, 100, 0, 34, 41.91
2026/04/13 20:48:58.956, 1, 3476, 100, 0, 34, 42.56
2026/04/13 20:48:59.960, 0, 3476, 100, 0, 34, 41.89
2026/04/13 20:48:59.965, 1, 3476, 100, 0, 34, 42.55
2026/04/13 20:49:00.971, 0, 3476, 100, 0, 34, 42.01
2026/04/13 20:49:00.974, 1, 3476, 100, 0, 34, 42.55
2026/04/13 20:49:01.978, 0, 3476, 100, 0, 34, 42.10
2026/04/13 20:49:01.981, 1, 3476, 100, 0, 34, 42.55
2026/04/13 20:49:02.984, 0, 3476, 100, 0, 34, 42.10
2026/04/13 20:49:02.987, 1, 3476, 100, 0, 34, 42.56
2026/04/13 20:49:03.991, 0, 3476, 100, 0, 34, 41.90
2026/04/13 20:49:03.993, 1, 3476, 100, 0, 34, 42.55
2026/04/13 20:49:04.997, 0, 3476, 100, 0, 34, 41.99
2026/04/13 20:49:05.000, 1, 3476, 100, 0, 34, 42.55
2026/04/13 20:49:06.004, 0, 3476, 100, 0, 34, 42.00
2026/04/13 20:49:06.007, 1, 3476, 100, 0, 34, 42.55
2026/04/13 20:49:07.010, 0, 3476, 100, 0, 34, 42.01
2026/04/13 20:49:07.013, 1, 3476, 100, 0, 34, 42.55
2026/04/13 20:49:08.017, 0, 3476, 100, 0, 34, 42.09
2026/04/13 20:49:08.020, 1, 3476, 100, 0, 34, 42.55
2026/04/13 20:49:09.024, 0, 3476, 100, 0, 34, 42.10
2026/04/13 20:49:09.026, 1, 3476, 100, 0, 34, 42.55
2026/04/13 20:49:10.030, 0, 3476, 100, 0, 34, 41.90
2026/04/13 20:49:10.033, 1, 3476, 100, 0, 34, 42.55
2026/04/13 20:49:11.037, 0, 3476, 100, 0, 34, 41.89
2026/04/13 20:49:11.039, 1, 3476, 100, 0, 34, 42.56
2026/04/13 20:49:12.043, 0, 3476, 100, 0, 34, 41.90
2026/04/13 20:49:12.047, 1, 3476, 100, 0, 34, 42.55
2026/04/13 20:49:13.051, 0, 3476, 100, 0, 34, 42.00
2026/04/13 20:49:13.054, 1, 3476, 100, 0, 34, 42.56
2026/04/13 20:49:14.058, 0, 3476, 100, 0, 34, 41.89
2026/04/13 20:49:14.061, 1, 3476, 100, 0, 34, 42.55
2026/04/13 20:49:15.066, 0, 3476, 100, 0, 34, 42.01
2026/04/13 20:49:15.069, 1, 3476, 100, 0, 34, 42.55
2026/04/13 20:49:16.073, 0, 3476, 100, 0, 34, 42.10
2026/04/13 20:49:16.076, 1, 3476, 100, 0, 34, 42.55
2026/04/13 20:49:17.080, 0, 3476, 100, 0, 34, 42.00
2026/04/13 20:49:17.082, 1, 3476, 100, 0, 34, 42.56
2026/04/13 20:49:18.086, 0, 3476, 100, 0, 34, 42.00
2026/04/13 20:49:18.089, 1, 3476, 100, 0, 34, 42.65
2026/04/13 20:49:19.095, 0, 3476, 100, 0, 34, 42.01
2026/04/13 20:49:19.101, 1, 3476, 100, 0, 34, 42.45
2026/04/13 20:49:20.104, 0, 3476, 100, 0, 34, 42.10
2026/04/13 20:49:20.107, 1, 3476, 100, 0, 34, 42.65
2026/04/13 20:49:21.111, 0, 3476, 100, 0, 34, 42.10
2026/04/13 20:49:21.113, 1, 3476, 100, 0, 34, 42.55
2026/04/13 20:49:22.117, 0, 3476, 100, 0, 34, 42.00
2026/04/13 20:49:22.120, 1, 3476, 100, 0, 34, 42.55
2026/04/13 20:49:23.124, 0, 3476, 100, 0, 34, 42.00
2026/04/13 20:49:23.128, 1, 3476, 100, 0, 34, 42.55
2026/04/13 20:49:24.132, 0, 3476, 100, 0, 34, 42.00
2026/04/13 20:49:24.135, 1, 3476, 100, 0, 34, 42.55
2026/04/13 20:49:25.139, 0, 3476, 100, 0, 34, 41.90
2026/04/13 20:49:25.142, 1, 3476, 100, 0, 34, 42.55
2026/04/13 20:49:26.145, 0, 3476, 100, 0, 34, 41.90
2026/04/13 20:49:26.147, 1, 3476, 100, 0, 34, 42.55
2026/04/13 20:49:27.150, 0, 3476, 100, 0, 34, 42.01
2026/04/13 20:49:27.153, 1, 3476, 100, 0, 34, 42.55
2026/04/13 20:49:28.155, 0, 3476, 100, 0, 34, 42.00
2026/04/13 20:49:28.162, 1, 3476, 100, 0, 34, 42.55
2026/04/13 20:49:29.168, 0, 3476, 100, 0, 34, 41.91
2026/04/13 20:49:29.170, 1, 3476, 100, 0, 34, 42.56
2026/04/13 20:49:30.173, 0, 3476, 100, 0, 34, 41.90
2026/04/13 20:49:30.176, 1, 3476, 100, 0, 34, 42.55
2026/04/13 20:49:31.179, 0, 3476, 100, 0, 34, 41.91
2026/04/13 20:49:31.181, 1, 3476, 100, 0, 34, 42.55
2026/04/13 20:49:32.186, 0, 3476, 100, 0, 34, 42.01
2026/04/13 20:49:32.189, 1, 3476, 100, 0, 34, 42.56
2026/04/13 20:49:33.192, 0, 3476, 100, 0, 34, 42.00
2026/04/13 20:49:33.194, 1, 3476, 100, 0, 34, 42.56
2026/04/13 20:49:34.197, 0, 3476, 100, 0, 34, 41.89
2026/04/13 20:49:34.200, 1, 3476, 100, 0, 34, 42.55
2026/04/13 20:49:35.203, 0, 3476, 100, 0, 34, 41.90
2026/04/13 20:49:35.205, 1, 3476, 100, 0, 34, 42.56
2026/04/13 20:49:36.208, 0, 3476, 100, 0, 34, 42.01
2026/04/13 20:49:36.211, 1, 3476, 100, 0, 34, 42.56
2026/04/13 20:49:37.214, 0, 3476, 100, 0, 34, 42.01
2026/04/13 20:49:37.219, 1, 3476, 100, 0, 34, 42.56
2026/04/13 20:49:38.225, 0, 3476, 100, 0, 34, 42.00
2026/04/13 20:49:38.227, 1, 3476, 100, 0, 34, 42.55
2026/04/13 20:49:39.230, 0, 3476, 100, 0, 34, 42.00
2026/04/13 20:49:39.233, 1, 3476, 100, 0, 34, 42.56
2026/04/13 20:49:40.236, 0, 3476, 100, 0, 34, 41.91
2026/04/13 20:49:40.240, 1, 3476, 100, 0, 34, 42.66
2026/04/13 20:49:41.244, 0, 3476, 100, 0, 34, 42.00
2026/04/13 20:49:41.246, 1, 3476, 100, 0, 34, 42.56
2026/04/13 20:49:42.250, 0, 3476, 100, 0, 34, 42.00
2026/04/13 20:49:42.253, 1, 3476, 100, 0, 34, 42.56
2026/04/13 20:49:43.256, 0, 3476, 100, 0, 34, 42.01
2026/04/13 20:49:43.258, 1, 3476, 100, 0, 34, 42.55
2026/04/13 20:49:44.262, 0, 3476, 100, 0, 34, 41.90
2026/04/13 20:49:44.265, 1, 3476, 100, 0, 34, 42.55
2026/04/13 20:49:45.267, 0, 3476, 100, 0, 34, 41.90
2026/04/13 20:49:45.270, 1, 3476, 100, 0, 34, 42.56
2026/04/13 20:49:46.273, 0, 3476, 100, 0, 34, 41.91
2026/04/13 20:49:46.276, 1, 3476, 100, 0, 34, 42.55
2026/04/13 20:49:47.280, 0, 3476, 100, 0, 34, 42.01
2026/04/13 20:49:47.283, 1, 3476, 100, 0, 34, 42.55
2026/04/13 20:49:48.287, 0, 3476, 100, 0, 34, 41.90
2026/04/13 20:49:48.290, 1, 3476, 100, 0, 34, 42.56
2026/04/13 20:49:49.294, 0, 3476, 100, 0, 34, 41.90
2026/04/13 20:49:49.297, 1, 3476, 100, 0, 34, 42.55
2026/04/13 20:49:50.301, 0, 3476, 100, 0, 34, 41.90
2026/04/13 20:49:50.303, 1, 3476, 100, 0, 34, 42.55
2026/04/13 20:49:51.307, 0, 3476, 100, 0, 34, 41.91
2026/04/13 20:49:51.311, 1, 3476, 100, 0, 34, 42.65
2026/04/13 20:49:52.317, 0, 3476, 100, 0, 34, 42.01
2026/04/13 20:49:52.319, 1, 3476, 100, 0, 34, 42.56
2026/04/13 20:49:53.323, 0, 3476, 100, 0, 34, 41.91
2026/04/13 20:49:53.326, 1, 3476, 100, 0, 34, 42.55
2026/04/13 20:49:54.331, 0, 3476, 100, 0, 34, 41.90
2026/04/13 20:49:54.336, 1, 3476, 100, 0, 34, 42.55
2026/04/13 20:49:55.340, 0, 3476, 100, 0, 34, 42.00
2026/04/13 20:49:55.342, 1, 3476, 100, 0, 34, 42.56
2026/04/13 20:49:56.346, 0, 3476, 100, 0, 34, 42.01
2026/04/13 20:49:56.349, 1, 3476, 100, 0, 34, 42.55
2026/04/13 20:49:57.353, 0, 3476, 100, 0, 34, 42.01
2026/04/13 20:49:57.355, 1, 3476, 100, 0, 34, 42.55
2026/04/13 20:49:58.359, 0, 3476, 100, 0, 34, 41.89
2026/04/13 20:49:58.364, 1, 3476, 100, 0, 34, 42.46
2026/04/13 20:49:59.368, 0, 3476, 100, 0, 34, 42.00
2026/04/13 20:49:59.371, 1, 3476, 100, 0, 34, 42.56
2026/04/13 20:50:00.376, 0, 3476, 100, 0, 34, 41.90
2026/04/13 20:50:00.380, 1, 3476, 100, 0, 34, 42.55
2026/04/13 20:50:01.384, 0, 3476, 100, 0, 34, 41.91
2026/04/13 20:50:01.386, 1, 3476, 100, 0, 34, 42.56
2026/04/13 20:50:02.390, 0, 3476, 100, 0, 34, 42.00
2026/04/13 20:50:02.393, 1, 3476, 100, 0, 34, 42.56
2026/04/13 20:50:03.397, 0, 3476, 100, 0, 34, 42.01
2026/04/13 20:50:03.399, 1, 3476, 100, 0, 34, 42.55
2026/04/13 20:50:04.405, 0, 3476, 100, 0, 34, 41.91
2026/04/13 20:50:04.408, 1, 3476, 100, 0, 34, 42.55
2026/04/13 20:50:05.411, 0, 3476, 100, 0, 34, 42.01
2026/04/13 20:50:05.414, 1, 3476, 100, 0, 34, 42.55
2026/04/13 20:50:06.418, 0, 3476, 100, 0, 34, 42.00
2026/04/13 20:50:06.421, 1, 3476, 100, 0, 34, 42.55
2026/04/13 20:50:07.424, 0, 3476, 100, 0, 34, 42.00
2026/04/13 20:50:07.427, 1, 3476, 100, 0, 34, 42.55
2026/04/13 20:50:08.431, 0, 3476, 100, 0, 34, 42.00
2026/04/13 20:50:08.433, 1, 3476, 100, 0, 34, 42.56
2026/04/13 20:50:09.439, 0, 3476, 100, 0, 34, 41.99
2026/04/13 20:50:09.442, 1, 3476, 100, 0, 34, 42.56
2026/04/13 20:50:10.445, 0, 3476, 100, 0, 34, 41.99
2026/04/13 20:50:10.450, 1, 3476, 100, 0, 34, 42.56
2026/04/13 20:50:11.453, 0, 3476, 100, 0, 34, 41.91
2026/04/13 20:50:11.456, 1, 3476, 100, 0, 34, 42.55
2026/04/13 20:50:12.460, 0, 3476, 100, 0, 34, 42.00
2026/04/13 20:50:12.463, 1, 3476, 100, 0, 34, 42.56
2026/04/13 20:50:13.467, 0, 3476, 100, 0, 34, 42.01
2026/04/13 20:50:13.470, 1, 3476, 100, 0, 34, 42.55
2026/04/13 20:50:14.476, 0, 3476, 100, 0, 34, 42.01
2026/04/13 20:50:14.478, 1, 3476, 100, 0, 34, 42.56
2026/04/13 20:50:15.482, 0, 3476, 100, 0, 34, 41.91
2026/04/13 20:50:15.485, 1, 3476, 100, 0, 34, 42.45
2026/04/13 20:50:16.489, 0, 3476, 100, 0, 34, 41.90
2026/04/13 20:50:16.491, 1, 3476, 100, 0, 34, 42.55
2026/04/13 20:50:17.495, 0, 3476, 100, 0, 34, 41.90
2026/04/13 20:50:17.498, 1, 3476, 100, 0, 34, 42.55
2026/04/13 20:50:18.503, 0, 3476, 100, 0, 34, 41.90
2026/04/13 20:50:18.506, 1, 3476, 100, 0, 34, 42.55
2026/04/13 20:50:19.509, 0, 3476, 100, 0, 34, 41.90
2026/04/13 20:50:19.513, 1, 3476, 100, 0, 34, 42.46
2026/04/13 20:50:20.517, 0, 3476, 100, 0, 34, 42.01
2026/04/13 20:50:20.519, 1, 3476, 100, 0, 34, 42.55
2026/04/13 20:50:21.523, 0, 3476, 100, 0, 34, 42.01
2026/04/13 20:50:21.526, 1, 3476, 100, 0, 34, 42.56
2026/04/13 20:50:22.533, 0, 3476, 100, 0, 34, 41.89
2026/04/13 20:50:22.535, 1, 3476, 100, 0, 34, 42.55
2026/04/13 20:50:23.539, 0, 3476, 100, 0, 34, 42.01
2026/04/13 20:50:23.542, 1, 3476, 100, 0, 34, 42.56
2026/04/13 20:50:24.546, 0, 3476, 100, 0, 34, 42.00
2026/04/13 20:50:24.549, 1, 3476, 100, 0, 34, 42.55
2026/04/13 20:50:25.553, 0, 3476, 100, 0, 34, 42.01
2026/04/13 20:50:25.556, 1, 3476, 100, 0, 34, 42.56
2026/04/13 20:50:26.562, 0, 3476, 100, 0, 34, 42.00
2026/04/13 20:50:26.565, 1, 3476, 100, 0, 34, 42.55
2026/04/13 20:50:27.571, 0, 3476, 100, 0, 34, 42.01
2026/04/13 20:50:27.573, 1, 3476, 100, 0, 34, 42.45
2026/04/13 20:50:28.578, 0, 3476, 100, 0, 34, 41.91
2026/04/13 20:50:28.581, 1, 3476, 100, 0, 34, 42.55
2026/04/13 20:50:29.585, 0, 3476, 100, 0, 34, 41.90
2026/04/13 20:50:29.588, 1, 3476, 100, 0, 34, 42.55
2026/04/13 20:50:30.592, 0, 3476, 100, 0, 34, 41.91
2026/04/13 20:50:30.595, 1, 3476, 100, 0, 34, 42.55
2026/04/13 20:50:31.599, 0, 3476, 100, 0, 34, 42.00
2026/04/13 20:50:31.601, 1, 3476, 100, 0, 34, 42.55
2026/04/13 20:50:32.605, 0, 3476, 100, 0, 34, 42.00
2026/04/13 20:50:32.608, 1, 3476, 100, 0, 34, 42.55
2026/04/13 20:50:33.617, 0, 3476, 100, 0, 34, 42.00
2026/04/13 20:50:33.620, 1, 3476, 100, 0, 34, 42.55
2026/04/13 20:50:34.624, 0, 3476, 100, 0, 34, 41.91
2026/04/13 20:50:34.626, 1, 3476, 100, 0, 34, 42.56
2026/04/13 20:50:35.630, 0, 3476, 100, 0, 34, 41.90
2026/04/13 20:50:35.633, 1, 3476, 100, 0, 34, 42.56
2026/04/13 20:50:36.636, 0, 3476, 100, 0, 34, 42.01
2026/04/13 20:50:36.643, 1, 3476, 100, 0, 34, 42.55
2026/04/13 20:50:37.647, 0, 3476, 100, 0, 34, 41.91
2026/04/13 20:50:37.650, 1, 3476, 100, 0, 34, 42.56
2026/04/13 20:50:38.656, 0, 3476, 100, 0, 34, 41.91
2026/04/13 20:50:38.659, 1, 3476, 100, 0, 34, 42.56
2026/04/13 20:50:39.663, 0, 3476, 100, 0, 34, 42.01
2026/04/13 20:50:39.668, 1, 3476, 100, 0, 34, 42.56
2026/04/13 20:50:40.672, 0, 3476, 100, 0, 34, 42.00
2026/04/13 20:50:40.675, 1, 3476, 100, 0, 34, 42.55
2026/04/13 20:50:41.679, 0, 3476, 100, 0, 34, 42.00
2026/04/13 20:50:41.681, 1, 3476, 100, 0, 34, 42.55
2026/04/13 20:50:42.686, 0, 3476, 100, 0, 34, 41.90
2026/04/13 20:50:42.689, 1, 3476, 100, 0, 34, 42.56
2026/04/13 20:50:43.693, 0, 3476, 100, 0, 34, 41.90
2026/04/13 20:50:43.695, 1, 3476, 100, 0, 34, 42.56
2026/04/13 20:50:44.699, 0, 3476, 100, 0, 34, 41.91
2026/04/13 20:50:44.702, 1, 3476, 100, 0, 34, 42.56
2026/04/13 20:50:45.705, 0, 3476, 100, 0, 34, 41.99
2026/04/13 20:50:45.708, 1, 3476, 100, 0, 34, 42.56
2026/04/13 20:50:46.712, 0, 3476, 100, 0, 34, 41.91
2026/04/13 20:50:46.716, 1, 3476, 100, 0, 34, 42.55
2026/04/13 20:50:47.720, 0, 3476, 100, 0, 34, 41.91
2026/04/13 20:50:47.722, 1, 3476, 100, 0, 34, 42.56
2026/04/13 20:50:48.726, 0, 3476, 100, 0, 34, 41.91
2026/04/13 20:50:48.729, 1, 3476, 100, 0, 34, 42.56
2026/04/13 20:50:49.733, 0, 3476, 100, 0, 34, 41.91
2026/04/13 20:50:49.735, 1, 3476, 100, 0, 34, 42.56
2026/04/13 20:50:50.739, 0, 3476, 100, 0, 34, 41.91
2026/04/13 20:50:50.742, 1, 3476, 100, 0, 34, 42.55
2026/04/13 20:50:51.746, 0, 3476, 100, 0, 34, 41.91
2026/04/13 20:50:51.748, 1, 3476, 100, 0, 34, 42.46
2026/04/13 20:50:52.752, 0, 3476, 100, 0, 34, 41.91
2026/04/13 20:50:52.755, 1, 3476, 100, 0, 34, 42.65
2026/04/13 20:50:53.759, 0, 3476, 100, 0, 34, 41.91
2026/04/13 20:50:53.761, 1, 3476, 100, 0, 34, 42.56
2026/04/13 20:50:54.765, 0, 3476, 100, 0, 34, 41.91
2026/04/13 20:50:54.768, 1, 3476, 100, 0, 34, 42.55
2026/04/13 20:50:55.772, 0, 3476, 100, 0, 34, 41.90
2026/04/13 20:50:55.774, 1, 3476, 100, 0, 34, 42.56
2026/04/13 20:50:56.779, 0, 3476, 100, 0, 34, 41.90
2026/04/13 20:50:56.781, 1, 3476, 100, 0, 34, 42.56
2026/04/13 20:50:57.785, 0, 3476, 100, 0, 34, 41.91
2026/04/13 20:50:57.788, 1, 3476, 100, 0, 34, 42.55
2026/04/13 20:50:58.790, 0, 3476, 100, 0, 34, 41.91
2026/04/13 20:50:58.793, 1, 3476, 100, 0, 34, 42.56
2026/04/13 20:50:59.797, 0, 3476, 100, 0, 34, 41.90
2026/04/13 20:50:59.799, 1, 3476, 100, 0, 34, 42.55
2026/04/13 20:51:00.802, 0, 3476, 100, 0, 34, 42.01
2026/04/13 20:51:00.805, 1, 3476, 100, 0, 34, 42.55
2026/04/13 20:51:01.808, 0, 3476, 100, 0, 34, 42.00
2026/04/13 20:51:01.812, 1, 3476, 100, 0, 34, 42.55
2026/04/13 20:51:02.816, 0, 3476, 100, 0, 34, 41.91
2026/04/13 20:51:02.819, 1, 3476, 100, 0, 34, 42.55
2026/04/13 20:51:03.823, 0, 3476, 100, 0, 34, 41.90
2026/04/13 20:51:03.825, 1, 3476, 100, 0, 34, 42.55
2026/04/13 20:51:04.828, 0, 3476, 100, 0, 34, 41.90
2026/04/13 20:51:04.831, 1, 3476, 100, 0, 34, 42.55
2026/04/13 20:51:05.833, 0, 3476, 100, 0, 34, 41.91
2026/04/13 20:51:05.836, 1, 3476, 100, 0, 34, 42.56
2026/04/13 20:51:06.839, 0, 3476, 100, 0, 34, 42.01
2026/04/13 20:51:06.842, 1, 3476, 100, 0, 34, 42.56
2026/04/13 20:51:07.846, 0, 3476, 100, 0, 34, 41.91
2026/04/13 20:51:07.849, 1, 3476, 100, 0, 34, 42.55
2026/04/13 20:51:08.852, 0, 3476, 100, 0, 34, 42.01
2026/04/13 20:51:08.854, 1, 3476, 100, 0, 34, 42.55
2026/04/13 20:51:09.857, 0, 3476, 100, 0, 34, 42.01
2026/04/13 20:51:09.860, 1, 3476, 100, 0, 34, 42.45
2026/04/13 20:51:10.864, 0, 3476, 100, 0, 34, 41.99
2026/04/13 20:51:10.870, 1, 3476, 100, 0, 34, 42.55
2026/04/13 20:51:11.874, 0, 3476, 100, 0, 34, 41.91
2026/04/13 20:51:11.876, 1, 3476, 100, 0, 34, 42.55
2026/04/13 20:51:12.879, 0, 3476, 100, 0, 34, 41.90
2026/04/13 20:51:12.882, 1, 3476, 100, 0, 34, 42.45
2026/04/13 20:51:13.886, 0, 3476, 100, 0, 34, 41.99
2026/04/13 20:51:13.888, 1, 3476, 100, 0, 34, 42.55
2026/04/13 20:51:14.891, 0, 3476, 100, 0, 34, 41.91
2026/04/13 20:51:14.894, 1, 3476, 100, 0, 34, 42.55
2026/04/13 20:51:15.898, 0, 3476, 100, 0, 34, 42.00
2026/04/13 20:51:15.900, 1, 3476, 100, 0, 34, 42.47
2026/04/13 20:51:16.903, 0, 3476, 100, 0, 34, 42.10
2026/04/13 20:51:16.906, 1, 3476, 100, 0, 34, 42.55
2026/04/13 20:51:17.909, 0, 3476, 100, 0, 34, 42.01
2026/04/13 20:51:17.913, 1, 3476, 100, 0, 34, 42.56
2026/04/13 20:51:18.919, 0, 3476, 100, 0, 34, 41.90
2026/04/13 20:51:18.921, 1, 3476, 100, 0, 34, 42.55
2026/04/13 20:51:19.925, 0, 3476, 100, 0, 34, 42.01
2026/04/13 20:51:19.928, 1, 3476, 100, 0, 34, 42.56
2026/04/13 20:51:20.931, 0, 3476, 100, 0, 34, 41.91
2026/04/13 20:51:20.934, 1, 3476, 100, 0, 34, 42.56
2026/04/13 20:51:21.937, 0, 3476, 100, 0, 34, 42.00
2026/04/13 20:51:21.939, 1, 3476, 100, 0, 34, 42.55
2026/04/13 20:51:22.942, 0, 3476, 100, 0, 34, 41.91
2026/04/13 20:51:22.945, 1, 3476, 100, 0, 34, 42.45
2026/04/13 20:51:23.947, 0, 3476, 100, 0, 34, 41.90
2026/04/13 20:51:23.950, 1, 3476, 100, 0, 34, 42.55
2026/04/13 20:51:24.954, 0, 3476, 100, 0, 34, 41.91
2026/04/13 20:51:24.958, 1, 3476, 100, 0, 34, 42.55
2026/04/13 20:51:25.960, 0, 3476, 100, 0, 34, 42.00
2026/04/13 20:51:25.963, 1, 3476, 100, 0, 34, 42.45
2026/04/13 20:51:26.967, 0, 3476, 100, 0, 34, 41.91
2026/04/13 20:51:26.970, 1, 3476, 100, 0, 34, 42.55
2026/04/13 20:51:27.974, 0, 3476, 100, 0, 34, 41.90
2026/04/13 20:51:27.977, 1, 3476, 100, 0, 34, 42.56
2026/04/13 20:51:28.981, 0, 3476, 100, 0, 34, 42.09
2026/04/13 20:51:28.985, 1, 3476, 100, 0, 34, 42.55
2026/04/13 20:51:29.989, 0, 3476, 100, 0, 34, 42.01
2026/04/13 20:51:29.992, 1, 3476, 100, 0, 34, 42.65
2026/04/13 20:51:30.995, 0, 3476, 100, 0, 34, 42.00
2026/04/13 20:51:30.998, 1, 3476, 100, 0, 34, 42.55
2026/04/13 20:51:32.002, 0, 3476, 100, 0, 34, 42.00
2026/04/13 20:51:32.004, 1, 3476, 100, 0, 34, 42.55
2026/04/13 20:51:33.008, 0, 3476, 100, 0, 34, 42.00
2026/04/13 20:51:33.013, 1, 3476, 100, 0, 34, 42.56
2026/04/13 20:51:34.021, 0, 3476, 100, 0, 34, 42.00
2026/04/13 20:51:34.024, 1, 3476, 100, 0, 34, 42.56
2026/04/13 20:51:35.030, 0, 3476, 100, 0, 34, 41.90
2026/04/13 20:51:35.032, 1, 3476, 100, 0, 34, 42.56
2026/04/13 20:51:36.039, 0, 3476, 100, 0, 34, 42.10
2026/04/13 20:51:36.043, 1, 3476, 100, 0, 34, 42.56
2026/04/13 20:51:37.047, 0, 3476, 100, 0, 34, 42.01
2026/04/13 20:51:37.050, 1, 3476, 100, 0, 34, 42.56
2026/04/13 20:51:38.054, 0, 3476, 100, 0, 34, 42.01
2026/04/13 20:51:38.057, 1, 3476, 100, 0, 34, 42.55
2026/04/13 20:51:39.061, 0, 3476, 100, 0, 34, 42.01
2026/04/13 20:51:39.064, 1, 3476, 100, 0, 34, 42.56
2026/04/13 20:51:40.068, 0, 3476, 100, 0, 34, 42.01
2026/04/13 20:51:40.070, 1, 3476, 100, 0, 34, 42.55
2026/04/13 20:51:41.074, 0, 3476, 100, 0, 34, 42.00
2026/04/13 20:51:41.077, 1, 3476, 100, 0, 34, 42.55
2026/04/13 20:51:42.082, 0, 3476, 100, 0, 34, 41.91
2026/04/13 20:51:42.085, 1, 3476, 100, 0, 34, 42.56
2026/04/13 20:51:43.088, 0, 3476, 100, 0, 34, 42.01
2026/04/13 20:51:43.091, 1, 3476, 100, 0, 34, 42.55
2026/04/13 20:51:44.095, 0, 3476, 100, 0, 34, 41.99
2026/04/13 20:51:44.099, 1, 3476, 100, 0, 34, 42.55
2026/04/13 20:51:45.103, 0, 3476, 100, 0, 34, 41.90
2026/04/13 20:51:45.105, 1, 3476, 100, 0, 34, 42.65
2026/04/13 20:51:46.109, 0, 3476, 100, 0, 34, 41.90
2026/04/13 20:51:46.112, 1, 3476, 100, 0, 34, 42.55
2026/04/13 20:51:47.116, 0, 3476, 100, 0, 34, 41.91
2026/04/13 20:51:47.119, 1, 3476, 100, 0, 34, 42.55
2026/04/13 20:51:48.122, 0, 3476, 100, 0, 34, 42.00
2026/04/13 20:51:48.125, 1, 3476, 100, 0, 34, 42.56
2026/04/13 20:51:49.129, 0, 3476, 100, 0, 34, 41.90
2026/04/13 20:51:49.132, 1, 3476, 100, 0, 34, 42.56
2026/04/13 20:51:50.135, 0, 3476, 100, 0, 34, 41.91
2026/04/13 20:51:50.138, 1, 3476, 100, 0, 34, 42.55
2026/04/13 20:51:51.143, 0, 3476, 100, 0, 34, 42.01
2026/04/13 20:51:51.146, 1, 3476, 100, 0, 34, 42.56
2026/04/13 20:51:52.150, 0, 3476, 100, 0, 34, 42.01
2026/04/13 20:51:52.154, 1, 3476, 100, 0, 34, 42.56
2026/04/13 20:51:53.158, 0, 3476, 100, 0, 34, 41.91
2026/04/13 20:51:53.161, 1, 3476, 100, 0, 34, 42.56
2026/04/13 20:51:54.164, 0, 3476, 100, 0, 34, 41.90
2026/04/13 20:51:54.167, 1, 3476, 100, 0, 34, 42.55
2026/04/13 20:51:55.171, 0, 3476, 100, 0, 34, 42.00
2026/04/13 20:51:55.173, 1, 3476, 100, 0, 34, 42.45
2026/04/13 20:51:56.180, 0, 3476, 100, 0, 34, 41.90
2026/04/13 20:51:56.183, 1, 3476, 100, 0, 34, 42.45
2026/04/13 20:51:57.187, 0, 3476, 100, 0, 34, 42.01
2026/04/13 20:51:57.189, 1, 3476, 100, 0, 34, 42.56
2026/04/13 20:51:58.193, 0, 3476, 100, 0, 34, 41.91
2026/04/13 20:51:58.196, 1, 3476, 100, 0, 34, 42.55
2026/04/13 20:51:59.199, 0, 3476, 100, 0, 34, 42.00
2026/04/13 20:51:59.202, 1, 3476, 100, 0, 34, 42.46
2026/04/13 20:52:00.206, 0, 3476, 100, 0, 34, 41.90
2026/04/13 20:52:00.208, 1, 3476, 100, 0, 34, 42.46
2026/04/13 20:52:01.212, 0, 3476, 100, 0, 34, 41.91
2026/04/13 20:52:01.215, 1, 3476, 100, 0, 34, 42.56
2026/04/13 20:52:02.219, 0, 3476, 100, 0, 34, 41.91
2026/04/13 20:52:02.222, 1, 3476, 100, 0, 34, 42.56
2026/04/13 20:52:03.226, 0, 3476, 100, 0, 34, 42.01
2026/04/13 20:52:03.229, 1, 3476, 100, 0, 34, 42.56
2026/04/13 20:52:04.233, 0, 3476, 100, 0, 34, 42.01
2026/04/13 20:52:04.236, 1, 3476, 100, 0, 34, 42.45
2026/04/13 20:52:05.242, 0, 3476, 100, 0, 34, 41.90
2026/04/13 20:52:05.245, 1, 3476, 100, 0, 34, 42.45
2026/04/13 20:52:06.249, 0, 3476, 100, 0, 34, 41.90
2026/04/13 20:52:06.251, 1, 3476, 100, 0, 34, 42.55
2026/04/13 20:52:07.255, 0, 3476, 100, 0, 34, 41.91
2026/04/13 20:52:07.258, 1, 3476, 100, 0, 34, 42.46
2026/04/13 20:52:08.262, 0, 3476, 100, 0, 34, 41.91
2026/04/13 20:52:08.265, 1, 3476, 100, 0, 34, 42.66
2026/04/13 20:52:09.268, 0, 3476, 100, 0, 34, 42.01
2026/04/13 20:52:09.271, 1, 3476, 100, 0, 34, 42.45
2026/04/13 20:52:10.275, 0, 3476, 100, 0, 34, 41.91
2026/04/13 20:52:10.278, 1, 3476, 100, 0, 34, 42.56
2026/04/13 20:52:11.281, 0, 3476, 100, 0, 34, 41.90
2026/04/13 20:52:11.284, 1, 3476, 100, 0, 34, 42.55
2026/04/13 20:52:12.289, 0, 3476, 100, 0, 34, 41.91
2026/04/13 20:52:12.292, 1, 3476, 100, 0, 34, 42.56
2026/04/13 20:52:13.296, 0, 3476, 100, 0, 34, 41.90
2026/04/13 20:52:13.299, 1, 3476, 100, 0, 34, 42.65
2026/04/13 20:52:14.304, 0, 3476, 100, 0, 34, 41.90
2026/04/13 20:52:14.307, 1, 3476, 100, 0, 34, 42.45
2026/04/13 20:52:15.310, 0, 3476, 100, 0, 34, 41.91
2026/04/13 20:52:15.312, 1, 3476, 100, 0, 34, 42.55
2026/04/13 20:52:16.316, 0, 3476, 100, 0, 34, 42.01
2026/04/13 20:52:16.319, 1, 3476, 100, 0, 34, 42.56
2026/04/13 20:52:17.323, 0, 3476, 100, 0, 34, 41.89
2026/04/13 20:52:17.326, 1, 3476, 100, 0, 34, 42.55
2026/04/13 20:52:18.329, 0, 3476, 100, 0, 34, 41.91
2026/04/13 20:52:18.332, 1, 3476, 100, 0, 34, 42.45
2026/04/13 20:52:19.335, 0, 3476, 100, 0, 34, 41.91
2026/04/13 20:52:19.338, 1, 3476, 100, 0, 34, 42.37
2026/04/13 20:52:20.341, 0, 3476, 100, 0, 34, 41.90
2026/04/13 20:52:20.347, 1, 3476, 100, 0, 34, 42.56
2026/04/13 20:52:21.350, 0, 3476, 100, 0, 34, 41.99
2026/04/13 20:52:21.352, 1, 3476, 100, 0, 34, 42.56
2026/04/13 20:52:22.355, 0, 3476, 100, 0, 34, 41.90
2026/04/13 20:52:22.358, 1, 3476, 100, 0, 34, 42.55
2026/04/13 20:52:23.360, 0, 3476, 100, 0, 34, 42.00
2026/04/13 20:52:23.363, 1, 3476, 100, 0, 34, 42.56
2026/04/13 20:52:24.367, 0, 3476, 100, 0, 34, 41.90
2026/04/13 20:52:24.370, 1, 3476, 100, 0, 34, 42.55
2026/04/13 20:52:25.372, 0, 3476, 100, 0, 34, 42.00
2026/04/13 20:52:25.375, 1, 3476, 100, 0, 34, 42.55
2026/04/13 20:52:26.378, 0, 3476, 100, 0, 34, 41.91
2026/04/13 20:52:26.381, 1, 3476, 100, 0, 34, 42.55
2026/04/13 20:52:27.384, 0, 3476, 100, 0, 34, 42.01
2026/04/13 20:52:27.387, 1, 3476, 100, 0, 34, 42.56
2026/04/13 20:52:28.389, 0, 3476, 100, 0, 34, 41.91
2026/04/13 20:52:28.392, 1, 3476, 100, 0, 34, 42.56
2026/04/13 20:52:29.396, 0, 3476, 100, 0, 34, 42.00
2026/04/13 20:52:29.399, 1, 3476, 100, 0, 34, 42.46
2026/04/13 20:52:30.402, 0, 3476, 100, 0, 34, 41.90
2026/04/13 20:52:30.405, 1, 3476, 100, 0, 34, 42.55
2026/04/13 20:52:31.407, 0, 3476, 100, 0, 34, 41.91
2026/04/13 20:52:31.413, 1, 3476, 100, 0, 34, 42.55
2026/04/13 20:52:32.416, 0, 3476, 100, 0, 34, 42.10
2026/04/13 20:52:32.418, 1, 3476, 100, 0, 34, 42.56
2026/04/13 20:52:33.421, 0, 3476, 100, 0, 34, 41.91
2026/04/13 20:52:33.424, 1, 3476, 100, 0, 34, 42.56
2026/04/13 20:52:34.426, 0, 3476, 100, 0, 34, 41.89
2026/04/13 20:52:34.429, 1, 3476, 100, 0, 34, 42.45
2026/04/13 20:52:35.433, 0, 3476, 100, 0, 34, 41.91
2026/04/13 20:52:35.436, 1, 3476, 100, 0, 34, 42.56
2026/04/13 20:52:36.440, 0, 3476, 100, 0, 34, 41.91
2026/04/13 20:52:36.443, 1, 3476, 100, 0, 34, 42.45
2026/04/13 20:52:37.447, 0, 3476, 100, 0, 34, 41.90
2026/04/13 20:52:37.450, 1, 3476, 100, 0, 34, 42.55
2026/04/13 20:52:38.452, 0, 3476, 100, 0, 34, 41.91
2026/04/13 20:52:38.455, 1, 3476, 100, 0, 34, 42.55
2026/04/13 20:52:39.459, 0, 3476, 100, 0, 34, 41.99
2026/04/13 20:52:39.462, 1, 3476, 100, 0, 34, 42.55
2026/04/13 20:52:40.464, 0, 3476, 100, 0, 34, 41.90
2026/04/13 20:52:40.467, 1, 3476, 100, 0, 34, 42.45
2026/04/13 20:52:41.470, 0, 3476, 100, 0, 34, 41.89
2026/04/13 20:52:41.473, 1, 3476, 100, 0, 34, 42.56
2026/04/13 20:52:42.477, 0, 3476, 100, 0, 34, 42.01
2026/04/13 20:52:42.479, 1, 3476, 100, 0, 34, 42.46
2026/04/13 20:52:43.482, 0, 3476, 100, 0, 34, 42.00
2026/04/13 20:52:43.485, 1, 3476, 100, 0, 34, 42.56
2026/04/13 20:52:44.489, 0, 3476, 100, 0, 34, 41.90
2026/04/13 20:52:44.491, 1, 3476, 100, 0, 34, 42.55
2026/04/13 20:52:45.495, 0, 3476, 100, 0, 34, 41.91
2026/04/13 20:52:45.498, 1, 3476, 100, 0, 34, 42.46
2026/04/13 20:52:46.500, 0, 3476, 100, 0, 34, 42.01
2026/04/13 20:52:46.503, 1, 3476, 100, 0, 34, 42.56
2026/04/13 20:52:47.506, 0, 3476, 100, 0, 34, 41.89
2026/04/13 20:52:47.508, 1, 3476, 100, 0, 34, 42.55
2026/04/13 20:52:48.514, 0, 3476, 100, 0, 34, 41.91
2026/04/13 20:52:48.516, 1, 3476, 100, 0, 34, 42.56
2026/04/13 20:52:49.520, 0, 3476, 100, 0, 34, 41.91
2026/04/13 20:52:49.523, 1, 3476, 100, 0, 34, 42.56
2026/04/13 20:52:50.527, 0, 3476, 100, 0, 34, 41.90
2026/04/13 20:52:50.532, 1, 3476, 100, 0, 34, 42.56
2026/04/13 20:52:51.536, 0, 3476, 100, 0, 34, 42.00
2026/04/13 20:52:51.539, 1, 3476, 100, 0, 34, 42.45
2026/04/13 20:52:52.543, 0, 3476, 100, 0, 34, 41.91
2026/04/13 20:52:52.546, 1, 3476, 100, 0, 34, 42.65
2026/04/13 20:52:53.550, 0, 3476, 100, 0, 34, 41.91
2026/04/13 20:52:53.552, 1, 3476, 100, 0, 34, 42.55
2026/04/13 20:52:54.556, 0, 3476, 100, 0, 34, 41.90
2026/04/13 20:52:54.560, 1, 3476, 100, 0, 34, 42.55
2026/04/13 20:52:55.567, 0, 3476, 100, 0, 34, 41.91
2026/04/13 20:52:55.570, 1, 3476, 100, 0, 34, 42.56
2026/04/13 20:52:56.574, 0, 3476, 100, 0, 34, 41.90
2026/04/13 20:52:56.576, 1, 3476, 100, 0, 34, 42.56
2026/04/13 20:52:57.580, 0, 3476, 100, 0, 34, 41.91
2026/04/13 20:52:57.583, 1, 3476, 100, 0, 34, 42.45
2026/04/13 20:52:58.587, 0, 3476, 100, 0, 34, 41.91
2026/04/13 20:52:58.589, 1, 3476, 100, 0, 34, 42.46
2026/04/13 20:52:59.593, 0, 3476, 100, 0, 34, 42.01
2026/04/13 20:52:59.596, 1, 3476, 100, 0, 34, 42.56
2026/04/13 20:53:00.600, 0, 3476, 100, 0, 34, 41.91
2026/04/13 20:53:00.603, 1, 3476, 100, 0, 34, 42.45
2026/04/13 20:53:01.606, 0, 3476, 100, 0, 34, 41.90
2026/04/13 20:53:01.609, 1, 3476, 100, 0, 34, 42.56
2026/04/13 20:53:02.613, 0, 3476, 100, 0, 34, 42.00
2026/04/13 20:53:02.615, 1, 3476, 100, 0, 34, 42.45
2026/04/13 20:53:03.619, 0, 3476, 100, 0, 34, 41.91
2026/04/13 20:53:03.622, 1, 3476, 100, 0, 34, 42.56
2026/04/13 20:53:04.628, 0, 3476, 100, 0, 34, 41.90
2026/04/13 20:53:04.631, 1, 3476, 100, 0, 34, 42.56
2026/04/13 20:53:05.635, 0, 3476, 100, 0, 34, 42.01
2026/04/13 20:53:05.638, 1, 3476, 100, 0, 34, 42.45
2026/04/13 20:53:06.642, 0, 3476, 100, 0, 34, 41.91
2026/04/13 20:53:06.645, 1, 3476, 100, 0, 34, 42.45
2026/04/13 20:53:07.649, 0, 3476, 100, 0, 34, 42.01
2026/04/13 20:53:07.652, 1, 3476, 100, 0, 34, 42.46
2026/04/13 20:53:08.658, 0, 3476, 100, 0, 34, 42.00
2026/04/13 20:53:08.661, 1, 3476, 100, 0, 34, 42.55
2026/04/13 20:53:09.664, 0, 3476, 100, 0, 34, 42.00
2026/04/13 20:53:09.667, 1, 3476, 100, 0, 34, 42.55
2026/04/13 20:53:10.671, 0, 3476, 100, 0, 34, 41.90
2026/04/13 20:53:10.674, 1, 3476, 100, 0, 34, 42.56
2026/04/13 20:53:11.678, 0, 3476, 100, 0, 34, 42.01
2026/04/13 20:53:11.681, 1, 3476, 100, 0, 34, 42.56
2026/04/13 20:53:12.685, 0, 3476, 100, 0, 34, 41.90
2026/04/13 20:53:12.687, 1, 3476, 100, 0, 34, 42.55
2026/04/13 20:53:13.691, 0, 3476, 100, 0, 34, 41.91
2026/04/13 20:53:13.694, 1, 3476, 100, 0, 34, 42.45
2026/04/13 20:53:14.697, 0, 3476, 100, 0, 34, 41.91
2026/04/13 20:53:14.700, 1, 3476, 100, 0, 34, 42.55
2026/04/13 20:53:15.704, 0, 3476, 100, 0, 34, 41.90
2026/04/13 20:53:15.707, 1, 3476, 100, 0, 34, 42.56
2026/04/13 20:53:16.711, 0, 3476, 100, 0, 34, 41.90
2026/04/13 20:53:16.713, 1, 3476, 100, 0, 34, 42.56
2026/04/13 20:53:17.717, 0, 3476, 100, 0, 34, 41.90
2026/04/13 20:53:17.720, 1, 3476, 100, 0, 34, 42.55
2026/04/13 20:53:18.726, 0, 3476, 100, 0, 34, 41.99
2026/04/13 20:53:18.729, 1, 3476, 100, 0, 34, 42.55
2026/04/13 20:53:19.732, 0, 3476, 100, 0, 34, 41.90
2026/04/13 20:53:19.735, 1, 3476, 100, 0, 34, 42.46
2026/04/13 20:53:20.739, 0, 3476, 100, 0, 34, 41.91
2026/04/13 20:53:20.742, 1, 3476, 100, 0, 34, 42.56
2026/04/13 20:53:21.745, 0, 3476, 100, 0, 34, 41.91
2026/04/13 20:53:21.749, 1, 3476, 100, 0, 34, 42.55
2026/04/13 20:53:22.756, 0, 3476, 100, 0, 34, 41.90
2026/04/13 20:53:22.760, 1, 3476, 100, 0, 34, 42.46
2026/04/13 20:53:23.764, 0, 3476, 100, 0, 34, 41.91
2026/04/13 20:53:23.767, 1, 3476, 100, 0, 34, 42.45
2026/04/13 20:53:24.770, 0, 3476, 100, 0, 34, 41.91
2026/04/13 20:53:24.773, 1, 3476, 100, 0, 34, 42.56
2026/04/13 20:53:25.777, 0, 3476, 100, 0, 34, 41.91
2026/04/13 20:53:25.780, 1, 3476, 100, 0, 34, 42.45
2026/04/13 20:53:26.785, 0, 3476, 100, 0, 34, 41.91
2026/04/13 20:53:26.789, 1, 3476, 100, 0, 34, 42.45
2026/04/13 20:53:27.792, 0, 3476, 100, 0, 34, 41.90
2026/04/13 20:53:27.795, 1, 3476, 100, 0, 34, 42.46
2026/04/13 20:53:28.799, 0, 3476, 100, 0, 34, 41.91
2026/04/13 20:53:28.801, 1, 3476, 100, 0, 34, 42.45
2026/04/13 20:53:29.805, 0, 3476, 100, 0, 34, 41.91
2026/04/13 20:53:29.808, 1, 3476, 100, 0, 34, 42.46
2026/04/13 20:53:30.812, 0, 3476, 100, 0, 34, 41.90
2026/04/13 20:53:30.814, 1, 3476, 100, 0, 34, 42.35
2026/04/13 20:53:31.818, 0, 3476, 100, 0, 34, 41.90
2026/04/13 20:53:31.821, 1, 3476, 100, 0, 34, 42.55
2026/04/13 20:53:32.827, 0, 3476, 100, 0, 34, 41.91
2026/04/13 20:53:32.829, 1, 3476, 100, 0, 34, 42.55
2026/04/13 20:53:33.833, 0, 3476, 100, 0, 34, 41.91
2026/04/13 20:53:33.836, 1, 3476, 100, 0, 34, 42.46
2026/04/13 20:53:34.839, 0, 3476, 100, 0, 34, 42.01
2026/04/13 20:53:34.842, 1, 3476, 100, 0, 34, 42.45
2026/04/13 20:53:35.846, 0, 3476, 100, 0, 34, 41.91
2026/04/13 20:53:35.849, 1, 3476, 100, 0, 34, 42.55
2026/04/13 20:53:36.853, 0, 3476, 100, 0, 34, 41.91
2026/04/13 20:53:36.855, 1, 3476, 100, 0, 34, 42.45
2026/04/13 20:53:37.859, 0, 3476, 100, 0, 34, 41.90
2026/04/13 20:53:37.862, 1, 3476, 100, 0, 34, 42.45
2026/04/13 20:53:38.865, 0, 3476, 100, 0, 34, 41.90
2026/04/13 20:53:38.868, 1, 3476, 100, 0, 34, 42.56
2026/04/13 20:53:39.872, 0, 3476, 100, 0, 34, 41.91
2026/04/13 20:53:39.874, 1, 3476, 100, 0, 34, 42.56
2026/04/13 20:53:40.878, 0, 3476, 100, 0, 34, 41.91
2026/04/13 20:53:40.881, 1, 3476, 100, 0, 34, 42.55
2026/04/13 20:53:41.885, 0, 3476, 100, 0, 34, 41.90
2026/04/13 20:53:41.889, 1, 3476, 100, 0, 34, 42.45
2026/04/13 20:53:42.892, 0, 3476, 100, 0, 34, 41.91
2026/04/13 20:53:42.895, 1, 3476, 100, 0, 34, 42.46
2026/04/13 20:53:43.897, 0, 3476, 100, 0, 34, 41.90
2026/04/13 20:53:43.900, 1, 3476, 100, 0, 34, 42.55
2026/04/13 20:53:44.904, 0, 3476, 100, 0, 34, 42.01
2026/04/13 20:53:44.907, 1, 3476, 100, 0, 34, 42.55
2026/04/13 20:53:45.914, 0, 3476, 100, 0, 34, 41.90
2026/04/13 20:53:45.916, 1, 3476, 100, 0, 34, 42.45
2026/04/13 20:53:46.919, 0, 3476, 100, 0, 34, 41.91
2026/04/13 20:53:46.922, 1, 3476, 100, 0, 34, 42.55
2026/04/13 20:53:47.925, 0, 3476, 100, 0, 34, 42.01
2026/04/13 20:53:47.928, 1, 3476, 100, 0, 34, 42.55
2026/04/13 20:53:48.931, 0, 3476, 100, 0, 34, 42.00
2026/04/13 20:53:48.934, 1, 3476, 100, 0, 34, 42.56
2026/04/13 20:53:49.936, 0, 3476, 100, 0, 34, 41.91
2026/04/13 20:53:49.941, 1, 3476, 100, 0, 34, 42.56
2026/04/13 20:53:50.944, 0, 3476, 100, 0, 34, 41.91
2026/04/13 20:53:50.947, 1, 3476, 100, 0, 34, 42.55
2026/04/13 20:53:51.950, 0, 3476, 100, 0, 34, 41.91
2026/04/13 20:53:51.953, 1, 3476, 100, 0, 34, 42.45
2026/04/13 20:53:52.955, 0, 3476, 100, 0, 34, 41.91
2026/04/13 20:53:52.958, 1, 3476, 100, 0, 34, 42.55
2026/04/13 20:53:53.961, 0, 3476, 100, 0, 34, 41.91
2026/04/13 20:53:53.963, 1, 3476, 100, 0, 34, 42.45
2026/04/13 20:53:54.966, 0, 3476, 100, 0, 34, 41.90
2026/04/13 20:53:54.969, 1, 3476, 100, 0, 34, 42.56
2026/04/13 20:53:55.972, 0, 3476, 100, 0, 34, 41.90
2026/04/13 20:53:55.977, 1, 3476, 100, 0, 34, 42.56
2026/04/13 20:53:56.980, 0, 3476, 100, 0, 34, 41.91
2026/04/13 20:53:56.983, 1, 3476, 100, 0, 34, 42.56
2026/04/13 20:53:57.987, 0, 3476, 100, 0, 34, 41.91
2026/04/13 20:53:57.989, 1, 3476, 100, 0, 34, 42.55
2026/04/13 20:53:58.993, 0, 3476, 100, 0, 34, 41.91
2026/04/13 20:53:58.996, 1, 3476, 100, 0, 34, 42.56
2026/04/13 20:53:59.999, 0, 3476, 100, 0, 34, 41.91
2026/04/13 20:54:00.001, 1, 3476, 100, 0, 34, 42.56
2026/04/13 20:54:01.004, 0, 3476, 100, 0, 34, 41.89
2026/04/13 20:54:01.008, 1, 3476, 100, 0, 34, 42.55
2026/04/13 20:54:02.011, 0, 3476, 100, 0, 34, 42.00
2026/04/13 20:54:02.013, 1, 3476, 100, 0, 34, 42.56
2026/04/13 20:54:03.020, 0, 3476, 100, 0, 34, 41.91
2026/04/13 20:54:03.023, 1, 3476, 100, 0, 34, 42.56
2026/04/13 20:54:04.025, 0, 3476, 100, 0, 34, 42.10
2026/04/13 20:54:04.028, 1, 3476, 100, 0, 34, 42.56
2026/04/13 20:54:05.031, 0, 3476, 100, 0, 34, 42.01
2026/04/13 20:54:05.033, 1, 3476, 100, 0, 34, 42.47
2026/04/13 20:54:06.036, 0, 3476, 100, 0, 34, 41.91
2026/04/13 20:54:06.041, 1, 3476, 100, 0, 34, 42.46
2026/04/13 20:54:07.044, 0, 3476, 100, 0, 34, 41.90
2026/04/13 20:54:07.047, 1, 3476, 100, 0, 34, 42.56
2026/04/13 20:54:08.051, 0, 3476, 100, 0, 34, 41.91
2026/04/13 20:54:08.054, 1, 3476, 100, 0, 34, 42.56
2026/04/13 20:54:09.057, 0, 3476, 100, 0, 34, 41.90
2026/04/13 20:54:09.061, 1, 3476, 100, 0, 34, 42.47
2026/04/13 20:54:10.064, 0, 3476, 100, 0, 34, 41.90
2026/04/13 20:54:10.067, 1, 3476, 100, 0, 34, 42.46
2026/04/13 20:54:11.069, 0, 3476, 100, 0, 34, 41.90
2026/04/13 20:54:11.072, 1, 3476, 100, 0, 34, 42.45
2026/04/13 20:54:12.075, 0, 3476, 100, 0, 34, 41.90
2026/04/13 20:54:12.077, 1, 3476, 100, 0, 34, 42.46
2026/04/13 20:54:13.080, 0, 3476, 100, 0, 34, 41.91
2026/04/13 20:54:13.083, 1, 3476, 100, 0, 34, 42.55
2026/04/13 20:54:14.087, 0, 3476, 100, 0, 34, 41.91
2026/04/13 20:54:14.089, 1, 3476, 100, 0, 34, 42.55
2026/04/13 20:54:15.092, 0, 3476, 100, 0, 34, 41.91
2026/04/13 20:54:15.095, 1, 3476, 100, 0, 34, 42.46
2026/04/13 20:54:16.099, 0, 3476, 100, 0, 34, 41.90
2026/04/13 20:54:16.104, 1, 3476, 100, 0, 34, 42.55
2026/04/13 20:54:17.108, 0, 3476, 100, 0, 34, 41.91
2026/04/13 20:54:17.110, 1, 3476, 100, 0, 34, 42.55
2026/04/13 20:54:18.113, 0, 3476, 100, 0, 34, 41.91
2026/04/13 20:54:18.116, 1, 3476, 100, 0, 34, 42.56
2026/04/13 20:54:19.120, 0, 3476, 100, 0, 34, 41.91
2026/04/13 20:54:19.123, 1, 3476, 100, 0, 34, 42.55
2026/04/13 20:54:20.126, 0, 3476, 100, 0, 34, 41.91
2026/04/13 20:54:20.128, 1, 3476, 100, 0, 34, 42.36
2026/04/13 20:54:21.131, 0, 3476, 100, 0, 34, 41.90
2026/04/13 20:54:21.136, 1, 3476, 100, 0, 34, 42.45
2026/04/13 20:54:22.139, 0, 3476, 100, 0, 34, 41.91
2026/04/13 20:54:22.142, 1, 3476, 100, 0, 34, 42.45
2026/04/13 20:54:23.146, 0, 3476, 100, 0, 34, 41.91
2026/04/13 20:54:23.149, 1, 3476, 100, 0, 34, 42.56
2026/04/13 20:54:24.155, 0, 3476, 100, 0, 34, 41.90
2026/04/13 20:54:24.158, 1, 3476, 100, 0, 34, 42.45
2026/04/13 20:54:25.161, 0, 3476, 100, 0, 34, 41.91
2026/04/13 20:54:25.165, 1, 3476, 100, 0, 34, 42.55
2026/04/13 20:54:26.169, 0, 3476, 100, 0, 34, 42.01
2026/04/13 20:54:26.171, 1, 3476, 100, 0, 34, 42.55
2026/04/13 20:54:27.175, 0, 3476, 100, 0, 34, 41.90
2026/04/13 20:54:27.178, 1, 3476, 100, 0, 34, 42.56
2026/04/13 20:54:28.181, 0, 3476, 100, 0, 34, 41.91
2026/04/13 20:54:28.184, 1, 3476, 100, 0, 34, 42.56
2026/04/13 20:54:29.188, 0, 3476, 100, 0, 34, 41.99
2026/04/13 20:54:29.190, 1, 3476, 100, 0, 34, 42.55
2026/04/13 20:54:30.194, 0, 3476, 100, 0, 34, 41.91
2026/04/13 20:54:30.197, 1, 3476, 100, 0, 34, 42.46
2026/04/13 20:54:31.201, 0, 3476, 100, 0, 34, 41.91
2026/04/13 20:54:31.203, 1, 3476, 100, 0, 34, 42.45
2026/04/13 20:54:32.207, 0, 3476, 100, 0, 34, 41.91
2026/04/13 20:54:32.210, 1, 3476, 100, 0, 34, 42.45
2026/04/13 20:54:33.214, 0, 3476, 100, 0, 34, 41.90
2026/04/13 20:54:33.216, 1, 3476, 100, 0, 34, 42.56
2026/04/13 20:54:34.220, 0, 3476, 100, 0, 34, 41.99
2026/04/13 20:54:34.226, 1, 3476, 100, 0, 34, 42.55
2026/04/13 20:54:35.230, 0, 3476, 100, 0, 34, 41.90
2026/04/13 20:54:35.232, 1, 3476, 100, 0, 34, 42.55
2026/04/13 20:54:36.236, 0, 3476, 100, 0, 34, 41.90
2026/04/13 20:54:36.239, 1, 3476, 100, 0, 34, 42.56
2026/04/13 20:54:37.243, 0, 3476, 100, 0, 34, 41.90
2026/04/13 20:54:37.246, 1, 3476, 100, 0, 34, 42.56
2026/04/13 20:54:38.249, 0, 3476, 100, 0, 34, 41.90
2026/04/13 20:54:38.252, 1, 3476, 100, 0, 34, 42.56
2026/04/13 20:54:39.258, 0, 3476, 100, 0, 34, 41.91
2026/04/13 20:54:39.260, 1, 3476, 100, 0, 34, 42.56
2026/04/13 20:54:40.264, 0, 3476, 100, 0, 34, 42.01
2026/04/13 20:54:40.267, 1, 3476, 100, 0, 34, 42.36
2026/04/13 20:54:41.270, 0, 3476, 100, 0, 34, 41.91
2026/04/13 20:54:41.273, 1, 3476, 100, 0, 34, 42.55
2026/04/13 20:54:42.280, 0, 3476, 100, 0, 34, 41.90
2026/04/13 20:54:42.286, 1, 3476, 100, 0, 34, 42.37
2026/04/13 20:54:43.290, 0, 3476, 100, 0, 34, 41.91
2026/04/13 20:54:43.293, 1, 3476, 100, 0, 34, 42.45
2026/04/13 20:54:44.296, 0, 3476, 100, 0, 34, 41.91
2026/04/13 20:54:44.299, 1, 3476, 100, 0, 34, 42.56
2026/04/13 20:54:45.303, 0, 3476, 100, 0, 34, 41.90
2026/04/13 20:54:45.306, 1, 3476, 100, 0, 34, 42.47
2026/04/13 20:54:46.312, 0, 3476, 100, 0, 34, 41.91
2026/04/13 20:54:46.315, 1, 3476, 100, 0, 34, 42.46
2026/04/13 20:54:47.319, 0, 3476, 100, 0, 34, 41.90
2026/04/13 20:54:47.322, 1, 3476, 100, 0, 34, 42.55
2026/04/13 20:54:48.326, 0, 3476, 100, 0, 34, 42.01
2026/04/13 20:54:48.328, 1, 3476, 100, 0, 34, 42.56
2026/04/13 20:54:49.332, 0, 3476, 100, 0, 34, 41.91
2026/04/13 20:54:49.335, 1, 3476, 100, 0, 34, 42.45
2026/04/13 20:54:50.339, 0, 3476, 100, 0, 34, 41.90
2026/04/13 20:54:50.341, 1, 3476, 100, 0, 34, 42.46
2026/04/13 20:54:51.345, 0, 3476, 100, 0, 34, 42.01
2026/04/13 20:54:51.348, 1, 3476, 100, 0, 34, 42.46
2026/04/13 20:54:52.352, 0, 3476, 100, 0, 34, 41.90
2026/04/13 20:54:52.354, 1, 3476, 100, 0, 34, 42.56
2026/04/13 20:54:53.358, 0, 3476, 100, 0, 34, 41.91
2026/04/13 20:54:53.361, 1, 3476, 100, 0, 34, 42.56
2026/04/13 20:54:54.364, 0, 3476, 100, 0, 34, 42.01
2026/04/13 20:54:54.369, 1, 3476, 100, 0, 34, 42.46
2026/04/13 20:54:55.372, 0, 3476, 100, 0, 34, 41.91
2026/04/13 20:54:55.375, 1, 3476, 100, 0, 34, 42.46
2026/04/13 20:54:56.379, 0, 3476, 100, 0, 34, 41.90
2026/04/13 20:54:56.382, 1, 3476, 100, 0, 34, 42.56
2026/04/13 20:54:57.385, 0, 3476, 100, 0, 34, 41.90
2026/04/13 20:54:57.388, 1, 3476, 100, 0, 34, 42.55
2026/04/13 20:54:58.393, 0, 3476, 100, 0, 34, 42.01
2026/04/13 20:54:58.396, 1, 3476, 100, 0, 34, 42.55
2026/04/13 20:54:59.400, 0, 3476, 100, 0, 34, 41.90
2026/04/13 20:54:59.403, 1, 3476, 100, 0, 34, 42.45
2026/04/13 20:55:00.407, 0, 3476, 100, 0, 34, 41.90
2026/04/13 20:55:00.410, 1, 3476, 100, 0, 34, 42.45
2026/04/13 20:55:01.414, 0, 3476, 100, 0, 34, 42.00
2026/04/13 20:55:01.417, 1, 3476, 100, 0, 34, 42.65
2026/04/13 20:55:02.421, 0, 3476, 100, 0, 34, 42.01
2026/04/13 20:55:02.424, 1, 3476, 100, 0, 34, 42.55
2026/04/13 20:55:03.428, 0, 3476, 100, 0, 34, 41.90
2026/04/13 20:55:03.431, 1, 3476, 100, 0, 34, 42.55
2026/04/13 20:55:04.434, 0, 3476, 100, 0, 34, 41.90
2026/04/13 20:55:04.437, 1, 3476, 100, 0, 34, 42.45
2026/04/13 20:55:05.441, 0, 3476, 100, 0, 34, 41.91
2026/04/13 20:55:05.443, 1, 3476, 100, 0, 34, 42.56
2026/04/13 20:55:06.447, 0, 3476, 100, 0, 34, 42.01
2026/04/13 20:55:06.451, 1, 3476, 100, 0, 34, 42.55
2026/04/13 20:55:07.455, 0, 3476, 100, 0, 34, 41.91
2026/04/13 20:55:07.458, 1, 3476, 100, 0, 34, 42.55
2026/04/13 20:55:08.462, 0, 3476, 100, 0, 34, 41.91
2026/04/13 20:55:08.464, 1, 3476, 100, 0, 34, 42.55
2026/04/13 20:55:09.471, 0, 3476, 100, 0, 34, 41.91
2026/04/13 20:55:09.474, 1, 3476, 100, 0, 34, 42.56
2026/04/13 20:55:10.477, 0, 3476, 100, 0, 34, 42.01
2026/04/13 20:55:10.480, 1, 3476, 100, 0, 34, 42.56
2026/04/13 20:55:11.484, 0, 3476, 100, 0, 34, 41.90
2026/04/13 20:55:11.486, 1, 3476, 100, 0, 34, 42.56
2026/04/13 20:55:12.491, 0, 3476, 100, 0, 34, 41.90
2026/04/13 20:55:12.494, 1, 3476, 100, 0, 34, 42.56
2026/04/13 20:55:13.500, 0, 3476, 100, 0, 34, 41.90
2026/04/13 20:55:13.503, 1, 3476, 100, 0, 34, 42.55
2026/04/13 20:55:14.505, 0, 3476, 100, 0, 34, 41.91
2026/04/13 20:55:14.508, 1, 3476, 100, 0, 34, 42.45
2026/04/13 20:55:15.512, 0, 3476, 100, 0, 34, 41.90
2026/04/13 20:55:15.514, 1, 3476, 100, 0, 34, 42.65
2026/04/13 20:55:16.517, 0, 3476, 100, 0, 34, 41.90
2026/04/13 20:55:16.520, 1, 3476, 100, 0, 34, 42.56
2026/04/13 20:55:17.523, 0, 3476, 100, 0, 34, 41.91
2026/04/13 20:55:17.526, 1, 3476, 100, 0, 34, 42.55
2026/04/13 20:55:18.530, 0, 3476, 100, 0, 34, 41.91
2026/04/13 20:55:18.533, 1, 3476, 100, 0, 34, 42.55
2026/04/13 20:55:19.536, 0, 3476, 100, 0, 34, 41.91
2026/04/13 20:55:19.540, 1, 3476, 100, 0, 34, 42.36
2026/04/13 20:55:20.543, 0, 3476, 100, 0, 34, 41.99
2026/04/13 20:55:20.546, 1, 3476, 100, 0, 34, 42.55
2026/04/13 20:55:21.550, 0, 3476, 100, 0, 34, 41.91
2026/04/13 20:55:21.552, 1, 3476, 100, 0, 34, 42.56
2026/04/13 20:55:22.557, 0, 3476, 100, 0, 34, 41.91
2026/04/13 20:55:22.560, 1, 3476, 100, 0, 34, 42.55
2026/04/13 20:55:23.564, 0, 3476, 100, 0, 34, 41.90
2026/04/13 20:55:23.566, 1, 3476, 100, 0, 34, 42.46
2026/04/13 20:55:24.570, 0, 3476, 100, 0, 34, 41.90
2026/04/13 20:55:24.574, 1, 3476, 100, 0, 34, 42.56
2026/04/13 20:55:25.578, 0, 3476, 100, 0, 34, 41.90
2026/04/13 20:55:25.580, 1, 3476, 100, 0, 34, 42.46
2026/04/13 20:55:26.585, 0, 3476, 100, 0, 34, 41.89
2026/04/13 20:55:26.588, 1, 3476, 100, 0, 34, 42.46
2026/04/13 20:55:27.592, 0, 3476, 100, 0, 34, 41.90
2026/04/13 20:55:27.594, 1, 3476, 100, 0, 34, 42.45
2026/04/13 20:55:28.598, 0, 3476, 100, 0, 34, 41.90
2026/04/13 20:55:28.602, 1, 3476, 100, 0, 34, 42.55
2026/04/13 20:55:29.606, 0, 3476, 100, 0, 34, 41.91
2026/04/13 20:55:29.609, 1, 3476, 100, 0, 34, 42.55
2026/04/13 20:55:30.615, 0, 3476, 100, 0, 34, 41.91
2026/04/13 20:55:30.617, 1, 3476, 100, 0, 34, 42.35
2026/04/13 20:55:31.621, 0, 3476, 100, 0, 34, 42.00
2026/04/13 20:55:31.624, 1, 3476, 100, 0, 34, 42.56
2026/04/13 20:55:32.629, 0, 3476, 100, 0, 34, 41.90
2026/04/13 20:55:32.632, 1, 3476, 100, 0, 34, 42.55
2026/04/13 20:55:33.636, 0, 3476, 100, 0, 34, 42.00
2026/04/13 20:55:33.638, 1, 3476, 100, 0, 34, 42.55
2026/04/13 20:55:34.645, 0, 3476, 100, 0, 34, 41.91
2026/04/13 20:55:34.648, 1, 3476, 100, 0, 34, 42.66
2026/04/13 20:55:35.651, 0, 3476, 100, 0, 34, 41.99
2026/04/13 20:55:35.656, 1, 3476, 100, 0, 34, 42.55
2026/04/13 20:55:36.660, 0, 3476, 100, 0, 34, 41.91
2026/04/13 20:55:36.663, 1, 3476, 100, 0, 34, 42.56
2026/04/13 20:55:37.666, 0, 3476, 100, 0, 34, 42.01
2026/04/13 20:55:37.669, 1, 3476, 100, 0, 34, 42.56
2026/04/13 20:55:38.674, 0, 3476, 100, 0, 34, 41.91
2026/04/13 20:55:38.676, 1, 3476, 100, 0, 34, 42.46
2026/04/13 20:55:39.680, 0, 3476, 100, 0, 34, 41.91
2026/04/13 20:55:39.684, 1, 3476, 100, 0, 34, 42.56
2026/04/13 20:55:40.688, 0, 3476, 100, 0, 34, 41.91
2026/04/13 20:55:40.690, 1, 3476, 100, 0, 34, 42.45
2026/04/13 20:55:41.694, 0, 3476, 100, 0, 34, 41.91
2026/04/13 20:55:41.697, 1, 3476, 100, 0, 34, 42.46
2026/04/13 20:55:42.703, 0, 3476, 100, 0, 34, 41.90
2026/04/13 20:55:42.705, 1, 3476, 100, 0, 34, 42.45
2026/04/13 20:55:43.709, 0, 3476, 100, 0, 34, 41.91
2026/04/13 20:55:43.712, 1, 3476, 100, 0, 34, 42.55
2026/04/13 20:55:44.716, 0, 3476, 100, 0, 34, 41.91
2026/04/13 20:55:44.719, 1, 3476, 100, 0, 34, 42.47
2026/04/13 20:55:45.722, 0, 3476, 100, 0, 34, 41.90
2026/04/13 20:55:45.725, 1, 3476, 100, 0, 34, 42.55
2026/04/13 20:55:46.732, 0, 3476, 100, 0, 34, 42.00
2026/04/13 20:55:46.734, 1, 3476, 100, 0, 34, 42.56
2026/04/13 20:55:47.738, 0, 3476, 100, 0, 34, 42.10
2026/04/13 20:55:47.741, 1, 3476, 100, 0, 34, 42.55
2026/04/13 20:55:48.745, 0, 3476, 100, 0, 34, 42.01
2026/04/13 20:55:48.748, 1, 3476, 100, 0, 34, 42.56
2026/04/13 20:55:49.752, 0, 3476, 100, 0, 34, 41.90
2026/04/13 20:55:49.755, 1, 3476, 100, 0, 34, 42.46
2026/04/13 20:55:50.761, 0, 3476, 100, 0, 34, 41.91
2026/04/13 20:55:50.766, 1, 3476, 100, 0, 34, 42.55
2026/04/13 20:55:51.770, 0, 3476, 100, 0, 34, 41.91
2026/04/13 20:55:51.772, 1, 3476, 100, 0, 34, 42.45
2026/04/13 20:55:52.776, 0, 3476, 100, 0, 34, 41.89
2026/04/13 20:55:52.779, 1, 3476, 100, 0, 34, 42.55
2026/04/13 20:55:53.783, 0, 3476, 100, 0, 34, 41.91
2026/04/13 20:55:53.785, 1, 3476, 100, 0, 34, 42.56
2026/04/13 20:55:54.790, 0, 3476, 100, 0, 34, 42.01
2026/04/13 20:55:54.794, 1, 3476, 100, 0, 34, 42.45
2026/04/13 20:55:55.798, 0, 3476, 100, 0, 34, 41.90
2026/04/13 20:55:55.801, 1, 3476, 100, 0, 34, 42.55
2026/04/13 20:55:56.804, 0, 3476, 100, 0, 34, 42.01
2026/04/13 20:55:56.807, 1, 3476, 100, 0, 34, 42.46
2026/04/13 20:55:57.811, 0, 3476, 100, 0, 34, 41.90
2026/04/13 20:55:57.813, 1, 3476, 100, 0, 34, 42.56
2026/04/13 20:55:58.819, 0, 3476, 100, 0, 34, 41.90
2026/04/13 20:55:58.822, 1, 3476, 100, 0, 34, 42.56
2026/04/13 20:55:59.825, 0, 3476, 100, 0, 34, 41.91
2026/04/13 20:55:59.828, 1, 3476, 100, 0, 34, 42.55
2026/04/13 20:56:00.832, 0, 3476, 100, 0, 34, 41.89
2026/04/13 20:56:00.834, 1, 3476, 100, 0, 34, 42.56
2026/04/13 20:56:01.838, 0, 3476, 100, 0, 34, 42.01
2026/04/13 20:56:01.841, 1, 3476, 100, 0, 34, 42.55
2026/04/13 20:56:02.845, 0, 3476, 100, 0, 34, 41.91
2026/04/13 20:56:02.848, 1, 3476, 100, 0, 34, 42.56
2026/04/13 20:56:03.852, 0, 3476, 100, 0, 34, 42.01
2026/04/13 20:56:03.855, 1, 3476, 100, 0, 34, 42.55
2026/04/13 20:56:04.858, 0, 3476, 100, 0, 34, 41.89
2026/04/13 20:56:04.861, 1, 3476, 100, 0, 34, 42.55
2026/04/13 20:56:05.865, 0, 3476, 100, 0, 34, 42.01
2026/04/13 20:56:05.868, 1, 3476, 100, 0, 34, 42.55
2026/04/13 20:56:06.871, 0, 3476, 100, 0, 34, 41.90
2026/04/13 20:56:06.874, 1, 3476, 100, 0, 34, 42.56
2026/04/13 20:56:07.878, 0, 3476, 100, 0, 34, 42.00
2026/04/13 20:56:07.882, 1, 3476, 100, 0, 34, 42.55
2026/04/13 20:56:08.886, 0, 3476, 100, 0, 34, 42.00
2026/04/13 20:56:08.888, 1, 3476, 100, 0, 34, 42.55
2026/04/13 20:56:09.895, 0, 3476, 100, 0, 34, 41.91
2026/04/13 20:56:09.898, 1, 3476, 100, 0, 34, 42.56
2026/04/13 20:56:10.901, 0, 3476, 100, 0, 34, 42.01
2026/04/13 20:56:10.904, 1, 3476, 100, 0, 34, 42.56
2026/04/13 20:56:11.908, 0, 3476, 100, 0, 34, 42.01
2026/04/13 20:56:11.910, 1, 3476, 100, 0, 34, 42.55
2026/04/13 20:56:12.914, 0, 3476, 100, 0, 34, 42.00
2026/04/13 20:56:12.917, 1, 3476, 100, 0, 34, 42.55
2026/04/13 20:56:13.921, 0, 3476, 100, 0, 34, 41.91
2026/04/13 20:56:13.923, 1, 3476, 100, 0, 34, 42.55
2026/04/13 20:56:14.927, 0, 3476, 100, 0, 34, 42.01
2026/04/13 20:56:14.930, 1, 3476, 100, 0, 34, 42.55
2026/04/13 20:56:15.935, 0, 3476, 100, 0, 34, 42.10
2026/04/13 20:56:15.939, 1, 3476, 100, 0, 34, 42.56
2026/04/13 20:56:16.943, 0, 3476, 100, 0, 34, 41.91
2026/04/13 20:56:16.947, 1, 3476, 100, 0, 34, 42.55
2026/04/13 20:56:17.951, 0, 3476, 100, 0, 34, 41.91
2026/04/13 20:56:17.954, 1, 3476, 100, 0, 34, 42.56
2026/04/13 20:56:18.958, 0, 3476, 100, 0, 34, 41.89
2026/04/13 20:56:18.962, 1, 3476, 100, 0, 34, 42.56
2026/04/13 20:56:19.966, 0, 3476, 100, 0, 34, 41.91
2026/04/13 20:56:19.969, 1, 3476, 100, 0, 34, 42.46
2026/04/13 20:56:20.973, 0, 3476, 100, 0, 34, 41.91
2026/04/13 20:56:20.975, 1, 3476, 100, 0, 34, 42.56
2026/04/13 20:56:21.979, 0, 3476, 100, 0, 34, 42.01
2026/04/13 20:56:21.982, 1, 3476, 100, 0, 34, 42.46
2026/04/13 20:56:22.985, 0, 3476, 100, 0, 34, 41.90
2026/04/13 20:56:22.988, 1, 3476, 100, 0, 34, 42.56
2026/04/13 20:56:23.992, 0, 3476, 100, 0, 34, 41.90
2026/04/13 20:56:23.995, 1, 3476, 100, 0, 34, 42.56
2026/04/13 20:56:24.999, 0, 3476, 100, 0, 34, 41.91
2026/04/13 20:56:25.004, 1, 3476, 100, 0, 34, 42.56
2026/04/13 20:56:26.008, 0, 3476, 100, 0, 34, 42.00
2026/04/13 20:56:26.011, 1, 3476, 100, 0, 34, 42.55
2026/04/13 20:56:27.015, 0, 3476, 100, 0, 34, 42.00
2026/04/13 20:56:27.017, 1, 3476, 100, 0, 34, 42.46
2026/04/13 20:56:28.021, 0, 3476, 100, 0, 34, 41.91
2026/04/13 20:56:28.024, 1, 3476, 100, 0, 34, 42.56
2026/04/13 20:56:29.028, 0, 3476, 100, 0, 34, 42.01
2026/04/13 20:56:29.030, 1, 3476, 100, 0, 34, 42.55
2026/04/13 20:56:30.036, 0, 3476, 100, 0, 34, 41.90
2026/04/13 20:56:30.039, 1, 3476, 100, 0, 34, 42.46
2026/04/13 20:56:31.042, 0, 3476, 100, 0, 34, 42.01
2026/04/13 20:56:31.045, 1, 3476, 100, 0, 34, 42.56
2026/04/13 20:56:32.050, 0, 3476, 100, 0, 34, 42.01
2026/04/13 20:56:32.053, 1, 3476, 100, 0, 34, 42.66
2026/04/13 20:56:33.056, 0, 3476, 100, 0, 34, 42.00
2026/04/13 20:56:33.059, 1, 3476, 100, 0, 34, 42.56
2026/04/13 20:56:34.063, 0, 3476, 100, 0, 34, 42.00
2026/04/13 20:56:34.066, 1, 3476, 100, 0, 34, 42.55
2026/04/13 20:56:35.070, 0, 3476, 100, 0, 34, 42.00
2026/04/13 20:56:35.073, 1, 3476, 100, 0, 34, 42.56
2026/04/13 20:56:36.076, 0, 3476, 100, 0, 34, 41.99
2026/04/13 20:56:36.079, 1, 3476, 100, 0, 34, 42.55
2026/04/13 20:56:37.083, 0, 3476, 100, 0, 34, 41.90
2026/04/13 20:56:37.085, 1, 3476, 100, 0, 34, 42.56
2026/04/13 20:56:38.088, 0, 3476, 100, 0, 34, 41.90
2026/04/13 20:56:38.091, 1, 3476, 100, 0, 34, 42.55
2026/04/13 20:56:39.093, 0, 3476, 100, 0, 34, 41.91
2026/04/13 20:56:39.096, 1, 3476, 100, 0, 34, 42.55
2026/04/13 20:56:40.099, 0, 3476, 100, 0, 34, 42.01
2026/04/13 20:56:40.102, 1, 3476, 100, 0, 34, 42.56
2026/04/13 20:56:41.106, 0, 3476, 100, 0, 34, 41.90
2026/04/13 20:56:41.108, 1, 3476, 100, 0, 34, 42.56
2026/04/13 20:56:42.112, 0, 3476, 100, 0, 34, 42.01
2026/04/13 20:56:42.115, 1, 3476, 100, 0, 34, 42.45
2026/04/13 20:56:43.117, 0, 3476, 100, 0, 34, 42.00
2026/04/13 20:56:43.120, 1, 3476, 100, 0, 34, 42.46
2026/04/13 20:56:44.124, 0, 3476, 100, 0, 34, 41.99
2026/04/13 20:56:44.127, 1, 3476, 100, 0, 34, 42.55
2026/04/13 20:56:45.129, 0, 3476, 100, 0, 34, 42.01
2026/04/13 20:56:45.132, 1, 3476, 100, 0, 34, 42.65
2026/04/13 20:56:46.136, 0, 3476, 100, 0, 34, 41.90
2026/04/13 20:56:46.138, 1, 3476, 100, 0, 34, 42.66
2026/04/13 20:56:47.141, 0, 3476, 100, 0, 34, 41.91
2026/04/13 20:56:47.144, 1, 3476, 100, 0, 34, 42.55
2026/04/13 20:56:48.146, 0, 3476, 100, 0, 34, 41.91
2026/04/13 20:56:48.149, 1, 3476, 100, 0, 34, 42.55
2026/04/13 20:56:49.152, 0, 3476, 100, 0, 34, 41.91
2026/04/13 20:56:49.156, 1, 3476, 100, 0, 34, 42.66
2026/04/13 20:56:50.159, 0, 3476, 100, 0, 34, 41.91
2026/04/13 20:56:50.162, 1, 3476, 100, 0, 34, 42.55
2026/04/13 20:56:51.165, 0, 3476, 100, 0, 34, 41.91
2026/04/13 20:56:51.168, 1, 3476, 100, 0, 34, 42.46
2026/04/13 20:56:52.172, 0, 3476, 100, 0, 34, 42.01
2026/04/13 20:56:52.175, 1, 3476, 100, 0, 34, 42.45
2026/04/13 20:56:53.178, 0, 3476, 100, 0, 34, 41.90
2026/04/13 20:56:53.181, 1, 3476, 100, 0, 34, 42.45
2026/04/13 20:56:54.184, 0, 3476, 100, 0, 34, 42.00
2026/04/13 20:56:54.188, 1, 3476, 100, 0, 34, 42.45
2026/04/13 20:56:55.191, 0, 3476, 100, 0, 34, 41.99
2026/04/13 20:56:55.194, 1, 3476, 100, 0, 34, 42.36
2026/04/13 20:56:56.197, 0, 3476, 100, 0, 34, 42.00
2026/04/13 20:56:56.199, 1, 3476, 100, 0, 34, 42.55
2026/04/13 20:56:57.202, 0, 3476, 100, 0, 34, 42.01
2026/04/13 20:56:57.205, 1, 3476, 100, 0, 34, 42.56
2026/04/13 20:56:58.207, 0, 3476, 100, 0, 34, 42.01
2026/04/13 20:56:58.210, 1, 3476, 100, 0, 34, 42.47
2026/04/13 20:56:59.214, 0, 3476, 100, 0, 34, 42.00
2026/04/13 20:56:59.219, 1, 3476, 100, 0, 34, 42.55
2026/04/13 20:57:00.222, 0, 3476, 100, 0, 34, 42.10
2026/04/13 20:57:00.224, 1, 3476, 100, 0, 34, 42.55
2026/04/13 20:57:01.228, 0, 3476, 100, 0, 34, 41.99
2026/04/13 20:57:01.231, 1, 3476, 100, 0, 34, 42.65
2026/04/13 20:57:02.234, 0, 3476, 100, 0, 34, 42.10
2026/04/13 20:57:02.237, 1, 3476, 100, 0, 34, 42.56
2026/04/13 20:57:03.240, 0, 3476, 100, 0, 34, 42.00
2026/04/13 20:57:03.242, 1, 3476, 100, 0, 34, 42.55
2026/04/13 20:57:04.245, 0, 3476, 100, 0, 34, 42.10
2026/04/13 20:57:04.249, 1, 3476, 100, 0, 34, 42.55
2026/04/13 20:57:05.252, 0, 3476, 100, 0, 34, 42.10
2026/04/13 20:57:05.254, 1, 3476, 100, 0, 34, 42.55
2026/04/13 20:57:06.259, 0, 3476, 100, 0, 34, 41.90
2026/04/13 20:57:06.262, 1, 3476, 100, 0, 34, 42.55
2026/04/13 20:57:07.265, 0, 3476, 100, 0, 34, 41.91
2026/04/13 20:57:07.267, 1, 3476, 100, 0, 34, 42.55
2026/04/13 20:57:08.270, 0, 3476, 100, 0, 34, 42.01
2026/04/13 20:57:08.273, 1, 3476, 100, 0, 34, 42.56
2026/04/13 20:57:09.276, 0, 3476, 100, 0, 34, 42.01
2026/04/13 20:57:09.278, 1, 3476, 100, 0, 34, 42.55
2026/04/13 20:57:10.281, 0, 3476, 100, 0, 34, 42.00
2026/04/13 20:57:10.285, 1, 3476, 100, 0, 34, 42.56
2026/04/13 20:57:11.288, 0, 3476, 100, 0, 34, 42.10
2026/04/13 20:57:11.291, 1, 3476, 100, 0, 34, 42.56
2026/04/13 20:57:12.294, 0, 3476, 100, 0, 34, 42.00
2026/04/13 20:57:12.297, 1, 3476, 100, 0, 34, 42.56
2026/04/13 20:57:13.301, 0, 3476, 100, 0, 34, 41.90
2026/04/13 20:57:13.304, 1, 3476, 100, 0, 34, 42.55
2026/04/13 20:57:14.306, 0, 3476, 100, 0, 34, 42.00
2026/04/13 20:57:14.309, 1, 3476, 100, 0, 34, 42.56
2026/04/13 20:57:15.312, 0, 3476, 100, 0, 34, 41.90
2026/04/13 20:57:15.314, 1, 3476, 100, 0, 34, 42.56
2026/04/13 20:57:16.323, 0, 3476, 100, 0, 34, 41.91
2026/04/13 20:57:16.326, 1, 3476, 100, 0, 34, 42.56
2026/04/13 20:57:17.330, 0, 3476, 100, 0, 34, 42.01
2026/04/13 20:57:17.334, 1, 3476, 100, 0, 34, 42.66
2026/04/13 20:57:18.339, 0, 3476, 100, 0, 34, 41.91
2026/04/13 20:57:18.342, 1, 3476, 100, 0, 34, 42.55
2026/04/13 20:57:19.345, 0, 3476, 100, 0, 34, 41.91
2026/04/13 20:57:19.348, 1, 3476, 100, 0, 34, 42.56
2026/04/13 20:57:20.352, 0, 3476, 100, 0, 34, 42.10
2026/04/13 20:57:20.355, 1, 3476, 100, 0, 34, 42.56
2026/04/13 20:57:21.359, 0, 3476, 100, 0, 34, 42.00
2026/04/13 20:57:21.362, 1, 3476, 100, 0, 34, 42.56
2026/04/13 20:57:22.366, 0, 3476, 100, 0, 34, 42.00
2026/04/13 20:57:22.369, 1, 3476, 100, 0, 34, 42.55
2026/04/13 20:57:23.373, 0, 3476, 100, 0, 34, 41.89
2026/04/13 20:57:23.375, 1, 3476, 100, 0, 34, 42.55
2026/04/13 20:57:24.380, 0, 3476, 100, 0, 34, 42.00
2026/04/13 20:57:24.382, 1, 3476, 100, 0, 34, 42.55
2026/04/13 20:57:25.386, 0, 3476, 100, 0, 34, 41.90
2026/04/13 20:57:25.389, 1, 3476, 100, 0, 34, 42.55
2026/04/13 20:57:26.392, 0, 3476, 100, 0, 34, 41.90
2026/04/13 20:57:26.398, 1, 3476, 100, 0, 34, 42.46
2026/04/13 20:57:27.402, 0, 3476, 100, 0, 34, 42.00
2026/04/13 20:57:27.404, 1, 3476, 100, 0, 34, 42.56
2026/04/13 20:57:28.409, 0, 3476, 100, 0, 34, 42.09
2026/04/13 20:57:28.411, 1, 3476, 100, 0, 34, 42.55
2026/04/13 20:57:29.415, 0, 3476, 100, 0, 34, 42.01
2026/04/13 20:57:29.423, 1, 3476, 100, 0, 34, 42.55
2026/04/13 20:57:30.427, 0, 3476, 100, 0, 34, 42.01
2026/04/13 20:57:30.430, 1, 3476, 100, 0, 34, 42.46
2026/04/13 20:57:31.435, 0, 3476, 100, 0, 34, 42.00
2026/04/13 20:57:31.439, 1, 3476, 100, 0, 34, 42.55
2026/04/13 20:57:32.442, 0, 3476, 100, 0, 34, 42.01
2026/04/13 20:57:32.445, 1, 3476, 100, 0, 34, 42.56
2026/04/13 20:57:33.449, 0, 3476, 100, 0, 34, 42.10
2026/04/13 20:57:33.452, 1, 3476, 100, 0, 34, 42.55
2026/04/13 20:57:34.455, 0, 3476, 100, 0, 34, 42.00
2026/04/13 20:57:34.458, 1, 3476, 100, 0, 34, 42.46
2026/04/13 20:57:35.462, 0, 3476, 100, 0, 34, 42.00
2026/04/13 20:57:35.464, 1, 3476, 100, 0, 34, 42.56
2026/04/13 20:57:36.468, 0, 3476, 100, 0, 34, 41.99
2026/04/13 20:57:36.471, 1, 3476, 100, 0, 34, 42.66
2026/04/13 20:57:37.475, 0, 3476, 100, 0, 34, 41.91
2026/04/13 20:57:37.480, 1, 3476, 100, 0, 34, 42.56
2026/04/13 20:57:38.484, 0, 3476, 100, 0, 34, 41.91
2026/04/13 20:57:38.487, 1, 3476, 100, 0, 34, 42.56
2026/04/13 20:57:39.490, 0, 3476, 100, 0, 34, 42.10
2026/04/13 20:57:39.493, 1, 3476, 100, 0, 34, 42.46
2026/04/13 20:57:40.499, 0, 3476, 100, 0, 34, 41.91
2026/04/13 20:57:40.503, 1, 3476, 100, 0, 34, 42.56
2026/04/13 20:57:41.507, 0, 3476, 100, 0, 34, 42.00
2026/04/13 20:57:41.511, 1, 3476, 100, 0, 34, 42.56
2026/04/13 20:57:42.515, 0, 3476, 100, 0, 34, 41.91
2026/04/13 20:57:42.517, 1, 3476, 100, 0, 34, 42.46
2026/04/13 20:57:43.521, 0, 3476, 100, 0, 34, 42.10
2026/04/13 20:57:43.524, 1, 3476, 100, 0, 34, 42.45
2026/04/13 20:57:44.530, 0, 3476, 100, 0, 34, 42.01
2026/04/13 20:57:44.532, 1, 3476, 100, 0, 34, 42.55
2026/04/13 20:57:45.536, 0, 3476, 100, 0, 34, 41.91
2026/04/13 20:57:45.539, 1, 3476, 100, 0, 34, 42.56
2026/04/13 20:57:46.543, 0, 3476, 100, 0, 34, 41.90
2026/04/13 20:57:46.545, 1, 3476, 100, 0, 34, 42.45
2026/04/13 20:57:47.549, 0, 3476, 100, 0, 34, 41.91
2026/04/13 20:57:47.552, 1, 3476, 100, 0, 34, 42.55
2026/04/13 20:57:48.556, 0, 3476, 100, 0, 34, 41.91
2026/04/13 20:57:48.559, 1, 3476, 100, 0, 34, 42.56
2026/04/13 20:57:49.565, 0, 3476, 100, 0, 34, 42.01
2026/04/13 20:57:49.568, 1, 3476, 100, 0, 34, 42.66
2026/04/13 20:57:50.571, 0, 3476, 100, 0, 34, 42.00
2026/04/13 20:57:50.574, 1, 3476, 100, 0, 34, 42.56
2026/04/13 20:57:51.578, 0, 3476, 100, 0, 34, 42.00
2026/04/13 20:57:51.581, 1, 3476, 100, 0, 34, 42.46
2026/04/13 20:57:52.584, 0, 3476, 100, 0, 34, 42.01
2026/04/13 20:57:52.587, 1, 3476, 100, 0, 34, 42.56
2026/04/13 20:57:53.594, 0, 3476, 100, 0, 34, 42.01
2026/04/13 20:57:53.596, 1, 3476, 100, 0, 34, 42.56
2026/04/13 20:57:54.600, 0, 3476, 100, 0, 34, 42.00
2026/04/13 20:57:54.603, 1, 3476, 100, 0, 34, 42.55
2026/04/13 20:57:55.607, 0, 3476, 100, 0, 34, 42.00
2026/04/13 20:57:55.610, 1, 3476, 100, 0, 34, 42.55
2026/04/13 20:57:56.613, 0, 3476, 100, 0, 34, 41.91
2026/04/13 20:57:56.616, 1, 3476, 100, 0, 34, 42.55
2026/04/13 20:57:57.622, 0, 3476, 100, 0, 34, 42.10
2026/04/13 20:57:57.625, 1, 3476, 100, 0, 34, 42.45
2026/04/13 20:57:58.629, 0, 3476, 100, 0, 34, 42.01
2026/04/13 20:57:58.631, 1, 3476, 100, 0, 34, 42.56
2026/04/13 20:57:59.635, 0, 3476, 100, 0, 34, 42.10
2026/04/13 20:57:59.638, 1, 3476, 100, 0, 34, 42.65
2026/04/13 20:58:00.642, 0, 3476, 100, 0, 34, 42.00
2026/04/13 20:58:00.644, 1, 3476, 100, 0, 34, 42.56
2026/04/13 20:58:01.650, 0, 3476, 100, 0, 34, 41.91
2026/04/13 20:58:01.653, 1, 3476, 100, 0, 34, 42.55
2026/04/13 20:58:02.657, 0, 3476, 100, 0, 34, 42.00
2026/04/13 20:58:02.660, 1, 3476, 100, 0, 34, 42.55
2026/04/13 20:58:03.663, 0, 3476, 100, 0, 34, 42.00
2026/04/13 20:58:03.666, 1, 3476, 100, 0, 34, 42.65
2026/04/13 20:58:04.670, 0, 3476, 100, 0, 34, 41.90
2026/04/13 20:58:04.672, 1, 3476, 100, 0, 34, 42.56
2026/04/13 20:58:05.678, 0, 3476, 100, 0, 34, 42.01
2026/04/13 20:58:05.681, 1, 3476, 100, 0, 34, 42.56
2026/04/13 20:58:06.685, 0, 3476, 100, 0, 34, 42.01
2026/04/13 20:58:06.687, 1, 3476, 100, 0, 34, 42.56
2026/04/13 20:58:07.691, 0, 3476, 100, 0, 34, 41.90
2026/04/13 20:58:07.694, 1, 3476, 100, 0, 34, 42.45
2026/04/13 20:58:08.698, 0, 3476, 100, 0, 34, 42.01
2026/04/13 20:58:08.701, 1, 3476, 100, 0, 34, 42.56
2026/04/13 20:58:09.704, 0, 3476, 100, 0, 34, 42.01
2026/04/13 20:58:09.709, 1, 3476, 100, 0, 34, 42.65
2026/04/13 20:58:10.713, 0, 3476, 100, 0, 34, 41.91
2026/04/13 20:58:10.715, 1, 3476, 100, 0, 34, 42.65
2026/04/13 20:58:11.719, 0, 3476, 100, 0, 34, 42.00
2026/04/13 20:58:11.722, 1, 3476, 100, 0, 34, 42.55
2026/04/13 20:58:12.726, 0, 3476, 100, 0, 34, 42.01
2026/04/13 20:58:12.728, 1, 3476, 100, 0, 34, 42.56
2026/04/13 20:58:13.732, 0, 3476, 100, 0, 34, 41.90
2026/04/13 20:58:13.737, 1, 3476, 100, 0, 34, 42.55
2026/04/13 20:58:14.741, 0, 3476, 100, 0, 34, 42.01
2026/04/13 20:58:14.744, 1, 3476, 100, 0, 34, 42.56
2026/04/13 20:58:15.747, 0, 3476, 100, 0, 34, 41.90
2026/04/13 20:58:15.750, 1, 3476, 100, 0, 34, 42.56
2026/04/13 20:58:16.754, 0, 3476, 100, 0, 34, 42.01
2026/04/13 20:58:16.756, 1, 3476, 100, 0, 34, 42.56
2026/04/13 20:58:17.760, 0, 3476, 100, 0, 34, 42.01
2026/04/13 20:58:17.764, 1, 3476, 100, 0, 34, 42.55
2026/04/13 20:58:18.769, 0, 3476, 100, 0, 34, 41.99
2026/04/13 20:58:18.772, 1, 3476, 100, 0, 34, 42.55
2026/04/13 20:58:19.776, 0, 3476, 100, 0, 34, 42.00
2026/04/13 20:58:19.779, 1, 3476, 100, 0, 34, 42.65
2026/04/13 20:58:20.783, 0, 3476, 100, 0, 34, 42.00
2026/04/13 20:58:20.785, 1, 3476, 100, 0, 34, 42.65
2026/04/13 20:58:21.796, 0, 3476, 100, 0, 34, 41.91
2026/04/13 20:58:21.798, 1, 3476, 100, 0, 34, 42.55
2026/04/13 20:58:22.801, 0, 3476, 100, 0, 34, 42.00
2026/04/13 20:58:22.804, 1, 3476, 100, 0, 34, 42.65
2026/04/13 20:58:23.807, 0, 3476, 100, 0, 34, 42.01
2026/04/13 20:58:23.810, 1, 3476, 100, 0, 34, 42.56
2026/04/13 20:58:24.813, 0, 3476, 100, 0, 34, 42.01
2026/04/13 20:58:24.816, 1, 3476, 100, 0, 34, 42.55
2026/04/13 20:58:25.820, 0, 3476, 100, 0, 34, 42.10
2026/04/13 20:58:25.824, 1, 3476, 100, 0, 34, 42.55
2026/04/13 20:58:26.827, 0, 3476, 100, 0, 34, 42.00
2026/04/13 20:58:26.830, 1, 3476, 100, 0, 34, 42.56
2026/04/13 20:58:27.834, 0, 3476, 100, 0, 34, 42.00
2026/04/13 20:58:27.837, 1, 3476, 100, 0, 34, 42.55
2026/04/13 20:58:28.840, 0, 3476, 100, 0, 34, 41.91
2026/04/13 20:58:28.843, 1, 3476, 100, 0, 34, 42.56
2026/04/13 20:58:29.847, 0, 3476, 100, 0, 34, 41.90
2026/04/13 20:58:29.850, 1, 3476, 100, 0, 34, 42.56
2026/04/13 20:58:30.853, 0, 3476, 100, 0, 34, 42.00
2026/04/13 20:58:30.856, 1, 3476, 100, 0, 34, 42.55
2026/04/13 20:58:31.860, 0, 3476, 100, 0, 34, 42.00
2026/04/13 20:58:31.863, 1, 3476, 100, 0, 34, 42.55
2026/04/13 20:58:32.865, 0, 3476, 100, 0, 34, 42.01
2026/04/13 20:58:32.868, 1, 3476, 100, 0, 34, 42.45
2026/04/13 20:58:33.871, 0, 3476, 100, 0, 34, 42.01
2026/04/13 20:58:33.875, 1, 3476, 100, 0, 34, 42.55
2026/04/13 20:58:34.878, 0, 3476, 100, 0, 34, 42.01
2026/04/13 20:58:34.881, 1, 3476, 100, 0, 34, 42.55
2026/04/13 20:58:35.883, 0, 3476, 100, 0, 34, 42.01
2026/04/13 20:58:35.886, 1, 3476, 100, 0, 34, 42.55
2026/04/13 20:58:36.890, 0, 3476, 100, 0, 34, 42.01
2026/04/13 20:58:36.894, 1, 3476, 100, 0, 34, 42.55
2026/04/13 20:58:37.897, 0, 3476, 100, 0, 34, 42.00
2026/04/13 20:58:37.899, 1, 3476, 100, 0, 34, 42.55
2026/04/13 20:58:38.903, 0, 3476, 100, 0, 34, 41.90
2026/04/13 20:58:38.906, 1, 3476, 100, 0, 34, 42.55
2026/04/13 20:58:39.911, 0, 3476, 100, 0, 34, 42.00
2026/04/13 20:58:39.913, 1, 3476, 100, 0, 34, 42.55
2026/04/13 20:58:40.917, 0, 3476, 100, 0, 34, 42.01
2026/04/13 20:58:40.920, 1, 3476, 100, 0, 34, 42.56
2026/04/13 20:58:41.924, 0, 3476, 100, 0, 34, 42.00
2026/04/13 20:58:41.926, 1, 3476, 100, 0, 34, 42.47
2026/04/13 20:58:42.932, 0, 3476, 100, 0, 34, 42.01
2026/04/13 20:58:42.935, 1, 3476, 100, 0, 34, 42.56
2026/04/13 20:58:43.942, 0, 3476, 100, 0, 34, 42.10
2026/04/13 20:58:43.945, 1, 3476, 100, 0, 34, 42.55
2026/04/13 20:58:44.949, 0, 3476, 100, 0, 34, 42.01
2026/04/13 20:58:44.952, 1, 3476, 100, 0, 34, 42.55
2026/04/13 20:58:45.956, 0, 3476, 100, 0, 34, 42.01
2026/04/13 20:58:45.958, 1, 3476, 100, 0, 34, 42.45
2026/04/13 20:58:46.962, 0, 3476, 100, 0, 34, 41.91
2026/04/13 20:58:46.965, 1, 3476, 100, 0, 34, 42.45
2026/04/13 20:58:47.971, 0, 3476, 100, 0, 34, 42.10
2026/04/13 20:58:47.974, 1, 3476, 100, 0, 34, 42.47
2026/04/13 20:58:48.978, 0, 3476, 100, 0, 34, 42.01
2026/04/13 20:58:48.980, 1, 3476, 100, 0, 34, 42.65
2026/04/13 20:58:49.984, 0, 3476, 100, 0, 34, 41.99
2026/04/13 20:58:49.987, 1, 3476, 100, 0, 34, 42.46
2026/04/13 20:58:50.991, 0, 3476, 100, 0, 34, 42.00
2026/04/13 20:58:50.995, 1, 3476, 100, 0, 34, 42.65
2026/04/13 20:58:52.001, 0, 3476, 100, 0, 34, 42.01
2026/04/13 20:58:52.003, 1, 3476, 100, 0, 34, 42.56
2026/04/13 20:58:53.007, 0, 3476, 100, 0, 35, 42.00
2026/04/13 20:58:53.010, 1, 3476, 100, 0, 34, 42.55
2026/04/13 20:58:54.014, 0, 3476, 100, 0, 34, 42.00
2026/04/13 20:58:54.016, 1, 3476, 100, 0, 34, 42.46
2026/04/13 20:58:55.020, 0, 3476, 100, 0, 34, 41.91
2026/04/13 20:58:55.023, 1, 3476, 100, 0, 34, 42.46
2026/04/13 20:58:56.027, 0, 3476, 100, 0, 34, 41.90
2026/04/13 20:58:56.030, 1, 3476, 100, 0, 34, 42.45
2026/04/13 20:58:57.034, 0, 3476, 100, 0, 34, 42.10
2026/04/13 20:58:57.037, 1, 3476, 100, 0, 34, 42.56
2026/04/13 20:58:58.040, 0, 3476, 100, 0, 34, 42.00
2026/04/13 20:58:58.043, 1, 3476, 100, 0, 34, 42.55
2026/04/13 20:58:59.047, 0, 3476, 100, 0, 34, 42.01
2026/04/13 20:58:59.050, 1, 3476, 100, 0, 34, 42.45
2026/04/13 20:59:00.054, 0, 3476, 100, 0, 34, 41.90
2026/04/13 20:59:00.058, 1, 3476, 100, 0, 34, 42.56
2026/04/13 20:59:01.062, 0, 3476, 100, 0, 34, 42.01
2026/04/13 20:59:01.065, 1, 3476, 100, 0, 34, 42.55
2026/04/13 20:59:02.070, 0, 3476, 100, 0, 34, 42.10
2026/04/13 20:59:02.072, 1, 3476, 100, 0, 34, 42.66
2026/04/13 20:59:03.076, 0, 3476, 100, 0, 34, 42.01
2026/04/13 20:59:03.079, 1, 3476, 100, 0, 34, 42.56
2026/04/13 20:59:04.083, 0, 3476, 100, 0, 34, 41.99
2026/04/13 20:59:04.086, 1, 3476, 100, 0, 34, 42.65
2026/04/13 20:59:05.092, 0, 3476, 100, 0, 34, 41.91
2026/04/13 20:59:05.095, 1, 3476, 100, 0, 34, 42.55
2026/04/13 20:59:06.099, 0, 3476, 100, 0, 34, 41.90
2026/04/13 20:59:06.101, 1, 3476, 100, 0, 34, 42.55
2026/04/13 20:59:07.105, 0, 3476, 100, 0, 34, 41.90
2026/04/13 20:59:07.108, 1, 3476, 100, 0, 34, 42.66
2026/04/13 20:59:08.111, 0, 3476, 100, 0, 34, 41.91
2026/04/13 20:59:08.116, 1, 3476, 100, 0, 34, 42.56
2026/04/13 20:59:09.122, 0, 3476, 100, 0, 34, 41.91
2026/04/13 20:59:09.126, 1, 3476, 100, 0, 34, 42.55
2026/04/13 20:59:10.130, 0, 3476, 100, 0, 34, 42.01
2026/04/13 20:59:10.132, 1, 3476, 100, 0, 34, 42.56
2026/04/13 20:59:11.136, 0, 3476, 100, 0, 34, 42.00
2026/04/13 20:59:11.139, 1, 3476, 100, 0, 34, 42.45
2026/04/13 20:59:12.142, 0, 3476, 100, 0, 34, 42.01
2026/04/13 20:59:12.145, 1, 3476, 100, 0, 34, 42.46
2026/04/13 20:59:13.149, 0, 3476, 100, 0, 34, 42.00
2026/04/13 20:59:13.152, 1, 3476, 100, 0, 34, 42.55
2026/04/13 20:59:14.158, 0, 3476, 100, 0, 34, 41.99
2026/04/13 20:59:14.160, 1, 3476, 100, 0, 34, 42.55
2026/04/13 20:59:15.164, 0, 3476, 100, 0, 34, 41.91
2026/04/13 20:59:15.167, 1, 3476, 100, 0, 34, 42.56
2026/04/13 20:59:16.171, 0, 3476, 100, 0, 34, 42.00
2026/04/13 20:59:16.173, 1, 3476, 100, 0, 34, 42.45
2026/04/13 20:59:17.177, 0, 3476, 100, 0, 34, 41.90
2026/04/13 20:59:17.180, 1, 3476, 100, 0, 34, 42.55
2026/04/13 20:59:18.184, 0, 3476, 100, 0, 34, 41.99
2026/04/13 20:59:18.186, 1, 3476, 100, 0, 34, 42.56
2026/04/13 20:59:19.192, 0, 3476, 100, 0, 34, 42.00
2026/04/13 20:59:19.195, 1, 3476, 100, 0, 34, 42.55
2026/04/13 20:59:20.199, 0, 3476, 100, 0, 34, 41.91
2026/04/13 20:59:20.201, 1, 3476, 100, 0, 34, 42.55
2026/04/13 20:59:21.205, 0, 3476, 100, 0, 34, 41.90
2026/04/13 20:59:21.208, 1, 3476, 100, 0, 34, 42.55
2026/04/13 20:59:22.212, 0, 3476, 100, 0, 34, 42.00
2026/04/13 20:59:22.214, 1, 3476, 100, 0, 34, 42.56
2026/04/13 20:59:23.218, 0, 3476, 100, 0, 34, 41.90
2026/04/13 20:59:23.221, 1, 3476, 100, 0, 34, 42.55
2026/04/13 20:59:24.225, 0, 3476, 100, 0, 34, 42.00
2026/04/13 20:59:24.228, 1, 3476, 100, 0, 34, 42.55
2026/04/13 20:59:25.232, 0, 3476, 100, 0, 34, 42.10
2026/04/13 20:59:25.235, 1, 3476, 100, 0, 34, 42.56
2026/04/13 20:59:26.238, 0, 3476, 100, 0, 34, 41.89
2026/04/13 20:59:26.241, 1, 3476, 100, 0, 34, 42.56
2026/04/13 20:59:27.245, 0, 3476, 100, 0, 34, 42.00
2026/04/13 20:59:27.248, 1, 3476, 100, 0, 34, 42.56
2026/04/13 20:59:28.251, 0, 3476, 100, 0, 34, 41.91
2026/04/13 20:59:28.256, 1, 3476, 100, 0, 34, 42.55
2026/04/13 20:59:29.260, 0, 3476, 100, 0, 34, 42.00
2026/04/13 20:59:29.262, 1, 3476, 100, 0, 34, 42.55
2026/04/13 20:59:30.266, 0, 3476, 100, 0, 34, 42.01
2026/04/13 20:59:30.269, 1, 3476, 100, 0, 34, 42.56
2026/04/13 20:59:31.273, 0, 3476, 100, 0, 34, 41.99
2026/04/13 20:59:31.275, 1, 3476, 100, 0, 34, 42.55
2026/04/13 20:59:32.279, 0, 3476, 100, 0, 34, 42.01
2026/04/13 20:59:32.284, 1, 3476, 100, 0, 34, 42.55
2026/04/13 20:59:33.287, 0, 3476, 100, 0, 34, 41.99
2026/04/13 20:59:33.290, 1, 3476, 100, 0, 34, 42.55
2026/04/13 20:59:34.294, 0, 3476, 100, 0, 34, 42.00
2026/04/13 20:59:34.297, 1, 3476, 100, 0, 34, 42.55
2026/04/13 20:59:35.301, 0, 3476, 100, 0, 34, 41.91
2026/04/13 20:59:35.304, 1, 3476, 100, 0, 34, 42.55
2026/04/13 20:59:36.308, 0, 3476, 100, 0, 34, 41.99
2026/04/13 20:59:36.312, 1, 3476, 100, 0, 34, 42.55
2026/04/13 20:59:37.316, 0, 3476, 100, 0, 34, 41.99
2026/04/13 20:59:37.320, 1, 3476, 100, 0, 34, 42.55
2026/04/13 20:59:38.325, 0, 3476, 100, 0, 34, 41.99
2026/04/13 20:59:38.329, 1, 3476, 100, 0, 34, 42.55
2026/04/13 20:59:39.333, 0, 3476, 100, 0, 34, 41.99
2026/04/13 20:59:39.336, 1, 3476, 100, 0, 34, 42.55
2026/04/13 20:59:40.339, 0, 3476, 100, 0, 34, 41.99
2026/04/13 20:59:40.342, 1, 3476, 100, 0, 34, 42.55
2026/04/13 20:59:41.346, 0, 3476, 100, 0, 34, 42.00
2026/04/13 20:59:41.350, 1, 3476, 100, 0, 34, 42.65
2026/04/13 20:59:42.354, 0, 3476, 100, 0, 34, 41.99
2026/04/13 20:59:42.356, 1, 3476, 100, 0, 34, 42.56
2026/04/13 20:59:43.362, 0, 3476, 100, 0, 34, 41.90
2026/04/13 20:59:43.367, 1, 3476, 100, 0, 34, 42.55
2026/04/13 20:59:44.370, 0, 3476, 100, 0, 34, 42.00
2026/04/13 20:59:44.373, 1, 3476, 100, 0, 34, 42.56
2026/04/13 20:59:45.376, 0, 3476, 100, 0, 34, 41.90
2026/04/13 20:59:45.379, 1, 3476, 100, 0, 34, 42.56
2026/04/13 20:59:46.382, 0, 3476, 100, 0, 34, 42.00
2026/04/13 20:59:46.385, 1, 3476, 100, 0, 34, 42.55
2026/04/13 20:59:47.391, 0, 3476, 100, 0, 34, 42.00
2026/04/13 20:59:47.395, 1, 3476, 100, 0, 34, 42.55
2026/04/13 20:59:48.399, 0, 3476, 100, 0, 34, 41.91
2026/04/13 20:59:48.402, 1, 3476, 100, 0, 34, 42.55
2026/04/13 20:59:49.406, 0, 3476, 100, 0, 34, 42.00
2026/04/13 20:59:49.409, 1, 3476, 100, 0, 34, 42.45
2026/04/13 20:59:50.412, 0, 3476, 100, 0, 34, 41.99
2026/04/13 20:59:50.415, 1, 3476, 100, 0, 34, 42.55
2026/04/13 20:59:51.422, 0, 3476, 100, 0, 34, 42.01
2026/04/13 20:59:51.426, 1, 3476, 100, 0, 34, 42.55
2026/04/13 20:59:52.429, 0, 3476, 100, 0, 34, 41.91
2026/04/13 20:59:52.431, 1, 3476, 100, 0, 34, 42.56
2026/04/13 20:59:53.435, 0, 3476, 100, 0, 34, 42.10
2026/04/13 20:59:53.438, 1, 3476, 100, 0, 34, 42.55
2026/04/13 20:59:54.441, 0, 3476, 100, 0, 34, 41.90
2026/04/13 20:59:54.444, 1, 3476, 100, 0, 34, 42.45
2026/04/13 20:59:55.448, 0, 3476, 100, 0, 34, 42.00
2026/04/13 20:59:55.450, 1, 3476, 100, 0, 34, 42.56
2026/04/13 20:59:56.455, 0, 3476, 100, 0, 34, 42.01
2026/04/13 20:59:56.458, 1, 3476, 100, 0, 34, 42.56
2026/04/13 20:59:57.461, 0, 3476, 100, 0, 34, 41.90
2026/04/13 20:59:57.463, 1, 3476, 100, 0, 34, 42.55
2026/04/13 20:59:58.466, 0, 3476, 100, 0, 34, 41.90
2026/04/13 20:59:58.469, 1, 3476, 100, 0, 34, 42.56
2026/04/13 20:59:59.474, 0, 3476, 100, 0, 34, 42.00
2026/04/13 20:59:59.477, 1, 3476, 100, 0, 34, 42.55
2026/04/13 21:00:00.480, 0, 3476, 100, 0, 34, 41.90
2026/04/13 21:00:00.485, 1, 3476, 100, 0, 34, 42.56
2026/04/13 21:00:01.490, 0, 3476, 100, 0, 34, 41.90
2026/04/13 21:00:01.493, 1, 3476, 100, 0, 34, 42.65
2026/04/13 21:00:02.497, 0, 3476, 100, 0, 34, 42.10
2026/04/13 21:00:02.499, 1, 3476, 100, 0, 34, 42.55
2026/04/13 21:00:03.503, 0, 3476, 100, 0, 34, 41.91
2026/04/13 21:00:03.506, 1, 3476, 100, 0, 34, 42.55
2026/04/13 21:00:04.510, 0, 3476, 100, 0, 34, 41.91
2026/04/13 21:00:04.513, 1, 3476, 100, 0, 34, 42.45
2026/04/13 21:00:05.517, 0, 3476, 100, 0, 34, 41.91
2026/04/13 21:00:05.519, 1, 3476, 100, 0, 34, 42.55
2026/04/13 21:00:06.523, 0, 3476, 100, 0, 34, 42.01
2026/04/13 21:00:06.526, 1, 3476, 100, 0, 34, 42.55
2026/04/13 21:00:07.529, 0, 3476, 100, 0, 34, 41.91
2026/04/13 21:00:07.532, 1, 3476, 100, 0, 34, 42.56
2026/04/13 21:00:08.536, 0, 3476, 100, 0, 34, 41.89
2026/04/13 21:00:08.541, 1, 3476, 100, 0, 34, 42.56
2026/04/13 21:00:09.545, 0, 3476, 100, 0, 34, 42.01
2026/04/13 21:00:09.547, 1, 3476, 100, 0, 34, 42.55
2026/04/13 21:00:10.553, 0, 3476, 100, 0, 34, 42.01
2026/04/13 21:00:10.556, 1, 3476, 100, 0, 34, 42.55
2026/04/13 21:00:11.559, 0, 3476, 100, 0, 34, 42.01
2026/04/13 21:00:11.562, 1, 3476, 100, 0, 34, 42.45
2026/04/13 21:00:12.566, 0, 3476, 100, 0, 34, 42.00
2026/04/13 21:00:12.569, 1, 3476, 100, 0, 34, 42.55
2026/04/13 21:00:13.573, 0, 3476, 100, 0, 34, 42.00
2026/04/13 21:00:13.576, 1, 3476, 100, 0, 34, 42.55
2026/04/13 21:00:14.579, 0, 3476, 100, 0, 34, 42.00
2026/04/13 21:00:14.582, 1, 3476, 100, 0, 34, 42.65
2026/04/13 21:00:15.586, 0, 3476, 100, 0, 34, 41.91
2026/04/13 21:00:15.589, 1, 3476, 100, 0, 34, 42.55
2026/04/13 21:00:16.593, 0, 3476, 100, 0, 34, 42.01
2026/04/13 21:00:16.597, 1, 3476, 100, 0, 34, 42.55
2026/04/13 21:00:17.601, 0, 3476, 100, 0, 34, 41.99
2026/04/13 21:00:17.603, 1, 3476, 100, 0, 34, 42.55
2026/04/13 21:00:18.607, 0, 3476, 100, 0, 34, 41.90
2026/04/13 21:00:18.610, 1, 3476, 100, 0, 34, 42.56
2026/04/13 21:00:19.616, 0, 3476, 100, 0, 34, 42.01
2026/04/13 21:00:19.619, 1, 3476, 100, 0, 34, 42.56
2026/04/13 21:00:20.623, 0, 3476, 100, 0, 34, 41.91
2026/04/13 21:00:20.626, 1, 3476, 100, 0, 34, 42.56
2026/04/13 21:00:21.629, 0, 3476, 100, 0, 34, 42.00
2026/04/13 21:00:21.632, 1, 3476, 100, 0, 34, 42.55
2026/04/13 21:00:22.636, 0, 3476, 100, 0, 34, 42.00
2026/04/13 21:00:22.638, 1, 3476, 100, 0, 34, 42.55
2026/04/13 21:00:23.642, 0, 3476, 100, 0, 34, 41.90
2026/04/13 21:00:23.645, 1, 3476, 100, 0, 34, 42.56
2026/04/13 21:00:24.649, 0, 3476, 100, 0, 34, 42.00
2026/04/13 21:00:24.652, 1, 3476, 100, 0, 34, 42.45
2026/04/13 21:00:25.656, 0, 3476, 100, 0, 34, 41.90
2026/04/13 21:00:25.658, 1, 3476, 100, 0, 34, 42.55
2026/04/13 21:00:26.662, 0, 3476, 100, 0, 34, 42.00
2026/04/13 21:00:26.665, 1, 3476, 100, 0, 34, 42.55
2026/04/13 21:00:27.669, 0, 3476, 100, 0, 34, 42.01
2026/04/13 21:00:27.672, 1, 3476, 100, 0, 34, 42.55
2026/04/13 21:00:28.676, 0, 3476, 100, 0, 34, 42.01
2026/04/13 21:00:28.680, 1, 3476, 100, 0, 34, 42.56
2026/04/13 21:00:29.683, 0, 3476, 100, 0, 34, 41.90
2026/04/13 21:00:29.686, 1, 3476, 100, 0, 34, 42.56
2026/04/13 21:00:30.690, 0, 3476, 100, 0, 34, 42.01
2026/04/13 21:00:30.692, 1, 3476, 100, 0, 34, 42.56
2026/04/13 21:00:31.696, 0, 3476, 100, 0, 34, 41.90
2026/04/13 21:00:31.699, 1, 3476, 100, 0, 34, 42.55
2026/04/13 21:00:32.703, 0, 3476, 100, 0, 34, 42.01
2026/04/13 21:00:32.707, 1, 3476, 100, 0, 34, 42.46
2026/04/13 21:00:33.711, 0, 3476, 100, 0, 34, 42.00
2026/04/13 21:00:33.714, 1, 3476, 100, 0, 34, 42.56
2026/04/13 21:00:34.718, 0, 3476, 100, 0, 34, 42.01
2026/04/13 21:00:34.720, 1, 3476, 100, 0, 34, 42.56
2026/04/13 21:00:35.724, 0, 3476, 100, 0, 34, 41.91
2026/04/13 21:00:35.727, 1, 3476, 100, 0, 34, 42.55
2026/04/13 21:00:36.732, 0, 3476, 100, 0, 34, 41.90
2026/04/13 21:00:36.738, 1, 3476, 100, 0, 34, 42.55
2026/04/13 21:00:37.741, 0, 3476, 100, 0, 34, 41.90
2026/04/13 21:00:37.744, 1, 3476, 100, 0, 34, 42.55
2026/04/13 21:00:38.748, 0, 3476, 100, 0, 34, 42.00
2026/04/13 21:00:38.751, 1, 3476, 100, 0, 34, 42.55
2026/04/13 21:00:39.755, 0, 3476, 100, 0, 34, 41.90
2026/04/13 21:00:39.757, 1, 3476, 100, 0, 34, 42.55
2026/04/13 21:00:40.762, 0, 3476, 100, 0, 34, 41.90
2026/04/13 21:00:40.766, 1, 3476, 100, 0, 34, 42.56
2026/04/13 21:00:41.770, 0, 3476, 100, 0, 34, 41.90
2026/04/13 21:00:41.772, 1, 3476, 100, 0, 34, 42.65
2026/04/13 21:00:42.777, 0, 3476, 100, 0, 34, 41.90
2026/04/13 21:00:42.779, 1, 3476, 100, 0, 34, 42.55
2026/04/13 21:00:43.783, 0, 3476, 100, 0, 34, 41.91
2026/04/13 21:00:43.786, 1, 3476, 100, 0, 34, 42.56
2026/04/13 21:00:44.790, 0, 3476, 100, 0, 34, 42.00
2026/04/13 21:00:44.792, 1, 3476, 100, 0, 34, 42.56
2026/04/13 21:00:45.796, 0, 3476, 100, 0, 34, 42.01
2026/04/13 21:00:45.799, 1, 3476, 100, 0, 34, 42.56
2026/04/13 21:00:46.802, 0, 3476, 100, 0, 34, 41.91
2026/04/13 21:00:46.805, 1, 3476, 100, 0, 34, 42.55
2026/04/13 21:00:47.811, 0, 3476, 100, 0, 34, 41.90
2026/04/13 21:00:47.814, 1, 3476, 100, 0, 34, 42.55
2026/04/13 21:00:48.817, 0, 3476, 100, 0, 34, 41.90
2026/04/13 21:00:48.823, 1, 3476, 100, 0, 34, 42.55
2026/04/13 21:00:49.826, 0, 3476, 100, 0, 34, 42.01
2026/04/13 21:00:49.829, 1, 3476, 100, 0, 34, 42.56
2026/04/13 21:00:50.833, 0, 3476, 100, 0, 34, 42.01
2026/04/13 21:00:50.836, 1, 3476, 100, 0, 34, 42.55
2026/04/13 21:00:51.842, 0, 3476, 100, 0, 34, 42.01
2026/04/13 21:00:51.847, 1, 3476, 100, 0, 34, 42.55
2026/04/13 21:00:52.849, 0, 3476, 100, 0, 34, 41.90
2026/04/13 21:00:52.852, 1, 3476, 100, 0, 34, 42.56
2026/04/13 21:00:53.855, 0, 3476, 100, 0, 34, 42.00
2026/04/13 21:00:53.857, 1, 3476, 100, 0, 34, 42.55
2026/04/13 21:00:54.862, 0, 3476, 100, 0, 34, 41.91
2026/04/13 21:00:54.864, 1, 3476, 100, 0, 34, 42.56
2026/04/13 21:00:55.868, 0, 3476, 100, 0, 34, 41.89
2026/04/13 21:00:55.871, 1, 3476, 100, 0, 34, 42.56
2026/04/13 21:00:56.874, 0, 3476, 100, 0, 34, 42.10
2026/04/13 21:00:56.876, 1, 3476, 100, 0, 34, 42.55
2026/04/13 21:00:57.879, 0, 3476, 100, 0, 34, 41.90
2026/04/13 21:00:57.882, 1, 3476, 100, 0, 34, 42.55
2026/04/13 21:00:58.885, 0, 3476, 100, 0, 34, 42.00
2026/04/13 21:00:58.888, 1, 3476, 100, 0, 34, 42.56
2026/04/13 21:00:59.891, 0, 3476, 100, 0, 34, 42.00
2026/04/13 21:00:59.894, 1, 3476, 100, 0, 34, 42.56
2026/04/13 21:01:00.897, 0, 3476, 100, 0, 34, 41.91
2026/04/13 21:01:00.900, 1, 3476, 100, 0, 34, 42.56
2026/04/13 21:01:01.903, 0, 3476, 100, 0, 34, 41.90
2026/04/13 21:01:01.906, 1, 3476, 100, 0, 34, 42.66
2026/04/13 21:01:02.909, 0, 3476, 100, 0, 34, 42.00
2026/04/13 21:01:02.912, 1, 3476, 100, 0, 34, 42.55
2026/04/13 21:01:03.914, 0, 3476, 100, 0, 34, 41.91
2026/04/13 21:01:03.917, 1, 3476, 100, 0, 34, 42.56
2026/04/13 21:01:04.920, 0, 3476, 100, 0, 34, 41.90
2026/04/13 21:01:04.923, 1, 3476, 100, 0, 34, 42.55
2026/04/13 21:01:05.925, 0, 3476, 100, 0, 34, 42.01
2026/04/13 21:01:05.930, 1, 3476, 100, 0, 34, 42.55
2026/04/13 21:01:06.933, 0, 3476, 100, 0, 34, 41.91
2026/04/13 21:01:06.935, 1, 3476, 100, 0, 34, 42.56
2026/04/13 21:01:07.938, 0, 3476, 100, 0, 34, 42.01
2026/04/13 21:01:07.940, 1, 3476, 100, 0, 34, 42.56
2026/04/13 21:01:08.944, 0, 3476, 100, 0, 34, 42.00
2026/04/13 21:01:08.947, 1, 3476, 100, 0, 34, 42.55
2026/04/13 21:01:09.949, 0, 3476, 100, 0, 34, 41.89
2026/04/13 21:01:09.952, 1, 3476, 100, 0, 34, 42.55
2026/04/13 21:01:10.955, 0, 3476, 100, 0, 34, 42.00
2026/04/13 21:01:10.960, 1, 3476, 100, 0, 34, 42.56
2026/04/13 21:01:11.963, 0, 3476, 100, 0, 34, 42.01
2026/04/13 21:01:11.965, 1, 3476, 100, 0, 34, 42.56
2026/04/13 21:01:12.968, 0, 3476, 100, 0, 34, 41.90
2026/04/13 21:01:12.971, 1, 3476, 100, 0, 34, 42.55
2026/04/13 21:01:13.973, 0, 3476, 100, 0, 34, 41.90
2026/04/13 21:01:13.978, 1, 3476, 100, 0, 34, 42.55
2026/04/13 21:01:14.980, 0, 3476, 100, 0, 34, 42.00
2026/04/13 21:01:14.983, 1, 3476, 100, 0, 34, 42.55
2026/04/13 21:01:15.986, 0, 3476, 100, 0, 34, 41.90
2026/04/13 21:01:15.990, 1, 3476, 100, 0, 34, 42.56
2026/04/13 21:01:16.994, 0, 3476, 100, 0, 34, 41.90
2026/04/13 21:01:16.996, 1, 3476, 100, 0, 34, 42.45
2026/04/13 21:01:17.999, 0, 3476, 100, 0, 34, 41.90
2026/04/13 21:01:18.002, 1, 3476, 100, 0, 34, 42.55
2026/04/13 21:01:19.004, 0, 3476, 100, 0, 34, 41.90
2026/04/13 21:01:19.007, 1, 3476, 100, 0, 34, 42.56
2026/04/13 21:01:20.012, 0, 3476, 100, 0, 34, 41.91
2026/04/13 21:01:20.015, 1, 3476, 100, 0, 34, 42.46
2026/04/13 21:01:21.019, 0, 3476, 100, 0, 34, 42.00
2026/04/13 21:01:21.022, 1, 3476, 100, 0, 34, 42.56
2026/04/13 21:01:22.024, 0, 3476, 100, 0, 34, 42.00
2026/04/13 21:01:22.027, 1, 3476, 100, 0, 34, 42.55
2026/04/13 21:01:23.030, 0, 3476, 100, 0, 34, 41.99
2026/04/13 21:01:23.032, 1, 3476, 100, 0, 34, 42.55
2026/04/13 21:01:24.035, 0, 3476, 100, 0, 34, 41.89
2026/04/13 21:01:24.038, 1, 3476, 100, 0, 34, 42.47
2026/04/13 21:01:25.041, 0, 3476, 100, 0, 34, 41.90
2026/04/13 21:01:25.043, 1, 3476, 100, 0, 34, 42.65
2026/04/13 21:01:26.046, 0, 3476, 100, 0, 34, 41.99
2026/04/13 21:01:26.051, 1, 3476, 100, 0, 34, 42.55
2026/04/13 21:01:27.054, 0, 3476, 100, 0, 34, 41.91
2026/04/13 21:01:27.057, 1, 3476, 100, 0, 34, 42.56
2026/04/13 21:01:28.059, 0, 3476, 100, 0, 34, 42.01
2026/04/13 21:01:28.062, 1, 3476, 100, 0, 34, 42.46
2026/04/13 21:01:29.065, 0, 3476, 100, 0, 34, 41.91
2026/04/13 21:01:29.067, 1, 3476, 100, 0, 34, 42.56
2026/04/13 21:01:30.070, 0, 3476, 100, 0, 34, 41.90
2026/04/13 21:01:30.073, 1, 3476, 100, 0, 34, 42.56
2026/04/13 21:01:31.076, 0, 3476, 100, 0, 34, 41.91
2026/04/13 21:01:31.081, 1, 3476, 100, 0, 34, 42.55
2026/04/13 21:01:32.087, 0, 3476, 100, 0, 34, 41.90
2026/04/13 21:01:32.090, 1, 3476, 100, 0, 34, 42.45
2026/04/13 21:01:33.092, 0, 3476, 100, 0, 34, 41.90
2026/04/13 21:01:33.095, 1, 3476, 100, 0, 34, 42.55
2026/04/13 21:01:34.099, 0, 3476, 100, 0, 34, 41.90
2026/04/13 21:01:34.102, 1, 3476, 100, 0, 34, 42.45
2026/04/13 21:01:35.105, 0, 3476, 100, 0, 34, 41.91
2026/04/13 21:01:35.109, 1, 3476, 100, 0, 34, 42.55
2026/04/13 21:01:36.113, 0, 3476, 100, 0, 34, 42.00
2026/04/13 21:01:36.115, 1, 3476, 100, 0, 34, 42.55
2026/04/13 21:01:37.120, 0, 3476, 100, 0, 34, 41.90
2026/04/13 21:01:37.123, 1, 3476, 100, 0, 34, 42.56
2026/04/13 21:01:38.127, 0, 3476, 100, 0, 34, 41.90
2026/04/13 21:01:38.130, 1, 3476, 100, 0, 34, 42.55
2026/04/13 21:01:39.135, 0, 3476, 100, 0, 34, 41.89
2026/04/13 21:01:39.138, 1, 3476, 100, 0, 34, 42.56
2026/04/13 21:01:40.142, 0, 3476, 100, 0, 34, 41.89
2026/04/13 21:01:40.144, 1, 3476, 100, 0, 34, 42.55
2026/04/13 21:01:41.148, 0, 3476, 100, 0, 34, 42.00
2026/04/13 21:01:41.151, 1, 3476, 100, 0, 34, 42.55
2026/04/13 21:01:42.155, 0, 3476, 100, 0, 34, 42.01
2026/04/13 21:01:42.158, 1, 3476, 100, 0, 34, 42.45
2026/04/13 21:01:43.161, 0, 3476, 100, 0, 34, 42.01
2026/04/13 21:01:43.164, 1, 3476, 100, 0, 34, 42.55
2026/04/13 21:01:44.168, 0, 3476, 100, 0, 34, 41.90
2026/04/13 21:01:44.170, 1, 3476, 100, 0, 34, 42.55
2026/04/13 21:01:45.174, 0, 3476, 100, 0, 34, 41.91
2026/04/13 21:01:45.177, 1, 3476, 100, 0, 34, 42.56
2026/04/13 21:01:46.181, 0, 3476, 100, 0, 34, 41.90
2026/04/13 21:01:46.184, 1, 3476, 100, 0, 34, 42.55
2026/04/13 21:01:47.187, 0, 3476, 100, 0, 34, 41.91
2026/04/13 21:01:47.191, 1, 3476, 100, 0, 34, 42.55
2026/04/13 21:01:48.195, 0, 3476, 100, 0, 34, 41.91
2026/04/13 21:01:48.197, 1, 3476, 100, 0, 34, 42.45
2026/04/13 21:01:49.201, 0, 3476, 100, 0, 34, 41.91
2026/04/13 21:01:49.204, 1, 3476, 100, 0, 34, 42.55
2026/04/13 21:01:50.207, 0, 3476, 100, 0, 34, 42.01
2026/04/13 21:01:50.210, 1, 3476, 100, 0, 34, 42.55
2026/04/13 21:01:51.214, 0, 3476, 100, 0, 34, 41.90
2026/04/13 21:01:51.217, 1, 3476, 100, 0, 34, 42.45
2026/04/13 21:01:52.220, 0, 3476, 100, 0, 34, 41.90
2026/04/13 21:01:52.223, 1, 3476, 100, 0, 34, 42.55
2026/04/13 21:01:53.227, 0, 3476, 100, 0, 34, 42.00
2026/04/13 21:01:53.229, 1, 3476, 100, 0, 34, 42.46
2026/04/13 21:01:54.233, 0, 3476, 100, 0, 34, 41.91
2026/04/13 21:01:54.236, 1, 3476, 100, 0, 34, 42.45
2026/04/13 21:01:55.240, 0, 3476, 100, 0, 34, 41.91
2026/04/13 21:01:55.242, 1, 3476, 100, 0, 34, 42.55
2026/04/13 21:01:56.246, 0, 3476, 100, 0, 34, 41.91
2026/04/13 21:01:56.249, 1, 3476, 100, 0, 34, 42.45
2026/04/13 21:01:57.253, 0, 3476, 100, 0, 34, 41.91
2026/04/13 21:01:57.255, 1, 3476, 100, 0, 34, 42.45
2026/04/13 21:01:58.259, 0, 3476, 100, 0, 34, 41.90
2026/04/13 21:01:58.262, 1, 3476, 100, 0, 34, 42.55
2026/04/13 21:01:59.266, 0, 3476, 100, 0, 34, 41.91
2026/04/13 21:01:59.272, 1, 3476, 100, 0, 34, 42.55
2026/04/13 21:02:00.275, 0, 3476, 100, 0, 34, 42.00
2026/04/13 21:02:00.278, 1, 3476, 100, 0, 34, 42.45
2026/04/13 21:02:01.283, 0, 3476, 100, 0, 34, 42.00
2026/04/13 21:02:01.286, 1, 3476, 100, 0, 34, 42.55
2026/04/13 21:02:02.293, 0, 3476, 100, 0, 34, 41.90
2026/04/13 21:02:02.296, 1, 3476, 100, 0, 34, 42.55
2026/04/13 21:02:03.299, 0, 3476, 100, 0, 34, 42.00
2026/04/13 21:02:03.303, 1, 3476, 100, 0, 34, 42.55
2026/04/13 21:02:04.307, 0, 3476, 100, 0, 34, 41.90
2026/04/13 21:02:04.310, 1, 3476, 100, 0, 34, 42.56
2026/04/13 21:02:05.313, 0, 3476, 100, 0, 34, 42.00
2026/04/13 21:02:05.316, 1, 3476, 100, 0, 34, 42.56
2026/04/13 21:02:06.321, 0, 3476, 100, 0, 34, 42.00
2026/04/13 21:02:06.323, 1, 3476, 100, 0, 34, 42.55
2026/04/13 21:02:07.327, 0, 3476, 100, 0, 34, 42.00
2026/04/13 21:02:07.332, 1, 3476, 100, 0, 34, 42.55
2026/04/13 21:02:08.336, 0, 3476, 100, 0, 34, 42.00
2026/04/13 21:02:08.338, 1, 3476, 100, 0, 34, 42.56
2026/04/13 21:02:09.342, 0, 3476, 100, 0, 34, 42.00
2026/04/13 21:02:09.345, 1, 3476, 100, 0, 34, 42.55
2026/04/13 21:02:10.351, 0, 3476, 100, 0, 34, 41.91
2026/04/13 21:02:10.354, 1, 3476, 100, 0, 34, 42.55
2026/04/13 21:02:11.358, 0, 3476, 100, 0, 34, 41.91
2026/04/13 21:02:11.361, 1, 3476, 100, 0, 34, 42.55
2026/04/13 21:02:12.364, 0, 3476, 100, 0, 34, 42.00
2026/04/13 21:02:12.367, 1, 3476, 100, 0, 34, 42.55
2026/04/13 21:02:13.371, 0, 3476, 100, 0, 34, 41.91
2026/04/13 21:02:13.373, 1, 3476, 100, 0, 34, 42.45
2026/04/13 21:02:14.377, 0, 3476, 100, 0, 34, 42.00
2026/04/13 21:02:14.380, 1, 3476, 100, 0, 34, 42.55
2026/04/13 21:02:15.386, 0, 3476, 100, 0, 34, 41.89
2026/04/13 21:02:15.390, 1, 3476, 100, 0, 34, 42.55
2026/04/13 21:02:16.393, 0, 3476, 100, 0, 34, 42.00
2026/04/13 21:02:16.396, 1, 3476, 100, 0, 34, 42.55
2026/04/13 21:02:17.400, 0, 3476, 100, 0, 34, 41.99
2026/04/13 21:02:17.403, 1, 3476, 100, 0, 34, 42.56
2026/04/13 21:02:18.406, 0, 3476, 100, 0, 34, 41.99
2026/04/13 21:02:18.409, 1, 3476, 100, 0, 34, 42.55
2026/04/13 21:02:19.413, 0, 3476, 100, 0, 34, 42.01
2026/04/13 21:02:19.417, 1, 3476, 100, 0, 34, 42.55
2026/04/13 21:02:20.421, 0, 3476, 100, 0, 34, 41.99
2026/04/13 21:02:20.423, 1, 3476, 100, 0, 34, 42.56
2026/04/13 21:02:21.429, 0, 3476, 100, 0, 34, 41.99
2026/04/13 21:02:21.432, 1, 3476, 100, 0, 34, 42.46
2026/04/13 21:02:22.435, 0, 3476, 100, 0, 34, 41.91
2026/04/13 21:02:22.438, 1, 3476, 100, 0, 34, 42.45
2026/04/13 21:02:23.441, 0, 3476, 100, 0, 34, 42.01
2026/04/13 21:02:23.444, 1, 3476, 100, 0, 34, 42.56
2026/04/13 21:02:24.448, 0, 3476, 100, 0, 34, 42.00
2026/04/13 21:02:24.450, 1, 3476, 100, 0, 34, 42.66
2026/04/13 21:02:25.454, 0, 3476, 100, 0, 34, 41.91
2026/04/13 21:02:25.457, 1, 3476, 100, 0, 34, 42.56
2026/04/13 21:02:26.460, 0, 3476, 100, 0, 34, 41.90
2026/04/13 21:02:26.462, 1, 3476, 100, 0, 34, 42.55
2026/04/13 21:02:27.465, 0, 3476, 100, 0, 34, 42.01
2026/04/13 21:02:27.468, 1, 3476, 100, 0, 34, 42.56
2026/04/13 21:02:28.470, 0, 3476, 100, 0, 34, 41.90
2026/04/13 21:02:28.473, 1, 3476, 100, 0, 34, 42.56
2026/04/13 21:02:29.476, 0, 3476, 100, 0, 34, 41.91
2026/04/13 21:02:29.479, 1, 3476, 100, 0, 34, 42.56
2026/04/13 21:02:30.484, 0, 3476, 100, 0, 34, 41.90
2026/04/13 21:02:30.486, 1, 3476, 100, 0, 34, 42.55
2026/04/13 21:02:31.489, 0, 3476, 100, 0, 34, 41.91
2026/04/13 21:02:31.492, 1, 3476, 100, 0, 34, 42.55
2026/04/13 21:02:32.494, 0, 3476, 100, 0, 34, 41.91
2026/04/13 21:02:32.497, 1, 3476, 100, 0, 34, 42.56
2026/04/13 21:02:33.500, 0, 3476, 100, 0, 34, 41.90
2026/04/13 21:02:33.503, 1, 3476, 100, 0, 34, 42.56
2026/04/13 21:02:34.506, 0, 3476, 100, 0, 34, 41.90
2026/04/13 21:02:34.508, 1, 3476, 100, 0, 34, 42.56
2026/04/13 21:02:35.511, 0, 3476, 100, 0, 34, 42.01
2026/04/13 21:02:35.515, 1, 3476, 100, 0, 34, 42.55
2026/04/13 21:02:36.518, 0, 3476, 100, 0, 34, 42.01
2026/04/13 21:02:36.521, 1, 3476, 100, 0, 34, 42.55
2026/04/13 21:02:37.523, 0, 3476, 100, 0, 34, 42.00
2026/04/13 21:02:37.526, 1, 3476, 100, 0, 34, 42.55
2026/04/13 21:02:38.530, 0, 3476, 100, 0, 34, 42.00
2026/04/13 21:02:38.533, 1, 3476, 100, 0, 34, 42.45
2026/04/13 21:02:39.537, 0, 3476, 100, 0, 34, 41.99
2026/04/13 21:02:39.540, 1, 3476, 100, 0, 34, 42.55
2026/04/13 21:02:40.543, 0, 3476, 100, 0, 34, 42.01
2026/04/13 21:02:40.546, 1, 3476, 100, 0, 34, 42.55
2026/04/13 21:02:41.552, 0, 3476, 100, 0, 34, 42.00
2026/04/13 21:02:41.555, 1, 3476, 100, 0, 34, 42.55
2026/04/13 21:02:42.558, 0, 3476, 100, 0, 34, 42.01
2026/04/13 21:02:42.561, 1, 3476, 100, 0, 34, 42.55
2026/04/13 21:02:43.565, 0, 3476, 100, 0, 34, 42.01
2026/04/13 21:02:43.567, 1, 3476, 100, 0, 34, 42.55
2026/04/13 21:02:44.570, 0, 3476, 100, 0, 34, 42.01
2026/04/13 21:02:44.573, 1, 3476, 100, 0, 34, 42.56
2026/04/13 21:02:45.576, 0, 3476, 100, 0, 34, 42.00
2026/04/13 21:02:45.579, 1, 3476, 100, 0, 34, 42.46
2026/04/13 21:02:46.581, 0, 3476, 100, 0, 34, 42.01
2026/04/13 21:02:46.584, 1, 3476, 100, 0, 34, 42.55
2026/04/13 21:02:47.587, 0, 3476, 100, 0, 34, 42.01
2026/04/13 21:02:47.590, 1, 3476, 100, 0, 34, 42.55
2026/04/13 21:02:48.594, 0, 3476, 100, 0, 34, 42.01
2026/04/13 21:02:48.597, 1, 3476, 100, 0, 34, 42.56
2026/04/13 21:02:49.599, 0, 3476, 100, 0, 34, 42.00
2026/04/13 21:02:49.602, 1, 3476, 100, 0, 34, 42.45
2026/04/13 21:02:50.605, 0, 3476, 100, 0, 34, 42.01
2026/04/13 21:02:50.607, 1, 3476, 100, 0, 34, 42.55
2026/04/13 21:02:51.610, 0, 3476, 100, 0, 34, 41.90
2026/04/13 21:02:51.613, 1, 3476, 100, 0, 34, 42.55
2026/04/13 21:02:52.616, 0, 3476, 100, 0, 34, 42.01
2026/04/13 21:02:52.618, 1, 3476, 100, 0, 34, 42.56
2026/04/13 21:02:53.624, 0, 3476, 100, 0, 34, 42.00
2026/04/13 21:02:53.626, 1, 3476, 100, 0, 34, 42.56
2026/04/13 21:02:54.630, 0, 3476, 100, 0, 34, 42.01
2026/04/13 21:02:54.633, 1, 3476, 100, 0, 34, 42.55
2026/04/13 21:02:55.636, 0, 3476, 100, 0, 34, 41.91
2026/04/13 21:02:55.639, 1, 3476, 100, 0, 34, 42.55
2026/04/13 21:02:56.641, 0, 3476, 100, 0, 34, 41.89
2026/04/13 21:02:56.644, 1, 3476, 100, 0, 34, 42.55
2026/04/13 21:02:57.647, 0, 3476, 100, 0, 34, 41.89
2026/04/13 21:02:57.649, 1, 3476, 100, 0, 34, 42.55
2026/04/13 21:02:58.652, 0, 3476, 100, 0, 34, 41.90
2026/04/13 21:02:58.655, 1, 3476, 100, 0, 34, 42.56
2026/04/13 21:02:59.659, 0, 3476, 100, 0, 34, 41.90
2026/04/13 21:02:59.661, 1, 3476, 100, 0, 34, 42.55
2026/04/13 21:03:00.666, 0, 3476, 100, 0, 34, 41.90
2026/04/13 21:03:00.671, 1, 3476, 100, 0, 34, 42.55
2026/04/13 21:03:01.674, 0, 3476, 100, 0, 34, 41.91
2026/04/13 21:03:01.677, 1, 3476, 100, 0, 34, 42.55
2026/04/13 21:03:02.681, 0, 3476, 100, 0, 34, 42.01
2026/04/13 21:03:02.683, 1, 3476, 100, 0, 34, 42.45
2026/04/13 21:03:03.689, 0, 3476, 100, 0, 34, 41.99
2026/04/13 21:03:03.692, 1, 3476, 100, 0, 34, 42.55
2026/04/13 21:03:04.697, 0, 3476, 100, 0, 34, 42.01
2026/04/13 21:03:04.699, 1, 3476, 100, 0, 34, 42.56
2026/04/13 21:03:05.703, 0, 3476, 100, 0, 34, 41.89
2026/04/13 21:03:05.706, 1, 3476, 100, 0, 34, 42.56
2026/04/13 21:03:06.709, 0, 3476, 100, 0, 34, 41.90
2026/04/13 21:03:06.714, 1, 3476, 100, 0, 34, 42.45
2026/04/13 21:03:07.717, 0, 3476, 100, 0, 34, 41.99
2026/04/13 21:03:07.720, 1, 3476, 100, 0, 34, 42.55
2026/04/13 21:03:08.726, 0, 3476, 100, 0, 34, 42.00
2026/04/13 21:03:08.729, 1, 3476, 100, 0, 34, 42.55
2026/04/13 21:03:09.733, 0, 3476, 100, 0, 34, 41.91
2026/04/13 21:03:09.738, 1, 3476, 100, 0, 34, 42.55
2026/04/13 21:03:10.741, 0, 3476, 100, 0, 34, 41.90
2026/04/13 21:03:10.744, 1, 3476, 100, 0, 34, 42.46
2026/04/13 21:03:11.748, 0, 3476, 100, 0, 34, 41.91
2026/04/13 21:03:11.750, 1, 3476, 100, 0, 34, 42.56
2026/04/13 21:03:12.757, 0, 3476, 100, 0, 34, 42.00
2026/04/13 21:03:12.759, 1, 3476, 100, 0, 34, 42.55
2026/04/13 21:03:13.763, 0, 3476, 100, 0, 34, 41.90
2026/04/13 21:03:13.768, 1, 3476, 100, 0, 34, 42.55
2026/04/13 21:03:14.772, 0, 3476, 100, 0, 34, 41.90
2026/04/13 21:03:14.774, 1, 3476, 100, 0, 34, 42.66
2026/04/13 21:03:15.778, 0, 3476, 100, 0, 34, 41.91
2026/04/13 21:03:15.781, 1, 3476, 100, 0, 34, 42.45
2026/04/13 21:03:16.788, 0, 3476, 100, 0, 34, 41.90
2026/04/13 21:03:16.793, 1, 3476, 100, 0, 34, 42.55
2026/04/13 21:03:17.796, 0, 3476, 100, 0, 34, 42.00
2026/04/13 21:03:17.799, 1, 3476, 100, 0, 34, 42.56
2026/04/13 21:03:18.803, 0, 3476, 100, 0, 34, 41.90
2026/04/13 21:03:18.805, 1, 3476, 100, 0, 34, 42.55
2026/04/13 21:03:19.809, 0, 3476, 100, 0, 34, 41.90
2026/04/13 21:03:19.812, 1, 3476, 100, 0, 34, 42.55
2026/04/13 21:03:20.817, 0, 3476, 100, 0, 34, 41.90
2026/04/13 21:03:20.821, 1, 3476, 100, 0, 34, 42.55
2026/04/13 21:03:21.825, 0, 3476, 100, 0, 34, 41.90
2026/04/13 21:03:21.827, 1, 3476, 100, 0, 34, 42.55
2026/04/13 21:03:22.831, 0, 3476, 100, 0, 34, 42.00
2026/04/13 21:03:22.834, 1, 3476, 100, 0, 34, 42.55
2026/04/13 21:03:23.838, 0, 3476, 100, 0, 34, 42.01
2026/04/13 21:03:23.840, 1, 3476, 100, 0, 34, 42.56
2026/04/13 21:03:24.844, 0, 3476, 100, 0, 34, 42.00
2026/04/13 21:03:24.848, 1, 3476, 100, 0, 34, 42.55
2026/04/13 21:03:25.852, 0, 3476, 100, 0, 34, 41.90
2026/04/13 21:03:25.855, 1, 3476, 100, 0, 34, 42.55
2026/04/13 21:03:26.858, 0, 3476, 100, 0, 34, 42.01
2026/04/13 21:03:26.862, 1, 3476, 100, 0, 34, 42.45
2026/04/13 21:03:27.866, 0, 3476, 100, 0, 34, 41.91
2026/04/13 21:03:27.869, 1, 3476, 100, 0, 34, 42.55
2026/04/13 21:03:28.872, 0, 3476, 100, 0, 34, 42.00
2026/04/13 21:03:28.877, 1, 3476, 100, 0, 34, 42.56
2026/04/13 21:03:29.880, 0, 3476, 100, 0, 34, 41.90
2026/04/13 21:03:29.883, 1, 3476, 100, 0, 34, 42.55
2026/04/13 21:03:30.887, 0, 3476, 100, 0, 34, 41.89
2026/04/13 21:03:30.889, 1, 3476, 100, 0, 34, 42.55
2026/04/13 21:03:31.893, 0, 3476, 100, 0, 34, 42.00
2026/04/13 21:03:31.896, 1, 3476, 100, 0, 34, 42.55
2026/04/13 21:03:32.900, 0, 3476, 100, 0, 34, 42.00
2026/04/13 21:03:32.902, 1, 3476, 100, 0, 34, 42.55
2026/04/13 21:03:33.909, 0, 3476, 100, 0, 34, 41.90
2026/04/13 21:03:33.912, 1, 3476, 100, 0, 34, 42.45
2026/04/13 21:03:34.916, 0, 3476, 100, 0, 34, 42.01
2026/04/13 21:03:34.918, 1, 3476, 100, 0, 34, 42.56
2026/04/13 21:03:35.922, 0, 3476, 100, 0, 34, 41.91
2026/04/13 21:03:35.925, 1, 3476, 100, 0, 34, 42.55
2026/04/13 21:03:36.929, 0, 3476, 100, 0, 34, 41.89
2026/04/13 21:03:36.931, 1, 3476, 100, 0, 34, 42.55
2026/04/13 21:03:37.935, 0, 3476, 100, 0, 34, 41.90
2026/04/13 21:03:37.938, 1, 3476, 100, 0, 34, 42.55
2026/04/13 21:03:38.942, 0, 3476, 100, 0, 34, 42.01
2026/04/13 21:03:38.944, 1, 3476, 100, 0, 34, 42.55
2026/04/13 21:03:39.948, 0, 3476, 100, 0, 34, 41.89
2026/04/13 21:03:39.951, 1, 3476, 100, 0, 34, 42.56
2026/04/13 21:03:40.955, 0, 3476, 100, 0, 34, 41.90
2026/04/13 21:03:40.957, 1, 3476, 100, 0, 34, 42.55
2026/04/13 21:03:41.961, 0, 3476, 100, 0, 34, 41.91
2026/04/13 21:03:41.966, 1, 3476, 100, 0, 34, 42.56
2026/04/13 21:03:42.973, 0, 3476, 100, 0, 34, 41.90
2026/04/13 21:03:42.975, 1, 3476, 100, 0, 34, 42.45
2026/04/13 21:03:43.979, 0, 3476, 100, 0, 34, 41.91
2026/04/13 21:03:43.982, 1, 3476, 100, 0, 34, 42.56
2026/04/13 21:03:44.986, 0, 3476, 100, 0, 34, 41.89
2026/04/13 21:03:44.991, 1, 3476, 100, 0, 34, 42.55
2026/04/13 21:03:45.995, 0, 3476, 100, 0, 34, 41.89
2026/04/13 21:03:46.000, 1, 3476, 100, 0, 34, 42.55
2026/04/13 21:03:47.004, 0, 3476, 100, 0, 34, 41.90
2026/04/13 21:03:47.006, 1, 3476, 100, 0, 34, 42.55
2026/04/13 21:03:48.009, 0, 3476, 100, 0, 34, 41.90
2026/04/13 21:03:48.012, 1, 3476, 100, 0, 34, 42.55
2026/04/13 21:03:49.016, 0, 3476, 100, 0, 34, 42.01
2026/04/13 21:03:49.020, 1, 3476, 100, 0, 34, 42.56
2026/04/13 21:03:50.022, 0, 3476, 100, 0, 34, 42.10
2026/04/13 21:03:50.025, 1, 3476, 100, 0, 34, 42.55
2026/04/13 21:03:51.028, 0, 3476, 100, 0, 34, 42.01
2026/04/13 21:03:51.031, 1, 3476, 100, 0, 34, 42.56
2026/04/13 21:03:52.033, 0, 3476, 100, 0, 34, 42.01
2026/04/13 21:03:52.036, 1, 3476, 100, 0, 34, 42.55
2026/04/13 21:03:53.039, 0, 3476, 100, 0, 34, 42.10
2026/04/13 21:03:53.041, 1, 3476, 100, 0, 34, 42.56
2026/04/13 21:03:54.044, 0, 3476, 100, 0, 34, 42.01
2026/04/13 21:03:54.049, 1, 3476, 100, 0, 34, 42.56
2026/04/13 21:03:55.052, 0, 3476, 100, 0, 34, 41.90
2026/04/13 21:03:55.055, 1, 3476, 100, 0, 34, 42.55
2026/04/13 21:03:56.057, 0, 3476, 100, 0, 34, 41.91
2026/04/13 21:03:56.060, 1, 3476, 100, 0, 34, 42.55
2026/04/13 21:03:57.063, 0, 3476, 100, 0, 34, 41.91
2026/04/13 21:03:57.066, 1, 3476, 100, 0, 34, 42.56
2026/04/13 21:03:58.068, 0, 3476, 100, 0, 34, 41.90
2026/04/13 21:03:58.071, 1, 3476, 100, 0, 34, 42.56
2026/04/13 21:03:59.074, 0, 3476, 100, 0, 34, 41.91
2026/04/13 21:03:59.079, 1, 3476, 100, 0, 34, 42.55
2026/04/13 21:04:00.082, 0, 3476, 100, 0, 34, 41.90
2026/04/13 21:04:00.085, 1, 3476, 100, 0, 34, 42.55
2026/04/13 21:04:01.087, 0, 3476, 100, 0, 34, 41.91
2026/04/13 21:04:01.090, 1, 3476, 100, 0, 34, 42.45
2026/04/13 21:04:02.097, 0, 3476, 100, 0, 34, 42.00
2026/04/13 21:04:02.099, 1, 3476, 100, 0, 34, 42.55
2026/04/13 21:04:03.103, 0, 3476, 100, 0, 34, 42.01
2026/04/13 21:04:03.107, 1, 3476, 100, 0, 34, 42.55
2026/04/13 21:04:04.109, 0, 3476, 100, 0, 34, 41.90
2026/04/13 21:04:04.112, 1, 3476, 100, 0, 34, 42.55
2026/04/13 21:04:05.115, 0, 3476, 100, 0, 34, 42.00
2026/04/13 21:04:05.118, 1, 3476, 100, 0, 34, 42.55
2026/04/13 21:04:06.120, 0, 3476, 100, 0, 34, 42.10
2026/04/13 21:04:06.125, 1, 3476, 100, 0, 34, 42.55
2026/04/13 21:04:07.129, 0, 3476, 100, 0, 34, 42.10
2026/04/13 21:04:07.132, 1, 3476, 100, 0, 34, 42.56
2026/04/13 21:04:08.134, 0, 3476, 100, 0, 34, 41.90
2026/04/13 21:04:08.139, 1, 3476, 100, 0, 34, 42.55
2026/04/13 21:04:09.142, 0, 3476, 100, 0, 34, 41.91
2026/04/13 21:04:09.145, 1, 3476, 100, 0, 34, 42.56
2026/04/13 21:04:10.149, 0, 3476, 100, 0, 34, 41.91
2026/04/13 21:04:10.151, 1, 3476, 100, 0, 34, 42.55
2026/04/13 21:04:11.154, 0, 3476, 100, 0, 34, 42.10
2026/04/13 21:04:11.157, 1, 3476, 100, 0, 34, 42.55
2026/04/13 21:04:12.161, 0, 3476, 100, 0, 34, 42.00
2026/04/13 21:04:12.164, 1, 3476, 100, 0, 34, 42.55
2026/04/13 21:04:13.168, 0, 3476, 100, 0, 34, 42.00
2026/04/13 21:04:13.171, 1, 3476, 100, 0, 34, 42.55
2026/04/13 21:04:14.174, 0, 3476, 100, 0, 34, 41.91
2026/04/13 21:04:14.177, 1, 3476, 100, 0, 34, 42.55
2026/04/13 21:04:15.180, 0, 3476, 100, 0, 34, 41.91
2026/04/13 21:04:15.183, 1, 3476, 100, 0, 34, 42.55
2026/04/13 21:04:16.187, 0, 3476, 100, 0, 34, 42.00
2026/04/13 21:04:16.189, 1, 3476, 100, 0, 34, 42.55
2026/04/13 21:04:17.193, 0, 3476, 100, 0, 34, 41.99
2026/04/13 21:04:17.197, 1, 3476, 100, 0, 34, 42.55
2026/04/13 21:04:18.201, 0, 3476, 100, 0, 34, 41.91
2026/04/13 21:04:18.203, 1, 3476, 100, 0, 34, 42.55
2026/04/13 21:04:19.207, 0, 3476, 100, 0, 34, 41.90
2026/04/13 21:04:19.210, 1, 3476, 100, 0, 34, 42.46
2026/04/13 21:04:20.214, 0, 3476, 100, 0, 34, 42.01
2026/04/13 21:04:20.216, 1, 3476, 100, 0, 34, 42.55
2026/04/13 21:04:21.223, 0, 3476, 100, 0, 34, 42.01
2026/04/13 21:04:21.227, 1, 3476, 100, 0, 34, 42.56
2026/04/13 21:04:22.231, 0, 3476, 100, 0, 34, 41.99
2026/04/13 21:04:22.234, 1, 3476, 100, 0, 34, 42.55
2026/04/13 21:04:23.239, 0, 3476, 100, 0, 34, 41.91
2026/04/13 21:04:23.242, 1, 3476, 100, 0, 34, 42.56
2026/04/13 21:04:24.245, 0, 3476, 100, 0, 34, 41.91
2026/04/13 21:04:24.248, 1, 3476, 100, 0, 34, 42.46
2026/04/13 21:04:25.255, 0, 3476, 100, 0, 34, 42.00
2026/04/13 21:04:25.257, 1, 3476, 100, 0, 34, 42.55
2026/04/13 21:04:26.261, 0, 3476, 100, 0, 34, 42.01
2026/04/13 21:04:26.264, 1, 3476, 100, 0, 34, 42.56
2026/04/13 21:04:27.268, 0, 3476, 100, 0, 34, 41.90
2026/04/13 21:04:27.271, 1, 3476, 100, 0, 34, 42.56
2026/04/13 21:04:28.274, 0, 3476, 100, 0, 34, 41.91
2026/04/13 21:04:28.277, 1, 3476, 100, 0, 34, 42.56
2026/04/13 21:04:29.281, 0, 3476, 100, 0, 34, 41.90
2026/04/13 21:04:29.284, 1, 3476, 100, 0, 34, 42.55
2026/04/13 21:04:30.288, 0, 3476, 100, 0, 34, 41.91
2026/04/13 21:04:30.291, 1, 3476, 100, 0, 34, 42.55
2026/04/13 21:04:31.295, 0, 3476, 100, 0, 34, 41.90
2026/04/13 21:04:31.297, 1, 3476, 100, 0, 34, 42.56
2026/04/13 21:04:32.301, 0, 3476, 100, 0, 34, 42.10
2026/04/13 21:04:32.304, 1, 3476, 100, 0, 34, 42.55
2026/04/13 21:04:33.308, 0, 3476, 100, 0, 34, 41.90
2026/04/13 21:04:33.311, 1, 3476, 100, 0, 34, 42.45
2026/04/13 21:04:34.318, 0, 3476, 100, 0, 34, 41.89
2026/04/13 21:04:34.321, 1, 3476, 100, 0, 34, 42.55
2026/04/13 21:04:35.324, 0, 3476, 100, 0, 34, 41.99
2026/04/13 21:04:35.327, 1, 3476, 100, 0, 34, 42.56
2026/04/13 21:04:36.331, 0, 3476, 100, 0, 34, 41.99
2026/04/13 21:04:36.334, 1, 3476, 100, 0, 34, 42.56
2026/04/13 21:04:37.337, 0, 3476, 100, 0, 34, 41.99
2026/04/13 21:04:37.340, 1, 3476, 100, 0, 34, 42.55
2026/04/13 21:04:38.344, 0, 3476, 100, 0, 34, 41.89
2026/04/13 21:04:38.346, 1, 3476, 100, 0, 34, 42.55
2026/04/13 21:04:39.351, 0, 3476, 100, 0, 34, 42.00
2026/04/13 21:04:39.356, 1, 3476, 100, 0, 34, 42.56
2026/04/13 21:04:40.359, 0, 3476, 100, 0, 34, 41.90
2026/04/13 21:04:40.362, 1, 3476, 100, 0, 34, 42.55
2026/04/13 21:04:41.366, 0, 3476, 100, 0, 34, 42.01
2026/04/13 21:04:41.370, 1, 3476, 100, 0, 34, 42.45
2026/04/13 21:04:42.374, 0, 3476, 100, 0, 34, 41.90
2026/04/13 21:04:42.376, 1, 3476, 100, 0, 34, 42.55
2026/04/13 21:04:43.381, 0, 3476, 100, 0, 34, 41.90
2026/04/13 21:04:43.383, 1, 3476, 100, 0, 34, 42.55
2026/04/13 21:04:44.389, 0, 3476, 100, 0, 34, 42.00
2026/04/13 21:04:44.392, 1, 3476, 100, 0, 34, 42.55
2026/04/13 21:04:45.395, 0, 3476, 100, 0, 34, 41.90
2026/04/13 21:04:45.399, 1, 3476, 100, 0, 34, 42.55
2026/04/13 21:04:46.403, 0, 3476, 100, 0, 34, 41.90
2026/04/13 21:04:46.406, 1, 3476, 100, 0, 34, 42.55
2026/04/13 21:04:47.412, 0, 3476, 100, 0, 34, 41.91
2026/04/13 21:04:47.415, 1, 3476, 100, 0, 34, 42.55
2026/04/13 21:04:48.419, 0, 3476, 100, 0, 34, 42.00
2026/04/13 21:04:48.421, 1, 3476, 100, 0, 34, 42.56
2026/04/13 21:04:49.425, 0, 3476, 100, 0, 34, 41.91
2026/04/13 21:04:49.428, 1, 3476, 100, 0, 34, 42.55
2026/04/13 21:04:50.432, 0, 3476, 100, 0, 34, 41.90
2026/04/13 21:04:50.435, 1, 3476, 100, 0, 34, 42.55
2026/04/13 21:04:51.439, 0, 3476, 100, 0, 34, 41.90
2026/04/13 21:04:51.442, 1, 3476, 100, 0, 34, 42.65
2026/04/13 21:04:52.445, 0, 3476, 100, 0, 34, 41.91
2026/04/13 21:04:52.448, 1, 3476, 100, 0, 34, 42.55
2026/04/13 21:04:53.452, 0, 3476, 100, 0, 34, 41.90
2026/04/13 21:04:53.457, 1, 3476, 100, 0, 34, 42.56
2026/04/13 21:04:54.461, 0, 3476, 100, 0, 34, 41.90
2026/04/13 21:04:54.464, 1, 3476, 100, 0, 34, 42.55
2026/04/13 21:04:55.467, 0, 3476, 100, 0, 34, 41.90
2026/04/13 21:04:55.470, 1, 3476, 100, 0, 34, 42.55
2026/04/13 21:04:56.475, 0, 3476, 100, 0, 34, 42.01
2026/04/13 21:04:56.478, 1, 3476, 100, 0, 34, 42.55
2026/04/13 21:04:57.482, 0, 3476, 100, 0, 34, 41.90
2026/04/13 21:04:57.486, 1, 3476, 100, 0, 34, 42.46
2026/04/13 21:04:58.490, 0, 3476, 100, 0, 34, 41.91
2026/04/13 21:04:58.493, 1, 3476, 100, 0, 34, 42.55
2026/04/13 21:04:59.497, 0, 3476, 100, 0, 34, 41.91
2026/04/13 21:04:59.499, 1, 3476, 100, 0, 34, 42.56
2026/04/13 21:05:00.503, 0, 3476, 100, 0, 34, 41.91
2026/04/13 21:05:00.506, 1, 3476, 100, 0, 34, 42.56
2026/04/13 21:05:01.509, 0, 3476, 100, 0, 34, 42.01
2026/04/13 21:05:01.512, 1, 3476, 100, 0, 34, 42.55
2026/04/13 21:05:02.516, 0, 3476, 100, 0, 34, 42.00
2026/04/13 21:05:02.519, 1, 3476, 100, 0, 34, 42.66
2026/04/13 21:05:03.523, 0, 3476, 100, 0, 34, 41.91
2026/04/13 21:05:03.525, 1, 3476, 100, 0, 34, 42.65
2026/04/13 21:05:04.529, 0, 3476, 100, 0, 34, 41.90
2026/04/13 21:05:04.532, 1, 3476, 100, 0, 34, 42.65
2026/04/13 21:05:05.536, 0, 3476, 100, 0, 34, 41.91
2026/04/13 21:05:05.538, 1, 3476, 100, 0, 34, 42.56
2026/04/13 21:05:06.544, 0, 3476, 100, 0, 34, 41.89
2026/04/13 21:05:06.549, 1, 3476, 100, 0, 34, 42.56
2026/04/13 21:05:07.552, 0, 3476, 100, 0, 34, 42.00
2026/04/13 21:05:07.555, 1, 3476, 100, 0, 34, 42.45
2026/04/13 21:05:08.559, 0, 3476, 100, 0, 34, 41.90
2026/04/13 21:05:08.561, 1, 3476, 100, 0, 34, 42.56
2026/04/13 21:05:09.565, 0, 3476, 100, 0, 34, 41.90
2026/04/13 21:05:09.568, 1, 3476, 100, 0, 34, 42.55
2026/04/13 21:05:10.572, 0, 3476, 100, 0, 34, 41.91
2026/04/13 21:05:10.576, 1, 3476, 100, 0, 34, 42.56
2026/04/13 21:05:11.580, 0, 3476, 100, 0, 34, 41.90
2026/04/13 21:05:11.583, 1, 3476, 100, 0, 34, 42.55
2026/04/13 21:05:12.587, 0, 3476, 100, 0, 34, 41.91
2026/04/13 21:05:12.589, 1, 3476, 100, 0, 34, 42.55
2026/04/13 21:05:13.593, 0, 3476, 100, 0, 34, 41.91
2026/04/13 21:05:13.597, 1, 3476, 100, 0, 34, 42.55
2026/04/13 21:05:14.600, 0, 3476, 100, 0, 34, 42.00
2026/04/13 21:05:14.603, 1, 3476, 100, 0, 34, 42.55
2026/04/13 21:05:15.607, 0, 3476, 100, 0, 34, 41.90
2026/04/13 21:05:15.609, 1, 3476, 100, 0, 34, 42.55
2026/04/13 21:05:16.612, 0, 3476, 100, 0, 34, 41.91
2026/04/13 21:05:16.615, 1, 3476, 100, 0, 34, 42.56
2026/04/13 21:05:17.618, 0, 3476, 100, 0, 34, 42.00
2026/04/13 21:05:17.621, 1, 3476, 100, 0, 34, 42.55
2026/04/13 21:05:18.624, 0, 3476, 100, 0, 34, 41.91
2026/04/13 21:05:18.627, 1, 3476, 100, 0, 34, 42.56
2026/04/13 21:05:19.629, 0, 3476, 100, 0, 34, 42.00
2026/04/13 21:05:19.632, 1, 3476, 100, 0, 34, 42.45
2026/04/13 21:05:20.636, 0, 3476, 100, 0, 34, 41.90
2026/04/13 21:05:20.639, 1, 3476, 100, 0, 34, 42.45
2026/04/13 21:05:21.646, 0, 3476, 100, 0, 34, 42.01
2026/04/13 21:05:21.649, 1, 3476, 100, 0, 34, 42.56
2026/04/13 21:05:22.651, 0, 3476, 100, 0, 34, 42.01
2026/04/13 21:05:22.654, 1, 3476, 100, 0, 34, 42.55
2026/04/13 21:05:23.658, 0, 3476, 100, 0, 34, 42.00
2026/04/13 21:05:23.663, 1, 3476, 100, 0, 34, 42.46
2026/04/13 21:05:24.666, 0, 3476, 100, 0, 34, 41.99
2026/04/13 21:05:24.668, 1, 3476, 100, 0, 34, 42.55
2026/04/13 21:05:25.671, 0, 3476, 100, 0, 34, 42.00
2026/04/13 21:05:25.674, 1, 3476, 100, 0, 34, 42.56
2026/04/13 21:05:26.677, 0, 3476, 100, 0, 34, 41.91
2026/04/13 21:05:26.680, 1, 3476, 100, 0, 34, 42.56
2026/04/13 21:05:27.684, 0, 3476, 100, 0, 34, 42.00
2026/04/13 21:05:27.687, 1, 3476, 100, 0, 34, 42.56
2026/04/13 21:05:28.690, 0, 3476, 100, 0, 34, 42.01
2026/04/13 21:05:28.694, 1, 3476, 100, 0, 34, 42.55
2026/04/13 21:05:29.697, 0, 3476, 100, 0, 34, 41.91
2026/04/13 21:05:29.700, 1, 3476, 100, 0, 34, 42.55
2026/04/13 21:05:30.702, 0, 3476, 100, 0, 34, 41.91
2026/04/13 21:05:30.705, 1, 3476, 100, 0, 34, 42.55
2026/04/13 21:05:31.712, 0, 3476, 100, 0, 34, 41.90
2026/04/13 21:05:31.716, 1, 3476, 100, 0, 34, 42.56
2026/04/13 21:05:32.719, 0, 3476, 100, 0, 34, 42.01
2026/04/13 21:05:32.724, 1, 3476, 100, 0, 34, 42.45
2026/04/13 21:05:33.728, 0, 3476, 100, 0, 34, 42.00
2026/04/13 21:05:33.731, 1, 3476, 100, 0, 34, 42.55
2026/04/13 21:05:34.734, 0, 3476, 100, 0, 34, 41.91
2026/04/13 21:05:34.737, 1, 3476, 100, 0, 34, 42.66
2026/04/13 21:05:35.742, 0, 3476, 100, 0, 34, 41.91
2026/04/13 21:05:35.744, 1, 3476, 100, 0, 34, 42.55
2026/04/13 21:05:36.748, 0, 3476, 100, 0, 34, 41.91
2026/04/13 21:05:36.753, 1, 3476, 100, 0, 34, 42.56
2026/04/13 21:05:37.756, 0, 3476, 100, 0, 34, 41.99
2026/04/13 21:05:37.758, 1, 3476, 100, 0, 34, 42.55
2026/04/13 21:05:38.761, 0, 3476, 100, 0, 34, 41.90
2026/04/13 21:05:38.764, 1, 3476, 100, 0, 34, 42.55
2026/04/13 21:05:39.768, 0, 3476, 100, 0, 34, 41.89
2026/04/13 21:05:39.770, 1, 3476, 100, 0, 34, 42.56
2026/04/13 21:05:40.773, 0, 3476, 100, 0, 34, 41.91
2026/04/13 21:05:40.776, 1, 3476, 100, 0, 34, 42.55
2026/04/13 21:05:41.779, 0, 3476, 100, 0, 34, 42.01
2026/04/13 21:05:41.784, 1, 3476, 100, 0, 34, 42.55
2026/04/13 21:05:42.787, 0, 3476, 100, 0, 34, 42.00
2026/04/13 21:05:42.789, 1, 3476, 100, 0, 34, 42.56
2026/04/13 21:05:43.793, 0, 3476, 100, 0, 34, 41.90
2026/04/13 21:05:43.796, 1, 3476, 100, 0, 34, 42.55
2026/04/13 21:05:44.799, 0, 3476, 100, 0, 34, 41.91
2026/04/13 21:05:44.802, 1, 3476, 100, 0, 34, 42.56
2026/04/13 21:05:45.807, 0, 3476, 100, 0, 34, 42.01
2026/04/13 21:05:45.810, 1, 3476, 100, 0, 34, 42.65
2026/04/13 21:05:46.812, 0, 3476, 100, 0, 34, 42.01
2026/04/13 21:05:46.817, 1, 3476, 100, 0, 34, 42.56
2026/04/13 21:05:47.821, 0, 3476, 100, 0, 34, 42.00
2026/04/13 21:05:47.823, 1, 3476, 100, 0, 34, 42.55
2026/04/13 21:05:48.826, 0, 3476, 100, 0, 34, 41.90
2026/04/13 21:05:48.829, 1, 3476, 100, 0, 34, 42.56
2026/04/13 21:05:49.831, 0, 3476, 100, 0, 34, 41.90
2026/04/13 21:05:49.834, 1, 3476, 100, 0, 34, 42.55
2026/04/13 21:05:50.839, 0, 3476, 100, 0, 34, 41.91
2026/04/13 21:05:50.842, 1, 3476, 100, 0, 34, 42.66
2026/04/13 21:05:51.846, 0, 3476, 100, 0, 34, 41.90
2026/04/13 21:05:51.850, 1, 3476, 100, 0, 34, 42.55
2026/04/13 21:05:52.853, 0, 3476, 100, 0, 34, 41.89
2026/04/13 21:05:52.856, 1, 3476, 100, 0, 34, 42.55
2026/04/13 21:05:53.859, 0, 3476, 100, 0, 34, 42.01
2026/04/13 21:05:53.862, 1, 3476, 100, 0, 34, 42.55
2026/04/13 21:05:54.865, 0, 3476, 100, 0, 34, 42.00
2026/04/13 21:05:54.867, 1, 3476, 100, 0, 34, 42.55
2026/04/13 21:05:55.871, 0, 3476, 100, 0, 34, 42.01
2026/04/13 21:05:55.874, 1, 3476, 100, 0, 34, 42.56
2026/04/13 21:05:56.878, 0, 3476, 100, 0, 34, 42.00
2026/04/13 21:05:56.881, 1, 3476, 100, 0, 34, 42.55
2026/04/13 21:05:57.884, 0, 3476, 100, 0, 34, 41.91
2026/04/13 21:05:57.887, 1, 3476, 100, 0, 34, 42.56
2026/04/13 21:05:58.891, 0, 3476, 100, 0, 34, 42.00
2026/04/13 21:05:58.894, 1, 3476, 100, 0, 34, 42.56
2026/04/13 21:05:59.897, 0, 3476, 100, 0, 34, 41.90
2026/04/13 21:05:59.900, 1, 3476, 100, 0, 34, 42.55
2026/04/13 21:06:00.904, 0, 3476, 100, 0, 34, 41.90
2026/04/13 21:06:00.907, 1, 3476, 100, 0, 34, 42.55
2026/04/13 21:06:01.912, 0, 3476, 100, 0, 34, 41.91
2026/04/13 21:06:01.914, 1, 3476, 100, 0, 34, 42.66
2026/04/13 21:06:02.918, 0, 3476, 100, 0, 34, 42.01
2026/04/13 21:06:02.921, 1, 3476, 100, 0, 34, 42.55
2026/04/13 21:06:03.925, 0, 3476, 100, 0, 34, 42.01
2026/04/13 21:06:03.927, 1, 3476, 100, 0, 34, 42.45
2026/04/13 21:06:04.931, 0, 3476, 100, 0, 34, 42.00
2026/04/13 21:06:04.934, 1, 3476, 100, 0, 34, 42.55
2026/04/13 21:06:05.938, 0, 3476, 100, 0, 34, 42.00
2026/04/13 21:06:05.940, 1, 3476, 100, 0, 34, 42.56
2026/04/13 21:06:06.944, 0, 3476, 100, 0, 34, 42.01
2026/04/13 21:06:06.947, 1, 3476, 100, 0, 34, 42.56
2026/04/13 21:06:07.951, 0, 3476, 100, 0, 34, 41.91
2026/04/13 21:06:07.953, 1, 3476, 100, 0, 34, 42.56
2026/04/13 21:06:08.957, 0, 3476, 100, 0, 34, 42.00
2026/04/13 21:06:08.961, 1, 3476, 100, 0, 34, 42.55
2026/04/13 21:06:09.965, 0, 3476, 100, 0, 34, 41.89
2026/04/13 21:06:09.968, 1, 3476, 100, 0, 34, 42.55
2026/04/13 21:06:10.972, 0, 3476, 100, 0, 34, 42.00
2026/04/13 21:06:10.974, 1, 3476, 100, 0, 34, 42.55
2026/04/13 21:06:11.978, 0, 3476, 100, 0, 34, 42.00
2026/04/13 21:06:11.981, 1, 3476, 100, 0, 34, 42.55
2026/04/13 21:06:12.984, 0, 3476, 100, 0, 34, 41.90
2026/04/13 21:06:12.990, 1, 3476, 100, 0, 34, 42.55
2026/04/13 21:06:13.994, 0, 3476, 100, 0, 34, 41.91
2026/04/13 21:06:13.997, 1, 3476, 100, 0, 34, 42.65
2026/04/13 21:06:15.000, 0, 3476, 100, 0, 34, 42.00
2026/04/13 21:06:15.003, 1, 3476, 100, 0, 34, 42.56
2026/04/13 21:06:16.007, 0, 3476, 100, 0, 34, 41.90
2026/04/13 21:06:16.010, 1, 3476, 100, 0, 34, 42.55
2026/04/13 21:06:17.016, 0, 3476, 100, 0, 34, 41.90
2026/04/13 21:06:17.019, 1, 3476, 100, 0, 34, 42.56
2026/04/13 21:06:18.023, 0, 3476, 100, 0, 34, 41.90
2026/04/13 21:06:18.025, 1, 3476, 100, 0, 34, 42.45
2026/04/13 21:06:19.029, 0, 3476, 100, 0, 34, 41.91
2026/04/13 21:06:19.032, 1, 3476, 100, 0, 34, 42.56
2026/04/13 21:06:20.036, 0, 3476, 100, 0, 34, 41.90
2026/04/13 21:06:20.038, 1, 3476, 100, 0, 34, 42.55
2026/04/13 21:06:21.043, 0, 3476, 100, 0, 34, 41.90
2026/04/13 21:06:21.046, 1, 3476, 100, 0, 34, 42.55
2026/04/13 21:06:22.050, 0, 3476, 100, 0, 34, 41.99
2026/04/13 21:06:22.057, 1, 3476, 100, 0, 34, 42.56
2026/04/13 21:06:23.060, 0, 3476, 100, 0, 34, 41.89
2026/04/13 21:06:23.063, 1, 3476, 100, 0, 34, 42.55
2026/04/13 21:06:24.067, 0, 3476, 100, 0, 34, 41.91
2026/04/13 21:06:24.069, 1, 3476, 100, 0, 34, 42.56
2026/04/13 21:06:25.073, 0, 3476, 100, 0, 34, 41.99
2026/04/13 21:06:25.076, 1, 3476, 100, 0, 34, 42.56
2026/04/13 21:06:26.080, 0, 3476, 100, 0, 34, 41.90
2026/04/13 21:06:26.083, 1, 3476, 100, 0, 34, 42.55
2026/04/13 21:06:27.087, 0, 3476, 100, 0, 34, 42.00
2026/04/13 21:06:27.089, 1, 3476, 100, 0, 34, 42.55
2026/04/13 21:06:28.093, 0, 3476, 100, 0, 34, 42.00
2026/04/13 21:06:28.097, 1, 3476, 100, 0, 34, 42.55
2026/04/13 21:06:29.101, 0, 3476, 100, 0, 34, 41.91
2026/04/13 21:06:29.103, 1, 3476, 100, 0, 34, 42.55
2026/04/13 21:06:30.107, 0, 3476, 100, 0, 34, 41.90
2026/04/13 21:06:30.110, 1, 3476, 100, 0, 34, 42.56
2026/04/13 21:06:31.113, 0, 3476, 100, 0, 34, 41.91
2026/04/13 21:06:31.118, 1, 3476, 100, 0, 34, 42.56
2026/04/13 21:06:32.122, 0, 3476, 100, 0, 34, 42.01
2026/04/13 21:06:32.124, 1, 3476, 100, 0, 34, 42.55
2026/04/13 21:06:33.128, 0, 3476, 100, 0, 34, 41.89
2026/04/13 21:06:33.131, 1, 3476, 100, 0, 34, 42.55
2026/04/13 21:06:34.135, 0, 3476, 100, 0, 34, 41.90
2026/04/13 21:06:34.137, 1, 3476, 100, 0, 34, 42.56
2026/04/13 21:06:35.143, 0, 3476, 100, 0, 34, 41.90
2026/04/13 21:06:35.149, 1, 3476, 100, 0, 34, 42.65
2026/04/13 21:06:36.152, 0, 3476, 100, 0, 34, 41.91
2026/04/13 21:06:36.155, 1, 3476, 100, 0, 34, 42.56
2026/04/13 21:06:37.159, 0, 3476, 100, 0, 34, 42.00
2026/04/13 21:06:37.161, 1, 3476, 100, 0, 34, 42.65
2026/04/13 21:06:38.165, 0, 3476, 100, 0, 34, 42.01
2026/04/13 21:06:38.168, 1, 3476, 100, 0, 34, 42.56
2026/04/13 21:06:39.175, 0, 3476, 100, 0, 34, 42.01
2026/04/13 21:06:39.177, 1, 3476, 100, 0, 34, 42.56
2026/04/13 21:06:40.181, 0, 3476, 100, 0, 34, 41.91
2026/04/13 21:06:40.184, 1, 3476, 100, 0, 34, 42.56
2026/04/13 21:06:41.189, 0, 3476, 100, 0, 34, 41.89
2026/04/13 21:06:41.191, 1, 3476, 100, 0, 34, 42.55
2026/04/13 21:06:42.195, 0, 3476, 100, 0, 34, 42.00
2026/04/13 21:06:42.198, 1, 3476, 100, 0, 34, 42.66
2026/04/13 21:06:43.202, 0, 3476, 100, 0, 34, 42.00
2026/04/13 21:06:43.205, 1, 3476, 100, 0, 34, 42.55
2026/04/13 21:06:44.210, 0, 3476, 100, 0, 34, 41.91
2026/04/13 21:06:44.212, 1, 3476, 100, 0, 34, 42.55
2026/04/13 21:06:45.216, 0, 3476, 100, 0, 34, 42.00
2026/04/13 21:06:45.220, 1, 3476, 100, 0, 34, 42.56
2026/04/13 21:06:46.224, 0, 3476, 100, 0, 34, 42.10
2026/04/13 21:06:46.227, 1, 3476, 100, 0, 34, 42.55
2026/04/13 21:06:47.231, 0, 3476, 100, 0, 34, 42.00
2026/04/13 21:06:47.234, 1, 3476, 100, 0, 34, 42.55
2026/04/13 21:06:48.240, 0, 3476, 100, 0, 34, 42.01
2026/04/13 21:06:48.243, 1, 3476, 100, 0, 34, 42.56
2026/04/13 21:06:49.247, 0, 3476, 100, 0, 34, 41.91
2026/04/13 21:06:49.249, 1, 3476, 100, 0, 34, 42.55
2026/04/13 21:06:50.253, 0, 3476, 100, 0, 34, 41.91
2026/04/13 21:06:50.258, 1, 3476, 100, 0, 34, 42.56
2026/04/13 21:06:51.262, 0, 3476, 100, 0, 34, 42.01
2026/04/13 21:06:51.265, 1, 3476, 100, 0, 34, 42.55
2026/04/13 21:06:52.271, 0, 3476, 100, 0, 34, 42.01
2026/04/13 21:06:52.273, 1, 3476, 100, 0, 34, 42.55
2026/04/13 21:06:53.277, 0, 3476, 100, 0, 34, 42.01
2026/04/13 21:06:53.280, 1, 3476, 100, 0, 34, 42.55
2026/04/13 21:06:54.284, 0, 3476, 100, 0, 34, 42.00
2026/04/13 21:06:54.286, 1, 3476, 100, 0, 34, 42.46
2026/04/13 21:06:55.290, 0, 3476, 100, 0, 34, 42.01
2026/04/13 21:06:55.293, 1, 3476, 100, 0, 34, 42.56
2026/04/13 21:06:56.297, 0, 3476, 100, 0, 34, 42.00
2026/04/13 21:06:56.299, 1, 3476, 100, 0, 34, 42.55
2026/04/13 21:06:57.303, 0, 3476, 100, 0, 34, 42.00
2026/04/13 21:06:57.306, 1, 3476, 100, 0, 34, 42.56
2026/04/13 21:06:58.310, 0, 3476, 100, 0, 34, 42.00
2026/04/13 21:06:58.313, 1, 3476, 100, 0, 34, 42.55
2026/04/13 21:06:59.317, 0, 3476, 100, 0, 34, 41.90
2026/04/13 21:06:59.320, 1, 3476, 100, 0, 34, 42.55
2026/04/13 21:07:00.324, 0, 3476, 100, 0, 34, 41.90
2026/04/13 21:07:00.326, 1, 3476, 100, 0, 34, 42.55
2026/04/13 21:07:01.333, 0, 3476, 100, 0, 34, 42.01
2026/04/13 21:07:01.338, 1, 3476, 100, 0, 34, 42.55
2026/04/13 21:07:02.342, 0, 3476, 100, 0, 34, 41.89
2026/04/13 21:07:02.346, 1, 3476, 100, 0, 34, 42.45
2026/04/13 21:07:03.350, 0, 3476, 100, 0, 34, 41.91
2026/04/13 21:07:03.353, 1, 3476, 100, 0, 34, 42.56
2026/04/13 21:07:04.356, 0, 3476, 100, 0, 34, 41.90
2026/04/13 21:07:04.359, 1, 3476, 100, 0, 34, 42.65
2026/04/13 21:07:05.364, 0, 3476, 100, 0, 34, 41.90
2026/04/13 21:07:05.367, 1, 3476, 100, 0, 34, 42.55
2026/04/13 21:07:06.370, 0, 3476, 100, 0, 34, 41.89
2026/04/13 21:07:06.373, 1, 3476, 100, 0, 34, 42.66
2026/04/13 21:07:07.377, 0, 3476, 100, 0, 34, 41.99
2026/04/13 21:07:07.380, 1, 3476, 100, 0, 34, 42.55
2026/04/13 21:07:08.384, 0, 3476, 100, 0, 34, 41.91
2026/04/13 21:07:08.386, 1, 3476, 100, 0, 34, 42.65
2026/04/13 21:07:09.390, 0, 3476, 100, 0, 34, 42.01
2026/04/13 21:07:09.395, 1, 3476, 100, 0, 34, 42.65
2026/04/13 21:07:10.399, 0, 3476, 100, 0, 34, 41.99
2026/04/13 21:07:10.401, 1, 3476, 100, 0, 34, 42.55
2026/04/13 21:07:11.405, 0, 3476, 100, 0, 34, 41.90
2026/04/13 21:07:11.408, 1, 3476, 100, 0, 34, 42.55
2026/04/13 21:07:12.412, 0, 3476, 100, 0, 34, 41.90
2026/04/13 21:07:12.414, 1, 3476, 100, 0, 34, 42.55
2026/04/13 21:07:13.418, 0, 3476, 100, 0, 34, 41.89
2026/04/13 21:07:13.422, 1, 3476, 100, 0, 34, 42.55
2026/04/13 21:07:14.426, 0, 3476, 100, 0, 34, 41.90
2026/04/13 21:07:14.429, 1, 3476, 100, 0, 34, 42.65
2026/04/13 21:07:15.432, 0, 3476, 100, 0, 34, 42.00
2026/04/13 21:07:15.435, 1, 3476, 100, 0, 34, 42.65
2026/04/13 21:07:16.438, 0, 3476, 100, 0, 34, 41.91
2026/04/13 21:07:16.441, 1, 3476, 100, 0, 34, 42.45
2026/04/13 21:07:17.444, 0, 3476, 100, 0, 34, 41.89
2026/04/13 21:07:17.446, 1, 3476, 100, 0, 34, 42.65
2026/04/13 21:07:18.449, 0, 3476, 100, 0, 34, 41.91
2026/04/13 21:07:18.454, 1, 3476, 100, 0, 34, 42.56
2026/04/13 21:07:19.460, 0, 3476, 100, 0, 34, 41.91
2026/04/13 21:07:19.463, 1, 3476, 100, 0, 34, 42.55
2026/04/13 21:07:20.467, 0, 3476, 100, 0, 34, 41.90
2026/04/13 21:07:20.470, 1, 3476, 100, 0, 34, 42.55
2026/04/13 21:07:21.474, 0, 3476, 100, 0, 34, 41.91
2026/04/13 21:07:21.476, 1, 3476, 100, 0, 34, 42.56
2026/04/13 21:07:22.481, 0, 3476, 100, 0, 34, 41.99
2026/04/13 21:07:22.485, 1, 3476, 100, 0, 34, 42.55
2026/04/13 21:07:23.488, 0, 3476, 100, 0, 34, 41.90
2026/04/13 21:07:23.491, 1, 3476, 100, 0, 34, 42.56
2026/04/13 21:07:24.495, 0, 3476, 100, 0, 34, 41.91
2026/04/13 21:07:24.498, 1, 3476, 100, 0, 34, 42.55
2026/04/13 21:07:25.501, 0, 3476, 100, 0, 34, 41.91
2026/04/13 21:07:25.504, 1, 3476, 100, 0, 34, 42.55
2026/04/13 21:07:26.508, 0, 3476, 100, 0, 34, 41.90
2026/04/13 21:07:26.511, 1, 3476, 100, 0, 34, 42.55
2026/04/13 21:07:27.514, 0, 3476, 100, 0, 34, 41.91
2026/04/13 21:07:27.517, 1, 3476, 100, 0, 34, 42.55
2026/04/13 21:07:28.521, 0, 3476, 100, 0, 34, 41.90
2026/04/13 21:07:28.527, 1, 3476, 100, 0, 34, 42.65
2026/04/13 21:07:29.531, 0, 3476, 100, 0, 34, 41.90
2026/04/13 21:07:29.533, 1, 3476, 100, 0, 34, 42.45
2026/04/13 21:07:30.537, 0, 3476, 100, 0, 34, 41.91
2026/04/13 21:07:30.540, 1, 3476, 100, 0, 34, 42.55
2026/04/13 21:07:31.543, 0, 3476, 100, 0, 34, 41.99
2026/04/13 21:07:31.546, 1, 3476, 100, 0, 34, 42.55
2026/04/13 21:07:32.550, 0, 3476, 100, 0, 34, 42.00
2026/04/13 21:07:32.552, 1, 3476, 100, 0, 34, 42.55
2026/04/13 21:07:33.559, 0, 3476, 100, 0, 34, 41.99
2026/04/13 21:07:33.563, 1, 3476, 100, 0, 34, 42.45
2026/04/13 21:07:34.567, 0, 3476, 100, 0, 34, 41.90
2026/04/13 21:07:34.570, 1, 3476, 100, 0, 34, 42.65
2026/04/13 21:07:35.574, 0, 3476, 100, 0, 34, 41.90
2026/04/13 21:07:35.576, 1, 3476, 100, 0, 34, 42.55
2026/04/13 21:07:36.581, 0, 3476, 100, 0, 34, 42.00
2026/04/13 21:07:36.584, 1, 3476, 100, 0, 34, 42.45
2026/04/13 21:07:37.590, 0, 3476, 100, 0, 34, 41.91
2026/04/13 21:07:37.593, 1, 3476, 100, 0, 34, 42.55
2026/04/13 21:07:38.597, 0, 3476, 100, 0, 34, 41.90
2026/04/13 21:07:38.599, 1, 3476, 100, 0, 34, 42.65
2026/04/13 21:07:39.603, 0, 3476, 100, 0, 34, 41.90
2026/04/13 21:07:39.606, 1, 3476, 100, 0, 34, 42.45
2026/04/13 21:07:40.609, 0, 3476, 100, 0, 34, 41.89
2026/04/13 21:07:40.612, 1, 3476, 100, 0, 34, 42.46
2026/04/13 21:07:41.616, 0, 3476, 100, 0, 34, 41.90
2026/04/13 21:07:41.619, 1, 3476, 100, 0, 34, 42.55
2026/04/13 21:07:42.623, 0, 3476, 100, 0, 34, 42.00
2026/04/13 21:07:42.626, 1, 3476, 100, 0, 34, 42.55
2026/04/13 21:07:43.629, 0, 3476, 100, 0, 34, 42.01
2026/04/13 21:07:43.632, 1, 3476, 100, 0, 34, 42.56
2026/04/13 21:07:44.636, 0, 3476, 100, 0, 34, 41.90
2026/04/13 21:07:44.639, 1, 3476, 100, 0, 34, 42.65
2026/04/13 21:07:45.642, 0, 3476, 100, 0, 34, 41.91
2026/04/13 21:07:45.645, 1, 3476, 100, 0, 34, 42.45
2026/04/13 21:07:46.649, 0, 3476, 100, 0, 34, 42.01
2026/04/13 21:07:46.652, 1, 3476, 100, 0, 34, 42.55
2026/04/13 21:07:47.655, 0, 3476, 100, 0, 34, 41.91
2026/04/13 21:07:47.658, 1, 3476, 100, 0, 34, 42.45
2026/04/13 21:07:48.662, 0, 3476, 100, 0, 34, 42.01
2026/04/13 21:07:48.666, 1, 3476, 100, 0, 34, 42.55
2026/04/13 21:07:49.670, 0, 3476, 100, 0, 34, 41.90
2026/04/13 21:07:49.673, 1, 3476, 100, 0, 34, 42.56
2026/04/13 21:07:50.677, 0, 3476, 100, 0, 34, 41.91
2026/04/13 21:07:50.680, 1, 3476, 100, 0, 34, 42.65
2026/04/13 21:07:51.685, 0, 3476, 100, 0, 34, 42.00
2026/04/13 21:07:51.688, 1, 3476, 100, 0, 34, 42.55
2026/04/13 21:07:52.692, 0, 3476, 100, 0, 34, 42.01
2026/04/13 21:07:52.695, 1, 3476, 100, 0, 34, 42.56
2026/04/13 21:07:53.699, 0, 3476, 100, 0, 34, 41.90
2026/04/13 21:07:53.701, 1, 3476, 100, 0, 34, 42.56
2026/04/13 21:07:54.705, 0, 3476, 100, 0, 34, 42.01
2026/04/13 21:07:54.708, 1, 3476, 100, 0, 34, 42.55
2026/04/13 21:07:55.711, 0, 3476, 100, 0, 34, 41.90
2026/04/13 21:07:55.714, 1, 3476, 100, 0, 34, 42.46
2026/04/13 21:07:56.718, 0, 3476, 100, 0, 34, 42.00
2026/04/13 21:07:56.722, 1, 3476, 100, 0, 34, 42.56
2026/04/13 21:07:57.727, 0, 3476, 100, 0, 34, 42.00
2026/04/13 21:07:57.730, 1, 3476, 100, 0, 34, 42.55
2026/04/13 21:07:58.734, 0, 3476, 100, 0, 34, 42.01
2026/04/13 21:07:58.737, 1, 3476, 100, 0, 34, 42.55
2026/04/13 21:07:59.741, 0, 3476, 100, 0, 34, 41.90
2026/04/13 21:07:59.743, 1, 3476, 100, 0, 34, 42.56
2026/04/13 21:08:00.749, 0, 3476, 100, 0, 34, 41.91
2026/04/13 21:08:00.752, 1, 3476, 100, 0, 34, 42.55
2026/04/13 21:08:01.756, 0, 3476, 100, 0, 34, 41.91
2026/04/13 21:08:01.758, 1, 3476, 100, 0, 34, 42.55
2026/04/13 21:08:02.762, 0, 3476, 100, 0, 34, 41.90
2026/04/13 21:08:02.765, 1, 3476, 100, 0, 34, 42.56
2026/04/13 21:08:03.769, 0, 3476, 100, 0, 34, 41.90
2026/04/13 21:08:03.771, 1, 3476, 100, 0, 34, 42.55
2026/04/13 21:08:04.775, 0, 3476, 100, 0, 34, 41.90
2026/04/13 21:08:04.781, 1, 3476, 100, 0, 34, 42.55
2026/04/13 21:08:05.784, 0, 3476, 100, 0, 34, 41.91
2026/04/13 21:08:05.787, 1, 3476, 100, 0, 34, 42.55
2026/04/13 21:08:06.791, 0, 3476, 100, 0, 34, 41.91
2026/04/13 21:08:06.793, 1, 3476, 100, 0, 34, 42.45
2026/04/13 21:08:07.797, 0, 3476, 100, 0, 34, 42.01
2026/04/13 21:08:07.800, 1, 3476, 100, 0, 34, 42.55
2026/04/13 21:08:08.804, 0, 3476, 100, 0, 34, 42.01
2026/04/13 21:08:08.808, 1, 3476, 100, 0, 34, 42.56
2026/04/13 21:08:09.814, 0, 3476, 100, 0, 34, 42.01
2026/04/13 21:08:09.817, 1, 3476, 100, 0, 34, 42.65
2026/04/13 21:08:10.821, 0, 3476, 100, 0, 34, 41.91
2026/04/13 21:08:10.824, 1, 3476, 100, 0, 34, 42.55
2026/04/13 21:08:11.827, 0, 3476, 100, 0, 34, 41.89
2026/04/13 21:08:11.830, 1, 3476, 100, 0, 34, 42.56
2026/04/13 21:08:12.834, 0, 3476, 100, 0, 34, 41.89
2026/04/13 21:08:12.836, 1, 3476, 100, 0, 34, 42.55
2026/04/13 21:08:13.840, 0, 3476, 100, 0, 34, 42.01
2026/04/13 21:08:13.843, 1, 3476, 100, 0, 34, 42.65
2026/04/13 21:08:14.848, 0, 3476, 100, 0, 34, 41.91
2026/04/13 21:08:14.851, 1, 3476, 100, 0, 34, 42.55
2026/04/13 21:08:15.854, 0, 3476, 100, 0, 34, 41.90
2026/04/13 21:08:15.857, 1, 3476, 100, 0, 34, 42.55
2026/04/13 21:08:16.861, 0, 3476, 100, 0, 34, 42.00
2026/04/13 21:08:16.864, 1, 3476, 100, 0, 34, 42.45
2026/04/13 21:08:17.868, 0, 3476, 100, 0, 34, 41.90
2026/04/13 21:08:17.872, 1, 3476, 100, 0, 34, 42.55
2026/04/13 21:08:18.880, 0, 3476, 100, 0, 34, 41.91
2026/04/13 21:08:18.883, 1, 3476, 100, 0, 34, 42.55
2026/04/13 21:08:19.887, 0, 3476, 100, 0, 34, 41.90
2026/04/13 21:08:19.891, 1, 3476, 100, 0, 34, 42.56
2026/04/13 21:08:20.894, 0, 3476, 100, 0, 34, 41.90
2026/04/13 21:08:20.897, 1, 3476, 100, 0, 34, 42.56
2026/04/13 21:08:21.905, 0, 3476, 100, 0, 34, 41.91
2026/04/13 21:08:21.908, 1, 3476, 100, 0, 34, 42.56
2026/04/13 21:08:22.912, 0, 3476, 100, 0, 34, 41.91
2026/04/13 21:08:22.917, 1, 3476, 100, 0, 34, 42.65
2026/04/13 21:08:23.921, 0, 3476, 100, 0, 34, 42.00
2026/04/13 21:08:23.924, 1, 3476, 100, 0, 34, 42.55
2026/04/13 21:08:24.927, 0, 3476, 100, 0, 34, 41.91
2026/04/13 21:08:24.930, 1, 3476, 100, 0, 34, 42.65
2026/04/13 21:08:25.934, 0, 3476, 100, 0, 34, 41.90
2026/04/13 21:08:25.936, 1, 3476, 100, 0, 34, 42.55
2026/04/13 21:08:26.940, 0, 3476, 100, 0, 34, 42.01
2026/04/13 21:08:26.944, 1, 3476, 100, 0, 34, 42.55
2026/04/13 21:08:27.948, 0, 3476, 100, 0, 34, 42.00
2026/04/13 21:08:27.951, 1, 3476, 100, 0, 34, 42.56
2026/04/13 21:08:28.955, 0, 3476, 100, 0, 34, 41.91
2026/04/13 21:08:28.957, 1, 3476, 100, 0, 34, 42.56
2026/04/13 21:08:29.961, 0, 3476, 100, 0, 34, 41.91
2026/04/13 21:08:29.964, 1, 3476, 100, 0, 34, 42.46
2026/04/13 21:08:30.968, 0, 3476, 100, 0, 34, 41.90
2026/04/13 21:08:30.972, 1, 3476, 100, 0, 34, 42.55
2026/04/13 21:08:31.976, 0, 3476, 100, 0, 34, 41.91
2026/04/13 21:08:31.979, 1, 3476, 100, 0, 34, 42.45
2026/04/13 21:08:32.982, 0, 3476, 100, 0, 34, 41.99
2026/04/13 21:08:32.984, 1, 3476, 100, 0, 34, 42.65
2026/04/13 21:08:33.989, 0, 3476, 100, 0, 34, 42.00
2026/04/13 21:08:33.991, 1, 3476, 100, 0, 34, 42.56
2026/04/13 21:08:34.995, 0, 3476, 100, 0, 34, 41.91
2026/04/13 21:08:35.001, 1, 3476, 100, 0, 34, 42.55
2026/04/13 21:08:36.003, 0, 3476, 100, 0, 34, 41.90
2026/04/13 21:08:36.006, 1, 3476, 100, 0, 34, 42.55
2026/04/13 21:08:37.009, 0, 3476, 100, 0, 34, 42.00
2026/04/13 21:08:37.012, 1, 3476, 100, 0, 34, 42.55
2026/04/13 21:08:38.017, 0, 3476, 100, 0, 34, 41.91
2026/04/13 21:08:38.020, 1, 3476, 100, 0, 34, 42.65
2026/04/13 21:08:39.023, 0, 3476, 100, 0, 34, 42.00
2026/04/13 21:08:39.025, 1, 3476, 100, 0, 34, 42.55
2026/04/13 21:08:40.028, 0, 3476, 100, 0, 34, 42.01
2026/04/13 21:08:40.031, 1, 3476, 100, 0, 34, 42.56
2026/04/13 21:08:41.034, 0, 3476, 100, 0, 34, 42.00
2026/04/13 21:08:41.043, 1, 3476, 100, 0, 34, 42.55
2026/04/13 21:08:42.047, 0, 3476, 100, 0, 34, 42.01
2026/04/13 21:08:42.050, 1, 3476, 100, 0, 34, 42.66
2026/04/13 21:08:43.054, 0, 3476, 100, 0, 34, 42.01
2026/04/13 21:08:43.056, 1, 3476, 100, 0, 34, 42.55
2026/04/13 21:08:44.060, 0, 3476, 100, 0, 34, 41.99
2026/04/13 21:08:44.063, 1, 3476, 100, 0, 34, 42.55
2026/04/13 21:08:45.066, 0, 3476, 100, 0, 34, 41.91
2026/04/13 21:08:45.069, 1, 3476, 100, 0, 34, 42.65
2026/04/13 21:08:46.073, 0, 3476, 100, 0, 34, 41.91
2026/04/13 21:08:46.076, 1, 3476, 100, 0, 34, 42.56
2026/04/13 21:08:47.081, 0, 3476, 100, 0, 34, 42.01
2026/04/13 21:08:47.085, 1, 3476, 100, 0, 34, 42.46
2026/04/13 21:08:48.089, 0, 3476, 100, 0, 34, 41.91
2026/04/13 21:08:48.092, 1, 3476, 100, 0, 34, 42.45
2026/04/13 21:08:49.096, 0, 3476, 100, 0, 34, 41.91
2026/04/13 21:08:49.098, 1, 3476, 100, 0, 34, 42.55
2026/04/13 21:08:50.102, 0, 3476, 100, 0, 34, 42.01
2026/04/13 21:08:50.105, 1, 3476, 100, 0, 34, 42.46
2026/04/13 21:08:51.111, 0, 3476, 100, 0, 34, 41.90
2026/04/13 21:08:51.115, 1, 3476, 100, 0, 34, 42.45
2026/04/13 21:08:52.119, 0, 3476, 100, 0, 34, 42.00
2026/04/13 21:08:52.121, 1, 3476, 100, 0, 34, 42.65
2026/04/13 21:08:53.127, 0, 3476, 100, 0, 34, 41.90
2026/04/13 21:08:53.129, 1, 3476, 100, 0, 34, 42.56
2026/04/13 21:08:54.134, 0, 3476, 100, 0, 34, 41.90
2026/04/13 21:08:54.136, 1, 3476, 100, 0, 34, 42.55
2026/04/13 21:08:55.140, 0, 3476, 100, 0, 34, 41.90
2026/04/13 21:08:55.143, 1, 3476, 100, 0, 34, 42.55
2026/04/13 21:08:56.147, 0, 3476, 100, 0, 34, 41.99
2026/04/13 21:08:56.149, 1, 3476, 100, 0, 34, 42.55
2026/04/13 21:08:57.153, 0, 3476, 100, 0, 34, 42.00
2026/04/13 21:08:57.156, 1, 3476, 100, 0, 34, 42.55
2026/04/13 21:08:58.160, 0, 3476, 100, 0, 34, 42.00
2026/04/13 21:08:58.162, 1, 3476, 100, 0, 34, 42.55
2026/04/13 21:08:59.166, 0, 3476, 100, 0, 34, 41.91
2026/04/13 21:08:59.171, 1, 3476, 100, 0, 34, 42.55
2026/04/13 21:09:00.178, 0, 3476, 100, 0, 34, 41.90
2026/04/13 21:09:00.181, 1, 3476, 100, 0, 34, 42.55
2026/04/13 21:09:01.185, 0, 3476, 100, 0, 34, 41.90
2026/04/13 21:09:01.188, 1, 3476, 100, 0, 34, 42.55
2026/04/13 21:09:02.191, 0, 3476, 100, 0, 34, 41.90
2026/04/13 21:09:02.197, 1, 3476, 100, 0, 34, 42.55
2026/04/13 21:09:03.201, 0, 3476, 100, 0, 34, 42.10
2026/04/13 21:09:03.203, 1, 3476, 100, 0, 34, 42.56
2026/04/13 21:09:04.208, 0, 3476, 100, 0, 34, 41.99
2026/04/13 21:09:04.212, 1, 3476, 100, 0, 34, 42.65
2026/04/13 21:09:05.216, 0, 3476, 100, 0, 34, 42.01
2026/04/13 21:09:05.219, 1, 3476, 100, 0, 34, 42.45
2026/04/13 21:09:06.222, 0, 3476, 100, 0, 34, 41.91
2026/04/13 21:09:06.227, 1, 3476, 100, 0, 34, 42.55
2026/04/13 21:09:07.231, 0, 3476, 100, 0, 34, 41.90
2026/04/13 21:09:07.233, 1, 3476, 100, 0, 34, 42.55
2026/04/13 21:09:08.238, 0, 3476, 100, 0, 34, 42.01
2026/04/13 21:09:08.241, 1, 3476, 100, 0, 34, 42.56
2026/04/13 21:09:09.244, 0, 3476, 100, 0, 34, 41.91
2026/04/13 21:09:09.247, 1, 3476, 100, 0, 34, 42.56
2026/04/13 21:09:10.251, 0, 3476, 100, 0, 34, 41.90
2026/04/13 21:09:10.255, 1, 3476, 100, 0, 34, 42.55
2026/04/13 21:09:11.258, 0, 3476, 100, 0, 34, 41.90
2026/04/13 21:09:11.261, 1, 3476, 100, 0, 34, 42.56
2026/04/13 21:09:12.265, 0, 3476, 100, 0, 34, 41.99
2026/04/13 21:09:12.268, 1, 3476, 100, 0, 34, 42.55
2026/04/13 21:09:13.271, 0, 3476, 100, 0, 34, 41.89
2026/04/13 21:09:13.274, 1, 3476, 100, 0, 34, 42.55
2026/04/13 21:09:14.278, 0, 3476, 100, 0, 34, 41.90
2026/04/13 21:09:14.283, 1, 3476, 100, 0, 34, 42.55
2026/04/13 21:09:15.287, 0, 3476, 100, 0, 34, 41.91
2026/04/13 21:09:15.290, 1, 3476, 100, 0, 34, 42.55
2026/04/13 21:09:16.294, 0, 3476, 100, 0, 34, 41.91
2026/04/13 21:09:16.297, 1, 3476, 100, 0, 34, 42.55
2026/04/13 21:09:17.301, 0, 3476, 100, 0, 34, 41.91
2026/04/13 21:09:17.304, 1, 3476, 100, 0, 34, 42.56
2026/04/13 21:09:18.308, 0, 3476, 100, 0, 34, 42.00
2026/04/13 21:09:18.312, 1, 3476, 100, 0, 34, 42.55
2026/04/13 21:09:19.315, 0, 3476, 100, 0, 34, 41.91
2026/04/13 21:09:19.318, 1, 3476, 100, 0, 34, 42.55
2026/04/13 21:09:20.322, 0, 3476, 100, 0, 34, 41.89
2026/04/13 21:09:20.325, 1, 3476, 100, 0, 34, 42.55
2026/04/13 21:09:21.328, 0, 3476, 100, 0, 34, 41.99
2026/04/13 21:09:21.331, 1, 3476, 100, 0, 34, 42.45
2026/04/13 21:09:22.335, 0, 3476, 100, 0, 34, 41.99
2026/04/13 21:09:22.340, 1, 3476, 100, 0, 34, 42.55
2026/04/13 21:09:23.343, 0, 3476, 100, 0, 34, 41.99
2026/04/13 21:09:23.348, 1, 3476, 100, 0, 34, 42.55
2026/04/13 21:09:24.352, 0, 3476, 100, 0, 34, 41.99
2026/04/13 21:09:24.354, 1, 3476, 100, 0, 34, 42.55
2026/04/13 21:09:25.357, 0, 3476, 100, 0, 34, 41.90
2026/04/13 21:09:25.360, 1, 3476, 100, 0, 34, 42.45
2026/04/13 21:09:26.365, 0, 3476, 100, 0, 34, 41.99
2026/04/13 21:09:26.368, 1, 3476, 100, 0, 34, 42.55
2026/04/13 21:09:27.373, 0, 3476, 100, 0, 34, 41.89
2026/04/13 21:09:27.375, 1, 3476, 100, 0, 34, 42.55
2026/04/13 21:09:28.381, 0, 3476, 100, 0, 34, 42.00
2026/04/13 21:09:28.384, 1, 3476, 100, 0, 34, 42.56
2026/04/13 21:09:29.387, 0, 3476, 100, 0, 34, 42.00
2026/04/13 21:09:29.390, 1, 3476, 100, 0, 34, 42.55
2026/04/13 21:09:30.393, 0, 3476, 100, 0, 34, 41.90
2026/04/13 21:09:30.397, 1, 3476, 100, 0, 34, 42.55
2026/04/13 21:09:31.402, 0, 3476, 100, 0, 34, 41.90
2026/04/13 21:09:31.405, 1, 3476, 100, 0, 34, 42.56
2026/04/13 21:09:32.409, 0, 3476, 100, 0, 34, 41.91
2026/04/13 21:09:32.411, 1, 3476, 100, 0, 34, 42.55
2026/04/13 21:09:33.415, 0, 3476, 100, 0, 34, 41.90
2026/04/13 21:09:33.418, 1, 3476, 100, 0, 34, 42.55
2026/04/13 21:09:34.424, 0, 3476, 100, 0, 34, 41.99
2026/04/13 21:09:34.427, 1, 3476, 100, 0, 34, 42.56
2026/04/13 21:09:35.430, 0, 3476, 100, 0, 34, 42.01
2026/04/13 21:09:35.433, 1, 3476, 100, 0, 34, 42.56
2026/04/13 21:09:36.435, 0, 3476, 100, 0, 34, 42.01
2026/04/13 21:09:36.438, 1, 3476, 100, 0, 34, 42.55
2026/04/13 21:09:37.441, 0, 3476, 100, 0, 34, 42.01
2026/04/13 21:09:37.443, 1, 3476, 100, 0, 34, 42.56
2026/04/13 21:09:38.447, 0, 3476, 100, 0, 34, 42.00
2026/04/13 21:09:38.450, 1, 3476, 100, 0, 34, 42.55
2026/04/13 21:09:39.453, 0, 3476, 100, 0, 34, 42.10
2026/04/13 21:09:39.458, 1, 3476, 100, 0, 34, 42.55
2026/04/13 21:09:40.461, 0, 3476, 100, 0, 34, 42.00
2026/04/13 21:09:40.466, 1, 3476, 100, 0, 34, 42.55
2026/04/13 21:09:41.471, 0, 3476, 100, 0, 34, 41.99
2026/04/13 21:09:41.475, 1, 3476, 100, 0, 34, 42.55
2026/04/13 21:09:42.477, 0, 3476, 100, 0, 34, 42.01
2026/04/13 21:09:42.480, 1, 3476, 100, 0, 34, 42.55
2026/04/13 21:09:43.483, 0, 3476, 100, 0, 34, 42.01
2026/04/13 21:09:43.486, 1, 3476, 100, 0, 34, 42.56
2026/04/13 21:09:44.488, 0, 3476, 100, 0, 34, 41.99
2026/04/13 21:09:44.491, 1, 3476, 100, 0, 34, 42.55
2026/04/13 21:09:45.495, 0, 3476, 100, 0, 34, 41.90
2026/04/13 21:09:45.497, 1, 3476, 100, 0, 34, 42.55
2026/04/13 21:09:46.501, 0, 3476, 100, 0, 34, 41.90
2026/04/13 21:09:46.504, 1, 3476, 100, 0, 34, 42.55
2026/04/13 21:09:47.507, 0, 3476, 100, 0, 34, 42.09
2026/04/13 21:09:47.515, 1, 3476, 100, 0, 34, 42.55
2026/04/13 21:09:48.519, 0, 3476, 100, 0, 34, 42.00
2026/04/13 21:09:48.522, 1, 3476, 100, 0, 34, 42.56
2026/04/13 21:09:49.527, 0, 3476, 100, 0, 34, 42.01
2026/04/13 21:09:49.530, 1, 3476, 100, 0, 34, 42.56
2026/04/13 21:09:50.535, 0, 3476, 100, 0, 34, 42.01
2026/04/13 21:09:50.539, 1, 3476, 100, 0, 34, 42.55
2026/04/13 21:09:51.542, 0, 3476, 100, 0, 34, 42.00
2026/04/13 21:09:51.545, 1, 3476, 100, 0, 34, 42.55
2026/04/13 21:09:52.549, 0, 3476, 100, 0, 34, 41.91
2026/04/13 21:09:52.552, 1, 3476, 100, 0, 34, 42.56
2026/04/13 21:09:53.555, 0, 3476, 100, 0, 34, 42.00
2026/04/13 21:09:53.558, 1, 3476, 100, 0, 34, 42.55
2026/04/13 21:09:54.562, 0, 3476, 100, 0, 34, 41.99
2026/04/13 21:09:54.567, 1, 3476, 100, 0, 34, 42.55
2026/04/13 21:09:55.571, 0, 3476, 100, 0, 34, 42.00
2026/04/13 21:09:55.574, 1, 3476, 100, 0, 34, 42.55
2026/04/13 21:09:56.578, 0, 3476, 100, 0, 34, 41.99
2026/04/13 21:09:56.580, 1, 3476, 100, 0, 34, 42.55
2026/04/13 21:09:57.584, 0, 3476, 100, 0, 34, 42.00
2026/04/13 21:09:57.587, 1, 3476, 100, 0, 34, 42.56
2026/04/13 21:09:58.590, 0, 3476, 100, 0, 34, 42.10
2026/04/13 21:09:58.596, 1, 3476, 100, 0, 34, 42.56
2026/04/13 21:09:59.599, 0, 3476, 100, 0, 34, 41.99
2026/04/13 21:09:59.602, 1, 3476, 100, 0, 34, 42.55
2026/04/13 21:10:00.606, 0, 3476, 100, 0, 34, 42.01
2026/04/13 21:10:00.608, 1, 3476, 100, 0, 34, 42.55
2026/04/13 21:10:01.612, 0, 3476, 100, 0, 34, 41.91
2026/04/13 21:10:01.615, 1, 3476, 100, 0, 34, 42.55
2026/04/13 21:10:02.619, 0, 3476, 100, 0, 34, 41.90
2026/04/13 21:10:02.624, 1, 3476, 100, 0, 34, 42.56
2026/04/13 21:10:03.629, 0, 3476, 100, 0, 34, 42.01
2026/04/13 21:10:03.631, 1, 3476, 100, 0, 34, 42.56
2026/04/13 21:10:04.635, 0, 3476, 100, 0, 34, 42.01
2026/04/13 21:10:04.638, 1, 3476, 100, 0, 34, 42.55
2026/04/13 21:10:05.642, 0, 3476, 100, 0, 34, 41.90
2026/04/13 21:10:05.644, 1, 3476, 100, 0, 34, 42.65
2026/04/13 21:10:06.648, 0, 3476, 100, 0, 34, 42.01
2026/04/13 21:10:06.652, 1, 3476, 100, 0, 34, 42.55
2026/04/13 21:10:07.659, 0, 3476, 100, 0, 34, 41.99
2026/04/13 21:10:07.662, 1, 3476, 100, 0, 34, 42.55
2026/04/13 21:10:08.665, 0, 3476, 100, 0, 34, 41.90
2026/04/13 21:10:08.668, 1, 3476, 100, 0, 34, 42.55
2026/04/13 21:10:09.672, 0, 3476, 100, 0, 34, 42.00
2026/04/13 21:10:09.675, 1, 3476, 100, 0, 34, 42.55
2026/04/13 21:10:10.678, 0, 3476, 100, 0, 34, 42.10
2026/04/13 21:10:10.681, 1, 3476, 100, 0, 34, 42.55
2026/04/13 21:10:11.685, 0, 3476, 100, 0, 34, 41.89
2026/04/13 21:10:11.688, 1, 3476, 100, 0, 34, 42.55
2026/04/13 21:10:12.691, 0, 3476, 100, 0, 34, 42.01
2026/04/13 21:10:12.694, 1, 3476, 100, 0, 34, 42.55
2026/04/13 21:10:13.698, 0, 3476, 100, 0, 34, 42.01
2026/04/13 21:10:13.701, 1, 3476, 100, 0, 34, 42.66
2026/04/13 21:10:14.705, 0, 3476, 100, 0, 34, 42.00
2026/04/13 21:10:14.709, 1, 3476, 100, 0, 34, 42.55
2026/04/13 21:10:15.713, 0, 3476, 100, 0, 34, 41.99
2026/04/13 21:10:15.715, 1, 3476, 100, 0, 34, 42.56
2026/04/13 21:10:16.720, 0, 3476, 100, 0, 34, 42.00
2026/04/13 21:10:16.723, 1, 3476, 100, 0, 34, 42.55
2026/04/13 21:10:17.727, 0, 3476, 100, 0, 34, 42.01
2026/04/13 21:10:17.730, 1, 3476, 100, 0, 34, 42.55
2026/04/13 21:10:18.733, 0, 3476, 100, 0, 34, 42.00
2026/04/13 21:10:18.739, 1, 3476, 100, 0, 34, 42.55
2026/04/13 21:10:19.743, 0, 3476, 100, 0, 34, 42.00
2026/04/13 21:10:19.745, 1, 3476, 100, 0, 34, 42.55
2026/04/13 21:10:20.751, 0, 3476, 100, 0, 34, 42.00
2026/04/13 21:10:20.754, 1, 3476, 100, 0, 34, 42.55
2026/04/13 21:10:21.757, 0, 3476, 100, 0, 34, 42.01
2026/04/13 21:10:21.760, 1, 3476, 100, 0, 34, 42.56
2026/04/13 21:10:22.764, 0, 3476, 100, 0, 34, 42.01
2026/04/13 21:10:22.767, 1, 3476, 100, 0, 34, 42.55
2026/04/13 21:10:23.770, 0, 3476, 100, 0, 34, 41.99
2026/04/13 21:10:23.773, 1, 3476, 100, 0, 34, 42.65
2026/04/13 21:10:24.777, 0, 3476, 100, 0, 34, 42.00
2026/04/13 21:10:24.779, 1, 3476, 100, 0, 34, 42.55
2026/04/13 21:10:25.783, 0, 3476, 100, 0, 34, 41.99
2026/04/13 21:10:25.786, 1, 3476, 100, 0, 34, 42.55
2026/04/13 21:10:26.790, 0, 3476, 100, 0, 34, 41.99
2026/04/13 21:10:26.794, 1, 3476, 100, 0, 34, 42.55
2026/04/13 21:10:27.798, 0, 3476, 100, 0, 34, 41.99
2026/04/13 21:10:27.800, 1, 3476, 100, 0, 34, 42.55
2026/04/13 21:10:28.804, 0, 3476, 100, 0, 34, 41.89
2026/04/13 21:10:28.807, 1, 3476, 100, 0, 34, 42.55
2026/04/13 21:10:29.810, 0, 3476, 100, 0, 34, 42.00
2026/04/13 21:10:29.813, 1, 3476, 100, 0, 34, 42.55
2026/04/13 21:10:30.817, 0, 3476, 100, 0, 34, 42.00
2026/04/13 21:10:30.822, 1, 3476, 100, 0, 34, 42.65
2026/04/13 21:10:31.827, 0, 3476, 100, 0, 34, 41.99
2026/04/13 21:10:31.830, 1, 3476, 100, 0, 34, 42.66
2026/04/13 21:10:32.834, 0, 3476, 100, 0, 34, 41.90
2026/04/13 21:10:32.837, 1, 3476, 100, 0, 34, 42.56
2026/04/13 21:10:33.840, 0, 3476, 100, 0, 34, 41.90
2026/04/13 21:10:33.843, 1, 3476, 100, 0, 34, 42.56
2026/04/13 21:10:34.847, 0, 3476, 100, 0, 34, 42.09
2026/04/13 21:10:34.850, 1, 3476, 100, 0, 34, 42.55
2026/04/13 21:10:35.855, 0, 3476, 100, 0, 34, 42.01
2026/04/13 21:10:35.858, 1, 3476, 100, 0, 34, 42.55
2026/04/13 21:10:36.862, 0, 3476, 100, 0, 34, 42.00
2026/04/13 21:10:36.864, 1, 3476, 100, 0, 34, 42.55
2026/04/13 21:10:37.868, 0, 3476, 100, 0, 34, 41.91
2026/04/13 21:10:37.871, 1, 3476, 100, 0, 34, 42.55
2026/04/13 21:10:38.876, 0, 3476, 100, 0, 34, 42.01
2026/04/13 21:10:38.879, 1, 3476, 100, 0, 34, 42.56
2026/04/13 21:10:39.882, 0, 3476, 100, 0, 35, 42.01
2026/04/13 21:10:39.885, 1, 3476, 100, 0, 34, 42.56
2026/04/13 21:10:40.889, 0, 3476, 100, 0, 34, 41.91
2026/04/13 21:10:40.891, 1, 3476, 100, 0, 34, 42.65
2026/04/13 21:10:41.895, 0, 3476, 100, 0, 34, 42.10
2026/04/13 21:10:41.898, 1, 3476, 100, 0, 34, 42.66
2026/04/13 21:10:42.904, 0, 3476, 100, 0, 34, 42.00
2026/04/13 21:10:42.907, 1, 3476, 100, 0, 34, 42.55
2026/04/13 21:10:43.911, 0, 3476, 100, 0, 34, 42.00
2026/04/13 21:10:43.914, 1, 3476, 100, 0, 34, 42.55
2026/04/13 21:10:44.917, 0, 3476, 100, 0, 34, 41.90
2026/04/13 21:10:44.920, 1, 3476, 100, 0, 34, 42.65
2026/04/13 21:10:45.924, 0, 3476, 100, 0, 34, 42.01
2026/04/13 21:10:45.929, 1, 3476, 100, 0, 34, 42.55
2026/04/13 21:10:46.933, 0, 3476, 100, 0, 34, 42.01
2026/04/13 21:10:46.936, 1, 3476, 100, 0, 34, 42.56
2026/04/13 21:10:47.940, 0, 3476, 100, 0, 34, 42.00
2026/04/13 21:10:47.944, 1, 3476, 100, 0, 34, 42.55
2026/04/13 21:10:48.948, 0, 3476, 100, 0, 34, 42.01
2026/04/13 21:10:48.951, 1, 3476, 100, 0, 34, 42.56
2026/04/13 21:10:49.957, 0, 3476, 100, 0, 35, 42.01
2026/04/13 21:10:49.960, 1, 3476, 100, 0, 34, 42.65
2026/04/13 21:10:50.963, 0, 3476, 100, 0, 34, 42.00
2026/04/13 21:10:50.966, 1, 3476, 100, 0, 34, 42.56
2026/04/13 21:10:51.970, 0, 3476, 100, 0, 34, 42.10
2026/04/13 21:10:51.973, 1, 3476, 100, 0, 34, 42.55
2026/04/13 21:10:52.976, 0, 3476, 100, 0, 34, 42.00
2026/04/13 21:10:52.979, 1, 3476, 100, 0, 34, 42.65
2026/04/13 21:10:53.983, 0, 3476, 100, 0, 35, 42.00
2026/04/13 21:10:53.986, 1, 3476, 100, 0, 34, 42.55
2026/04/13 21:10:54.990, 0, 3476, 100, 0, 34, 42.10
2026/04/13 21:10:54.998, 1, 3476, 100, 0, 34, 42.65
2026/04/13 21:10:56.002, 0, 3476, 100, 0, 34, 41.99
2026/04/13 21:10:56.004, 1, 3476, 100, 0, 34, 42.56
2026/04/13 21:10:57.008, 0, 3476, 100, 0, 34, 42.00
2026/04/13 21:10:57.011, 1, 3476, 100, 0, 34, 42.65
2026/04/13 21:10:58.017, 0, 3476, 100, 0, 34, 42.01
2026/04/13 21:10:58.019, 1, 3476, 100, 0, 34, 42.55
2026/04/13 21:10:59.023, 0, 3476, 100, 0, 34, 41.90
2026/04/13 21:10:59.026, 1, 3476, 100, 0, 34, 42.65
2026/04/13 21:11:00.029, 0, 3476, 100, 0, 34, 41.99
2026/04/13 21:11:00.034, 1, 3476, 100, 0, 34, 42.55
2026/04/13 21:11:01.037, 0, 3476, 100, 0, 34, 41.99
2026/04/13 21:11:01.041, 1, 3476, 100, 0, 34, 42.55
2026/04/13 21:11:02.046, 0, 3476, 100, 0, 34, 42.00
2026/04/13 21:11:02.049, 1, 3476, 100, 0, 34, 42.65
2026/04/13 21:11:03.052, 0, 3476, 100, 0, 34, 42.00
2026/04/13 21:11:03.055, 1, 3476, 100, 0, 34, 42.55
2026/04/13 21:11:04.057, 0, 3476, 100, 0, 34, 42.00
2026/04/13 21:11:04.060, 1, 3476, 100, 0, 34, 42.56
2026/04/13 21:11:05.064, 0, 3476, 100, 0, 34, 42.09
2026/04/13 21:11:05.067, 1, 3476, 100, 0, 34, 42.55
2026/04/13 21:11:06.069, 0, 3476, 100, 0, 34, 42.09
2026/04/13 21:11:06.072, 1, 3476, 100, 0, 34, 42.55
2026/04/13 21:11:07.075, 0, 3476, 100, 0, 34, 42.09
2026/04/13 21:11:07.078, 1, 3476, 100, 0, 34, 42.65
2026/04/13 21:11:08.083, 0, 3476, 100, 0, 34, 42.00
2026/04/13 21:11:08.086, 1, 3476, 100, 0, 34, 42.65
2026/04/13 21:11:09.088, 0, 3476, 100, 0, 34, 41.90
2026/04/13 21:11:09.091, 1, 3476, 100, 0, 34, 42.55
2026/04/13 21:11:10.094, 0, 3476, 100, 0, 34, 42.10
2026/04/13 21:11:10.096, 1, 3476, 100, 0, 34, 42.65
2026/04/13 21:11:11.099, 0, 3476, 100, 0, 34, 42.10
2026/04/13 21:11:11.102, 1, 3476, 100, 0, 34, 42.56
2026/04/13 21:11:12.105, 0, 3476, 100, 0, 34, 42.09
2026/04/13 21:11:12.107, 1, 3476, 100, 0, 34, 42.55
2026/04/13 21:11:13.110, 0, 3476, 100, 0, 35, 41.91
2026/04/13 21:11:13.113, 1, 3476, 100, 0, 34, 42.55
2026/04/13 21:11:14.115, 0, 3476, 100, 0, 35, 42.09
2026/04/13 21:11:14.118, 1, 3476, 100, 0, 34, 42.55
2026/04/13 21:11:15.122, 0, 3476, 100, 0, 35, 42.01
2026/04/13 21:11:15.125, 1, 3476, 100, 0, 34, 42.55
2026/04/13 21:11:16.128, 0, 3476, 100, 0, 35, 42.01
2026/04/13 21:11:16.131, 1, 3476, 100, 0, 34, 42.65
2026/04/13 21:11:17.134, 0, 3476, 100, 0, 35, 42.00
2026/04/13 21:11:17.136, 1, 3476, 100, 0, 34, 42.55
2026/04/13 21:11:18.139, 0, 3476, 100, 0, 35, 42.00
2026/04/13 21:11:18.142, 1, 3476, 100, 0, 34, 42.55
2026/04/13 21:11:19.145, 0, 3476, 100, 0, 35, 42.01
2026/04/13 21:11:19.147, 1, 3476, 100, 0, 34, 42.56
2026/04/13 21:11:20.150, 0, 3476, 100, 0, 35, 41.99
2026/04/13 21:11:20.153, 1, 3476, 100, 0, 34, 42.55
2026/04/13 21:11:21.158, 0, 3476, 100, 0, 35, 42.00
2026/04/13 21:11:21.161, 1, 3476, 100, 0, 34, 42.55
2026/04/13 21:11:22.164, 0, 3476, 100, 0, 35, 42.09
2026/04/13 21:11:22.167, 1, 3476, 100, 0, 34, 42.56
2026/04/13 21:11:23.169, 0, 3476, 100, 0, 35, 41.90
2026/04/13 21:11:23.173, 1, 3476, 100, 0, 34, 42.55
2026/04/13 21:11:24.175, 0, 3476, 100, 0, 35, 42.10
2026/04/13 21:11:24.178, 1, 3476, 100, 0, 34, 42.55
2026/04/13 21:11:25.181, 0, 3476, 100, 0, 35, 41.99
2026/04/13 21:11:25.184, 1, 3476, 100, 0, 34, 42.55
2026/04/13 21:11:26.186, 0, 3476, 100, 0, 35, 42.10
2026/04/13 21:11:26.191, 1, 3476, 100, 0, 34, 42.56
2026/04/13 21:11:27.194, 0, 3476, 100, 0, 35, 42.10
2026/04/13 21:11:27.197, 1, 3476, 100, 0, 34, 42.55
2026/04/13 21:11:28.200, 0, 3476, 100, 0, 35, 41.91
2026/04/13 21:11:28.202, 1, 3476, 100, 0, 34, 42.56
2026/04/13 21:11:29.205, 0, 3476, 100, 0, 35, 42.00
2026/04/13 21:11:29.208, 1, 3476, 100, 0, 34, 42.65
2026/04/13 21:11:30.210, 0, 3476, 100, 0, 35, 41.99
2026/04/13 21:11:30.213, 1, 3476, 100, 0, 34, 42.55
2026/04/13 21:11:31.217, 0, 3476, 100, 0, 35, 42.00
2026/04/13 21:11:31.221, 1, 3476, 100, 0, 34, 42.65
2026/04/13 21:11:32.227, 0, 3476, 100, 0, 35, 41.99
2026/04/13 21:11:32.230, 1, 3476, 100, 0, 34, 42.56
2026/04/13 21:11:33.233, 0, 3476, 100, 0, 35, 41.99
2026/04/13 21:11:33.236, 1, 3476, 100, 0, 34, 42.55
2026/04/13 21:11:34.240, 0, 3476, 100, 0, 35, 42.00
2026/04/13 21:11:34.245, 1, 3476, 100, 0, 34, 42.56
2026/04/13 21:11:35.249, 0, 3476, 100, 0, 35, 41.99
2026/04/13 21:11:35.252, 1, 3476, 100, 0, 34, 42.55
2026/04/13 21:11:36.257, 0, 3476, 100, 0, 34, 42.10
2026/04/13 21:11:36.260, 1, 3476, 100, 0, 34, 42.56
2026/04/13 21:11:37.263, 0, 3476, 100, 0, 35, 42.01
2026/04/13 21:11:37.266, 1, 3476, 100, 0, 34, 42.65
2026/04/13 21:11:38.270, 0, 3476, 100, 0, 35, 42.01
2026/04/13 21:11:38.274, 1, 3476, 100, 0, 34, 42.55
2026/04/13 21:11:39.277, 0, 3476, 100, 0, 35, 42.00
2026/04/13 21:11:39.280, 1, 3476, 100, 0, 34, 42.56
2026/04/13 21:11:40.284, 0, 3476, 100, 0, 35, 41.99
2026/04/13 21:11:40.286, 1, 3476, 100, 0, 34, 42.65
2026/04/13 21:11:41.290, 0, 3476, 100, 0, 34, 42.10
2026/04/13 21:11:41.293, 1, 3476, 100, 0, 34, 42.66
2026/04/13 21:11:42.297, 0, 3476, 100, 0, 35, 41.99
2026/04/13 21:11:42.301, 1, 3476, 100, 0, 34, 42.55
2026/04/13 21:11:43.305, 0, 3476, 100, 0, 35, 42.10
2026/04/13 21:11:43.308, 1, 3476, 100, 0, 34, 42.55
2026/04/13 21:11:44.312, 0, 3476, 100, 0, 34, 42.10
2026/04/13 21:11:44.314, 1, 3476, 100, 0, 34, 42.65
2026/04/13 21:11:45.318, 0, 3476, 100, 0, 35, 42.01
2026/04/13 21:11:45.321, 1, 3476, 100, 0, 34, 42.65
2026/04/13 21:11:46.327, 0, 3476, 100, 0, 35, 42.10
2026/04/13 21:11:46.331, 1, 3476, 100, 0, 34, 42.55
2026/04/13 21:11:47.335, 0, 3476, 100, 0, 35, 42.10
2026/04/13 21:11:47.337, 1, 3476, 100, 0, 34, 42.55
2026/04/13 21:11:48.341, 0, 3476, 100, 0, 35, 42.19
2026/04/13 21:11:48.344, 1, 3476, 100, 0, 34, 42.55
2026/04/13 21:11:49.348, 0, 3476, 100, 0, 35, 42.00
2026/04/13 21:11:49.351, 1, 3476, 100, 0, 34, 42.66
2026/04/13 21:11:50.355, 0, 3476, 100, 0, 35, 42.19
2026/04/13 21:11:50.359, 1, 3476, 100, 0, 34, 42.65
2026/04/13 21:11:51.363, 0, 3476, 100, 0, 35, 42.09
2026/04/13 21:11:51.365, 1, 3476, 100, 0, 34, 42.55
2026/04/13 21:11:52.369, 0, 3476, 100, 0, 35, 42.10
2026/04/13 21:11:52.372, 1, 3476, 100, 0, 34, 42.55
2026/04/13 21:11:53.376, 0, 3476, 100, 0, 35, 42.09
2026/04/13 21:11:53.378, 1, 3476, 100, 0, 34, 42.56
2026/04/13 21:11:54.382, 0, 3476, 100, 0, 35, 42.10
2026/04/13 21:11:54.385, 1, 3476, 100, 0, 34, 42.55
2026/04/13 21:11:55.389, 0, 3476, 100, 0, 35, 42.10
2026/04/13 21:11:55.391, 1, 3476, 100, 0, 34, 42.55
2026/04/13 21:11:56.397, 0, 3476, 100, 0, 35, 42.09
2026/04/13 21:11:56.402, 1, 3476, 100, 0, 34, 42.55
2026/04/13 21:11:57.406, 0, 3476, 100, 0, 35, 42.09
2026/04/13 21:11:57.409, 1, 3476, 100, 0, 34, 42.65
2026/04/13 21:11:58.413, 0, 3476, 100, 0, 35, 42.19
2026/04/13 21:11:58.415, 1, 3476, 100, 0, 34, 42.65
2026/04/13 21:11:59.419, 0, 3476, 100, 0, 35, 42.09
2026/04/13 21:11:59.423, 1, 3476, 100, 0, 34, 42.55
2026/04/13 21:12:00.427, 0, 3476, 100, 0, 35, 42.10
2026/04/13 21:12:00.430, 1, 3476, 100, 0, 34, 42.55
2026/04/13 21:12:01.434, 0, 3476, 100, 0, 35, 42.09
2026/04/13 21:12:01.439, 1, 3476, 100, 0, 34, 42.55
2026/04/13 21:12:02.443, 0, 3476, 100, 0, 35, 42.01
2026/04/13 21:12:02.446, 1, 3476, 100, 0, 34, 42.56
2026/04/13 21:12:03.450, 0, 3476, 100, 0, 35, 41.99
2026/04/13 21:12:03.452, 1, 3476, 100, 0, 34, 42.55
2026/04/13 21:12:04.457, 0, 3476, 100, 0, 35, 42.10
2026/04/13 21:12:04.460, 1, 3476, 100, 0, 34, 42.66
2026/04/13 21:12:05.464, 0, 3476, 100, 0, 35, 42.10
2026/04/13 21:12:05.467, 1, 3476, 100, 0, 34, 42.56
2026/04/13 21:12:06.471, 0, 3476, 100, 0, 35, 42.10
2026/04/13 21:12:06.474, 1, 3476, 100, 0, 34, 42.65
2026/04/13 21:12:07.478, 0, 3476, 100, 0, 35, 42.09
2026/04/13 21:12:07.480, 1, 3476, 100, 0, 34, 42.55
2026/04/13 21:12:08.484, 0, 3476, 100, 0, 35, 42.09
2026/04/13 21:12:08.487, 1, 3476, 100, 0, 34, 42.65
2026/04/13 21:12:09.490, 0, 3476, 100, 0, 35, 42.01
2026/04/13 21:12:09.495, 1, 3476, 100, 0, 34, 42.65
2026/04/13 21:12:10.499, 0, 3476, 100, 0, 35, 42.01
2026/04/13 21:12:10.501, 1, 3476, 100, 0, 34, 42.55
2026/04/13 21:12:11.505, 0, 3476, 100, 0, 35, 42.00
2026/04/13 21:12:11.508, 1, 3476, 100, 0, 34, 42.65
2026/04/13 21:12:12.512, 0, 3476, 100, 0, 35, 42.10
2026/04/13 21:12:12.516, 1, 3476, 100, 0, 34, 42.65
2026/04/13 21:12:13.520, 0, 3476, 100, 0, 35, 42.10
2026/04/13 21:12:13.523, 1, 3476, 100, 0, 34, 42.55
2026/04/13 21:12:14.527, 0, 3476, 100, 0, 35, 42.10
2026/04/13 21:12:14.530, 1, 3476, 100, 0, 34, 42.65
2026/04/13 21:12:15.532, 0, 3476, 100, 0, 35, 42.10
2026/04/13 21:12:15.535, 1, 3476, 100, 0, 34, 42.55
2026/04/13 21:12:16.539, 0, 3476, 100, 0, 35, 42.01
2026/04/13 21:12:16.542, 1, 3476, 100, 0, 34, 42.66
2026/04/13 21:12:17.545, 0, 3476, 100, 0, 35, 42.09
2026/04/13 21:12:17.550, 1, 3476, 100, 0, 34, 42.56
2026/04/13 21:12:18.554, 0, 3476, 100, 0, 35, 42.00
2026/04/13 21:12:18.557, 1, 3476, 100, 0, 34, 42.55
2026/04/13 21:12:19.561, 0, 3476, 100, 0, 35, 42.10
2026/04/13 21:12:19.563, 1, 3476, 100, 0, 34, 42.55
2026/04/13 21:12:20.567, 0, 3476, 100, 0, 35, 42.10
2026/04/13 21:12:20.570, 1, 3476, 100, 0, 34, 42.55
2026/04/13 21:12:21.574, 0, 3476, 100, 0, 35, 42.10
2026/04/13 21:12:21.579, 1, 3476, 100, 0, 34, 42.55
2026/04/13 21:12:22.583, 0, 3476, 100, 0, 35, 42.10
2026/04/13 21:12:22.585, 1, 3476, 100, 0, 34, 42.65
2026/04/13 21:12:23.590, 0, 3476, 100, 0, 35, 42.19
2026/04/13 21:12:23.592, 1, 3476, 100, 0, 34, 42.55
2026/04/13 21:12:24.596, 0, 3476, 100, 0, 35, 42.10
2026/04/13 21:12:24.599, 1, 3476, 100, 0, 34, 42.66
2026/04/13 21:12:25.603, 0, 3476, 100, 0, 35, 42.09
2026/04/13 21:12:25.606, 1, 3476, 100, 0, 34, 42.65
2026/04/13 21:12:26.610, 0, 3476, 100, 0, 35, 42.00
2026/04/13 21:12:26.612, 1, 3476, 100, 0, 34, 42.66
2026/04/13 21:12:27.616, 0, 3476, 100, 0, 35, 42.00
2026/04/13 21:12:27.619, 1, 3476, 100, 0, 34, 42.55
2026/04/13 21:12:28.625, 0, 3476, 100, 0, 35, 42.10
2026/04/13 21:12:28.627, 1, 3476, 100, 0, 34, 42.55
2026/04/13 21:12:29.631, 0, 3476, 100, 0, 35, 42.09
2026/04/13 21:12:29.634, 1, 3476, 100, 0, 34, 42.65
2026/04/13 21:12:30.638, 0, 3476, 100, 0, 35, 42.10
2026/04/13 21:12:30.641, 1, 3476, 100, 0, 34, 42.55
2026/04/13 21:12:31.647, 0, 3476, 100, 0, 35, 42.09
2026/04/13 21:12:31.650, 1, 3476, 100, 0, 34, 42.55
2026/04/13 21:12:32.653, 0, 3476, 100, 0, 35, 42.10
2026/04/13 21:12:32.656, 1, 3476, 100, 0, 34, 42.55
2026/04/13 21:12:33.660, 0, 3476, 100, 0, 35, 42.19
2026/04/13 21:12:33.664, 1, 3476, 100, 0, 34, 42.55
2026/04/13 21:12:34.668, 0, 3476, 100, 0, 35, 42.09
2026/04/13 21:12:34.670, 1, 3476, 100, 0, 34, 42.55
2026/04/13 21:12:35.674, 0, 3476, 100, 0, 35, 41.99
2026/04/13 21:12:35.677, 1, 3476, 100, 0, 34, 42.55
2026/04/13 21:12:36.681, 0, 3476, 100, 0, 35, 42.10
2026/04/13 21:12:36.684, 1, 3476, 100, 0, 34, 42.56
2026/04/13 21:12:37.688, 0, 3476, 100, 0, 35, 42.10
2026/04/13 21:12:37.692, 1, 3476, 100, 0, 34, 42.55
2026/04/13 21:12:38.696, 0, 3476, 100, 0, 35, 41.99
2026/04/13 21:12:38.698, 1, 3476, 100, 0, 34, 42.55
2026/04/13 21:12:39.702, 0, 3476, 100, 0, 35, 42.09
2026/04/13 21:12:39.705, 1, 3476, 100, 0, 34, 42.65
2026/04/13 21:12:40.709, 0, 3476, 100, 0, 35, 42.10
2026/04/13 21:12:40.711, 1, 3476, 100, 0, 34, 42.65
2026/04/13 21:12:41.716, 0, 3476, 100, 0, 35, 42.10
2026/04/13 21:12:41.719, 1, 3476, 100, 0, 34, 42.55
2026/04/13 21:12:42.723, 0, 3476, 100, 0, 35, 42.10
2026/04/13 21:12:42.726, 1, 3476, 100, 0, 34, 42.65
2026/04/13 21:12:43.729, 0, 3476, 100, 0, 35, 42.10
2026/04/13 21:12:43.732, 1, 3476, 100, 0, 34, 42.56
2026/04/13 21:12:44.736, 0, 3476, 100, 0, 35, 42.10
2026/04/13 21:12:44.739, 1, 3476, 100, 0, 34, 42.55
2026/04/13 21:12:45.746, 0, 3476, 100, 0, 35, 42.09
2026/04/13 21:12:45.748, 1, 3476, 100, 0, 34, 42.55
2026/04/13 21:12:46.752, 0, 3476, 100, 0, 35, 42.09
2026/04/13 21:12:46.755, 1, 3476, 100, 0, 34, 42.55
2026/04/13 21:12:47.759, 0, 3476, 100, 0, 35, 42.10
2026/04/13 21:12:47.762, 1, 3476, 100, 0, 34, 42.65
2026/04/13 21:12:48.765, 0, 3476, 100, 0, 35, 42.10
2026/04/13 21:12:48.768, 1, 3476, 100, 0, 34, 42.65
2026/04/13 21:12:49.772, 0, 3476, 100, 0, 35, 42.10
2026/04/13 21:12:49.775, 1, 3476, 100, 0, 34, 42.65
2026/04/13 21:12:50.779, 0, 3476, 100, 0, 35, 42.01
2026/04/13 21:12:50.781, 1, 3476, 100, 0, 34, 42.55
2026/04/13 21:12:51.785, 0, 3476, 100, 0, 35, 42.09
2026/04/13 21:12:51.788, 1, 3476, 100, 0, 34, 42.65
2026/04/13 21:12:52.795, 0, 3476, 100, 0, 35, 42.19
2026/04/13 21:12:52.797, 1, 3476, 100, 0, 34, 42.65
2026/04/13 21:12:53.801, 0, 3476, 100, 0, 35, 42.10
2026/04/13 21:12:53.804, 1, 3476, 100, 0, 34, 42.56
2026/04/13 21:12:54.807, 0, 3476, 100, 0, 35, 42.10
2026/04/13 21:12:54.810, 1, 3476, 100, 0, 34, 42.65
2026/04/13 21:12:55.816, 0, 3476, 100, 0, 35, 42.20
2026/04/13 21:12:55.819, 1, 3476, 100, 0, 34, 42.55
2026/04/13 21:12:56.822, 0, 3476, 100, 0, 35, 42.10
2026/04/13 21:12:56.828, 1, 3476, 100, 0, 34, 42.56
2026/04/13 21:12:57.832, 0, 3476, 100, 0, 35, 42.10
2026/04/13 21:12:57.835, 1, 3476, 100, 0, 34, 42.55
2026/04/13 21:12:58.839, 0, 3476, 100, 0, 35, 42.10
2026/04/13 21:12:58.842, 1, 3476, 100, 0, 34, 42.55
2026/04/13 21:12:59.845, 0, 3476, 100, 0, 35, 42.09
2026/04/13 21:12:59.848, 1, 3476, 100, 0, 34, 42.66
2026/04/13 21:13:00.852, 0, 3476, 100, 0, 35, 42.00
2026/04/13 21:13:00.855, 1, 3476, 100, 0, 34, 42.65
2026/04/13 21:13:01.858, 0, 3476, 100, 0, 35, 42.10
2026/04/13 21:13:01.861, 1, 3476, 100, 0, 34, 42.55
2026/04/13 21:13:02.865, 0, 3476, 100, 0, 35, 42.10
2026/04/13 21:13:02.868, 1, 3476, 100, 0, 34, 42.55
2026/04/13 21:13:03.871, 0, 3476, 100, 0, 35, 42.19
2026/04/13 21:13:03.874, 1, 3476, 100, 0, 34, 42.56
2026/04/13 21:13:04.878, 0, 3476, 100, 0, 35, 42.10
2026/04/13 21:13:04.882, 1, 3476, 100, 0, 34, 42.66
2026/04/13 21:13:05.886, 0, 3476, 100, 0, 35, 42.09
2026/04/13 21:13:05.889, 1, 3476, 100, 0, 34, 42.55
2026/04/13 21:13:06.893, 0, 3476, 100, 0, 35, 42.10
2026/04/13 21:13:06.895, 1, 3476, 100, 0, 34, 42.65
2026/04/13 21:13:07.899, 0, 3476, 100, 0, 35, 41.99
2026/04/13 21:13:07.902, 1, 3476, 100, 0, 34, 42.55
2026/04/13 21:13:08.905, 0, 3476, 100, 0, 35, 42.10
2026/04/13 21:13:08.908, 1, 3476, 100, 0, 34, 42.55
2026/04/13 21:13:09.914, 0, 3476, 100, 0, 35, 42.10
2026/04/13 21:13:09.919, 1, 3476, 100, 0, 34, 42.56
2026/04/13 21:13:10.923, 0, 3476, 100, 0, 35, 42.10
2026/04/13 21:13:10.925, 1, 3476, 100, 0, 34, 42.55
2026/04/13 21:13:11.929, 0, 3476, 100, 0, 35, 42.09
2026/04/13 21:13:11.932, 1, 3476, 100, 0, 34, 42.55
2026/04/13 21:13:12.935, 0, 3476, 100, 0, 35, 42.09
2026/04/13 21:13:12.941, 1, 3476, 100, 0, 34, 42.55
2026/04/13 21:13:13.945, 0, 3476, 100, 0, 35, 42.10
2026/04/13 21:13:13.947, 1, 3476, 100, 0, 34, 42.56
2026/04/13 21:13:14.951, 0, 3476, 100, 0, 35, 42.10
2026/04/13 21:13:14.954, 1, 3476, 100, 0, 34, 42.65
2026/04/13 21:13:15.958, 0, 3476, 100, 0, 35, 42.00
2026/04/13 21:13:15.960, 1, 3476, 100, 0, 34, 42.55
2026/04/13 21:13:16.964, 0, 3476, 100, 0, 35, 42.10
2026/04/13 21:13:16.967, 1, 3476, 100, 0, 34, 42.55
2026/04/13 21:13:17.970, 0, 3476, 100, 0, 35, 42.09
2026/04/13 21:13:17.973, 1, 3476, 100, 0, 34, 42.65
2026/04/13 21:13:18.978, 0, 3476, 100, 0, 35, 42.09
2026/04/13 21:13:18.980, 1, 3476, 100, 0, 34, 42.55
2026/04/13 21:13:19.984, 0, 3476, 100, 0, 35, 42.20
2026/04/13 21:13:19.987, 1, 3476, 100, 0, 34, 42.65
2026/04/13 21:13:20.990, 0, 3476, 100, 0, 35, 42.19
2026/04/13 21:13:20.993, 1, 3476, 100, 0, 34, 42.55
2026/04/13 21:13:21.997, 0, 3476, 100, 0, 35, 42.09
2026/04/13 21:13:22.002, 1, 3476, 100, 0, 34, 42.55
2026/04/13 21:13:23.005, 0, 3476, 100, 0, 35, 42.00
2026/04/13 21:13:23.008, 1, 3476, 100, 0, 34, 42.55
2026/04/13 21:13:24.013, 0, 3476, 100, 0, 35, 42.09
2026/04/13 21:13:24.015, 1, 3476, 100, 0, 34, 42.55
2026/04/13 21:13:25.019, 0, 3476, 100, 0, 35, 42.00
2026/04/13 21:13:25.022, 1, 3476, 100, 0, 34, 42.65
2026/04/13 21:13:26.027, 0, 3476, 100, 0, 35, 42.10
2026/04/13 21:13:26.030, 1, 3476, 100, 0, 34, 42.55
2026/04/13 21:13:27.034, 0, 3476, 100, 0, 35, 42.09
2026/04/13 21:13:27.036, 1, 3476, 100, 0, 34, 42.55
2026/04/13 21:13:28.040, 0, 3476, 100, 0, 35, 42.09
2026/04/13 21:13:28.043, 1, 3476, 100, 0, 34, 42.65
2026/04/13 21:13:29.047, 0, 3476, 100, 0, 35, 42.10
2026/04/13 21:13:29.049, 1, 3476, 100, 0, 34, 42.55
2026/04/13 21:13:30.053, 0, 3476, 100, 0, 35, 42.20
2026/04/13 21:13:30.056, 1, 3476, 100, 0, 34, 42.55
2026/04/13 21:13:31.060, 0, 3476, 100, 0, 35, 42.09
2026/04/13 21:13:31.062, 1, 3476, 100, 0, 34, 42.55
2026/04/13 21:13:32.066, 0, 3476, 100, 0, 35, 42.10
2026/04/13 21:13:32.069, 1, 3476, 100, 0, 34, 42.55
2026/04/13 21:13:33.073, 0, 3476, 100, 0, 35, 42.09
2026/04/13 21:13:33.075, 1, 3476, 100, 0, 34, 42.55
2026/04/13 21:13:34.079, 0, 3476, 100, 0, 35, 42.10
2026/04/13 21:13:34.084, 1, 3476, 100, 0, 34, 42.66
2026/04/13 21:13:35.088, 0, 3476, 100, 0, 35, 42.09
2026/04/13 21:13:35.091, 1, 3476, 100, 0, 34, 42.55
2026/04/13 21:13:36.094, 0, 3476, 100, 0, 35, 42.19
2026/04/13 21:13:36.097, 1, 3476, 100, 0, 34, 42.55
2026/04/13 21:13:37.101, 0, 3476, 100, 0, 35, 42.20
2026/04/13 21:13:37.104, 1, 3476, 100, 0, 34, 42.55
2026/04/13 21:13:38.109, 0, 3476, 100, 0, 35, 42.10
2026/04/13 21:13:38.111, 1, 3476, 100, 0, 34, 42.55
2026/04/13 21:13:39.115, 0, 3476, 100, 0, 35, 42.10
2026/04/13 21:13:39.118, 1, 3476, 100, 0, 34, 42.65
2026/04/13 21:13:40.122, 0, 3476, 100, 0, 35, 42.09
2026/04/13 21:13:40.125, 1, 3476, 100, 0, 34, 42.56
2026/04/13 21:13:41.128, 0, 3476, 100, 0, 35, 42.19
2026/04/13 21:13:41.131, 1, 3476, 100, 0, 34, 42.65
2026/04/13 21:13:42.133, 0, 3476, 100, 0, 35, 42.19
2026/04/13 21:13:42.139, 1, 3476, 100, 0, 34, 42.55
2026/04/13 21:13:43.142, 0, 3476, 100, 0, 35, 42.19
2026/04/13 21:13:43.145, 1, 3476, 100, 0, 34, 42.65
2026/04/13 21:13:44.148, 0, 3476, 100, 0, 35, 42.10
2026/04/13 21:13:44.151, 1, 3476, 100, 0, 34, 42.55
2026/04/13 21:13:45.153, 0, 3476, 100, 0, 35, 42.00
2026/04/13 21:13:45.156, 1, 3476, 100, 0, 34, 42.55
2026/04/13 21:13:46.159, 0, 3476, 100, 0, 35, 42.20
2026/04/13 21:13:46.161, 1, 3476, 100, 0, 34, 42.55
2026/04/13 21:13:47.164, 0, 3476, 100, 0, 35, 41.99
2026/04/13 21:13:47.169, 1, 3476, 100, 0, 34, 42.65
2026/04/13 21:13:48.174, 0, 3476, 100, 0, 35, 42.10
2026/04/13 21:13:48.177, 1, 3476, 100, 0, 34, 42.65
2026/04/13 21:13:49.179, 0, 3476, 100, 0, 35, 42.19
2026/04/13 21:13:49.182, 1, 3476, 100, 0, 34, 42.55
2026/04/13 21:13:50.185, 0, 3476, 100, 0, 35, 42.00
2026/04/13 21:13:50.188, 1, 3476, 100, 0, 34, 42.55
2026/04/13 21:13:51.191, 0, 3476, 100, 0, 35, 42.19
2026/04/13 21:13:51.196, 1, 3476, 100, 0, 34, 42.55
2026/04/13 21:13:52.200, 0, 3476, 100, 0, 35, 42.20
2026/04/13 21:13:52.203, 1, 3476, 100, 0, 34, 42.55
2026/04/13 21:13:53.206, 0, 3476, 100, 0, 35, 42.09
2026/04/13 21:13:53.209, 1, 3476, 100, 0, 34, 42.56
2026/04/13 21:13:54.211, 0, 3476, 100, 0, 35, 42.10
2026/04/13 21:13:54.214, 1, 3476, 100, 0, 34, 42.66
2026/04/13 21:13:55.218, 0, 3476, 100, 0, 35, 42.19
2026/04/13 21:13:55.220, 1, 3476, 100, 0, 34, 42.65
2026/04/13 21:13:56.226, 0, 3476, 100, 0, 35, 42.19
2026/04/13 21:13:56.228, 1, 3476, 100, 0, 34, 42.65
2026/04/13 21:13:57.232, 0, 3476, 100, 0, 35, 42.20
2026/04/13 21:13:57.235, 1, 3476, 100, 0, 34, 42.56
2026/04/13 21:13:58.243, 0, 3476, 100, 0, 35, 42.19
2026/04/13 21:13:58.246, 1, 3476, 100, 0, 34, 42.65
2026/04/13 21:13:59.248, 0, 3476, 100, 0, 35, 42.19
2026/04/13 21:13:59.253, 1, 3476, 100, 0, 34, 42.65
2026/04/13 21:14:00.256, 0, 3476, 100, 0, 35, 42.19
2026/04/13 21:14:00.258, 1, 3476, 100, 0, 34, 42.65
2026/04/13 21:14:01.266, 0, 3476, 100, 0, 35, 42.09
2026/04/13 21:14:01.268, 1, 3476, 100, 0, 34, 42.65
2026/04/13 21:14:02.271, 0, 3476, 100, 0, 35, 42.19
2026/04/13 21:14:02.274, 1, 3476, 100, 0, 34, 42.55
2026/04/13 21:14:03.277, 0, 3476, 100, 0, 35, 42.19
2026/04/13 21:14:03.281, 1, 3476, 100, 0, 34, 42.55
2026/04/13 21:14:04.284, 0, 3476, 100, 0, 35, 42.20
2026/04/13 21:14:04.287, 1, 3476, 100, 0, 34, 42.65
2026/04/13 21:14:05.291, 0, 3476, 100, 0, 35, 42.10
2026/04/13 21:14:05.294, 1, 3476, 100, 0, 34, 42.65
2026/04/13 21:14:06.296, 0, 3476, 100, 0, 35, 42.10
2026/04/13 21:14:06.299, 1, 3476, 100, 0, 34, 42.65
2026/04/13 21:14:07.302, 0, 3476, 100, 0, 35, 42.19
2026/04/13 21:14:07.304, 1, 3476, 100, 0, 34, 42.66
2026/04/13 21:14:08.309, 0, 3476, 100, 0, 35, 42.00
2026/04/13 21:14:08.311, 1, 3476, 100, 0, 34, 42.55
2026/04/13 21:14:09.314, 0, 3476, 100, 0, 35, 42.10
2026/04/13 21:14:09.317, 1, 3476, 100, 0, 34, 42.55
2026/04/13 21:14:10.320, 0, 3476, 100, 0, 35, 42.09
2026/04/13 21:14:10.322, 1, 3476, 100, 0, 34, 42.65
2026/04/13 21:14:11.326, 0, 3476, 100, 0, 35, 41.99
2026/04/13 21:14:11.331, 1, 3476, 100, 0, 34, 42.65
2026/04/13 21:14:12.334, 0, 3476, 100, 0, 35, 42.09
2026/04/13 21:14:12.336, 1, 3476, 100, 0, 34, 42.65
2026/04/13 21:14:13.341, 0, 3476, 100, 0, 35, 42.19
2026/04/13 21:14:13.344, 1, 3476, 100, 0, 34, 42.65
2026/04/13 21:14:14.348, 0, 3476, 100, 0, 35, 42.19
2026/04/13 21:14:14.350, 1, 3476, 100, 0, 34, 42.55
2026/04/13 21:14:15.353, 0, 3476, 100, 0, 35, 42.19
2026/04/13 21:14:15.356, 1, 3476, 100, 0, 34, 42.65
2026/04/13 21:14:16.359, 0, 3476, 100, 0, 35, 42.19
2026/04/13 21:14:16.361, 1, 3476, 100, 0, 34, 42.56
2026/04/13 21:14:17.366, 0, 3476, 100, 0, 35, 42.09
2026/04/13 21:14:17.368, 1, 3476, 100, 0, 34, 42.65
2026/04/13 21:14:18.375, 0, 3476, 100, 0, 35, 41.99
2026/04/13 21:14:18.378, 1, 3476, 100, 0, 34, 42.65
2026/04/13 21:14:19.381, 0, 3476, 100, 0, 35, 42.19
2026/04/13 21:14:19.384, 1, 3476, 100, 0, 34, 42.65
2026/04/13 21:14:20.387, 0, 3476, 100, 0, 35, 41.99
2026/04/13 21:14:20.389, 1, 3476, 100, 0, 34, 42.55
2026/04/13 21:14:21.393, 0, 3476, 100, 0, 35, 42.19
2026/04/13 21:14:21.399, 1, 3476, 100, 0, 34, 42.66
2026/04/13 21:14:22.405, 0, 3476, 100, 0, 35, 42.10
2026/04/13 21:14:22.408, 1, 3476, 100, 0, 34, 42.65
2026/04/13 21:14:23.411, 0, 3476, 100, 0, 35, 42.09
2026/04/13 21:14:23.414, 1, 3476, 100, 0, 34, 42.65
2026/04/13 21:14:24.418, 0, 3476, 100, 0, 35, 42.09
2026/04/13 21:14:24.420, 1, 3476, 100, 0, 34, 42.65
2026/04/13 21:14:25.424, 0, 3476, 100, 0, 35, 42.10
2026/04/13 21:14:25.427, 1, 3476, 100, 0, 34, 42.65
2026/04/13 21:14:26.431, 0, 3476, 100, 0, 35, 42.09
2026/04/13 21:14:26.434, 1, 3476, 100, 0, 34, 42.65
2026/04/13 21:14:27.438, 0, 3476, 100, 0, 35, 42.09
2026/04/13 21:14:27.441, 1, 3476, 100, 0, 34, 42.65
2026/04/13 21:14:28.445, 0, 3476, 100, 0, 35, 42.10
2026/04/13 21:14:28.448, 1, 3476, 100, 0, 34, 42.65
2026/04/13 21:14:29.451, 0, 3476, 100, 0, 35, 42.19
2026/04/13 21:14:29.454, 1, 3476, 100, 0, 34, 42.65
2026/04/13 21:14:30.458, 0, 3476, 100, 0, 35, 42.09
2026/04/13 21:14:30.461, 1, 3476, 100, 0, 34, 42.55
2026/04/13 21:14:31.464, 0, 3476, 100, 0, 35, 42.10
2026/04/13 21:14:31.467, 1, 3476, 100, 0, 34, 42.65
2026/04/13 21:14:32.471, 0, 3476, 100, 0, 35, 42.10
2026/04/13 21:14:32.473, 1, 3476, 100, 0, 34, 42.55
2026/04/13 21:14:33.477, 0, 3476, 100, 0, 35, 42.10
2026/04/13 21:14:33.482, 1, 3476, 100, 0, 34, 42.65
2026/04/13 21:14:34.485, 0, 3476, 100, 0, 35, 42.09
2026/04/13 21:14:34.488, 1, 3476, 100, 0, 34, 42.65
2026/04/13 21:14:35.492, 0, 3476, 100, 0, 35, 42.10
2026/04/13 21:14:35.494, 1, 3476, 100, 0, 34, 42.56
2026/04/13 21:14:36.500, 0, 3476, 100, 0, 35, 42.01
2026/04/13 21:14:36.503, 1, 3476, 100, 0, 34, 42.65
2026/04/13 21:14:37.506, 0, 3476, 100, 0, 35, 42.10
2026/04/13 21:14:37.509, 1, 3476, 100, 0, 34, 42.56
2026/04/13 21:14:38.513, 0, 3476, 100, 0, 35, 42.10
2026/04/13 21:14:38.516, 1, 3476, 100, 0, 34, 42.55
2026/04/13 21:14:39.519, 0, 3476, 100, 0, 35, 42.20
2026/04/13 21:14:39.522, 1, 3476, 100, 0, 34, 42.65
2026/04/13 21:14:40.526, 0, 3476, 100, 0, 35, 42.00
2026/04/13 21:14:40.528, 1, 3476, 100, 0, 34, 42.66
2026/04/13 21:14:41.532, 0, 3476, 100, 0, 35, 42.10
2026/04/13 21:14:41.537, 1, 3476, 100, 0, 34, 42.65
2026/04/13 21:14:42.541, 0, 3476, 100, 0, 35, 42.20
2026/04/13 21:14:42.543, 1, 3476, 100, 0, 34, 42.65
2026/04/13 21:14:43.547, 0, 3476, 100, 0, 35, 42.09
2026/04/13 21:14:43.550, 1, 3476, 100, 0, 34, 42.66
2026/04/13 21:14:44.554, 0, 3476, 100, 0, 35, 42.10
2026/04/13 21:14:44.556, 1, 3476, 100, 0, 34, 42.65
2026/04/13 21:14:45.562, 0, 3476, 100, 0, 35, 42.09
2026/04/13 21:14:45.566, 1, 3476, 100, 0, 34, 42.65
2026/04/13 21:14:46.570, 0, 3476, 100, 0, 35, 42.19
2026/04/13 21:14:46.573, 1, 3476, 100, 0, 34, 42.65
2026/04/13 21:14:47.576, 0, 3476, 100, 0, 35, 42.10
2026/04/13 21:14:47.579, 1, 3476, 100, 0, 34, 42.65
2026/04/13 21:14:48.583, 0, 3476, 100, 0, 35, 42.19
2026/04/13 21:14:48.586, 1, 3476, 100, 0, 34, 42.65
2026/04/13 21:14:49.592, 0, 3476, 100, 0, 35, 42.09
2026/04/13 21:14:49.595, 1, 3476, 100, 0, 34, 42.65
2026/04/13 21:14:50.599, 0, 3476, 100, 0, 35, 42.19
2026/04/13 21:14:50.602, 1, 3476, 100, 0, 34, 42.55
2026/04/13 21:14:51.606, 0, 3476, 100, 0, 35, 42.00
2026/04/13 21:14:51.609, 1, 3476, 100, 0, 34, 42.55
2026/04/13 21:14:52.613, 0, 3476, 100, 0, 35, 42.10
2026/04/13 21:14:52.616, 1, 3476, 100, 0, 34, 42.55
2026/04/13 21:14:53.619, 0, 3476, 100, 0, 35, 42.09
2026/04/13 21:14:53.623, 1, 3476, 100, 0, 34, 42.55
2026/04/13 21:14:54.627, 0, 3476, 100, 0, 35, 42.09
2026/04/13 21:14:54.629, 1, 3476, 100, 0, 34, 42.55
2026/04/13 21:14:55.633, 0, 3476, 100, 0, 35, 42.10
2026/04/13 21:14:55.636, 1, 3476, 100, 0, 34, 42.55
2026/04/13 21:14:56.639, 0, 3476, 100, 0, 35, 42.09
2026/04/13 21:14:56.642, 1, 3476, 100, 0, 34, 42.56
2026/04/13 21:14:57.646, 0, 3476, 100, 0, 35, 42.19
2026/04/13 21:14:57.650, 1, 3476, 100, 0, 34, 42.55
2026/04/13 21:14:58.656, 0, 3476, 100, 0, 35, 42.09
2026/04/13 21:14:58.659, 1, 3476, 100, 0, 34, 42.65
2026/04/13 21:14:59.662, 0, 3476, 100, 0, 35, 42.10
2026/04/13 21:14:59.665, 1, 3476, 100, 0, 34, 42.55
2026/04/13 21:15:00.669, 0, 3476, 100, 0, 35, 42.00
2026/04/13 21:15:00.671, 1, 3476, 100, 0, 34, 42.55
2026/04/13 21:15:01.675, 0, 3476, 100, 0, 35, 42.10
2026/04/13 21:15:01.678, 1, 3476, 100, 0, 34, 42.66
2026/04/13 21:15:02.682, 0, 3476, 100, 0, 35, 42.00
2026/04/13 21:15:02.685, 1, 3476, 100, 0, 34, 42.55
2026/04/13 21:15:03.689, 0, 3476, 100, 0, 35, 42.00
2026/04/13 21:15:03.691, 1, 3476, 100, 0, 34, 42.56
2026/04/13 21:15:04.695, 0, 3476, 100, 0, 35, 42.10
2026/04/13 21:15:04.698, 1, 3476, 100, 0, 34, 42.55
2026/04/13 21:15:05.702, 0, 3476, 100, 0, 35, 42.10
2026/04/13 21:15:05.706, 1, 3476, 100, 0, 34, 42.66
2026/04/13 21:15:06.709, 0, 3476, 100, 0, 35, 42.10
2026/04/13 21:15:06.712, 1, 3476, 100, 0, 34, 42.65
2026/04/13 21:15:07.716, 0, 3476, 100, 0, 35, 42.19
2026/04/13 21:15:07.718, 1, 3476, 100, 0, 34, 42.55
2026/04/13 21:15:08.725, 0, 3476, 100, 0, 35, 42.01
2026/04/13 21:15:08.728, 1, 3476, 100, 0, 34, 42.65
2026/04/13 21:15:09.732, 0, 3476, 100, 0, 35, 42.10
2026/04/13 21:15:09.736, 1, 3476, 100, 0, 34, 42.66
2026/04/13 21:15:10.743, 0, 3476, 100, 0, 35, 42.10
2026/04/13 21:15:10.746, 1, 3476, 100, 0, 34, 42.65
2026/04/13 21:15:11.749, 0, 3476, 100, 0, 35, 42.19
2026/04/13 21:15:11.752, 1, 3476, 100, 0, 34, 42.55
2026/04/13 21:15:12.758, 0, 3476, 100, 0, 35, 42.10
2026/04/13 21:15:12.760, 1, 3476, 100, 0, 34, 42.66
2026/04/13 21:15:13.764, 0, 3476, 100, 0, 35, 42.10
2026/04/13 21:15:13.767, 1, 3476, 100, 0, 34, 42.55
2026/04/13 21:15:14.771, 0, 3476, 100, 0, 35, 42.19
2026/04/13 21:15:14.774, 1, 3476, 100, 0, 34, 42.55
2026/04/13 21:15:15.778, 0, 3476, 100, 0, 35, 42.09
2026/04/13 21:15:15.781, 1, 3476, 100, 0, 34, 42.56
2026/04/13 21:15:16.787, 0, 3476, 100, 0, 35, 42.19
2026/04/13 21:15:16.790, 1, 3476, 100, 0, 34, 42.55
2026/04/13 21:15:17.793, 0, 3476, 100, 0, 35, 42.20
2026/04/13 21:15:17.796, 1, 3476, 100, 0, 34, 42.65
2026/04/13 21:15:18.800, 0, 3476, 100, 0, 35, 42.00
2026/04/13 21:15:18.802, 1, 3476, 100, 0, 34, 42.65
2026/04/13 21:15:19.807, 0, 3476, 100, 0, 35, 42.10
2026/04/13 21:15:19.812, 1, 3476, 100, 0, 34, 42.65
2026/04/13 21:15:20.816, 0, 3476, 100, 0, 35, 42.09
2026/04/13 21:15:20.819, 1, 3476, 100, 0, 34, 42.65
2026/04/13 21:15:21.823, 0, 3476, 100, 0, 35, 42.19
2026/04/13 21:15:21.825, 1, 3476, 100, 0, 34, 42.66
2026/04/13 21:15:22.829, 0, 3476, 100, 0, 35, 42.00
2026/04/13 21:15:22.832, 1, 3476, 100, 0, 34, 42.55
2026/04/13 21:15:23.836, 0, 3476, 100, 0, 35, 42.09
2026/04/13 21:15:23.838, 1, 3476, 100, 0, 34, 42.55
2026/04/13 21:15:24.842, 0, 3476, 100, 0, 35, 42.10
2026/04/13 21:15:24.845, 1, 3476, 100, 0, 34, 42.55
2026/04/13 21:15:25.848, 0, 3476, 100, 0, 35, 42.10
2026/04/13 21:15:25.851, 1, 3476, 100, 0, 34, 42.65
2026/04/13 21:15:26.855, 0, 3476, 100, 0, 35, 42.09
2026/04/13 21:15:26.858, 1, 3476, 100, 0, 34, 42.55
2026/04/13 21:15:27.861, 0, 3476, 100, 0, 35, 42.10
2026/04/13 21:15:27.864, 1, 3476, 100, 0, 34, 42.66
2026/04/13 21:15:28.868, 0, 3476, 100, 0, 35, 42.19
2026/04/13 21:15:28.871, 1, 3476, 100, 0, 34, 42.55
2026/04/13 21:15:29.878, 0, 3476, 100, 0, 35, 42.09
2026/04/13 21:15:29.881, 1, 3476, 100, 0, 34, 42.55
2026/04/13 21:15:30.884, 0, 3476, 100, 0, 35, 42.10
2026/04/13 21:15:30.887, 1, 3476, 100, 0, 34, 42.66
2026/04/13 21:15:31.891, 0, 3476, 100, 0, 35, 42.10
2026/04/13 21:15:31.894, 1, 3476, 100, 0, 34, 42.65
2026/04/13 21:15:32.897, 0, 3476, 100, 0, 35, 42.19
2026/04/13 21:15:32.900, 1, 3476, 100, 0, 34, 42.65
2026/04/13 21:15:33.904, 0, 3476, 100, 0, 35, 42.19
2026/04/13 21:15:33.906, 1, 3476, 100, 0, 34, 42.65
2026/04/13 21:15:34.911, 0, 3476, 100, 0, 35, 42.20
2026/04/13 21:15:34.914, 1, 3476, 100, 0, 34, 42.66
2026/04/13 21:15:35.918, 0, 3476, 100, 0, 35, 42.10
2026/04/13 21:15:35.920, 1, 3476, 100, 0, 34, 42.65
2026/04/13 21:15:36.924, 0, 3476, 100, 0, 35, 42.10
2026/04/13 21:15:36.927, 1, 3476, 100, 0, 34, 42.65
2026/04/13 21:15:37.930, 0, 3476, 100, 0, 35, 42.10
2026/04/13 21:15:37.934, 1, 3476, 100, 0, 34, 42.65
2026/04/13 21:15:38.938, 0, 3476, 100, 0, 35, 42.10
2026/04/13 21:15:38.940, 1, 3476, 100, 0, 34, 42.74
2026/04/13 21:15:39.945, 0, 3476, 100, 0, 35, 42.10
2026/04/13 21:15:39.949, 1, 3476, 100, 0, 34, 42.65
2026/04/13 21:15:40.953, 0, 3476, 100, 0, 35, 42.09
2026/04/13 21:15:40.956, 1, 3476, 100, 0, 34, 42.65
2026/04/13 21:15:41.960, 0, 3476, 100, 0, 35, 42.09
2026/04/13 21:15:41.962, 1, 3476, 100, 0, 34, 42.55
2026/04/13 21:15:42.966, 0, 3476, 100, 0, 35, 42.10
2026/04/13 21:15:42.969, 1, 3476, 100, 0, 34, 42.65
2026/04/13 21:15:43.975, 0, 3476, 100, 0, 35, 42.09
2026/04/13 21:15:43.978, 1, 3476, 100, 0, 34, 42.55
2026/04/13 21:15:44.982, 0, 3476, 100, 0, 35, 42.09
2026/04/13 21:15:44.984, 1, 3476, 100, 0, 34, 42.65
2026/04/13 21:15:45.988, 0, 3476, 100, 0, 35, 42.10
2026/04/13 21:15:45.991, 1, 3476, 100, 0, 34, 42.65
2026/04/13 21:15:46.995, 0, 3476, 100, 0, 35, 42.10
2026/04/13 21:15:46.997, 1, 3476, 100, 0, 34, 42.65
2026/04/13 21:15:48.001, 0, 3476, 100, 0, 35, 42.19
2026/04/13 21:15:48.004, 1, 3476, 100, 0, 34, 42.56
2026/04/13 21:15:49.009, 0, 3476, 100, 0, 35, 42.10
2026/04/13 21:15:49.011, 1, 3476, 100, 0, 34, 42.65
2026/04/13 21:15:50.015, 0, 3476, 100, 0, 35, 42.10
2026/04/13 21:15:50.019, 1, 3476, 100, 0, 34, 42.65
2026/04/13 21:15:51.023, 0, 3476, 100, 0, 35, 42.00
2026/04/13 21:15:51.026, 1, 3476, 100, 0, 34, 42.65
2026/04/13 21:15:52.029, 0, 3476, 100, 0, 35, 41.99
2026/04/13 21:15:52.032, 1, 3476, 100, 0, 34, 42.66
2026/04/13 21:15:53.038, 0, 3476, 100, 0, 35, 42.09
2026/04/13 21:15:53.041, 1, 3476, 100, 0, 34, 42.55
2026/04/13 21:15:54.044, 0, 3476, 100, 0, 35, 42.09
2026/04/13 21:15:54.048, 1, 3476, 100, 0, 34, 42.55
2026/04/13 21:15:55.052, 0, 3476, 100, 0, 35, 42.10
2026/04/13 21:15:55.054, 1, 3476, 100, 0, 34, 42.65
2026/04/13 21:15:56.058, 0, 3476, 100, 0, 35, 42.10
2026/04/13 21:15:56.061, 1, 3476, 100, 0, 34, 42.65
2026/04/13 21:15:57.065, 0, 3476, 100, 0, 35, 42.10
2026/04/13 21:15:57.067, 1, 3476, 100, 0, 34, 42.65
2026/04/13 21:15:58.071, 0, 3476, 100, 0, 35, 42.10
2026/04/13 21:15:58.077, 1, 3476, 100, 0, 34, 42.55
2026/04/13 21:15:59.081, 0, 3476, 100, 0, 35, 42.10
2026/04/13 21:15:59.085, 1, 3476, 100, 0, 34, 42.65
2026/04/13 21:16:00.089, 0, 3476, 100, 0, 35, 42.10
2026/04/13 21:16:00.092, 1, 3476, 100, 0, 34, 42.55
2026/04/13 21:16:01.096, 0, 3476, 100, 0, 35, 42.00
2026/04/13 21:16:01.098, 1, 3476, 100, 0, 34, 42.55
2026/04/13 21:16:02.104, 0, 3476, 100, 0, 35, 42.10
2026/04/13 21:16:02.106, 1, 3476, 100, 0, 34, 42.65
2026/04/13 21:16:03.110, 0, 3476, 100, 0, 35, 42.10
2026/04/13 21:16:03.113, 1, 3476, 100, 0, 34, 42.55
2026/04/13 21:16:04.117, 0, 3476, 100, 0, 35, 42.10
2026/04/13 21:16:04.119, 1, 3476, 100, 0, 34, 42.65
2026/04/13 21:16:05.123, 0, 3476, 100, 0, 35, 42.19
2026/04/13 21:16:05.126, 1, 3476, 100, 0, 34, 42.65
2026/04/13 21:16:06.133, 0, 3476, 100, 0, 35, 42.10
2026/04/13 21:16:06.136, 1, 3476, 100, 0, 34, 42.65
2026/04/13 21:16:07.139, 0, 3476, 100, 0, 35, 42.19
2026/04/13 21:16:07.142, 1, 3476, 100, 0, 34, 42.65
2026/04/13 21:16:08.146, 0, 3476, 100, 0, 35, 42.00
2026/04/13 21:16:08.148, 1, 3476, 100, 0, 34, 42.65
2026/04/13 21:16:09.152, 0, 3476, 100, 0, 35, 42.19
2026/04/13 21:16:09.155, 1, 3476, 100, 0, 34, 42.65
2026/04/13 21:16:10.158, 0, 3476, 100, 0, 35, 42.10
2026/04/13 21:16:10.161, 1, 3476, 100, 0, 34, 42.66
2026/04/13 21:16:11.165, 0, 3476, 100, 0, 35, 41.99
2026/04/13 21:16:11.168, 1, 3476, 100, 0, 34, 42.65
2026/04/13 21:16:12.172, 0, 3476, 100, 0, 35, 42.01
2026/04/13 21:16:12.175, 1, 3476, 100, 0, 34, 42.65
2026/04/13 21:16:13.178, 0, 3476, 100, 0, 35, 42.10
2026/04/13 21:16:13.181, 1, 3476, 100, 0, 34, 42.65
2026/04/13 21:16:14.186, 0, 3476, 100, 0, 35, 42.00
2026/04/13 21:16:14.188, 1, 3476, 100, 0, 34, 42.65
2026/04/13 21:16:15.192, 0, 3476, 100, 0, 35, 42.10
2026/04/13 21:16:15.195, 1, 3476, 100, 0, 34, 42.65
2026/04/13 21:16:16.199, 0, 3476, 100, 0, 35, 42.10
2026/04/13 21:16:16.201, 1, 3476, 100, 0, 34, 42.65
2026/04/13 21:16:17.205, 0, 3476, 100, 0, 35, 42.10
2026/04/13 21:16:17.208, 1, 3476, 100, 0, 34, 42.66
2026/04/13 21:16:18.214, 0, 3476, 100, 0, 35, 42.00
2026/04/13 21:16:18.217, 1, 3476, 100, 0, 34, 42.55
2026/04/13 21:16:19.221, 0, 3476, 100, 0, 35, 41.99
2026/04/13 21:16:19.223, 1, 3476, 100, 0, 34, 42.65
2026/04/13 21:16:20.227, 0, 3476, 100, 0, 35, 42.09
2026/04/13 21:16:20.232, 1, 3476, 100, 0, 34, 42.55
2026/04/13 21:16:21.237, 0, 3476, 100, 0, 35, 42.09
2026/04/13 21:16:21.239, 1, 3476, 100, 0, 34, 42.65
2026/04/13 21:16:22.243, 0, 3476, 100, 0, 35, 42.00
2026/04/13 21:16:22.246, 1, 3476, 100, 0, 34, 42.65
2026/04/13 21:16:23.250, 0, 3476, 100, 0, 35, 42.19
2026/04/13 21:16:23.252, 1, 3476, 100, 0, 34, 42.55
2026/04/13 21:16:24.256, 0, 3476, 100, 0, 35, 41.99
2026/04/13 21:16:24.259, 1, 3476, 100, 0, 34, 42.65
2026/04/13 21:16:25.262, 0, 3476, 100, 0, 35, 41.99
2026/04/13 21:16:25.265, 1, 3476, 100, 0, 34, 42.55
2026/04/13 21:16:26.270, 0, 3476, 100, 0, 35, 42.01
2026/04/13 21:16:26.273, 1, 3476, 100, 0, 34, 42.66
2026/04/13 21:16:27.276, 0, 3476, 100, 0, 35, 42.10
2026/04/13 21:16:27.279, 1, 3476, 100, 0, 34, 42.55
2026/04/13 21:16:28.283, 0, 3476, 100, 0, 35, 42.00
2026/04/13 21:16:28.286, 1, 3476, 100, 0, 34, 42.55
2026/04/13 21:16:29.290, 0, 3476, 100, 0, 35, 42.09
2026/04/13 21:16:29.293, 1, 3476, 100, 0, 34, 42.65
2026/04/13 21:16:30.297, 0, 3476, 100, 0, 35, 42.00
2026/04/13 21:16:30.300, 1, 3476, 100, 0, 34, 42.65
2026/04/13 21:16:31.302, 0, 3476, 100, 0, 35, 42.01
2026/04/13 21:16:31.305, 1, 3476, 100, 0, 34, 42.65
2026/04/13 21:16:32.309, 0, 3476, 100, 0, 35, 41.99
2026/04/13 21:16:32.311, 1, 3476, 100, 0, 34, 42.55
2026/04/13 21:16:33.314, 0, 3476, 100, 0, 35, 42.19
2026/04/13 21:16:33.317, 1, 3476, 100, 0, 34, 42.55
2026/04/13 21:16:34.320, 0, 3476, 100, 0, 35, 41.99
2026/04/13 21:16:34.323, 1, 3476, 100, 0, 34, 42.65
2026/04/13 21:16:35.326, 0, 3476, 100, 0, 35, 42.19
2026/04/13 21:16:35.329, 1, 3476, 100, 0, 34, 42.55
2026/04/13 21:16:36.331, 0, 3476, 100, 0, 35, 42.10
2026/04/13 21:16:36.334, 1, 3476, 100, 0, 34, 42.55
2026/04/13 21:16:37.337, 0, 3476, 100, 0, 35, 42.09
2026/04/13 21:16:37.338, 1, 3476, 100, 0, 34, 42.55
2026/04/13 21:16:38.341, 0, 3476, 100, 0, 35, 41.99
2026/04/13 21:16:38.343, 1, 3476, 100, 0, 34, 42.55
2026/04/13 21:16:39.346, 0, 3476, 100, 0, 35, 42.10
2026/04/13 21:16:39.350, 1, 3476, 100, 0, 34, 42.55
2026/04/13 21:16:40.354, 0, 3476, 100, 0, 35, 42.09
2026/04/13 21:16:40.357, 1, 3476, 100, 0, 34, 42.65
2026/04/13 21:16:41.360, 0, 3476, 100, 0, 35, 42.00
2026/04/13 21:16:41.363, 1, 3476, 100, 0, 34, 42.65
2026/04/13 21:16:42.365, 0, 3476, 100, 0, 35, 41.99
2026/04/13 21:16:42.368, 1, 3476, 100, 0, 34, 42.55
2026/04/13 21:16:43.373, 0, 3476, 100, 0, 35, 42.10
2026/04/13 21:16:43.376, 1, 3476, 100, 0, 34, 42.55
2026/04/13 21:16:44.378, 0, 3476, 100, 0, 35, 41.99
2026/04/13 21:16:44.382, 1, 3476, 100, 0, 34, 42.55
2026/04/13 21:16:45.385, 0, 3476, 100, 0, 35, 42.10
2026/04/13 21:16:45.387, 1, 3476, 100, 0, 34, 42.65
2026/04/13 21:16:46.390, 0, 3476, 100, 0, 35, 42.00
2026/04/13 21:16:46.393, 1, 3476, 100, 0, 34, 42.65
2026/04/13 21:16:47.395, 0, 3476, 100, 0, 35, 42.00
2026/04/13 21:16:47.398, 1, 3476, 100, 0, 34, 42.65
2026/04/13 21:16:48.401, 0, 3476, 100, 0, 35, 42.10
2026/04/13 21:16:48.403, 1, 3476, 100, 0, 34, 42.65
2026/04/13 21:16:49.408, 0, 3476, 100, 0, 35, 42.10
2026/04/13 21:16:49.413, 1, 3476, 100, 0, 34, 42.65
2026/04/13 21:16:50.416, 0, 3476, 100, 0, 35, 42.10
2026/04/13 21:16:50.418, 1, 3476, 100, 0, 34, 42.55
2026/04/13 21:16:51.422, 0, 3476, 100, 0, 35, 42.00
2026/04/13 21:16:51.425, 1, 3476, 100, 0, 34, 42.65
2026/04/13 21:16:52.428, 0, 3476, 100, 0, 35, 42.10
2026/04/13 21:16:52.430, 1, 3476, 100, 0, 34, 42.65
2026/04/13 21:16:53.434, 0, 3476, 100, 0, 35, 41.90
2026/04/13 21:16:53.437, 1, 3476, 100, 0, 34, 42.55
2026/04/13 21:16:54.441, 0, 3476, 100, 0, 35, 42.00
2026/04/13 21:16:54.444, 1, 3476, 100, 0, 34, 42.65
2026/04/13 21:16:55.447, 0, 3476, 100, 0, 35, 42.10
2026/04/13 21:16:55.450, 1, 3476, 100, 0, 34, 42.65
2026/04/13 21:16:56.453, 0, 3476, 100, 0, 35, 41.90
2026/04/13 21:16:56.456, 1, 3476, 100, 0, 34, 42.65
2026/04/13 21:16:57.458, 0, 3476, 100, 0, 35, 42.10
2026/04/13 21:16:57.461, 1, 3476, 100, 0, 34, 42.56
2026/04/13 21:16:58.464, 0, 3476, 100, 0, 35, 42.10
2026/04/13 21:16:58.466, 1, 3476, 100, 0, 34, 42.55
2026/04/13 21:16:59.469, 0, 3476, 100, 0, 35, 41.99
2026/04/13 21:16:59.472, 1, 3476, 100, 0, 34, 42.55
2026/04/13 21:17:00.476, 0, 3476, 100, 0, 35, 42.00
2026/04/13 21:17:00.482, 1, 3476, 100, 0, 34, 42.65
2026/04/13 21:17:01.485, 0, 3476, 100, 0, 35, 41.91
2026/04/13 21:17:01.488, 1, 3476, 100, 0, 34, 42.65
2026/04/13 21:17:02.491, 0, 3476, 100, 0, 35, 42.01
2026/04/13 21:17:02.493, 1, 3476, 100, 0, 34, 42.55
2026/04/13 21:17:03.498, 0, 3476, 100, 0, 35, 42.00
2026/04/13 21:17:03.500, 1, 3476, 100, 0, 34, 42.65
2026/04/13 21:17:04.503, 0, 3476, 100, 0, 35, 41.99
2026/04/13 21:17:04.509, 1, 3476, 100, 0, 34, 42.55
2026/04/13 21:17:05.512, 0, 3476, 100, 0, 35, 42.10
2026/04/13 21:17:05.515, 1, 3476, 100, 0, 34, 42.65
2026/04/13 21:17:06.518, 0, 3476, 100, 0, 35, 42.00
2026/04/13 21:17:06.520, 1, 3476, 100, 0, 34, 42.66
2026/04/13 21:17:07.523, 0, 3476, 100, 0, 34, 42.00
2026/04/13 21:17:07.526, 1, 3476, 100, 0, 34, 42.65
2026/04/13 21:17:08.529, 0, 3476, 100, 0, 35, 42.00
2026/04/13 21:17:08.531, 1, 3476, 100, 0, 34, 42.56
2026/04/13 21:17:09.534, 0, 3476, 100, 0, 34, 42.10
2026/04/13 21:17:09.538, 1, 3476, 100, 0, 34, 42.65
2026/04/13 21:17:10.542, 0, 3476, 100, 0, 35, 41.99
2026/04/13 21:17:10.545, 1, 3476, 100, 0, 34, 42.65
2026/04/13 21:17:11.549, 0, 3476, 100, 0, 35, 42.00
2026/04/13 21:17:11.552, 1, 3476, 100, 0, 34, 42.65
2026/04/13 21:17:12.556, 0, 3476, 100, 0, 35, 41.99
2026/04/13 21:17:12.558, 1, 3476, 100, 0, 34, 42.65
2026/04/13 21:17:13.562, 0, 3476, 100, 0, 35, 42.10
2026/04/13 21:17:13.565, 1, 3476, 100, 0, 34, 42.55
2026/04/13 21:17:14.569, 0, 3476, 100, 0, 35, 41.99
2026/04/13 21:17:14.572, 1, 3476, 100, 0, 34, 42.55
2026/04/13 21:17:15.575, 0, 3476, 100, 0, 35, 41.89
2026/04/13 21:17:15.578, 1, 3476, 100, 0, 34, 42.65
2026/04/13 21:17:16.582, 0, 3476, 100, 0, 35, 41.99
2026/04/13 21:17:16.584, 1, 3476, 100, 0, 34, 42.55
2026/04/13 21:17:17.588, 0, 3476, 100, 0, 35, 41.90
2026/04/13 21:17:17.592, 1, 3476, 100, 0, 34, 42.55
2026/04/13 21:17:18.596, 0, 3476, 100, 0, 35, 41.99
2026/04/13 21:17:18.598, 1, 3476, 100, 0, 34, 42.66
2026/04/13 21:17:19.602, 0, 3476, 100, 0, 35, 42.09
2026/04/13 21:17:19.605, 1, 3476, 100, 0, 34, 42.55
2026/04/13 21:17:20.609, 0, 3476, 100, 0, 35, 41.91
2026/04/13 21:17:20.611, 1, 3476, 100, 0, 34, 42.56
2026/04/13 21:17:21.615, 0, 3476, 100, 0, 35, 42.10
2026/04/13 21:17:21.619, 1, 3476, 100, 0, 34, 42.65
2026/04/13 21:17:22.623, 0, 3476, 100, 0, 35, 42.00
2026/04/13 21:17:22.627, 1, 3476, 100, 0, 34, 42.65
2026/04/13 21:17:23.631, 0, 3476, 100, 0, 35, 42.10
2026/04/13 21:17:23.633, 1, 3476, 100, 0, 34, 42.55
2026/04/13 21:17:24.639, 0, 3476, 100, 0, 35, 42.09
2026/04/13 21:17:24.641, 1, 3476, 100, 0, 34, 42.55
2026/04/13 21:17:25.645, 0, 3476, 100, 0, 34, 41.99
2026/04/13 21:17:25.650, 1, 3476, 100, 0, 34, 42.65
2026/04/13 21:17:26.653, 0, 3476, 100, 0, 35, 42.00
2026/04/13 21:17:26.656, 1, 3476, 100, 0, 34, 42.55
2026/04/13 21:17:27.663, 0, 3476, 100, 0, 35, 42.00
2026/04/13 21:17:27.665, 1, 3476, 100, 0, 34, 42.65
2026/04/13 21:17:28.669, 0, 3476, 100, 0, 35, 42.00
2026/04/13 21:17:28.672, 1, 3476, 100, 0, 34, 42.55
2026/04/13 21:17:29.676, 0, 3476, 100, 0, 35, 42.00
2026/04/13 21:17:29.678, 1, 3476, 100, 0, 34, 42.55
2026/04/13 21:17:30.682, 0, 3476, 100, 0, 35, 42.01
2026/04/13 21:17:30.685, 1, 3476, 100, 0, 34, 42.55
2026/04/13 21:17:31.688, 0, 3476, 100, 0, 35, 42.10
2026/04/13 21:17:31.691, 1, 3476, 100, 0, 34, 42.55
2026/04/13 21:17:32.696, 0, 3476, 100, 0, 35, 42.10
2026/04/13 21:17:32.698, 1, 3476, 100, 0, 34, 42.65
2026/04/13 21:17:33.702, 0, 3476, 100, 0, 35, 42.19
2026/04/13 21:17:33.706, 1, 3476, 100, 0, 34, 42.65
2026/04/13 21:17:34.709, 0, 3476, 100, 0, 34, 42.00
2026/04/13 21:17:34.712, 1, 3476, 100, 0, 34, 42.55
2026/04/13 21:17:35.716, 0, 3476, 100, 0, 35, 42.01
2026/04/13 21:17:35.718, 1, 3476, 100, 0, 34, 42.65
2026/04/13 21:17:36.722, 0, 3476, 100, 0, 35, 42.10
2026/04/13 21:17:36.725, 1, 3476, 100, 0, 34, 42.56
2026/04/13 21:17:37.729, 0, 3476, 100, 0, 35, 42.00
2026/04/13 21:17:37.731, 1, 3476, 100, 0, 34, 42.56
2026/04/13 21:17:38.735, 0, 3476, 100, 0, 35, 42.00
2026/04/13 21:17:38.738, 1, 3476, 100, 0, 34, 42.56
2026/04/13 21:17:39.742, 0, 3476, 100, 0, 35, 42.19
2026/04/13 21:17:39.744, 1, 3476, 100, 0, 34, 42.55
2026/04/13 21:17:40.748, 0, 3476, 100, 0, 35, 42.00
2026/04/13 21:17:40.751, 1, 3476, 100, 0, 34, 42.55
2026/04/13 21:17:41.754, 0, 3476, 100, 0, 35, 42.10
2026/04/13 21:17:41.757, 1, 3476, 100, 0, 34, 42.56
2026/04/13 21:17:42.761, 0, 3476, 100, 0, 35, 41.89
2026/04/13 21:17:42.764, 1, 3476, 100, 0, 34, 42.56
2026/04/13 21:17:43.767, 0, 3476, 100, 0, 35, 41.99
2026/04/13 21:17:43.773, 1, 3476, 100, 0, 34, 42.55
2026/04/13 21:17:44.778, 0, 3476, 100, 0, 35, 42.09
2026/04/13 21:17:44.781, 1, 3476, 100, 0, 34, 42.65
2026/04/13 21:17:45.785, 0, 3476, 100, 0, 35, 42.00
2026/04/13 21:17:45.788, 1, 3476, 100, 0, 34, 42.65
2026/04/13 21:17:46.792, 0, 3476, 100, 0, 35, 41.89
2026/04/13 21:17:46.794, 1, 3476, 100, 0, 34, 42.56
2026/04/13 21:17:47.798, 0, 3476, 100, 0, 34, 41.99
2026/04/13 21:17:47.801, 1, 3476, 100, 0, 34, 42.65
2026/04/13 21:17:48.805, 0, 3476, 100, 0, 35, 42.00
2026/04/13 21:17:48.808, 1, 3476, 100, 0, 34, 42.55
2026/04/13 21:17:49.811, 0, 3476, 100, 0, 35, 42.10
2026/04/13 21:17:49.814, 1, 3476, 100, 0, 34, 42.55
2026/04/13 21:17:50.818, 0, 3476, 100, 0, 35, 42.00
2026/04/13 21:17:50.821, 1, 3476, 100, 0, 34, 42.56
2026/04/13 21:17:51.827, 0, 3476, 100, 0, 35, 42.00
2026/04/13 21:17:51.829, 1, 3476, 100, 0, 34, 42.66
2026/04/13 21:17:52.833, 0, 3476, 100, 0, 34, 42.10
2026/04/13 21:17:52.836, 1, 3476, 100, 0, 34, 42.45
2026/04/13 21:17:53.839, 0, 3476, 100, 0, 35, 41.91
2026/04/13 21:17:53.842, 1, 3476, 100, 0, 34, 42.56
2026/04/13 21:17:54.846, 0, 3476, 100, 0, 35, 42.00
2026/04/13 21:17:54.849, 1, 3476, 100, 0, 34, 42.55
2026/04/13 21:17:55.852, 0, 3476, 100, 0, 35, 42.00
2026/04/13 21:17:55.857, 1, 3476, 100, 0, 34, 42.55
2026/04/13 21:17:56.861, 0, 3476, 100, 0, 35, 42.00
2026/04/13 21:17:56.863, 1, 3476, 100, 0, 34, 42.55
2026/04/13 21:17:57.867, 0, 3476, 100, 0, 35, 41.99
2026/04/13 21:17:57.871, 1, 3476, 100, 0, 34, 42.55
2026/04/13 21:17:58.874, 0, 3476, 100, 0, 35, 42.00
2026/04/13 21:17:58.877, 1, 3476, 100, 0, 34, 42.55
2026/04/13 21:17:59.881, 0, 3476, 100, 0, 35, 42.01
2026/04/13 21:17:59.885, 1, 3476, 100, 0, 34, 42.55
2026/04/13 21:18:00.891, 0, 3476, 100, 0, 35, 41.91
2026/04/13 21:18:00.893, 1, 3476, 100, 0, 34, 42.56
2026/04/13 21:18:01.897, 0, 3476, 100, 0, 35, 42.00
2026/04/13 21:18:01.900, 1, 3476, 100, 0, 34, 42.56
2026/04/13 21:18:02.904, 0, 3476, 100, 0, 35, 42.00
2026/04/13 21:18:02.906, 1, 3476, 100, 0, 34, 42.56
2026/04/13 21:18:03.910, 0, 3476, 100, 0, 34, 42.00
2026/04/13 21:18:03.913, 1, 3476, 100, 0, 34, 42.65
2026/04/13 21:18:04.917, 0, 3476, 100, 0, 35, 42.10
2026/04/13 21:18:04.919, 1, 3476, 100, 0, 34, 42.55
2026/04/13 21:18:05.924, 0, 3476, 100, 0, 35, 42.00
2026/04/13 21:18:05.926, 1, 3476, 100, 0, 34, 42.65
2026/04/13 21:18:06.932, 0, 3476, 100, 0, 34, 42.00
2026/04/13 21:18:06.935, 1, 3476, 100, 0, 34, 42.55
2026/04/13 21:18:07.938, 0, 3476, 100, 0, 35, 42.00
2026/04/13 21:18:07.941, 1, 3476, 100, 0, 34, 42.55
2026/04/13 21:18:08.945, 0, 3476, 100, 0, 34, 41.91
2026/04/13 21:18:08.947, 1, 3476, 100, 0, 34, 42.65
2026/04/13 21:18:09.951, 0, 3476, 100, 0, 35, 42.00
2026/04/13 21:18:09.954, 1, 3476, 100, 0, 34, 42.55
2026/04/13 21:18:10.958, 0, 3476, 100, 0, 34, 42.00
2026/04/13 21:18:10.960, 1, 3476, 100, 0, 34, 42.56
2026/04/13 21:18:11.964, 0, 3476, 100, 0, 34, 42.09
2026/04/13 21:18:11.968, 1, 3476, 100, 0, 34, 42.56
2026/04/13 21:18:12.971, 0, 3476, 100, 0, 34, 41.89
2026/04/13 21:18:12.974, 1, 3476, 100, 0, 34, 42.55
2026/04/13 21:18:13.978, 0, 3476, 100, 0, 34, 42.00
2026/04/13 21:18:13.980, 1, 3476, 100, 0, 34, 42.55
2026/04/13 21:18:14.984, 0, 3476, 100, 0, 34, 42.10
2026/04/13 21:18:14.987, 1, 3476, 100, 0, 34, 42.65
2026/04/13 21:18:15.991, 0, 3476, 100, 0, 34, 42.10
2026/04/13 21:18:15.995, 1, 3476, 100, 0, 34, 42.55
2026/04/13 21:18:16.998, 0, 3476, 100, 0, 34, 42.00
2026/04/13 21:18:17.003, 1, 3476, 100, 0, 34, 42.55
2026/04/13 21:18:18.007, 0, 3476, 100, 0, 35, 41.99
2026/04/13 21:18:18.009, 1, 3476, 100, 0, 34, 42.55
2026/04/13 21:18:19.013, 0, 3476, 100, 0, 34, 42.00
2026/04/13 21:18:19.016, 1, 3476, 100, 0, 34, 42.55
2026/04/13 21:18:20.020, 0, 3476, 100, 0, 34, 41.99
2026/04/13 21:18:20.023, 1, 3476, 100, 0, 34, 42.55
2026/04/13 21:18:21.027, 0, 3476, 100, 0, 34, 42.00
2026/04/13 21:18:21.030, 1, 3476, 100, 0, 34, 42.56
2026/04/13 21:18:22.033, 0, 3476, 100, 0, 35, 41.99
2026/04/13 21:18:22.036, 1, 3476, 100, 0, 34, 42.55
2026/04/13 21:18:23.040, 0, 3476, 100, 0, 34, 42.00
2026/04/13 21:18:23.042, 1, 3476, 100, 0, 34, 42.65
2026/04/13 21:18:24.046, 0, 3476, 100, 0, 35, 42.00
2026/04/13 21:18:24.051, 1, 3476, 100, 0, 34, 42.66
2026/04/13 21:18:25.055, 0, 3476, 100, 0, 34, 42.10
2026/04/13 21:18:25.058, 1, 3476, 100, 0, 34, 42.55
2026/04/13 21:18:26.061, 0, 3476, 100, 0, 35, 42.00
2026/04/13 21:18:26.064, 1, 3476, 100, 0, 34, 42.65
2026/04/13 21:18:27.068, 0, 3476, 100, 0, 34, 42.10
2026/04/13 21:18:27.071, 1, 3476, 100, 0, 34, 42.55
2026/04/13 21:18:28.076, 0, 3476, 100, 0, 34, 42.10
2026/04/13 21:18:28.080, 1, 3476, 100, 0, 34, 42.55
2026/04/13 21:18:29.083, 0, 3476, 100, 0, 34, 42.00
2026/04/13 21:18:29.086, 1, 3476, 100, 0, 34, 42.55
2026/04/13 21:18:30.088, 0, 3476, 100, 0, 34, 42.09
2026/04/13 21:18:30.091, 1, 3476, 100, 0, 34, 42.55
2026/04/13 21:18:31.095, 0, 3476, 100, 0, 34, 42.01
2026/04/13 21:18:31.098, 1, 3476, 100, 0, 34, 42.65
2026/04/13 21:18:32.102, 0, 3476, 100, 0, 35, 42.00
2026/04/13 21:18:32.105, 1, 3476, 100, 0, 34, 42.56
2026/04/13 21:18:33.108, 0, 3476, 100, 0, 35, 41.90
2026/04/13 21:18:33.111, 1, 3476, 100, 0, 34, 42.55
2026/04/13 21:18:34.113, 0, 3476, 100, 0, 35, 41.90
2026/04/13 21:18:34.116, 1, 3476, 100, 0, 34, 42.55
2026/04/13 21:18:35.119, 0, 3476, 100, 0, 34, 41.90
2026/04/13 21:18:35.121, 1, 3476, 100, 0, 34, 42.55
2026/04/13 21:18:36.126, 0, 3476, 100, 0, 35, 41.99
2026/04/13 21:18:36.129, 1, 3476, 100, 0, 34, 42.66
2026/04/13 21:18:37.131, 0, 3476, 100, 0, 35, 42.10
2026/04/13 21:18:37.135, 1, 3476, 100, 0, 34, 42.65
2026/04/13 21:18:38.137, 0, 3476, 100, 0, 35, 41.99
2026/04/13 21:18:38.140, 1, 3476, 100, 0, 34, 42.55
2026/04/13 21:18:39.143, 0, 3476, 100, 0, 34, 42.10
2026/04/13 21:18:39.148, 1, 3476, 100, 0, 34, 42.65
2026/04/13 21:18:40.151, 0, 3476, 100, 0, 35, 41.99
2026/04/13 21:18:40.154, 1, 3476, 100, 0, 34, 42.55
2026/04/13 21:18:41.156, 0, 3476, 100, 0, 35, 41.99
2026/04/13 21:18:41.159, 1, 3476, 100, 0, 34, 42.55
2026/04/13 21:18:42.164, 0, 3476, 100, 0, 34, 42.10
2026/04/13 21:18:42.166, 1, 3476, 100, 0, 34, 42.56
2026/04/13 21:18:43.170, 0, 3476, 100, 0, 34, 42.10
2026/04/13 21:18:43.173, 1, 3476, 100, 0, 34, 42.55
2026/04/13 21:18:44.177, 0, 3476, 100, 0, 34, 41.99
2026/04/13 21:18:44.179, 1, 3476, 100, 0, 34, 42.55
2026/04/13 21:18:45.184, 0, 3476, 100, 0, 34, 41.90
2026/04/13 21:18:45.187, 1, 3476, 100, 0, 34, 42.56
2026/04/13 21:18:46.191, 0, 3476, 100, 0, 35, 41.91
2026/04/13 21:18:46.194, 1, 3476, 100, 0, 34, 42.55
2026/04/13 21:18:47.197, 0, 3476, 100, 0, 34, 42.00
2026/04/13 21:18:47.201, 1, 3476, 100, 0, 34, 42.55
2026/04/13 21:18:48.205, 0, 3476, 100, 0, 34, 42.00
2026/04/13 21:18:48.207, 1, 3476, 100, 0, 34, 42.65
2026/04/13 21:18:49.211, 0, 3476, 100, 0, 34, 42.00
2026/04/13 21:18:49.214, 1, 3476, 100, 0, 34, 42.65
2026/04/13 21:18:50.218, 0, 3476, 100, 0, 34, 42.00
2026/04/13 21:18:50.222, 1, 3476, 100, 0, 34, 42.56
2026/04/13 21:18:51.227, 0, 3476, 100, 0, 34, 42.00
2026/04/13 21:18:51.230, 1, 3476, 100, 0, 34, 42.55
2026/04/13 21:18:52.234, 0, 3476, 100, 0, 34, 41.89
2026/04/13 21:18:52.236, 1, 3476, 100, 0, 34, 42.66
2026/04/13 21:18:53.240, 0, 3476, 100, 0, 34, 42.01
2026/04/13 21:18:53.243, 1, 3476, 100, 0, 34, 42.55
2026/04/13 21:18:54.247, 0, 3476, 100, 0, 34, 41.99
2026/04/13 21:18:54.249, 1, 3476, 100, 0, 34, 42.56
2026/04/13 21:18:55.253, 0, 3476, 100, 0, 34, 42.00
2026/04/13 21:18:55.256, 1, 3476, 100, 0, 34, 42.65
2026/04/13 21:18:56.260, 0, 3476, 100, 0, 34, 42.00
2026/04/13 21:18:56.263, 1, 3476, 100, 0, 34, 42.55
2026/04/13 21:18:57.266, 0, 3476, 100, 0, 34, 41.99
2026/04/13 21:18:57.269, 1, 3476, 100, 0, 34, 42.65
2026/04/13 21:18:58.273, 0, 3476, 100, 0, 34, 42.10
2026/04/13 21:18:58.276, 1, 3476, 100, 0, 34, 42.55
2026/04/13 21:18:59.280, 0, 3476, 100, 0, 34, 41.99
2026/04/13 21:18:59.284, 1, 3476, 100, 0, 34, 42.56
2026/04/13 21:19:00.290, 0, 3476, 100, 0, 34, 42.01
2026/04/13 21:19:00.292, 1, 3476, 100, 0, 34, 42.56
2026/04/13 21:19:01.296, 0, 3476, 100, 0, 34, 41.99
2026/04/13 21:19:01.299, 1, 3476, 100, 0, 34, 42.55
2026/04/13 21:19:02.303, 0, 3476, 100, 0, 34, 42.00
2026/04/13 21:19:02.305, 1, 3476, 100, 0, 34, 42.65
2026/04/13 21:19:03.309, 0, 3476, 100, 0, 35, 41.99
2026/04/13 21:19:03.312, 1, 3476, 100, 0, 34, 42.55
2026/04/13 21:19:04.316, 0, 3476, 100, 0, 34, 41.99
2026/04/13 21:19:04.319, 1, 3476, 100, 0, 34, 42.55
2026/04/13 21:19:05.323, 0, 3476, 100, 0, 34, 41.99
2026/04/13 21:19:05.326, 1, 3476, 100, 0, 34, 42.55
2026/04/13 21:19:06.331, 0, 3476, 100, 0, 34, 41.99
2026/04/13 21:19:06.333, 1, 3476, 100, 0, 34, 42.55
2026/04/13 21:19:07.337, 0, 3476, 100, 0, 34, 42.09
2026/04/13 21:19:07.340, 1, 3476, 100, 0, 34, 42.56
2026/04/13 21:19:08.344, 0, 3476, 100, 0, 34, 41.89
2026/04/13 21:19:08.346, 1, 3476, 100, 0, 34, 42.55
2026/04/13 21:19:09.352, 0, 3476, 100, 0, 34, 41.99
2026/04/13 21:19:09.355, 1, 3476, 100, 0, 34, 42.65
2026/04/13 21:19:10.359, 0, 3476, 100, 0, 34, 42.00
2026/04/13 21:19:10.362, 1, 3476, 100, 0, 34, 42.55
2026/04/13 21:19:11.365, 0, 3476, 100, 0, 34, 42.00
2026/04/13 21:19:11.369, 1, 3476, 100, 0, 34, 42.55
2026/04/13 21:19:12.373, 0, 3476, 100, 0, 34, 42.00
2026/04/13 21:19:12.375, 1, 3476, 100, 0, 34, 42.55
2026/04/13 21:19:13.379, 0, 3476, 100, 0, 35, 42.00
2026/04/13 21:19:13.382, 1, 3476, 100, 0, 34, 42.55
2026/04/13 21:19:14.386, 0, 3476, 100, 0, 34, 42.01
2026/04/13 21:19:14.388, 1, 3476, 100, 0, 34, 42.56
2026/04/13 21:19:15.392, 0, 3476, 100, 0, 34, 42.00
2026/04/13 21:19:15.395, 1, 3476, 100, 0, 34, 42.65
2026/04/13 21:19:16.399, 0, 3476, 100, 0, 34, 42.01
2026/04/13 21:19:16.402, 1, 3476, 100, 0, 34, 42.55
2026/04/13 21:19:17.406, 0, 3476, 100, 0, 34, 42.00
2026/04/13 21:19:17.408, 1, 3476, 100, 0, 34, 42.55
2026/04/13 21:19:18.412, 0, 3476, 100, 0, 34, 42.00
2026/04/13 21:19:18.415, 1, 3476, 100, 0, 34, 42.55
2026/04/13 21:19:19.419, 0, 3476, 100, 0, 35, 42.00
2026/04/13 21:19:19.422, 1, 3476, 100, 0, 34, 42.65
2026/04/13 21:19:20.426, 0, 3476, 100, 0, 34, 41.90
2026/04/13 21:19:20.428, 1, 3476, 100, 0, 34, 42.55
2026/04/13 21:19:21.432, 0, 3476, 100, 0, 34, 42.01
2026/04/13 21:19:21.435, 1, 3476, 100, 0, 34, 42.56
2026/04/13 21:19:22.438, 0, 3476, 100, 0, 34, 42.01
2026/04/13 21:19:22.441, 1, 3476, 100, 0, 34, 42.55
2026/04/13 21:19:23.445, 0, 3476, 100, 0, 35, 41.90
2026/04/13 21:19:23.448, 1, 3476, 100, 0, 34, 42.55
2026/04/13 21:19:24.452, 0, 3476, 100, 0, 35, 42.00
2026/04/13 21:19:24.456, 1, 3476, 100, 0, 34, 42.55
2026/04/13 21:19:25.460, 0, 3476, 100, 0, 35, 41.90
2026/04/13 21:19:25.462, 1, 3476, 100, 0, 34, 42.55
2026/04/13 21:19:26.465, 0, 3476, 100, 0, 34, 41.99
2026/04/13 21:19:26.468, 1, 3476, 100, 0, 34, 42.55
2026/04/13 21:19:27.472, 0, 3476, 100, 0, 35, 42.00
2026/04/13 21:19:27.475, 1, 3476, 100, 0, 34, 42.55
2026/04/13 21:19:28.478, 0, 3476, 100, 0, 34, 42.00
2026/04/13 21:19:28.484, 1, 3476, 100, 0, 34, 42.65
2026/04/13 21:19:29.489, 0, 3476, 100, 0, 35, 42.00
2026/04/13 21:19:29.491, 1, 3476, 100, 0, 34, 42.65
2026/04/13 21:19:30.496, 0, 3476, 100, 0, 35, 42.01
2026/04/13 21:19:30.499, 1, 3476, 100, 0, 34, 42.65
2026/04/13 21:19:31.507, 0, 3476, 100, 0, 35, 42.01
2026/04/13 21:19:31.509, 1, 3476, 100, 0, 34, 42.66
2026/04/13 21:19:32.512, 0, 3476, 100, 0, 35, 42.00
2026/04/13 21:19:32.515, 1, 3476, 100, 0, 34, 42.55
2026/04/13 21:19:33.520, 0, 3476, 100, 0, 34, 42.00
2026/04/13 21:19:33.523, 1, 3476, 100, 0, 34, 42.66
2026/04/13 21:19:34.526, 0, 3476, 100, 0, 34, 41.99
2026/04/13 21:19:34.528, 1, 3476, 100, 0, 34, 42.55
2026/04/13 21:19:35.532, 0, 3476, 100, 0, 34, 42.01
2026/04/13 21:19:35.537, 1, 3476, 100, 0, 34, 42.55
2026/04/13 21:19:36.541, 0, 3476, 100, 0, 34, 42.01
2026/04/13 21:19:36.543, 1, 3476, 100, 0, 34, 42.56
2026/04/13 21:19:37.547, 0, 3476, 100, 0, 34, 41.90
2026/04/13 21:19:37.550, 1, 3476, 100, 0, 34, 42.55
2026/04/13 21:19:38.554, 0, 3476, 100, 0, 34, 42.01
2026/04/13 21:19:38.557, 1, 3476, 100, 0, 34, 42.55
2026/04/13 21:19:39.566, 0, 3476, 100, 0, 34, 42.01
2026/04/13 21:19:39.568, 1, 3476, 100, 0, 34, 42.65
2026/04/13 21:19:40.574, 0, 3476, 100, 0, 34, 42.00
2026/04/13 21:19:40.577, 1, 3476, 100, 0, 34, 42.55
2026/04/13 21:19:41.581, 0, 3476, 100, 0, 34, 42.01
2026/04/13 21:19:41.584, 1, 3476, 100, 0, 34, 42.65
2026/04/13 21:19:42.588, 0, 3476, 100, 0, 34, 41.90
2026/04/13 21:19:42.590, 1, 3476, 100, 0, 34, 42.65
2026/04/13 21:19:43.594, 0, 3476, 100, 0, 34, 42.00
2026/04/13 21:19:43.597, 1, 3476, 100, 0, 34, 42.65
2026/04/13 21:19:44.601, 0, 3476, 100, 0, 34, 42.00
2026/04/13 21:19:44.603, 1, 3476, 100, 0, 34, 42.55
2026/04/13 21:19:45.607, 0, 3476, 100, 0, 34, 42.00
2026/04/13 21:19:45.610, 1, 3476, 100, 0, 34, 42.56
2026/04/13 21:19:46.614, 0, 3476, 100, 0, 34, 41.90
2026/04/13 21:19:46.619, 1, 3476, 100, 0, 34, 42.65
2026/04/13 21:19:47.623, 0, 3476, 100, 0, 34, 41.90
2026/04/13 21:19:47.625, 1, 3476, 100, 0, 34, 42.56
2026/04/13 21:19:48.629, 0, 3476, 100, 0, 34, 42.00
2026/04/13 21:19:48.632, 1, 3476, 100, 0, 34, 42.65
2026/04/13 21:19:49.635, 0, 3476, 100, 0, 34, 41.99
2026/04/13 21:19:49.641, 1, 3476, 100, 0, 34, 42.55
2026/04/13 21:19:50.644, 0, 3476, 100, 0, 34, 41.90
2026/04/13 21:19:50.647, 1, 3476, 100, 0, 34, 42.55
2026/04/13 21:19:51.651, 0, 3476, 100, 0, 34, 42.10
2026/04/13 21:19:51.654, 1, 3476, 100, 0, 34, 42.55
2026/04/13 21:19:52.659, 0, 3476, 100, 0, 34, 41.99
2026/04/13 21:19:52.661, 1, 3476, 100, 0, 34, 42.55
2026/04/13 21:19:53.665, 0, 3476, 100, 0, 34, 41.89
2026/04/13 21:19:53.668, 1, 3476, 100, 0, 34, 42.55
2026/04/13 21:19:54.673, 0, 3476, 100, 0, 34, 42.01
2026/04/13 21:19:54.679, 1, 3476, 100, 0, 34, 42.65
2026/04/13 21:19:55.682, 0, 3476, 100, 0, 34, 41.89
2026/04/13 21:19:55.685, 1, 3476, 100, 0, 34, 42.66
2026/04/13 21:19:56.689, 0, 3476, 100, 0, 34, 42.00
2026/04/13 21:19:56.691, 1, 3476, 100, 0, 34, 42.66
2026/04/13 21:19:57.695, 0, 3476, 100, 0, 34, 41.90
2026/04/13 21:19:57.698, 1, 3476, 100, 0, 34, 42.55
2026/04/13 21:19:58.704, 0, 3476, 100, 0, 34, 42.00
2026/04/13 21:19:58.708, 1, 3476, 100, 0, 34, 42.55
2026/04/13 21:19:59.712, 0, 3476, 100, 0, 34, 42.00
2026/04/13 21:19:59.715, 1, 3476, 100, 0, 34, 42.55
2026/04/13 21:20:00.720, 0, 3476, 100, 0, 34, 41.91
2026/04/13 21:20:00.723, 1, 3476, 100, 0, 34, 42.56
2026/04/13 21:20:01.727, 0, 3476, 100, 0, 34, 41.90
2026/04/13 21:20:01.729, 1, 3476, 100, 0, 34, 42.65
2026/04/13 21:20:02.736, 0, 3476, 100, 0, 35, 41.99
2026/04/13 21:20:02.739, 1, 3476, 100, 0, 34, 42.55
2026/04/13 21:20:03.742, 0, 3476, 100, 0, 34, 42.00
2026/04/13 21:20:03.745, 1, 3476, 100, 0, 34, 42.55
2026/04/13 21:20:04.749, 0, 3476, 100, 0, 34, 42.01
2026/04/13 21:20:04.752, 1, 3476, 100, 0, 34, 42.66
2026/04/13 21:20:05.756, 0, 3476, 100, 0, 34, 41.90
2026/04/13 21:20:05.759, 1, 3476, 100, 0, 34, 42.55
2026/04/13 21:20:06.762, 0, 3476, 100, 0, 35, 41.99
2026/04/13 21:20:06.765, 1, 3476, 100, 0, 34, 42.56
2026/04/13 21:20:07.771, 0, 3476, 100, 0, 34, 41.91
2026/04/13 21:20:07.773, 1, 3476, 100, 0, 34, 42.55
2026/04/13 21:20:08.777, 0, 3476, 100, 0, 34, 42.00
2026/04/13 21:20:08.780, 1, 3476, 100, 0, 34, 42.56
2026/04/13 21:20:09.783, 0, 3476, 100, 0, 34, 42.00
2026/04/13 21:20:09.786, 1, 3476, 100, 0, 34, 42.65
2026/04/13 21:20:10.790, 0, 3476, 100, 0, 34, 41.99
2026/04/13 21:20:10.793, 1, 3476, 100, 0, 34, 42.55
2026/04/13 21:20:11.797, 0, 3476, 100, 0, 34, 42.09
2026/04/13 21:20:11.800, 1, 3476, 100, 0, 34, 42.55
2026/04/13 21:20:12.804, 0, 3476, 100, 0, 34, 41.90
2026/04/13 21:20:12.806, 1, 3476, 100, 0, 34, 42.56
2026/04/13 21:20:13.810, 0, 3476, 100, 0, 34, 42.00
2026/04/13 21:20:13.813, 1, 3476, 100, 0, 34, 42.55
2026/04/13 21:20:14.817, 0, 3476, 100, 0, 34, 42.00
2026/04/13 21:20:14.819, 1, 3476, 100, 0, 34, 42.55
2026/04/13 21:20:15.823, 0, 3476, 100, 0, 34, 41.99
2026/04/13 21:20:15.826, 1, 3476, 100, 0, 34, 42.65
2026/04/13 21:20:16.829, 0, 3476, 100, 0, 34, 41.89
2026/04/13 21:20:16.832, 1, 3476, 100, 0, 34, 42.55
2026/04/13 21:20:17.836, 0, 3476, 100, 0, 34, 41.90
2026/04/13 21:20:17.839, 1, 3476, 100, 0, 34, 42.55
2026/04/13 21:20:18.843, 0, 3476, 100, 0, 34, 42.01
2026/04/13 21:20:18.846, 1, 3476, 100, 0, 34, 42.55
2026/04/13 21:20:19.850, 0, 3476, 100, 0, 34, 42.01
2026/04/13 21:20:19.853, 1, 3476, 100, 0, 34, 42.55
2026/04/13 21:20:20.857, 0, 3476, 100, 0, 35, 42.00
2026/04/13 21:20:20.859, 1, 3476, 100, 0, 34, 42.65
2026/04/13 21:20:21.863, 0, 3476, 100, 0, 34, 42.00
2026/04/13 21:20:21.866, 1, 3476, 100, 0, 34, 42.65
2026/04/13 21:20:22.870, 0, 3476, 100, 0, 34, 42.00
2026/04/13 21:20:22.872, 1, 3476, 100, 0, 34, 42.55
2026/04/13 21:20:23.876, 0, 3476, 100, 0, 34, 41.90
2026/04/13 21:20:23.882, 1, 3476, 100, 0, 34, 42.65
2026/04/13 21:20:24.886, 0, 3476, 100, 0, 34, 42.10
2026/04/13 21:20:24.888, 1, 3476, 100, 0, 34, 42.55
2026/04/13 21:20:25.892, 0, 3476, 100, 0, 34, 41.99
2026/04/13 21:20:25.895, 1, 3476, 100, 0, 34, 42.55
2026/04/13 21:20:26.899, 0, 3476, 100, 0, 35, 41.99
2026/04/13 21:20:26.902, 1, 3476, 100, 0, 34, 42.55
2026/04/13 21:20:27.906, 0, 3476, 100, 0, 35, 42.00
2026/04/13 21:20:27.909, 1, 3476, 100, 0, 34, 42.55
2026/04/13 21:20:28.913, 0, 3476, 100, 0, 35, 42.00
2026/04/13 21:20:28.916, 1, 3476, 100, 0, 34, 42.65
2026/04/13 21:20:29.920, 0, 3476, 100, 0, 34, 42.00
2026/04/13 21:20:29.923, 1, 3476, 100, 0, 34, 42.55
2026/04/13 21:20:30.930, 0, 3476, 100, 0, 35, 42.10
2026/04/13 21:20:30.935, 1, 3476, 100, 0, 34, 42.55
2026/04/13 21:20:31.938, 0, 3476, 100, 0, 34, 42.01
2026/04/13 21:20:31.941, 1, 3476, 100, 0, 34, 42.65
2026/04/13 21:20:32.945, 0, 3476, 100, 0, 35, 41.90
2026/04/13 21:20:32.947, 1, 3476, 100, 0, 34, 42.55
2026/04/13 21:20:33.951, 0, 3476, 100, 0, 34, 41.89
2026/04/13 21:20:33.954, 1, 3476, 100, 0, 34, 42.55
2026/04/13 21:20:34.960, 0, 3476, 100, 0, 34, 42.00
2026/04/13 21:20:34.963, 1, 3476, 100, 0, 34, 42.55
2026/04/13 21:20:35.966, 0, 3476, 100, 0, 35, 41.99
2026/04/13 21:20:35.969, 1, 3476, 100, 0, 34, 42.55
2026/04/13 21:20:36.973, 0, 3476, 100, 0, 35, 41.99
2026/04/13 21:20:36.976, 1, 3476, 100, 0, 34, 42.55
2026/04/13 21:20:37.979, 0, 3476, 100, 0, 35, 41.99
2026/04/13 21:20:37.982, 1, 3476, 100, 0, 34, 42.55
2026/04/13 21:20:38.986, 0, 3476, 100, 0, 35, 42.00
2026/04/13 21:20:38.991, 1, 3476, 100, 0, 34, 42.55
2026/04/13 21:20:39.995, 0, 3476, 100, 0, 35, 42.00
2026/04/13 21:20:39.998, 1, 3476, 100, 0, 34, 42.65
2026/04/13 21:20:41.001, 0, 3476, 100, 0, 35, 41.99
2026/04/13 21:20:41.004, 1, 3476, 100, 0, 34, 42.65
2026/04/13 21:20:42.008, 0, 3476, 100, 0, 34, 42.10
2026/04/13 21:20:42.010, 1, 3476, 100, 0, 34, 42.65
2026/04/13 21:20:43.014, 0, 3476, 100, 0, 34, 42.00
2026/04/13 21:20:43.017, 1, 3476, 100, 0, 34, 42.55
2026/04/13 21:20:44.021, 0, 3476, 100, 0, 35, 41.90
2026/04/13 21:20:44.023, 1, 3476, 100, 0, 34, 42.55
2026/04/13 21:20:45.027, 0, 3476, 100, 0, 34, 42.00
2026/04/13 21:20:45.030, 1, 3476, 100, 0, 34, 42.65
2026/04/13 21:20:46.034, 0, 3476, 100, 0, 35, 41.99
2026/04/13 21:20:46.037, 1, 3476, 100, 0, 34, 42.55
2026/04/13 21:20:47.041, 0, 3476, 100, 0, 35, 41.91
2026/04/13 21:20:47.044, 1, 3476, 100, 0, 34, 42.55
2026/04/13 21:20:48.048, 0, 3476, 100, 0, 34, 41.99
2026/04/13 21:20:48.051, 1, 3476, 100, 0, 34, 42.55
2026/04/13 21:20:49.055, 0, 3476, 100, 0, 35, 42.00
2026/04/13 21:20:49.058, 1, 3476, 100, 0, 34, 42.65
2026/04/13 21:20:50.061, 0, 3476, 100, 0, 34, 41.89
2026/04/13 21:20:50.064, 1, 3476, 100, 0, 34, 42.65
2026/04/13 21:20:51.068, 0, 3476, 100, 0, 35, 42.00
2026/04/13 21:20:51.071, 1, 3476, 100, 0, 34, 42.65
2026/04/13 21:20:52.076, 0, 3476, 100, 0, 35, 41.99
2026/04/13 21:20:52.079, 1, 3476, 100, 0, 34, 42.55
2026/04/13 21:20:53.082, 0, 3476, 100, 0, 34, 41.99
2026/04/13 21:20:53.085, 1, 3476, 100, 0, 34, 42.56
2026/04/13 21:20:54.088, 0, 3476, 100, 0, 35, 41.99
2026/04/13 21:20:54.091, 1, 3476, 100, 0, 34, 42.55
2026/04/13 21:20:55.095, 0, 3476, 100, 0, 35, 41.99
2026/04/13 21:20:55.097, 1, 3476, 100, 0, 34, 42.55
2026/04/13 21:20:56.101, 0, 3476, 100, 0, 35, 42.10
2026/04/13 21:20:56.108, 1, 3476, 100, 0, 34, 42.55
2026/04/13 21:20:57.111, 0, 3476, 100, 0, 35, 41.99
2026/04/13 21:20:57.114, 1, 3476, 100, 0, 34, 42.65
2026/04/13 21:20:58.117, 0, 3476, 100, 0, 34, 42.10
2026/04/13 21:20:58.120, 1, 3476, 100, 0, 34, 42.55
2026/04/13 21:20:59.124, 0, 3476, 100, 0, 35, 42.00
2026/04/13 21:20:59.126, 1, 3476, 100, 0, 34, 42.55
2026/04/13 21:21:00.129, 0, 3476, 100, 0, 34, 42.00
2026/04/13 21:21:00.132, 1, 3476, 100, 0, 34, 42.65
2026/04/13 21:21:01.135, 0, 3476, 100, 0, 34, 41.90
2026/04/13 21:21:01.138, 1, 3476, 100, 0, 34, 42.65
2026/04/13 21:21:02.141, 0, 3476, 100, 0, 34, 41.99
2026/04/13 21:21:02.144, 1, 3476, 100, 0, 34, 42.55
2026/04/13 21:21:03.146, 0, 3476, 100, 0, 34, 42.00
2026/04/13 21:21:03.149, 1, 3476, 100, 0, 34, 42.55
2026/04/13 21:21:04.152, 0, 3476, 100, 0, 35, 41.99
2026/04/13 21:21:04.154, 1, 3476, 100, 0, 34, 42.56
2026/04/13 21:21:05.157, 0, 3476, 100, 0, 34, 41.99
2026/04/13 21:21:05.160, 1, 3476, 100, 0, 34, 42.65
2026/04/13 21:21:06.163, 0, 3476, 100, 0, 35, 42.09
2026/04/13 21:21:06.165, 1, 3476, 100, 0, 34, 42.65
2026/04/13 21:21:07.168, 0, 3476, 100, 0, 35, 42.10
2026/04/13 21:21:07.171, 1, 3476, 100, 0, 34, 42.55
2026/04/13 21:21:08.175, 0, 3476, 100, 0, 35, 42.10
2026/04/13 21:21:08.178, 1, 3476, 100, 0, 34, 42.65
2026/04/13 21:21:09.181, 0, 3476, 100, 0, 35, 41.99
2026/04/13 21:21:09.183, 1, 3476, 100, 0, 34, 42.65
2026/04/13 21:21:10.186, 0, 3476, 100, 0, 35, 42.01
2026/04/13 21:21:10.190, 1, 3476, 100, 0, 34, 42.55
2026/04/13 21:21:11.192, 0, 3476, 100, 0, 34, 41.90
2026/04/13 21:21:11.195, 1, 3476, 100, 0, 34, 42.55
2026/04/13 21:21:12.198, 0, 3476, 100, 0, 35, 41.89
2026/04/13 21:21:12.201, 1, 3476, 100, 0, 34, 42.55
2026/04/13 21:21:13.204, 0, 3476, 100, 0, 34, 42.00
2026/04/13 21:21:13.207, 1, 3476, 100, 0, 34, 42.55
2026/04/13 21:21:14.210, 0, 3476, 100, 0, 34, 41.90
2026/04/13 21:21:14.213, 1, 3476, 100, 0, 34, 42.56
2026/04/13 21:21:15.217, 0, 3476, 100, 0, 34, 41.91
2026/04/13 21:21:15.220, 1, 3476, 100, 0, 34, 42.55
2026/04/13 21:21:16.222, 0, 3476, 100, 0, 34, 42.10
2026/04/13 21:21:16.225, 1, 3476, 100, 0, 34, 42.55
2026/04/13 21:21:17.228, 0, 3476, 100, 0, 35, 41.90
2026/04/13 21:21:17.232, 1, 3476, 100, 0, 34, 42.65
2026/04/13 21:21:18.235, 0, 3476, 100, 0, 35, 42.00
2026/04/13 21:21:18.237, 1, 3476, 100, 0, 34, 42.66
2026/04/13 21:21:19.243, 0, 3476, 100, 0, 35, 41.90
2026/04/13 21:21:19.245, 1, 3476, 100, 0, 34, 42.65
2026/04/13 21:21:20.248, 0, 3476, 100, 0, 34, 42.10
2026/04/13 21:21:20.251, 1, 3476, 100, 0, 34, 42.55
2026/04/13 21:21:21.254, 0, 3476, 100, 0, 34, 41.99
2026/04/13 21:21:21.256, 1, 3476, 100, 0, 34, 42.55
2026/04/13 21:21:22.260, 0, 3476, 100, 0, 34, 42.10
2026/04/13 21:21:22.263, 1, 3476, 100, 0, 34, 42.56
2026/04/13 21:21:23.266, 0, 3476, 100, 0, 34, 42.10
2026/04/13 21:21:23.268, 1, 3476, 100, 0, 34, 42.55
2026/04/13 21:21:24.271, 0, 3476, 100, 0, 34, 41.90
2026/04/13 21:21:24.274, 1, 3476, 100, 0, 34, 42.55
2026/04/13 21:21:25.278, 0, 3476, 100, 0, 35, 42.00
2026/04/13 21:21:25.281, 1, 3476, 100, 0, 34, 42.56
2026/04/13 21:21:26.285, 0, 3476, 100, 0, 34, 41.99
2026/04/13 21:21:26.288, 1, 3476, 100, 0, 34, 42.55
2026/04/13 21:21:27.291, 0, 3476, 100, 0, 34, 41.99
2026/04/13 21:21:27.294, 1, 3476, 100, 0, 34, 42.65
2026/04/13 21:21:28.298, 0, 3476, 100, 0, 34, 42.00
2026/04/13 21:21:28.301, 1, 3476, 100, 0, 34, 42.55
2026/04/13 21:21:29.303, 0, 3476, 100, 0, 35, 42.01
2026/04/13 21:21:29.306, 1, 3476, 100, 0, 34, 42.55
2026/04/13 21:21:30.311, 0, 3476, 100, 0, 34, 41.88
2026/04/13 21:21:30.314, 1, 3476, 100, 0, 34, 42.55
2026/04/13 21:21:31.317, 0, 3476, 100, 0, 35, 42.09
2026/04/13 21:21:31.322, 1, 3476, 100, 0, 34, 42.65
2026/04/13 21:21:32.325, 0, 3476, 100, 0, 35, 41.89
2026/04/13 21:21:32.328, 1, 3476, 100, 0, 34, 42.55
2026/04/13 21:21:33.332, 0, 3476, 100, 0, 34, 41.99
2026/04/13 21:21:33.335, 1, 3476, 100, 0, 34, 42.65
2026/04/13 21:21:34.338, 0, 3476, 100, 0, 35, 42.00
2026/04/13 21:21:34.341, 1, 3476, 100, 0, 34, 42.66
2026/04/13 21:21:35.347, 0, 3476, 100, 0, 35, 42.09
2026/04/13 21:21:35.350, 1, 3476, 100, 0, 34, 42.65
2026/04/13 21:21:36.354, 0, 3476, 100, 0, 35, 41.99
2026/04/13 21:21:36.357, 1, 3476, 100, 0, 34, 42.55
2026/04/13 21:21:37.360, 0, 3476, 100, 0, 35, 41.99
2026/04/13 21:21:37.363, 1, 3476, 100, 0, 34, 42.65
2026/04/13 21:21:38.367, 0, 3476, 100, 0, 35, 42.09
2026/04/13 21:21:38.369, 1, 3476, 100, 0, 34, 42.55
2026/04/13 21:21:39.373, 0, 3476, 100, 0, 35, 41.99
2026/04/13 21:21:39.377, 1, 3476, 100, 0, 34, 42.65
2026/04/13 21:21:40.381, 0, 3476, 100, 0, 35, 42.00
2026/04/13 21:21:40.384, 1, 3476, 100, 0, 34, 42.55
2026/04/13 21:21:41.387, 0, 3476, 100, 0, 35, 42.10
2026/04/13 21:21:41.390, 1, 3476, 100, 0, 34, 42.65
2026/04/13 21:21:42.394, 0, 3476, 100, 0, 35, 41.99
2026/04/13 21:21:42.397, 1, 3476, 100, 0, 34, 42.55
2026/04/13 21:21:43.400, 0, 3476, 100, 0, 35, 42.00
2026/04/13 21:21:43.406, 1, 3476, 100, 0, 34, 42.65
2026/04/13 21:21:44.410, 0, 3476, 100, 0, 35, 41.90
2026/04/13 21:21:44.413, 1, 3476, 100, 0, 34, 42.55
2026/04/13 21:21:45.416, 0, 3476, 100, 0, 35, 41.99
2026/04/13 21:21:45.419, 1, 3476, 100, 0, 34, 42.55
2026/04/13 21:21:46.423, 0, 3476, 100, 0, 34, 42.01
2026/04/13 21:21:46.425, 1, 3476, 100, 0, 34, 42.56
2026/04/13 21:21:47.429, 0, 3476, 100, 0, 35, 41.99
2026/04/13 21:21:47.433, 1, 3476, 100, 0, 34, 42.55
2026/04/13 21:21:48.436, 0, 3476, 100, 0, 34, 42.01
2026/04/13 21:21:48.439, 1, 3476, 100, 0, 34, 42.65
2026/04/13 21:21:49.445, 0, 3476, 100, 0, 34, 41.90
2026/04/13 21:21:49.448, 1, 3476, 100, 0, 34, 42.55
2026/04/13 21:21:50.452, 0, 3476, 100, 0, 34, 41.91
2026/04/13 21:21:50.454, 1, 3476, 100, 0, 34, 42.65
2026/04/13 21:21:51.458, 0, 3476, 100, 0, 34, 42.01
2026/04/13 21:21:51.462, 1, 3476, 100, 0, 34, 42.56
2026/04/13 21:21:52.466, 0, 3476, 100, 0, 34, 42.10
2026/04/13 21:21:52.469, 1, 3476, 100, 0, 34, 42.65
2026/04/13 21:21:53.473, 0, 3476, 100, 0, 34, 41.89
2026/04/13 21:21:53.476, 1, 3476, 100, 0, 34, 42.55
2026/04/13 21:21:54.479, 0, 3476, 100, 0, 35, 41.89
2026/04/13 21:21:54.482, 1, 3476, 100, 0, 34, 42.55
2026/04/13 21:21:55.486, 0, 3476, 100, 0, 35, 41.90
2026/04/13 21:21:55.489, 1, 3476, 100, 0, 34, 42.55
2026/04/13 21:21:56.492, 0, 3476, 100, 0, 34, 41.99
2026/04/13 21:21:56.495, 1, 3476, 100, 0, 34, 42.55
2026/04/13 21:21:57.499, 0, 3476, 100, 0, 34, 41.99
2026/04/13 21:21:57.502, 1, 3476, 100, 0, 34, 42.55
2026/04/13 21:21:58.505, 0, 3476, 100, 0, 34, 42.00
2026/04/13 21:21:58.508, 1, 3476, 100, 0, 34, 42.56
2026/04/13 21:21:59.513, 0, 3476, 100, 0, 34, 41.90
2026/04/13 21:21:59.515, 1, 3476, 100, 0, 34, 42.65
2026/04/13 21:22:00.520, 0, 3476, 100, 0, 34, 42.10
2026/04/13 21:22:00.522, 1, 3476, 100, 0, 34, 42.55
2026/04/13 21:22:01.526, 0, 3476, 100, 0, 35, 42.00
2026/04/13 21:22:01.529, 1, 3476, 100, 0, 34, 42.56
2026/04/13 21:22:02.534, 0, 3476, 100, 0, 34, 41.99
2026/04/13 21:22:02.536, 1, 3476, 100, 0, 34, 42.65
2026/04/13 21:22:03.540, 0, 3476, 100, 0, 35, 41.91
2026/04/13 21:22:03.543, 1, 3476, 100, 0, 34, 42.56
2026/04/13 21:22:04.547, 0, 3476, 100, 0, 35, 41.99
2026/04/13 21:22:04.550, 1, 3476, 100, 0, 34, 42.55
2026/04/13 21:22:05.553, 0, 3476, 100, 0, 34, 41.91
2026/04/13 21:22:05.556, 1, 3476, 100, 0, 34, 42.65
2026/04/13 21:22:06.560, 0, 3476, 100, 0, 34, 42.10
2026/04/13 21:22:06.562, 1, 3476, 100, 0, 34, 42.55
2026/04/13 21:22:07.566, 0, 3476, 100, 0, 34, 42.00
2026/04/13 21:22:07.569, 1, 3476, 100, 0, 34, 42.65
2026/04/13 21:22:08.572, 0, 3476, 100, 0, 35, 42.00
2026/04/13 21:22:08.576, 1, 3476, 100, 0, 34, 42.56
2026/04/13 21:22:09.580, 0, 3476, 100, 0, 34, 41.90
2026/04/13 21:22:09.583, 1, 3476, 100, 0, 34, 42.65
2026/04/13 21:22:10.587, 0, 3476, 100, 0, 34, 42.00
2026/04/13 21:22:10.590, 1, 3476, 100, 0, 34, 42.65
2026/04/13 21:22:11.593, 0, 3476, 100, 0, 35, 41.99
2026/04/13 21:22:11.596, 1, 3476, 100, 0, 34, 42.55
2026/04/13 21:22:12.600, 0, 3476, 100, 0, 35, 42.10
2026/04/13 21:22:12.603, 1, 3476, 100, 0, 34, 42.55
2026/04/13 21:22:13.608, 0, 3476, 100, 0, 35, 42.00
2026/04/13 21:22:13.611, 1, 3476, 100, 0, 34, 42.56
2026/04/13 21:22:14.615, 0, 3476, 100, 0, 34, 41.89
2026/04/13 21:22:14.618, 1, 3476, 100, 0, 34, 42.55
2026/04/13 21:22:15.621, 0, 3476, 100, 0, 35, 41.99
2026/04/13 21:22:15.624, 1, 3476, 100, 0, 34, 42.56
2026/04/13 21:22:16.628, 0, 3476, 100, 0, 35, 41.91
2026/04/13 21:22:16.631, 1, 3476, 100, 0, 34, 42.65
2026/04/13 21:22:17.633, 0, 3476, 100, 0, 35, 42.10
2026/04/13 21:22:17.637, 1, 3476, 100, 0, 34, 42.55
2026/04/13 21:22:18.643, 0, 3476, 100, 0, 34, 42.00
2026/04/13 21:22:18.645, 1, 3476, 100, 0, 34, 42.66
2026/04/13 21:22:19.649, 0, 3476, 100, 0, 35, 41.99
2026/04/13 21:22:19.652, 1, 3476, 100, 0, 34, 42.55
2026/04/13 21:22:20.655, 0, 3476, 100, 0, 34, 41.90
2026/04/13 21:22:20.658, 1, 3476, 100, 0, 34, 42.55
2026/04/13 21:22:21.662, 0, 3476, 100, 0, 34, 42.00
2026/04/13 21:22:21.665, 1, 3476, 100, 0, 34, 42.55
2026/04/13 21:22:22.669, 0, 3476, 100, 0, 34, 42.00
2026/04/13 21:22:22.672, 1, 3476, 100, 0, 34, 42.65
2026/04/13 21:22:23.676, 0, 3476, 100, 0, 35, 42.00
2026/04/13 21:22:23.681, 1, 3476, 100, 0, 34, 42.55
2026/04/13 21:22:24.684, 0, 3476, 100, 0, 34, 41.90
2026/04/13 21:22:24.687, 1, 3476, 100, 0, 34, 42.56
2026/04/13 21:22:25.691, 0, 3476, 100, 0, 34, 42.00
2026/04/13 21:22:25.694, 1, 3476, 100, 0, 34, 42.65
2026/04/13 21:22:26.698, 0, 3476, 100, 0, 34, 42.10
2026/04/13 21:22:26.700, 1, 3476, 100, 0, 34, 42.65
2026/04/13 21:22:27.707, 0, 3476, 100, 0, 34, 41.99
2026/04/13 21:22:27.710, 1, 3476, 100, 0, 34, 42.65
2026/04/13 21:22:28.714, 0, 3476, 100, 0, 35, 42.00
2026/04/13 21:22:28.716, 1, 3476, 100, 0, 34, 42.55
2026/04/13 21:22:29.720, 0, 3476, 100, 0, 35, 41.89
2026/04/13 21:22:29.723, 1, 3476, 100, 0, 34, 42.56
2026/04/13 21:22:30.727, 0, 3476, 100, 0, 35, 42.09
2026/04/13 21:22:30.729, 1, 3476, 100, 0, 34, 42.55
2026/04/13 21:22:31.733, 0, 3476, 100, 0, 35, 42.09
2026/04/13 21:22:31.736, 1, 3476, 100, 0, 34, 42.65
2026/04/13 21:22:32.740, 0, 3476, 100, 0, 35, 42.00
2026/04/13 21:22:32.743, 1, 3476, 100, 0, 34, 42.55
2026/04/13 21:22:33.747, 0, 3476, 100, 0, 35, 42.10
2026/04/13 21:22:33.749, 1, 3476, 100, 0, 34, 42.55
2026/04/13 21:22:34.753, 0, 3476, 100, 0, 35, 42.00
2026/04/13 21:22:34.756, 1, 3476, 100, 0, 34, 42.56
2026/04/13 21:22:35.760, 0, 3476, 100, 0, 35, 42.09
2026/04/13 21:22:35.763, 1, 3476, 100, 0, 34, 42.55
2026/04/13 21:22:36.766, 0, 3476, 100, 0, 35, 42.01
2026/04/13 21:22:36.769, 1, 3476, 100, 0, 34, 42.55
2026/04/13 21:22:37.773, 0, 3476, 100, 0, 34, 42.10
2026/04/13 21:22:37.776, 1, 3476, 100, 0, 34, 42.55
2026/04/13 21:22:38.780, 0, 3476, 100, 0, 35, 42.10
2026/04/13 21:22:38.783, 1, 3476, 100, 0, 34, 42.55
2026/04/13 21:22:39.786, 0, 3476, 100, 0, 34, 42.00
2026/04/13 21:22:39.789, 1, 3476, 100, 0, 34, 42.55
2026/04/13 21:22:40.793, 0, 3476, 100, 0, 34, 41.90
2026/04/13 21:22:40.796, 1, 3476, 100, 0, 34, 42.55
2026/04/13 21:22:41.799, 0, 3476, 100, 0, 34, 41.91
2026/04/13 21:22:41.803, 1, 3476, 100, 0, 34, 42.55
2026/04/13 21:22:42.807, 0, 3476, 100, 0, 35, 41.89
2026/04/13 21:22:42.811, 1, 3476, 100, 0, 34, 42.55
2026/04/13 21:22:43.815, 0, 3476, 100, 0, 34, 42.00
2026/04/13 21:22:43.818, 1, 3476, 100, 0, 34, 42.65
2026/04/13 21:22:44.822, 0, 3476, 100, 0, 34, 41.90
2026/04/13 21:22:44.824, 1, 3476, 100, 0, 34, 42.55
2026/04/13 21:22:45.828, 0, 3476, 100, 0, 34, 42.00
2026/04/13 21:22:45.831, 1, 3476, 100, 0, 34, 42.55
2026/04/13 21:22:46.837, 0, 3476, 100, 0, 34, 41.90
2026/04/13 21:22:46.840, 1, 3476, 100, 0, 34, 42.65
2026/04/13 21:22:47.844, 0, 3476, 100, 0, 34, 41.99
2026/04/13 21:22:47.847, 1, 3476, 100, 0, 34, 42.55
2026/04/13 21:22:48.850, 0, 3476, 100, 0, 35, 41.90
2026/04/13 21:22:48.853, 1, 3476, 100, 0, 34, 42.56
2026/04/13 21:22:49.857, 0, 3476, 100, 0, 35, 41.99
2026/04/13 21:22:49.860, 1, 3476, 100, 0, 34, 42.65
2026/04/13 21:22:50.863, 0, 3476, 100, 0, 35, 42.10
2026/04/13 21:22:50.866, 1, 3476, 100, 0, 34, 42.56
2026/04/13 21:22:51.870, 0, 3476, 100, 0, 35, 41.99
2026/04/13 21:22:51.872, 1, 3476, 100, 0, 34, 42.65
2026/04/13 21:22:52.876, 0, 3476, 100, 0, 34, 42.00
2026/04/13 21:22:52.879, 1, 3476, 100, 0, 34, 42.66
2026/04/13 21:22:53.883, 0, 3476, 100, 0, 35, 42.00
2026/04/13 21:22:53.888, 1, 3476, 100, 0, 34, 42.56
2026/04/13 21:22:54.892, 0, 3476, 100, 0, 35, 41.99
2026/04/13 21:22:54.894, 1, 3476, 100, 0, 34, 42.55
2026/04/13 21:22:55.898, 0, 3476, 100, 0, 35, 41.99
2026/04/13 21:22:55.901, 1, 3476, 100, 0, 34, 42.56
2026/04/13 21:22:56.905, 0, 3476, 100, 0, 34, 42.09
2026/04/13 21:22:56.907, 1, 3476, 100, 0, 34, 42.65
2026/04/13 21:22:57.912, 0, 3476, 100, 0, 34, 41.90
2026/04/13 21:22:57.917, 1, 3476, 100, 0, 34, 42.65
2026/04/13 21:22:58.921, 0, 3476, 100, 0, 34, 42.00
2026/04/13 21:22:58.924, 1, 3476, 100, 0, 34, 42.55
2026/04/13 21:22:59.928, 0, 3476, 100, 0, 35, 42.00
2026/04/13 21:22:59.930, 1, 3476, 100, 0, 34, 42.65
2026/04/13 21:23:00.934, 0, 3476, 100, 0, 34, 41.90
2026/04/13 21:23:00.937, 1, 3476, 100, 0, 34, 42.55
2026/04/13 21:23:01.940, 0, 3476, 100, 0, 35, 42.00
2026/04/13 21:23:01.946, 1, 3476, 100, 0, 34, 42.65
2026/04/13 21:23:02.950, 0, 3476, 100, 0, 35, 42.01
2026/04/13 21:23:02.952, 1, 3476, 100, 0, 34, 42.56
2026/04/13 21:23:03.956, 0, 3476, 100, 0, 35, 41.90
2026/04/13 21:23:03.959, 1, 3476, 100, 0, 34, 42.65
2026/04/13 21:23:04.963, 0, 3476, 100, 0, 35, 42.00
2026/04/13 21:23:04.965, 1, 3476, 100, 0, 34, 42.55
2026/04/13 21:23:05.969, 0, 3476, 100, 0, 35, 42.09
2026/04/13 21:23:05.972, 1, 3476, 100, 0, 34, 42.65
2026/04/13 21:23:06.976, 0, 3476, 100, 0, 34, 42.01
2026/04/13 21:23:06.978, 1, 3476, 100, 0, 34, 42.55
2026/04/13 21:23:07.982, 0, 3476, 100, 0, 35, 41.99
2026/04/13 21:23:07.987, 1, 3476, 100, 0, 34, 42.65
2026/04/13 21:23:08.991, 0, 3476, 100, 0, 35, 42.00
2026/04/13 21:23:08.993, 1, 3476, 100, 0, 34, 42.65
2026/04/13 21:23:09.999, 0, 3476, 100, 0, 35, 42.09
2026/04/13 21:23:10.001, 1, 3476, 100, 0, 34, 42.55
2026/04/13 21:23:11.005, 0, 3476, 100, 0, 35, 42.00
2026/04/13 21:23:11.008, 1, 3476, 100, 0, 34, 42.55
2026/04/13 21:23:12.012, 0, 3476, 100, 0, 35, 42.10
2026/04/13 21:23:12.015, 1, 3476, 100, 0, 34, 42.56
2026/04/13 21:23:13.018, 0, 3476, 100, 0, 35, 42.09
2026/04/13 21:23:13.021, 1, 3476, 100, 0, 34, 42.55
2026/04/13 21:23:14.025, 0, 3476, 100, 0, 35, 42.09
2026/04/13 21:23:14.030, 1, 3476, 100, 0, 34, 42.55
2026/04/13 21:23:15.034, 0, 3476, 100, 0, 35, 42.00
2026/04/13 21:23:15.036, 1, 3476, 100, 0, 34, 42.55
2026/04/13 21:23:16.040, 0, 3476, 100, 0, 35, 42.00
2026/04/13 21:23:16.043, 1, 3476, 100, 0, 34, 42.65
2026/04/13 21:23:17.047, 0, 3476, 100, 0, 34, 42.01
2026/04/13 21:23:17.050, 1, 3476, 100, 0, 34, 42.65
2026/04/13 21:23:18.054, 0, 3476, 100, 0, 34, 41.99
2026/04/13 21:23:18.059, 1, 3476, 100, 0, 34, 42.56
2026/04/13 21:23:19.062, 0, 3476, 100, 0, 35, 42.10
2026/04/13 21:23:19.065, 1, 3476, 100, 0, 34, 42.65
2026/04/13 21:23:20.069, 0, 3476, 100, 0, 35, 42.10
2026/04/13 21:23:20.071, 1, 3476, 100, 0, 34, 42.55
2026/04/13 21:23:21.076, 0, 3476, 100, 0, 35, 42.10
2026/04/13 21:23:21.081, 1, 3476, 100, 0, 34, 42.55
2026/04/13 21:23:22.084, 0, 3476, 100, 0, 35, 41.99
2026/04/13 21:23:22.087, 1, 3476, 100, 0, 34, 42.65
2026/04/13 21:23:23.092, 0, 3476, 100, 0, 35, 42.20
2026/04/13 21:23:23.095, 1, 3476, 100, 0, 34, 42.55
2026/04/13 21:23:24.099, 0, 3476, 100, 0, 35, 42.01
2026/04/13 21:23:24.102, 1, 3476, 100, 0, 34, 42.55
2026/04/13 21:23:25.106, 0, 3476, 100, 0, 35, 42.10
2026/04/13 21:23:25.108, 1, 3476, 100, 0, 34, 42.55
2026/04/13 21:23:26.112, 0, 3476, 100, 0, 35, 42.00
2026/04/13 21:23:26.115, 1, 3476, 100, 0, 34, 42.65
2026/04/13 21:23:27.118, 0, 3476, 100, 0, 35, 42.01
2026/04/13 21:23:27.121, 1, 3476, 100, 0, 34, 42.65
2026/04/13 21:23:28.125, 0, 3476, 100, 0, 35, 42.00
2026/04/13 21:23:28.128, 1, 3476, 100, 0, 34, 42.55
2026/04/13 21:23:29.132, 0, 3476, 100, 0, 35, 42.00
2026/04/13 21:23:29.134, 1, 3476, 100, 0, 34, 42.56
2026/04/13 21:23:30.138, 0, 3476, 100, 0, 35, 42.10
2026/04/13 21:23:30.142, 1, 3476, 100, 0, 34, 42.55
2026/04/13 21:23:31.146, 0, 3476, 100, 0, 35, 42.01
2026/04/13 21:23:31.148, 1, 3476, 100, 0, 34, 42.55
2026/04/13 21:23:32.153, 0, 3476, 100, 0, 34, 42.10
2026/04/13 21:23:32.156, 1, 3476, 100, 0, 34, 42.65
2026/04/13 21:23:33.160, 0, 3476, 100, 0, 35, 42.00
2026/04/13 21:23:33.162, 1, 3476, 100, 0, 34, 42.55
2026/04/13 21:23:34.166, 0, 3476, 100, 0, 35, 42.00
2026/04/13 21:23:34.169, 1, 3476, 100, 0, 34, 42.65
2026/04/13 21:23:35.173, 0, 3476, 100, 0, 35, 42.10
2026/04/13 21:23:35.176, 1, 3476, 100, 0, 34, 42.56
2026/04/13 21:23:36.182, 0, 3476, 100, 0, 35, 42.10
2026/04/13 21:23:36.185, 1, 3476, 100, 0, 34, 42.55
2026/04/13 21:23:37.189, 0, 3476, 100, 0, 35, 42.09
2026/04/13 21:23:37.192, 1, 3476, 100, 0, 34, 42.55
2026/04/13 21:23:38.196, 0, 3476, 100, 0, 34, 42.00
2026/04/13 21:23:38.198, 1, 3476, 100, 0, 34, 42.55
2026/04/13 21:23:39.202, 0, 3476, 100, 0, 35, 42.10
2026/04/13 21:23:39.205, 1, 3476, 100, 0, 34, 42.55
2026/04/13 21:23:40.209, 0, 3476, 100, 0, 35, 41.99
2026/04/13 21:23:40.213, 1, 3476, 100, 0, 34, 42.56
2026/04/13 21:23:41.217, 0, 3476, 100, 0, 35, 42.00
2026/04/13 21:23:41.220, 1, 3476, 100, 0, 34, 42.56
2026/04/13 21:23:42.223, 0, 3476, 100, 0, 34, 41.99
2026/04/13 21:23:42.229, 1, 3476, 100, 0, 34, 42.65
2026/04/13 21:23:43.233, 0, 3476, 100, 0, 34, 42.00
2026/04/13 21:23:43.235, 1, 3476, 100, 0, 34, 42.56
2026/04/13 21:23:44.239, 0, 3476, 100, 0, 35, 42.00
2026/04/13 21:23:44.242, 1, 3476, 100, 0, 34, 42.55
2026/04/13 21:23:45.246, 0, 3476, 100, 0, 34, 41.90
2026/04/13 21:23:45.249, 1, 3476, 100, 0, 34, 42.65
2026/04/13 21:23:46.253, 0, 3476, 100, 0, 35, 42.09
2026/04/13 21:23:46.256, 1, 3476, 100, 0, 34, 42.65
2026/04/13 21:23:47.260, 0, 3476, 100, 0, 35, 42.00
2026/04/13 21:23:47.263, 1, 3476, 100, 0, 34, 42.55
2026/04/13 21:23:48.266, 0, 3476, 100, 0, 34, 42.00
2026/04/13 21:23:48.269, 1, 3476, 100, 0, 34, 42.55
2026/04/13 21:23:49.273, 0, 3476, 100, 0, 34, 42.01
2026/04/13 21:23:49.276, 1, 3476, 100, 0, 34, 42.55
2026/04/13 21:23:50.281, 0, 3476, 100, 0, 34, 42.01
2026/04/13 21:23:50.283, 1, 3476, 100, 0, 34, 42.66
2026/04/13 21:23:51.287, 0, 3476, 100, 0, 34, 42.09
2026/04/13 21:23:51.290, 1, 3476, 100, 0, 34, 42.65
2026/04/13 21:23:52.294, 0, 3476, 100, 0, 35, 41.99
2026/04/13 21:23:52.296, 1, 3476, 100, 0, 34, 42.65
2026/04/13 21:23:53.300, 0, 3476, 100, 0, 35, 41.99
2026/04/13 21:23:53.303, 1, 3476, 100, 0, 34, 42.65
2026/04/13 21:23:54.307, 0, 3476, 100, 0, 35, 42.00
2026/04/13 21:23:54.311, 1, 3476, 100, 0, 34, 42.55
2026/04/13 21:23:55.315, 0, 3476, 100, 0, 35, 42.10
2026/04/13 21:23:55.318, 1, 3476, 100, 0, 34, 42.55
2026/04/13 21:23:56.321, 0, 3476, 100, 0, 35, 42.09
2026/04/13 21:23:56.324, 1, 3476, 100, 0, 34, 42.55
2026/04/13 21:23:57.328, 0, 3476, 100, 0, 35, 42.01
2026/04/13 21:23:57.331, 1, 3476, 100, 0, 34, 42.56
2026/04/13 21:23:58.334, 0, 3476, 100, 0, 35, 42.10
2026/04/13 21:23:58.339, 1, 3476, 100, 0, 34, 42.56
2026/04/13 21:23:59.343, 0, 3476, 100, 0, 34, 42.01
2026/04/13 21:23:59.346, 1, 3476, 100, 0, 34, 42.65
2026/04/13 21:24:00.349, 0, 3476, 100, 0, 35, 41.91
2026/04/13 21:24:00.352, 1, 3476, 100, 0, 34, 42.55
2026/04/13 21:24:01.356, 0, 3476, 100, 0, 34, 42.00
2026/04/13 21:24:01.359, 1, 3476, 100, 0, 34, 42.65
2026/04/13 21:24:02.363, 0, 3476, 100, 0, 35, 42.09
2026/04/13 21:24:02.367, 1, 3476, 100, 0, 34, 42.55
2026/04/13 21:24:03.372, 0, 3476, 100, 0, 34, 42.10
2026/04/13 21:24:03.375, 1, 3476, 100, 0, 34, 42.55
2026/04/13 21:24:04.378, 0, 3476, 100, 0, 35, 41.89
2026/04/13 21:24:04.381, 1, 3476, 100, 0, 34, 42.65
2026/04/13 21:24:05.385, 0, 3476, 100, 0, 34, 42.00
2026/04/13 21:24:05.388, 1, 3476, 100, 0, 34, 42.55
2026/04/13 21:24:06.391, 0, 3476, 100, 0, 35, 41.99
2026/04/13 21:24:06.395, 1, 3476, 100, 0, 34, 42.65
2026/04/13 21:24:07.399, 0, 3476, 100, 0, 35, 42.00
2026/04/13 21:24:07.401, 1, 3476, 100, 0, 34, 42.55
2026/04/13 21:24:08.405, 0, 3476, 100, 0, 35, 42.00
2026/04/13 21:24:08.408, 1, 3476, 100, 0, 34, 42.55
2026/04/13 21:24:09.410, 0, 3476, 100, 0, 34, 41.99
2026/04/13 21:24:09.413, 1, 3476, 100, 0, 34, 42.55
2026/04/13 21:24:10.416, 0, 3476, 100, 0, 35, 42.00
2026/04/13 21:24:10.418, 1, 3476, 100, 0, 34, 42.56
2026/04/13 21:24:11.423, 0, 3476, 100, 0, 35, 42.09
2026/04/13 21:24:11.425, 1, 3476, 100, 0, 34, 42.65
2026/04/13 21:24:12.428, 0, 3476, 100, 0, 34, 42.00
2026/04/13 21:24:12.431, 1, 3476, 100, 0, 34, 42.55
2026/04/13 21:24:13.434, 0, 3476, 100, 0, 34, 42.00
2026/04/13 21:24:13.436, 1, 3476, 100, 0, 34, 42.65
2026/04/13 21:24:14.440, 0, 3476, 100, 0, 34, 41.99
2026/04/13 21:24:14.443, 1, 3476, 100, 0, 34, 42.55
2026/04/13 21:24:15.446, 0, 3476, 100, 0, 34, 42.10
2026/04/13 21:24:15.448, 1, 3476, 100, 0, 34, 42.55
2026/04/13 21:24:16.451, 0, 3476, 100, 0, 34, 42.00
2026/04/13 21:24:16.454, 1, 3476, 100, 0, 34, 42.55
2026/04/13 21:24:17.457, 0, 3476, 100, 0, 35, 42.01
2026/04/13 21:24:17.461, 1, 3476, 100, 0, 34, 42.55
2026/04/13 21:24:18.463, 0, 3476, 100, 0, 35, 41.99
2026/04/13 21:24:18.466, 1, 3476, 100, 0, 34, 42.56
2026/04/13 21:24:19.470, 0, 3476, 100, 0, 34, 41.99
2026/04/13 21:24:19.473, 1, 3476, 100, 0, 34, 42.56
2026/04/13 21:24:20.476, 0, 3476, 100, 0, 34, 42.00
2026/04/13 21:24:20.479, 1, 3476, 100, 0, 34, 42.55
2026/04/13 21:24:21.484, 0, 3476, 100, 0, 34, 42.00
2026/04/13 21:24:21.487, 1, 3476, 100, 0, 34, 42.56
2026/04/13 21:24:22.491, 0, 3476, 100, 0, 35, 42.00
2026/04/13 21:24:22.494, 1, 3476, 100, 0, 34, 42.65
2026/04/13 21:24:23.498, 0, 3476, 100, 0, 35, 42.01
2026/04/13 21:24:23.500, 1, 3476, 100, 0, 34, 42.56
2026/04/13 21:24:24.504, 0, 3476, 100, 0, 35, 41.90
2026/04/13 21:24:24.509, 1, 3476, 100, 0, 34, 42.65
2026/04/13 21:24:25.513, 0, 3476, 100, 0, 35, 42.00
2026/04/13 21:24:25.515, 1, 3476, 100, 0, 34, 42.56
2026/04/13 21:24:26.519, 0, 3476, 100, 0, 34, 41.90
2026/04/13 21:24:26.522, 1, 3476, 100, 0, 34, 42.56
2026/04/13 21:24:27.528, 0, 3476, 100, 0, 35, 42.10
2026/04/13 21:24:27.531, 1, 3476, 100, 0, 34, 42.56
2026/04/13 21:24:28.534, 0, 3476, 100, 0, 35, 42.00
2026/04/13 21:24:28.539, 1, 3476, 100, 0, 34, 42.65
2026/04/13 21:24:29.542, 0, 3476, 100, 0, 35, 42.10
2026/04/13 21:24:29.545, 1, 3476, 100, 0, 34, 42.65
2026/04/13 21:24:30.549, 0, 3476, 100, 0, 35, 42.01
2026/04/13 21:24:30.551, 1, 3476, 100, 0, 34, 42.56
2026/04/13 21:24:31.555, 0, 3476, 100, 0, 35, 42.00
2026/04/13 21:24:31.560, 1, 3476, 100, 0, 34, 42.55
2026/04/13 21:24:32.563, 0, 3476, 100, 0, 34, 42.09
2026/04/13 21:24:32.568, 1, 3476, 100, 0, 34, 42.55
2026/04/13 21:24:33.571, 0, 3476, 100, 0, 35, 42.01
2026/04/13 21:24:33.574, 1, 3476, 100, 0, 34, 42.55
2026/04/13 21:24:34.578, 0, 3476, 100, 0, 34, 42.00
2026/04/13 21:24:34.581, 1, 3476, 100, 0, 34, 42.65
2026/04/13 21:24:35.584, 0, 3476, 100, 0, 35, 42.10
2026/04/13 21:24:35.587, 1, 3476, 100, 0, 34, 42.65
2026/04/13 21:24:36.593, 0, 3476, 100, 0, 35, 42.00
2026/04/13 21:24:36.596, 1, 3476, 100, 0, 34, 42.65
2026/04/13 21:24:37.600, 0, 3476, 100, 0, 35, 42.09
2026/04/13 21:24:37.603, 1, 3476, 100, 0, 34, 42.55
2026/04/13 21:24:38.606, 0, 3476, 100, 0, 34, 42.00
2026/04/13 21:24:38.609, 1, 3476, 100, 0, 34, 42.66
2026/04/13 21:24:39.613, 0, 3476, 100, 0, 35, 42.01
2026/04/13 21:24:39.615, 1, 3476, 100, 0, 34, 42.55
2026/04/13 21:24:40.620, 0, 3476, 100, 0, 35, 42.00
2026/04/13 21:24:40.623, 1, 3476, 100, 0, 34, 42.65
2026/04/13 21:24:41.627, 0, 3476, 100, 0, 35, 42.10
2026/04/13 21:24:41.630, 1, 3476, 100, 0, 34, 42.55
2026/04/13 21:24:42.635, 0, 3476, 100, 0, 35, 42.01
2026/04/13 21:24:42.638, 1, 3476, 100, 0, 34, 42.55
2026/04/13 21:24:43.641, 0, 3476, 100, 0, 35, 42.00
2026/04/13 21:24:43.644, 1, 3476, 100, 0, 34, 42.55
2026/04/13 21:24:44.648, 0, 3476, 100, 0, 35, 41.90
2026/04/13 21:24:44.651, 1, 3476, 100, 0, 34, 42.56
2026/04/13 21:24:45.656, 0, 3476, 100, 0, 35, 42.10
2026/04/13 21:24:45.659, 1, 3476, 100, 0, 34, 42.55
2026/04/13 21:24:46.663, 0, 3476, 100, 0, 35, 42.01
2026/04/13 21:24:46.665, 1, 3476, 100, 0, 34, 42.65
2026/04/13 21:24:47.669, 0, 3476, 100, 0, 35, 42.00
2026/04/13 21:24:47.672, 1, 3476, 100, 0, 34, 42.65
2026/04/13 21:24:48.675, 0, 3476, 100, 0, 35, 42.09
2026/04/13 21:24:48.678, 1, 3476, 100, 0, 34, 42.56
2026/04/13 21:24:49.682, 0, 3476, 100, 0, 35, 42.00
2026/04/13 21:24:49.685, 1, 3476, 100, 0, 34, 42.65
2026/04/13 21:24:50.688, 0, 3476, 100, 0, 35, 42.10
2026/04/13 21:24:50.691, 1, 3476, 100, 0, 34, 42.55
2026/04/13 21:24:51.695, 0, 3476, 100, 0, 35, 42.10
2026/04/13 21:24:51.698, 1, 3476, 100, 0, 34, 42.55
2026/04/13 21:24:52.701, 0, 3476, 100, 0, 34, 42.09
2026/04/13 21:24:52.705, 1, 3476, 100, 0, 34, 42.65
2026/04/13 21:24:53.709, 0, 3476, 100, 0, 35, 42.00
2026/04/13 21:24:53.712, 1, 3476, 100, 0, 34, 42.55
2026/04/13 21:24:54.719, 0, 3476, 100, 0, 34, 42.00
2026/04/13 21:24:54.721, 1, 3476, 100, 0, 34, 42.66
2026/04/13 21:24:55.725, 0, 3476, 100, 0, 35, 42.00
2026/04/13 21:24:55.728, 1, 3476, 100, 0, 34, 42.55
2026/04/13 21:24:56.732, 0, 3476, 100, 0, 35, 42.10
2026/04/13 21:24:56.734, 1, 3476, 100, 0, 34, 42.66
2026/04/13 21:24:57.738, 0, 3476, 100, 0, 35, 42.09
2026/04/13 21:24:57.741, 1, 3476, 100, 0, 34, 42.55
2026/04/13 21:24:58.745, 0, 3476, 100, 0, 35, 42.10
2026/04/13 21:24:58.747, 1, 3476, 100, 0, 34, 42.55
2026/04/13 21:24:59.752, 0, 3476, 100, 0, 34, 41.90
2026/04/13 21:24:59.755, 1, 3476, 100, 0, 34, 42.55
2026/04/13 21:25:00.759, 0, 3476, 100, 0, 34, 41.99
2026/04/13 21:25:00.761, 1, 3476, 100, 0, 34, 42.55
2026/04/13 21:25:01.765, 0, 3476, 100, 0, 35, 42.09
2026/04/13 21:25:01.768, 1, 3476, 100, 0, 34, 42.55
2026/04/13 21:25:02.771, 0, 3476, 100, 0, 35, 42.10
2026/04/13 21:25:02.774, 1, 3476, 100, 0, 34, 42.55
2026/04/13 21:25:03.778, 0, 3476, 100, 0, 35, 42.10
2026/04/13 21:25:03.781, 1, 3476, 100, 0, 34, 42.55
2026/04/13 21:25:04.788, 0, 3476, 100, 0, 34, 42.00
2026/04/13 21:25:04.791, 1, 3476, 100, 0, 34, 42.56
2026/04/13 21:25:05.797, 0, 3476, 100, 0, 35, 42.19
2026/04/13 21:25:05.800, 1, 3476, 100, 0, 34, 42.65
2026/04/13 21:25:06.807, 0, 3476, 100, 0, 35, 42.09
2026/04/13 21:25:06.812, 1, 3476, 100, 0, 34, 42.55
2026/04/13 21:25:07.816, 0, 3476, 100, 0, 35, 42.01
2026/04/13 21:25:07.818, 1, 3476, 100, 0, 34, 42.66
2026/04/13 21:25:08.824, 0, 3476, 100, 0, 35, 42.10
2026/04/13 21:25:08.827, 1, 3476, 100, 0, 34, 42.55
2026/04/13 21:25:09.831, 0, 3476, 100, 0, 35, 42.00
2026/04/13 21:25:09.834, 1, 3476, 100, 0, 34, 42.55
2026/04/13 21:25:10.837, 0, 3476, 100, 0, 35, 41.99
2026/04/13 21:25:10.841, 1, 3476, 100, 0, 34, 42.65
2026/04/13 21:25:11.845, 0, 3476, 100, 0, 35, 42.00
2026/04/13 21:25:11.848, 1, 3476, 100, 0, 34, 42.65
2026/04/13 21:25:12.851, 0, 3476, 100, 0, 35, 42.10
2026/04/13 21:25:12.854, 1, 3476, 100, 0, 34, 42.56
2026/04/13 21:25:13.858, 0, 3476, 100, 0, 34, 42.00
2026/04/13 21:25:13.861, 1, 3476, 100, 0, 34, 42.66
2026/04/13 21:25:14.866, 0, 3476, 100, 0, 35, 42.19
2026/04/13 21:25:14.870, 1, 3476, 100, 0, 34, 42.55
2026/04/13 21:25:15.875, 0, 3476, 100, 0, 35, 42.10
2026/04/13 21:25:15.878, 1, 3476, 100, 0, 34, 42.65
2026/04/13 21:25:16.882, 0, 3476, 100, 0, 35, 42.00
2026/04/13 21:25:16.885, 1, 3476, 100, 0, 34, 42.65
2026/04/13 21:25:17.889, 0, 3476, 100, 0, 35, 42.10
2026/04/13 21:25:17.892, 1, 3476, 100, 0, 34, 42.65
2026/04/13 21:25:18.895, 0, 3476, 100, 0, 35, 42.00
2026/04/13 21:25:18.898, 1, 3476, 100, 0, 34, 42.55
2026/04/13 21:25:19.902, 0, 3476, 100, 0, 34, 42.10
2026/04/13 21:25:19.905, 1, 3476, 100, 0, 34, 42.66
2026/04/13 21:25:20.908, 0, 3476, 100, 0, 35, 42.09
2026/04/13 21:25:20.911, 1, 3476, 100, 0, 34, 42.65
2026/04/13 21:25:21.916, 0, 3476, 100, 0, 35, 42.10
2026/04/13 21:25:21.918, 1, 3476, 100, 0, 34, 42.55
2026/04/13 21:25:22.922, 0, 3476, 100, 0, 35, 42.10
2026/04/13 21:25:22.929, 1, 3476, 100, 0, 34, 42.55
2026/04/13 21:25:23.932, 0, 3476, 100, 0, 35, 42.10
2026/04/13 21:25:23.935, 1, 3476, 100, 0, 34, 42.65
2026/04/13 21:25:24.939, 0, 3476, 100, 0, 35, 42.01
2026/04/13 21:25:24.943, 1, 3476, 100, 0, 34, 42.55
2026/04/13 21:25:25.947, 0, 3476, 100, 0, 35, 42.09
2026/04/13 21:25:25.949, 1, 3476, 100, 0, 34, 42.65
2026/04/13 21:25:26.953, 0, 3476, 100, 0, 35, 42.00
2026/04/13 21:25:26.956, 1, 3476, 100, 0, 34, 42.65
2026/04/13 21:25:27.959, 0, 3476, 100, 0, 35, 42.09
2026/04/13 21:25:27.962, 1, 3476, 100, 0, 34, 42.65
2026/04/13 21:25:28.966, 0, 3476, 100, 0, 35, 42.10
2026/04/13 21:25:28.969, 1, 3476, 100, 0, 34, 42.55
2026/04/13 21:25:29.972, 0, 3476, 100, 0, 35, 42.10
2026/04/13 21:25:29.975, 1, 3476, 100, 0, 34, 42.65
2026/04/13 21:25:30.979, 0, 3476, 100, 0, 35, 42.00
2026/04/13 21:25:30.982, 1, 3476, 100, 0, 34, 42.65
2026/04/13 21:25:31.985, 0, 3476, 100, 0, 35, 41.89
2026/04/13 21:25:31.988, 1, 3476, 100, 0, 34, 42.65
2026/04/13 21:25:32.992, 0, 3476, 100, 0, 35, 41.99
2026/04/13 21:25:32.995, 1, 3476, 100, 0, 34, 42.65
2026/04/13 21:25:33.998, 0, 3476, 100, 0, 35, 42.10
2026/04/13 21:25:34.001, 1, 3476, 100, 0, 34, 42.65
2026/04/13 21:25:35.005, 0, 3476, 100, 0, 35, 41.99
2026/04/13 21:25:35.009, 1, 3476, 100, 0, 34, 42.65
2026/04/13 21:25:36.012, 0, 3476, 100, 0, 34, 42.00
2026/04/13 21:25:36.015, 1, 3476, 100, 0, 34, 42.55
2026/04/13 21:25:37.019, 0, 3476, 100, 0, 35, 42.00
2026/04/13 21:25:37.021, 1, 3476, 100, 0, 34, 42.55
2026/04/13 21:25:38.027, 0, 3476, 100, 0, 35, 41.99
2026/04/13 21:25:38.030, 1, 3476, 100, 0, 34, 42.55
2026/04/13 21:25:39.033, 0, 3476, 100, 0, 35, 42.00
2026/04/13 21:25:39.037, 1, 3476, 100, 0, 34, 42.65
2026/04/13 21:25:40.041, 0, 3476, 100, 0, 35, 41.99
2026/04/13 21:25:40.044, 1, 3476, 100, 0, 34, 42.65
2026/04/13 21:25:41.048, 0, 3476, 100, 0, 35, 41.99
2026/04/13 21:25:41.051, 1, 3476, 100, 0, 34, 42.66
2026/04/13 21:25:42.054, 0, 3476, 100, 0, 34, 42.19
2026/04/13 21:25:42.057, 1, 3476, 100, 0, 34, 42.55
2026/04/13 21:25:43.061, 0, 3476, 100, 0, 35, 42.00
2026/04/13 21:25:43.064, 1, 3476, 100, 0, 34, 42.66
2026/04/13 21:25:44.068, 0, 3476, 100, 0, 35, 42.09
2026/04/13 21:25:44.071, 1, 3476, 100, 0, 34, 42.65
2026/04/13 21:25:45.074, 0, 3476, 100, 0, 35, 42.00
2026/04/13 21:25:45.077, 1, 3476, 100, 0, 34, 42.65
2026/04/13 21:25:46.081, 0, 3476, 100, 0, 35, 41.89
2026/04/13 21:25:46.083, 1, 3476, 100, 0, 34, 42.55
2026/04/13 21:25:47.087, 0, 3476, 100, 0, 35, 42.10
2026/04/13 21:25:47.091, 1, 3476, 100, 0, 34, 42.55
2026/04/13 21:25:48.095, 0, 3476, 100, 0, 35, 42.09
2026/04/13 21:25:48.098, 1, 3476, 100, 0, 34, 42.65
2026/04/13 21:25:49.103, 0, 3476, 100, 0, 35, 42.10
2026/04/13 21:25:49.106, 1, 3476, 100, 0, 34, 42.66
2026/04/13 21:25:50.110, 0, 3476, 100, 0, 35, 42.09
2026/04/13 21:25:50.112, 1, 3476, 100, 0, 34, 42.65
2026/04/13 21:25:51.116, 0, 3476, 100, 0, 35, 42.19
2026/04/13 21:25:51.119, 1, 3476, 100, 0, 34, 42.65
2026/04/13 21:25:52.123, 0, 3476, 100, 0, 35, 42.20
2026/04/13 21:25:52.126, 1, 3476, 100, 0, 34, 42.66
2026/04/13 21:25:53.129, 0, 3476, 100, 0, 35, 42.19
2026/04/13 21:25:53.132, 1, 3476, 100, 0, 34, 42.65
2026/04/13 21:25:54.136, 0, 3476, 100, 0, 35, 42.10
2026/04/13 21:25:54.138, 1, 3476, 100, 0, 34, 42.65
2026/04/13 21:25:55.142, 0, 3476, 100, 0, 35, 42.10
2026/04/13 21:25:55.145, 1, 3476, 100, 0, 34, 42.65
2026/04/13 21:25:56.149, 0, 3476, 100, 0, 35, 42.10
2026/04/13 21:25:56.152, 1, 3476, 100, 0, 34, 42.55
2026/04/13 21:25:57.155, 0, 3476, 100, 0, 35, 42.10
2026/04/13 21:25:57.158, 1, 3476, 100, 0, 34, 42.55
2026/04/13 21:25:58.162, 0, 3476, 100, 0, 35, 42.10
2026/04/13 21:25:58.164, 1, 3476, 100, 0, 34, 42.65
2026/04/13 21:25:59.168, 0, 3476, 100, 0, 35, 41.99
2026/04/13 21:25:59.172, 1, 3476, 100, 0, 34, 42.65
2026/04/13 21:26:00.175, 0, 3476, 100, 0, 35, 41.99
2026/04/13 21:26:00.180, 1, 3476, 100, 0, 34, 42.56
