[2026-04-21 17:15:27][Rank 0][INFO] Starting training...
[2026-04-21 17:15:27][Rank 0][INFO] World size: 1
[2026-04-21 17:15:27][Rank 0][INFO] Batch size per GPU: 1536
[2026-04-21 17:15:28][Rank 0][INFO] Effective batch size: 1536
[2026-04-21 17:15:28][Rank 0][INFO] Epoch 1/140
[2026-04-21 17:15:28][Rank 0][DEBUG] Step 0 | Batch: shape=torch.Size([1536]), mean=0.025614, std=0.997657, min=-1.727813, max=1.731488
[2026-04-21 17:32:08][Rank 0][INFO] Starting training...
[2026-04-21 17:32:08][Rank 0][INFO] World size: 1
[2026-04-21 17:32:08][Rank 0][INFO] Batch size per GPU: 1536
[2026-04-21 17:32:08][Rank 0][INFO] Effective batch size: 1536
[2026-04-21 17:32:08][Rank 0][INFO] Epoch 1/140
[2026-04-21 17:32:08][Rank 0][DEBUG] Step 0 | Batch: shape=torch.Size([1536]), mean=-0.011232, std=1.004431, min=-1.903072, max=1.465656
[2026-04-21 17:32:10][Rank 0][DEBUG] Step 0 | Gradients: total_norm=0.000000, max=0.000000, min=inf
[2026-04-21 17:32:20][Rank 0][INFO] Epoch 1 complete | train_loss=0.629849, val_loss=0.561987
[2026-04-21 17:32:21][Rank 0][INFO] Epoch 2/140
[2026-04-21 17:32:21][Rank 0][DEBUG] Step 0 | Batch: shape=torch.Size([1536]), mean=-0.030233, std=1.010684, min=-1.904658, max=1.465408
[2026-04-21 17:32:22][Rank 0][DEBUG] Step 0 | Gradients: total_norm=0.000000, max=0.000000, min=inf
[2026-04-21 17:35:15][Rank 0][INFO] Starting training...
[2026-04-21 17:35:15][Rank 0][INFO] World size: 1
[2026-04-21 17:35:15][Rank 0][INFO] Batch size per GPU: 384
[2026-04-21 17:35:15][Rank 0][INFO] Effective batch size: 384
[2026-04-21 17:35:15][Rank 0][INFO] Epoch 1/600
[2026-04-21 17:35:15][Rank 0][DEBUG] Step 0 | Batch: shape=torch.Size([384]), mean=-0.116472, std=0.999891, min=-1.729413, max=1.729413
[2026-04-21 17:35:15][Rank 0][DEBUG] Step 0 | Gradients: total_norm=0.000000, max=0.000000, min=inf
[2026-04-21 17:36:24][Rank 0][INFO] Starting training...
[2026-04-21 17:36:24][Rank 0][INFO] World size: 1
[2026-04-21 17:36:24][Rank 0][INFO] Batch size per GPU: 384
[2026-04-21 17:36:24][Rank 0][INFO] Effective batch size: 384
[2026-04-21 17:36:24][Rank 0][INFO] Epoch 1/600
[2026-04-21 17:36:24][Rank 0][DEBUG] Step 0 | Batch: shape=torch.Size([384]), mean=-0.116472, std=0.999891, min=-1.729413, max=1.729413
[2026-04-21 17:36:25][Rank 0][DEBUG] Step 0 | Gradients: total_norm=0.000000, max=0.000000, min=inf
[2026-04-21 17:37:06][Rank 0][DEBUG] Step 100 | Batch: shape=torch.Size([384]), mean=-0.032566, std=1.021131, min=-1.727753, max=1.729176
[2026-04-21 17:37:06][Rank 0][DEBUG] Step 100 | Gradients: total_norm=0.000000, max=0.000000, min=inf
[2026-04-21 17:37:22][Rank 0][INFO] Epoch 1 complete | train_loss=0.021931, val_loss=0.021764
[2026-04-21 17:37:22][Rank 0][INFO] Epoch 2/600
[2026-04-21 17:37:22][Rank 0][DEBUG] Step 0 | Batch: shape=torch.Size([384]), mean=0.000923, std=0.979926, min=-1.730006, max=1.729176
[2026-04-21 17:37:22][Rank 0][DEBUG] Step 0 | Gradients: total_norm=0.000000, max=0.000000, min=inf
[2026-04-22 16:10:55][Rank 0][INFO] Starting training...
[2026-04-22 16:10:55][Rank 0][INFO] World size: 1
[2026-04-22 16:10:55][Rank 0][INFO] Batch size per GPU: 1536
[2026-04-22 16:10:55][Rank 0][INFO] Effective batch size: 1536
[2026-04-22 16:10:55][Rank 0][INFO] Epoch 1/140
[2026-04-22 16:10:55][Rank 0][DEBUG] Step 0 | Batch: shape=torch.Size([1536]), mean=0.025614, std=0.997657, min=-1.727813, max=1.731488
[2026-04-22 16:10:56][Rank 0][DEBUG] Step 0 | Gradients: total_norm=0.000000, max=0.000000, min=inf
[2026-04-22 16:11:55][Rank 0][INFO] Epoch 1 complete | train_loss=0.006189, val_loss=0.006593
[2026-04-22 16:12:01][Rank 0][INFO] Epoch 2/140
[2026-04-22 16:12:01][Rank 0][DEBUG] Step 0 | Batch: shape=torch.Size([1536]), mean=-0.016519, std=0.991723, min=-1.729295, max=1.731251
[2026-04-22 16:12:03][Rank 0][DEBUG] Step 0 | Gradients: total_norm=0.000000, max=0.000000, min=inf
[2026-04-22 16:12:59][Rank 0][INFO] Epoch 2 complete | train_loss=0.000358, val_loss=0.000324
[2026-04-22 16:12:59][Rank 0][INFO] Epoch 3/140
[2026-04-22 16:12:59][Rank 0][DEBUG] Step 0 | Batch: shape=torch.Size([1536]), mean=-0.044448, std=0.994556, min=-1.730599, max=1.725382
[2026-04-22 16:13:01][Rank 0][DEBUG] Step 0 | Gradients: total_norm=0.000000, max=0.000000, min=inf
[2026-04-22 16:20:05][Rank 0][INFO] Starting training...
[2026-04-22 16:20:05][Rank 0][INFO] World size: 1
[2026-04-22 16:20:05][Rank 0][INFO] Batch size per GPU: 1536
[2026-04-22 16:20:05][Rank 0][INFO] Effective batch size: 1536
[2026-04-22 16:20:05][Rank 0][INFO] Epoch 1/140
[2026-04-22 16:20:05][Rank 0][DEBUG] Step 0 | Batch: shape=torch.Size([1536]), mean=0.025614, std=0.997657, min=-1.727813, max=1.731488
[2026-04-22 16:26:53][Rank 0][INFO] Starting training...
[2026-04-22 16:26:53][Rank 0][INFO] World size: 1
[2026-04-22 16:26:53][Rank 0][INFO] Batch size per GPU: 1536
[2026-04-22 16:26:53][Rank 0][INFO] Effective batch size: 1536
[2026-04-22 16:26:53][Rank 0][INFO] Epoch 1/140
[2026-04-22 16:26:53][Rank 0][DEBUG] Step 0 | Batch: shape=torch.Size([1536]), mean=0.016105, std=1.012735, min=-1.731191, max=1.731725
[2026-04-22 16:26:56][Rank 0][DEBUG] Step 0 | Gradients: total_norm=0.000000, max=0.000000, min=inf
[2026-04-22 16:28:39][Rank 0][INFO] Epoch 1 complete | train_loss=0.008443, val_loss=0.006039
[2026-04-22 16:28:39][Rank 0][INFO] Epoch 2/140
[2026-04-22 16:28:39][Rank 0][DEBUG] Step 0 | Batch: shape=torch.Size([1536]), mean=-0.000642, std=0.992738, min=-1.729235, max=1.731843
[2026-04-22 16:28:42][Rank 0][DEBUG] Step 0 | Gradients: total_norm=0.000000, max=0.000000, min=inf
[2026-04-22 16:30:25][Rank 0][INFO] Epoch 2 complete | train_loss=0.000444, val_loss=0.000435
[2026-04-22 16:30:25][Rank 0][INFO] Epoch 3/140
[2026-04-22 16:30:25][Rank 0][DEBUG] Step 0 | Batch: shape=torch.Size([1536]), mean=0.009101, std=0.994348, min=-1.731073, max=1.729354
[2026-04-22 16:30:28][Rank 0][DEBUG] Step 0 | Gradients: total_norm=0.000000, max=0.000000, min=inf
[2026-04-22 16:36:27][Rank 0][INFO] Starting training...
[2026-04-22 16:36:27][Rank 0][INFO] World size: 1
[2026-04-22 16:36:27][Rank 0][INFO] Batch size per GPU: 1536
[2026-04-22 16:36:27][Rank 0][INFO] Effective batch size: 1536
[2026-04-22 16:36:27][Rank 0][INFO] Epoch 1/140
[2026-04-22 16:36:27][Rank 0][DEBUG] Step 0 | Batch: shape=torch.Size([1536]), mean=0.016105, std=1.012735, min=-1.731191, max=1.731725
[2026-04-22 16:36:29][Rank 0][DEBUG] Step 0 | Gradients: total_norm=0.000000, max=0.000000, min=inf
[2026-04-22 16:36:29][Rank 0][INFO] Step 0 | GPU Memory: allocated=0.18GB, reserved=0.52GB, peak=0.47GB
[2026-04-22 16:36:30][Rank 0][INFO] Epoch 1 complete | train_loss=0.008428, val_loss=0.006037
[2026-04-22 16:36:31][Rank 0][INFO] Epoch 2/140
[2026-04-22 16:36:31][Rank 0][DEBUG] Step 0 | Batch: shape=torch.Size([1536]), mean=-0.000642, std=0.992738, min=-1.729235, max=1.731843
[2026-04-22 16:36:31][Rank 0][DEBUG] Step 0 | Gradients: total_norm=0.000000, max=0.000000, min=inf
[2026-04-22 16:36:31][Rank 0][INFO] Step 0 | GPU Memory: allocated=0.46GB, reserved=0.99GB, peak=0.93GB
[2026-04-22 16:36:32][Rank 0][INFO] Epoch 2 complete | train_loss=0.000445, val_loss=0.000435
[2026-04-22 16:36:32][Rank 0][INFO] Epoch 3/140
[2026-04-22 16:36:32][Rank 0][DEBUG] Step 0 | Batch: shape=torch.Size([1536]), mean=0.009101, std=0.994348, min=-1.731073, max=1.729354
[2026-04-22 16:36:32][Rank 0][DEBUG] Step 0 | Gradients: total_norm=0.000000, max=0.000000, min=inf
[2026-04-22 16:36:32][Rank 0][INFO] Step 0 | GPU Memory: allocated=0.46GB, reserved=1.01GB, peak=0.93GB
[2026-04-22 16:36:33][Rank 0][INFO] Epoch 3 complete | train_loss=0.000108, val_loss=0.000108
[2026-04-22 16:36:33][Rank 0][INFO] Epoch 4/140
[2026-04-22 16:36:33][Rank 0][DEBUG] Step 0 | Batch: shape=torch.Size([1536]), mean=-0.026960, std=0.980350, min=-1.730895, max=1.728998
[2026-04-22 16:36:33][Rank 0][DEBUG] Step 0 | Gradients: total_norm=0.000000, max=0.000000, min=inf
[2026-04-22 16:36:33][Rank 0][INFO] Step 0 | GPU Memory: allocated=0.46GB, reserved=1.01GB, peak=0.93GB
[2026-04-22 16:36:34][Rank 0][INFO] Epoch 4 complete | train_loss=0.000063, val_loss=0.000061
[2026-04-22 16:36:34][Rank 0][INFO] Epoch 5/140
[2026-04-22 16:36:34][Rank 0][DEBUG] Step 0 | Batch: shape=torch.Size([1536]), mean=0.027563, std=1.007463, min=-1.730717, max=1.731073
[2026-04-22 16:36:34][Rank 0][DEBUG] Step 0 | Gradients: total_norm=0.000000, max=0.000000, min=inf
[2026-04-22 16:36:34][Rank 0][INFO] Step 0 | GPU Memory: allocated=0.46GB, reserved=1.01GB, peak=0.93GB
[2026-04-22 16:36:35][Rank 0][INFO] Epoch 5 complete | train_loss=0.000044, val_loss=0.000046
[2026-04-22 16:36:35][Rank 0][INFO] Epoch 6/140
[2026-04-22 16:36:36][Rank 0][DEBUG] Step 0 | Batch: shape=torch.Size([1536]), mean=0.002114, std=0.996682, min=-1.725204, max=1.729650
[2026-04-22 16:36:36][Rank 0][DEBUG] Step 0 | Gradients: total_norm=0.000000, max=0.000000, min=inf
[2026-04-22 16:36:36][Rank 0][INFO] Step 0 | GPU Memory: allocated=0.46GB, reserved=1.03GB, peak=0.93GB
[2026-04-22 16:36:37][Rank 0][INFO] Epoch 6 complete | train_loss=0.000034, val_loss=0.000035
[2026-04-22 16:36:37][Rank 0][INFO] Epoch 7/140
[2026-04-22 16:36:37][Rank 0][DEBUG] Step 0 | Batch: shape=torch.Size([1536]), mean=0.020183, std=0.997819, min=-1.731310, max=1.731903
[2026-04-22 16:36:37][Rank 0][DEBUG] Step 0 | Gradients: total_norm=0.000000, max=0.000000, min=inf
[2026-04-22 16:36:37][Rank 0][INFO] Step 0 | GPU Memory: allocated=0.46GB, reserved=1.03GB, peak=0.93GB
[2026-04-22 16:36:38][Rank 0][INFO] Epoch 7 complete | train_loss=0.000029, val_loss=0.000031
[2026-04-22 16:36:38][Rank 0][INFO] Epoch 8/140
[2026-04-22 16:36:38][Rank 0][DEBUG] Step 0 | Batch: shape=torch.Size([1536]), mean=-0.003947, std=0.992639, min=-1.729946, max=1.730302
[2026-04-22 16:36:38][Rank 0][DEBUG] Step 0 | Gradients: total_norm=0.000000, max=0.000000, min=inf
[2026-04-22 16:36:38][Rank 0][INFO] Step 0 | GPU Memory: allocated=0.46GB, reserved=1.03GB, peak=0.93GB
[2026-04-22 16:36:39][Rank 0][INFO] Epoch 8 complete | train_loss=0.000054, val_loss=0.000041
[2026-04-22 16:36:39][Rank 0][INFO] Epoch 9/140
[2026-04-22 16:36:39][Rank 0][DEBUG] Step 0 | Batch: shape=torch.Size([1536]), mean=-0.013297, std=1.008191, min=-1.729057, max=1.731191
[2026-04-22 16:36:39][Rank 0][DEBUG] Step 0 | Gradients: total_norm=0.000000, max=0.000000, min=inf
[2026-04-22 16:36:39][Rank 0][INFO] Step 0 | GPU Memory: allocated=0.46GB, reserved=1.03GB, peak=0.93GB
[2026-04-22 16:36:40][Rank 0][INFO] Epoch 9 complete | train_loss=0.000092, val_loss=0.000153
[2026-04-22 16:36:40][Rank 0][INFO] Epoch 10/140
[2026-04-22 16:36:40][Rank 0][DEBUG] Step 0 | Batch: shape=torch.Size([1536]), mean=-0.009172, std=0.979599, min=-1.731369, max=1.732021
[2026-04-22 16:36:40][Rank 0][DEBUG] Step 0 | Gradients: total_norm=0.000000, max=0.000000, min=inf
[2026-04-22 16:36:40][Rank 0][INFO] Step 0 | GPU Memory: allocated=0.46GB, reserved=1.05GB, peak=0.93GB
[2026-04-22 16:36:41][Rank 0][INFO] Epoch 10 complete | train_loss=0.000042, val_loss=0.000045
[2026-04-22 16:36:41][Rank 0][INFO] Epoch 11/140
[2026-04-22 16:36:41][Rank 0][DEBUG] Step 0 | Batch: shape=torch.Size([1536]), mean=0.011751, std=0.996696, min=-1.731547, max=1.729887
[2026-04-22 16:36:41][Rank 0][DEBUG] Step 0 | Gradients: total_norm=0.000000, max=0.000000, min=inf
[2026-04-22 16:36:41][Rank 0][INFO] Step 0 | GPU Memory: allocated=0.46GB, reserved=1.05GB, peak=0.93GB
[2026-04-22 16:36:42][Rank 0][INFO] Epoch 11 complete | train_loss=0.001534, val_loss=0.001089
[2026-04-22 16:36:43][Rank 0][INFO] Epoch 12/140
[2026-04-22 16:36:43][Rank 0][DEBUG] Step 0 | Batch: shape=torch.Size([1536]), mean=-0.034931, std=0.997269, min=-1.731014, max=1.729828
[2026-04-22 16:36:43][Rank 0][DEBUG] Step 0 | Gradients: total_norm=0.000000, max=0.000000, min=inf
[2026-04-22 16:36:43][Rank 0][INFO] Step 0 | GPU Memory: allocated=0.46GB, reserved=1.05GB, peak=0.93GB
[2026-04-22 16:36:44][Rank 0][INFO] Epoch 12 complete | train_loss=0.000133, val_loss=0.000151
[2026-04-22 16:36:44][Rank 0][INFO] Epoch 13/140
[2026-04-22 16:36:44][Rank 0][DEBUG] Step 0 | Batch: shape=torch.Size([1536]), mean=0.043061, std=1.009284, min=-1.728524, max=1.732021
[2026-04-22 16:36:44][Rank 0][DEBUG] Step 0 | Gradients: total_norm=0.000000, max=0.000000, min=inf
[2026-04-22 16:36:44][Rank 0][INFO] Step 0 | GPU Memory: allocated=0.46GB, reserved=1.05GB, peak=0.93GB
[2026-04-22 16:36:45][Rank 0][INFO] Epoch 13 complete | train_loss=0.000034, val_loss=0.000027
[2026-04-22 16:36:45][Rank 0][INFO] Epoch 14/140
[2026-04-22 16:36:45][Rank 0][DEBUG] Step 0 | Batch: shape=torch.Size([1536]), mean=-0.001724, std=0.988872, min=-1.730421, max=1.728820
[2026-04-22 16:36:45][Rank 0][DEBUG] Step 0 | Gradients: total_norm=0.000000, max=0.000000, min=inf
[2026-04-22 16:36:45][Rank 0][INFO] Step 0 | GPU Memory: allocated=0.46GB, reserved=1.05GB, peak=0.93GB
[2026-04-22 16:36:46][Rank 0][INFO] Epoch 14 complete | train_loss=0.000019, val_loss=0.000020
[2026-04-22 16:36:46][Rank 0][INFO] Epoch 15/140
[2026-04-22 16:36:46][Rank 0][DEBUG] Step 0 | Batch: shape=torch.Size([1536]), mean=-0.038560, std=0.994239, min=-1.731843, max=1.729946
[2026-04-22 16:36:46][Rank 0][DEBUG] Step 0 | Gradients: total_norm=0.000000, max=0.000000, min=inf
[2026-04-22 16:36:46][Rank 0][INFO] Step 0 | GPU Memory: allocated=0.46GB, reserved=1.05GB, peak=0.93GB
[2026-04-22 16:36:47][Rank 0][INFO] Epoch 15 complete | train_loss=0.000013, val_loss=0.000012
[2026-04-22 16:36:47][Rank 0][INFO] Epoch 16/140
[2026-04-22 16:36:47][Rank 0][DEBUG] Step 0 | Batch: shape=torch.Size([1536]), mean=-0.033648, std=1.008961, min=-1.730124, max=1.727279
[2026-04-22 16:36:47][Rank 0][DEBUG] Step 0 | Gradients: total_norm=0.000000, max=0.000000, min=inf
[2026-04-22 16:36:47][Rank 0][INFO] Step 0 | GPU Memory: allocated=0.46GB, reserved=1.05GB, peak=0.93GB
[2026-04-22 16:36:48][Rank 0][INFO] Epoch 16 complete | train_loss=0.000022, val_loss=0.000020
[2026-04-22 16:36:48][Rank 0][INFO] Epoch 17/140
[2026-04-22 16:36:48][Rank 0][DEBUG] Step 0 | Batch: shape=torch.Size([1536]), mean=0.018557, std=1.009995, min=-1.729176, max=1.727931
[2026-04-22 16:36:48][Rank 0][DEBUG] Step 0 | Gradients: total_norm=0.000000, max=0.000000, min=inf
[2026-04-22 16:36:48][Rank 0][INFO] Step 0 | GPU Memory: allocated=0.46GB, reserved=1.05GB, peak=0.93GB
[2026-04-22 16:36:49][Rank 0][INFO] Epoch 17 complete | train_loss=0.000277, val_loss=0.000343
[2026-04-22 16:36:49][Rank 0][INFO] Epoch 18/140
[2026-04-22 16:36:49][Rank 0][DEBUG] Step 0 | Batch: shape=torch.Size([1536]), mean=-0.013422, std=1.003814, min=-1.731843, max=1.729413
[2026-04-22 16:36:49][Rank 0][DEBUG] Step 0 | Gradients: total_norm=0.000000, max=0.000000, min=inf
[2026-04-22 16:36:49][Rank 0][INFO] Step 0 | GPU Memory: allocated=0.46GB, reserved=1.05GB, peak=0.93GB
[2026-04-22 16:36:51][Rank 0][INFO] Epoch 18 complete | train_loss=0.000175, val_loss=0.000125
[2026-04-22 16:36:51][Rank 0][INFO] Epoch 19/140
[2026-04-22 16:36:51][Rank 0][DEBUG] Step 0 | Batch: shape=torch.Size([1536]), mean=-0.009939, std=0.990167, min=-1.731784, max=1.730776
[2026-04-22 16:36:51][Rank 0][DEBUG] Step 0 | Gradients: total_norm=0.000000, max=0.000000, min=inf
[2026-04-22 16:36:51][Rank 0][INFO] Step 0 | GPU Memory: allocated=0.46GB, reserved=1.05GB, peak=0.93GB
[2026-04-22 16:36:52][Rank 0][INFO] Epoch 19 complete | train_loss=0.000116, val_loss=0.000128
[2026-04-22 16:36:52][Rank 0][INFO] Epoch 20/140
[2026-04-22 16:36:52][Rank 0][DEBUG] Step 0 | Batch: shape=torch.Size([1536]), mean=0.024788, std=1.014544, min=-1.727101, max=1.731665
[2026-04-22 16:36:52][Rank 0][DEBUG] Step 0 | Gradients: total_norm=0.000000, max=0.000000, min=inf
[2026-04-22 16:36:52][Rank 0][INFO] Step 0 | GPU Memory: allocated=0.46GB, reserved=1.05GB, peak=0.93GB
[2026-04-22 16:36:53][Rank 0][INFO] Epoch 20 complete | train_loss=0.000179, val_loss=0.000174
[2026-04-22 16:36:53][Rank 0][INFO] Epoch 21/140
[2026-04-22 16:36:53][Rank 0][DEBUG] Step 0 | Batch: shape=torch.Size([1536]), mean=0.004060, std=1.006261, min=-1.728346, max=1.731488
[2026-04-22 16:36:53][Rank 0][DEBUG] Step 0 | Gradients: total_norm=0.000000, max=0.000000, min=inf
[2026-04-22 16:36:53][Rank 0][INFO] Step 0 | GPU Memory: allocated=0.46GB, reserved=1.05GB, peak=0.93GB
[2026-04-22 16:36:54][Rank 0][INFO] Epoch 21 complete | train_loss=0.000074, val_loss=0.000070
[2026-04-22 16:36:54][Rank 0][INFO] Epoch 22/140
[2026-04-22 16:36:54][Rank 0][DEBUG] Step 0 | Batch: shape=torch.Size([1536]), mean=0.033589, std=1.012210, min=-1.731014, max=1.728465
[2026-04-22 16:36:54][Rank 0][DEBUG] Step 0 | Gradients: total_norm=0.000000, max=0.000000, min=inf
[2026-04-22 16:36:54][Rank 0][INFO] Step 0 | GPU Memory: allocated=0.46GB, reserved=1.05GB, peak=0.93GB
[2026-04-22 16:36:55][Rank 0][INFO] Epoch 22 complete | train_loss=0.000162, val_loss=0.000219
[2026-04-22 16:36:55][Rank 0][INFO] Epoch 23/140
[2026-04-22 16:36:55][Rank 0][DEBUG] Step 0 | Batch: shape=torch.Size([1536]), mean=0.025831, std=1.002656, min=-1.730421, max=1.728998
[2026-04-22 16:36:55][Rank 0][DEBUG] Step 0 | Gradients: total_norm=0.000000, max=0.000000, min=inf
[2026-04-22 16:36:55][Rank 0][INFO] Step 0 | GPU Memory: allocated=0.46GB, reserved=1.05GB, peak=0.93GB
[2026-04-22 16:36:57][Rank 0][INFO] Epoch 23 complete | train_loss=0.000706, val_loss=0.000986
[2026-04-22 16:36:57][Rank 0][INFO] Epoch 24/140
[2026-04-22 16:36:57][Rank 0][DEBUG] Step 0 | Batch: shape=torch.Size([1536]), mean=-0.012523, std=1.010151, min=-1.730124, max=1.710326
[2026-04-22 16:36:57][Rank 0][DEBUG] Step 0 | Gradients: total_norm=0.000000, max=0.000000, min=inf
[2026-04-22 16:36:57][Rank 0][INFO] Step 0 | GPU Memory: allocated=0.46GB, reserved=1.05GB, peak=0.93GB
[2026-04-22 16:36:58][Rank 0][INFO] Epoch 24 complete | train_loss=0.000152, val_loss=0.000166
[2026-04-22 16:36:58][Rank 0][INFO] Epoch 25/140
[2026-04-22 16:36:58][Rank 0][DEBUG] Step 0 | Batch: shape=torch.Size([1536]), mean=0.018628, std=0.996943, min=-1.726331, max=1.730421
[2026-04-22 16:36:58][Rank 0][DEBUG] Step 0 | Gradients: total_norm=0.000000, max=0.000000, min=inf
[2026-04-22 16:36:58][Rank 0][INFO] Step 0 | GPU Memory: allocated=0.46GB, reserved=1.05GB, peak=0.93GB
[2026-04-22 16:36:59][Rank 0][INFO] Epoch 25 complete | train_loss=0.000064, val_loss=0.000055
[2026-04-22 16:36:59][Rank 0][INFO] Epoch 26/140
[2026-04-22 16:36:59][Rank 0][DEBUG] Step 0 | Batch: shape=torch.Size([1536]), mean=0.034676, std=1.001775, min=-1.731369, max=1.722359
[2026-04-22 16:36:59][Rank 0][DEBUG] Step 0 | Gradients: total_norm=0.000000, max=0.000000, min=inf
[2026-04-22 16:36:59][Rank 0][INFO] Step 0 | GPU Memory: allocated=0.46GB, reserved=1.05GB, peak=0.93GB
[2026-04-22 16:37:00][Rank 0][INFO] Epoch 26 complete | train_loss=0.000091, val_loss=0.000133
[2026-04-22 16:37:00][Rank 0][INFO] Epoch 27/140
[2026-04-22 16:37:00][Rank 0][DEBUG] Step 0 | Batch: shape=torch.Size([1536]), mean=0.005531, std=0.996394, min=-1.724612, max=1.731725
[2026-04-22 16:37:00][Rank 0][DEBUG] Step 0 | Gradients: total_norm=0.000000, max=0.000000, min=inf
[2026-04-22 16:37:00][Rank 0][INFO] Step 0 | GPU Memory: allocated=0.46GB, reserved=1.05GB, peak=0.93GB
[2026-04-22 16:37:01][Rank 0][INFO] Epoch 27 complete | train_loss=0.000054, val_loss=0.000040
[2026-04-22 16:37:01][Rank 0][INFO] Epoch 28/140
[2026-04-22 16:37:01][Rank 0][DEBUG] Step 0 | Batch: shape=torch.Size([1536]), mean=-0.006127, std=1.012277, min=-1.731251, max=1.730302
[2026-04-22 16:37:01][Rank 0][DEBUG] Step 0 | Gradients: total_norm=0.000000, max=0.000000, min=inf
[2026-04-22 16:37:01][Rank 0][INFO] Step 0 | GPU Memory: allocated=0.46GB, reserved=1.05GB, peak=0.93GB
[2026-04-22 16:37:02][Rank 0][INFO] Epoch 28 complete | train_loss=0.000041, val_loss=0.000034
[2026-04-22 16:37:02][Rank 0][INFO] Epoch 29/140
[2026-04-22 16:37:02][Rank 0][DEBUG] Step 0 | Batch: shape=torch.Size([1536]), mean=0.008371, std=0.995800, min=-1.730065, max=1.731665
[2026-04-22 16:37:02][Rank 0][DEBUG] Step 0 | Gradients: total_norm=0.000000, max=0.000000, min=inf
[2026-04-22 16:37:02][Rank 0][INFO] Step 0 | GPU Memory: allocated=0.46GB, reserved=1.05GB, peak=0.93GB
[2026-04-22 16:37:03][Rank 0][INFO] Epoch 29 complete | train_loss=0.000025, val_loss=0.000030
[2026-04-22 16:37:03][Rank 0][INFO] Epoch 30/140
[2026-04-22 16:37:03][Rank 0][DEBUG] Step 0 | Batch: shape=torch.Size([1536]), mean=-0.001440, std=0.993121, min=-1.725027, max=1.731014
[2026-04-22 16:37:03][Rank 0][DEBUG] Step 0 | Gradients: total_norm=0.000000, max=0.000000, min=inf
[2026-04-22 16:37:03][Rank 0][INFO] Step 0 | GPU Memory: allocated=0.46GB, reserved=1.05GB, peak=0.93GB
[2026-04-22 16:37:04][Rank 0][INFO] Epoch 30 complete | train_loss=0.000089, val_loss=0.000116
[2026-04-22 16:37:04][Rank 0][INFO] Epoch 31/140
[2026-04-22 16:37:04][Rank 0][DEBUG] Step 0 | Batch: shape=torch.Size([1536]), mean=-0.014105, std=0.956375, min=-1.730895, max=1.731073
[2026-04-22 16:37:04][Rank 0][DEBUG] Step 0 | Gradients: total_norm=0.000000, max=0.000000, min=inf
[2026-04-22 16:37:04][Rank 0][INFO] Step 0 | GPU Memory: allocated=0.46GB, reserved=1.05GB, peak=0.93GB
[2026-04-22 16:37:05][Rank 0][INFO] Epoch 31 complete | train_loss=0.000203, val_loss=0.000157
[2026-04-22 16:37:06][Rank 0][INFO] Epoch 32/140
[2026-04-22 16:37:06][Rank 0][DEBUG] Step 0 | Batch: shape=torch.Size([1536]), mean=-0.034087, std=1.029317, min=-1.729532, max=1.728465
[2026-04-22 16:37:06][Rank 0][DEBUG] Step 0 | Gradients: total_norm=0.000000, max=0.000000, min=inf
[2026-04-22 16:37:06][Rank 0][INFO] Step 0 | GPU Memory: allocated=0.46GB, reserved=1.05GB, peak=0.93GB
[2026-04-22 16:37:07][Rank 0][INFO] Epoch 32 complete | train_loss=0.000156, val_loss=0.000162
[2026-04-22 16:37:07][Rank 0][INFO] Epoch 33/140
[2026-04-22 16:37:07][Rank 0][DEBUG] Step 0 | Batch: shape=torch.Size([1536]), mean=-0.003180, std=1.006562, min=-1.730361, max=1.731547
[2026-04-22 16:37:07][Rank 0][DEBUG] Step 0 | Gradients: total_norm=0.000000, max=0.000000, min=inf
[2026-04-22 16:37:07][Rank 0][INFO] Step 0 | GPU Memory: allocated=0.46GB, reserved=1.05GB, peak=0.93GB
[2026-04-22 16:37:08][Rank 0][INFO] Epoch 33 complete | train_loss=0.000104, val_loss=0.000079
[2026-04-22 16:37:08][Rank 0][INFO] Epoch 34/140
[2026-04-22 16:37:08][Rank 0][DEBUG] Step 0 | Batch: shape=torch.Size([1536]), mean=-0.010599, std=0.993817, min=-1.727398, max=1.731725
[2026-04-22 16:37:08][Rank 0][DEBUG] Step 0 | Gradients: total_norm=0.000000, max=0.000000, min=inf
[2026-04-22 16:37:08][Rank 0][INFO] Step 0 | GPU Memory: allocated=0.46GB, reserved=1.05GB, peak=0.93GB
[2026-04-22 16:37:09][Rank 0][INFO] Epoch 34 complete | train_loss=0.000044, val_loss=0.000032
[2026-04-22 16:37:09][Rank 0][INFO] Epoch 35/140
[2026-04-22 16:37:09][Rank 0][DEBUG] Step 0 | Batch: shape=torch.Size([1536]), mean=-0.022731, std=1.009228, min=-1.728168, max=1.731962
[2026-04-22 16:37:09][Rank 0][DEBUG] Step 0 | Gradients: total_norm=0.000000, max=0.000000, min=inf
[2026-04-22 16:37:09][Rank 0][INFO] Step 0 | GPU Memory: allocated=0.46GB, reserved=1.05GB, peak=0.93GB
[2026-04-22 16:37:10][Rank 0][INFO] Epoch 35 complete | train_loss=0.000014, val_loss=0.000012
[2026-04-22 16:37:10][Rank 0][INFO] Epoch 36/140
[2026-04-22 16:37:10][Rank 0][DEBUG] Step 0 | Batch: shape=torch.Size([1536]), mean=0.036241, std=0.963986, min=-1.728761, max=1.722774
[2026-04-22 16:37:10][Rank 0][DEBUG] Step 0 | Gradients: total_norm=0.000000, max=0.000000, min=inf
[2026-04-22 16:37:10][Rank 0][INFO] Step 0 | GPU Memory: allocated=0.46GB, reserved=1.05GB, peak=0.93GB
[2026-04-22 16:37:11][Rank 0][INFO] Epoch 36 complete | train_loss=0.000014, val_loss=0.000013
[2026-04-22 16:37:11][Rank 0][INFO] Epoch 37/140
[2026-04-22 16:37:11][Rank 0][DEBUG] Step 0 | Batch: shape=torch.Size([1536]), mean=-0.005581, std=0.983925, min=-1.729709, max=1.729650
[2026-04-22 16:37:12][Rank 0][DEBUG] Step 0 | Gradients: total_norm=0.000000, max=0.000000, min=inf
[2026-04-22 16:37:12][Rank 0][INFO] Step 0 | GPU Memory: allocated=0.46GB, reserved=1.05GB, peak=0.93GB
[2026-04-22 16:37:13][Rank 0][INFO] Epoch 37 complete | train_loss=0.000054, val_loss=0.000036
[2026-04-22 16:37:13][Rank 0][INFO] Epoch 38/140
[2026-04-22 16:37:13][Rank 0][DEBUG] Step 0 | Batch: shape=torch.Size([1536]), mean=-0.029885, std=0.982789, min=-1.728939, max=1.729176
[2026-04-22 16:37:13][Rank 0][DEBUG] Step 0 | Gradients: total_norm=0.000000, max=0.000000, min=inf
[2026-04-22 16:37:13][Rank 0][INFO] Step 0 | GPU Memory: allocated=0.46GB, reserved=1.05GB, peak=0.93GB
[2026-04-22 16:37:14][Rank 0][INFO] Epoch 38 complete | train_loss=0.000378, val_loss=0.000531
[2026-04-22 16:37:14][Rank 0][INFO] Epoch 39/140
[2026-04-22 16:37:14][Rank 0][DEBUG] Step 0 | Batch: shape=torch.Size([1536]), mean=-0.026186, std=1.007106, min=-1.731547, max=1.731310
[2026-04-22 16:37:14][Rank 0][DEBUG] Step 0 | Gradients: total_norm=0.000000, max=0.000000, min=inf
[2026-04-22 16:37:14][Rank 0][INFO] Step 0 | GPU Memory: allocated=0.46GB, reserved=1.05GB, peak=0.93GB
[2026-04-22 16:37:15][Rank 0][INFO] Epoch 39 complete | train_loss=0.000478, val_loss=0.000616
[2026-04-22 16:37:15][Rank 0][INFO] Epoch 40/140
[2026-04-22 16:37:15][Rank 0][DEBUG] Step 0 | Batch: shape=torch.Size([1536]), mean=0.004000, std=0.994402, min=-1.727991, max=1.729354
[2026-04-22 16:37:15][Rank 0][DEBUG] Step 0 | Gradients: total_norm=0.000000, max=0.000000, min=inf
[2026-04-22 16:37:15][Rank 0][INFO] Step 0 | GPU Memory: allocated=0.46GB, reserved=1.05GB, peak=0.93GB
[2026-04-22 16:37:16][Rank 0][INFO] Epoch 40 complete | train_loss=0.000333, val_loss=0.000331
[2026-04-22 16:37:16][Rank 0][INFO] Epoch 41/140
[2026-04-22 16:37:16][Rank 0][DEBUG] Step 0 | Batch: shape=torch.Size([1536]), mean=-0.018193, std=0.996425, min=-1.730658, max=1.730243
[2026-04-22 16:37:16][Rank 0][DEBUG] Step 0 | Gradients: total_norm=0.000000, max=0.000000, min=inf
[2026-04-22 16:37:16][Rank 0][INFO] Step 0 | GPU Memory: allocated=0.46GB, reserved=1.05GB, peak=0.93GB
[2026-04-22 16:37:17][Rank 0][INFO] Epoch 41 complete | train_loss=0.000102, val_loss=0.000097
[2026-04-22 16:37:18][Rank 0][INFO] Epoch 42/140
[2026-04-22 16:37:18][Rank 0][DEBUG] Step 0 | Batch: shape=torch.Size([1536]), mean=0.029820, std=1.014925, min=-1.729591, max=1.730658
[2026-04-22 16:37:18][Rank 0][DEBUG] Step 0 | Gradients: total_norm=0.000000, max=0.000000, min=inf
[2026-04-22 16:37:18][Rank 0][INFO] Step 0 | GPU Memory: allocated=0.46GB, reserved=1.05GB, peak=0.93GB
[2026-04-22 16:37:19][Rank 0][INFO] Epoch 42 complete | train_loss=0.000075, val_loss=0.000048
[2026-04-22 16:37:19][Rank 0][INFO] Epoch 43/140
[2026-04-22 16:37:19][Rank 0][DEBUG] Step 0 | Batch: shape=torch.Size([1536]), mean=-0.032707, std=1.008568, min=-1.732021, max=1.729591
[2026-04-22 16:37:19][Rank 0][DEBUG] Step 0 | Gradients: total_norm=0.000000, max=0.000000, min=inf
[2026-04-22 16:37:19][Rank 0][INFO] Step 0 | GPU Memory: allocated=0.46GB, reserved=1.05GB, peak=0.93GB
[2026-04-22 16:37:20][Rank 0][INFO] Epoch 43 complete | train_loss=0.000079, val_loss=0.000045
[2026-04-22 16:37:20][Rank 0][INFO] Epoch 44/140
[2026-04-22 16:37:20][Rank 0][DEBUG] Step 0 | Batch: shape=torch.Size([1536]), mean=0.009134, std=1.002343, min=-1.725323, max=1.731784
[2026-04-22 16:37:20][Rank 0][DEBUG] Step 0 | Gradients: total_norm=0.000000, max=0.000000, min=inf
[2026-04-22 16:37:20][Rank 0][INFO] Step 0 | GPU Memory: allocated=0.46GB, reserved=1.05GB, peak=0.93GB
[2026-04-22 16:37:21][Rank 0][INFO] Epoch 44 complete | train_loss=0.000021, val_loss=0.000018
[2026-04-22 16:37:21][Rank 0][INFO] Epoch 45/140
[2026-04-22 16:37:21][Rank 0][DEBUG] Step 0 | Batch: shape=torch.Size([1536]), mean=-0.036916, std=1.000741, min=-1.729769, max=1.728702
[2026-04-22 16:37:21][Rank 0][DEBUG] Step 0 | Gradients: total_norm=0.000000, max=0.000000, min=inf
[2026-04-22 16:37:21][Rank 0][INFO] Step 0 | GPU Memory: allocated=0.46GB, reserved=1.05GB, peak=0.93GB
[2026-04-22 16:37:22][Rank 0][INFO] Epoch 45 complete | train_loss=0.000009, val_loss=0.000009
[2026-04-22 16:37:22][Rank 0][INFO] Epoch 46/140
[2026-04-22 16:37:22][Rank 0][DEBUG] Step 0 | Batch: shape=torch.Size([1536]), mean=-0.001558, std=0.982975, min=-1.730954, max=1.730954
[2026-04-22 16:37:22][Rank 0][DEBUG] Step 0 | Gradients: total_norm=0.000000, max=0.000000, min=inf
[2026-04-22 16:37:22][Rank 0][INFO] Step 0 | GPU Memory: allocated=0.46GB, reserved=1.05GB, peak=0.93GB
[2026-04-22 16:37:23][Rank 0][INFO] Epoch 46 complete | train_loss=0.000010, val_loss=0.000009
[2026-04-22 16:37:23][Rank 0][INFO] Epoch 47/140
[2026-04-22 16:37:23][Rank 0][DEBUG] Step 0 | Batch: shape=torch.Size([1536]), mean=0.024071, std=0.988845, min=-1.729887, max=1.731903
[2026-04-22 16:37:23][Rank 0][DEBUG] Step 0 | Gradients: total_norm=0.000000, max=0.000000, min=inf
[2026-04-22 16:37:23][Rank 0][INFO] Step 0 | GPU Memory: allocated=0.46GB, reserved=1.05GB, peak=0.93GB
[2026-04-22 16:37:24][Rank 0][INFO] Epoch 47 complete | train_loss=0.000019, val_loss=0.000018
[2026-04-22 16:37:24][Rank 0][INFO] Epoch 48/140
[2026-04-22 16:37:24][Rank 0][DEBUG] Step 0 | Batch: shape=torch.Size([1536]), mean=0.003504, std=0.998930, min=-1.726923, max=1.728109
[2026-04-22 16:37:24][Rank 0][DEBUG] Step 0 | Gradients: total_norm=0.000000, max=0.000000, min=inf
[2026-04-22 16:37:24][Rank 0][INFO] Step 0 | GPU Memory: allocated=0.46GB, reserved=1.05GB, peak=0.93GB
[2026-04-22 16:37:25][Rank 0][INFO] Epoch 48 complete | train_loss=0.000008, val_loss=0.000008
[2026-04-22 16:37:25][Rank 0][INFO] Epoch 49/140
[2026-04-22 16:37:25][Rank 0][DEBUG] Step 0 | Batch: shape=torch.Size([1536]), mean=0.004988, std=1.006063, min=-1.726686, max=1.731251
[2026-04-22 16:37:25][Rank 0][DEBUG] Step 0 | Gradients: total_norm=0.000000, max=0.000000, min=inf
[2026-04-22 16:37:25][Rank 0][INFO] Step 0 | GPU Memory: allocated=0.46GB, reserved=1.05GB, peak=0.93GB
[2026-04-22 16:37:26][Rank 0][INFO] Epoch 49 complete | train_loss=0.000005, val_loss=0.000004
[2026-04-22 16:37:26][Rank 0][INFO] Epoch 50/140
[2026-04-22 16:37:26][Rank 0][DEBUG] Step 0 | Batch: shape=torch.Size([1536]), mean=0.045529, std=1.000094, min=-1.729295, max=1.731665
[2026-04-22 16:37:26][Rank 0][DEBUG] Step 0 | Gradients: total_norm=0.000000, max=0.000000, min=inf
[2026-04-22 16:37:26][Rank 0][INFO] Step 0 | GPU Memory: allocated=0.46GB, reserved=1.05GB, peak=0.93GB
[2026-04-22 16:37:28][Rank 0][INFO] Epoch 50 complete | train_loss=0.000005, val_loss=0.000003
[2026-04-22 16:37:28][Rank 0][INFO] Epoch 51/140
[2026-04-22 16:37:28][Rank 0][DEBUG] Step 0 | Batch: shape=torch.Size([1536]), mean=-0.048651, std=0.998880, min=-1.729235, max=1.730302
[2026-04-22 16:37:28][Rank 0][DEBUG] Step 0 | Gradients: total_norm=0.000000, max=0.000000, min=inf
[2026-04-22 16:37:28][Rank 0][INFO] Step 0 | GPU Memory: allocated=0.46GB, reserved=1.05GB, peak=0.93GB
[2026-04-22 16:37:29][Rank 0][INFO] Epoch 51 complete | train_loss=0.000008, val_loss=0.000006
[2026-04-22 16:37:29][Rank 0][INFO] Epoch 52/140
[2026-04-22 16:37:29][Rank 0][DEBUG] Step 0 | Batch: shape=torch.Size([1536]), mean=-0.024177, std=1.003866, min=-1.730243, max=1.731962
[2026-04-22 16:37:29][Rank 0][DEBUG] Step 0 | Gradients: total_norm=0.000000, max=0.000000, min=inf
[2026-04-22 16:37:29][Rank 0][INFO] Step 0 | GPU Memory: allocated=0.46GB, reserved=1.05GB, peak=0.93GB
[2026-04-22 16:37:30][Rank 0][INFO] Epoch 52 complete | train_loss=0.000012, val_loss=0.000011
[2026-04-22 16:37:30][Rank 0][INFO] Epoch 53/140
[2026-04-22 16:37:30][Rank 0][DEBUG] Step 0 | Batch: shape=torch.Size([1536]), mean=-0.036378, std=0.990469, min=-1.727931, max=1.731665
[2026-04-22 16:37:30][Rank 0][DEBUG] Step 0 | Gradients: total_norm=0.000000, max=0.000000, min=inf
[2026-04-22 16:37:30][Rank 0][INFO] Step 0 | GPU Memory: allocated=0.46GB, reserved=1.05GB, peak=0.93GB
[2026-04-22 16:37:31][Rank 0][INFO] Epoch 53 complete | train_loss=0.000055, val_loss=0.000084
[2026-04-22 16:37:31][Rank 0][INFO] Epoch 54/140
[2026-04-22 16:37:31][Rank 0][DEBUG] Step 0 | Batch: shape=torch.Size([1536]), mean=-0.013799, std=1.024889, min=-1.730006, max=1.728346
[2026-04-22 16:37:32][Rank 0][DEBUG] Step 0 | Gradients: total_norm=0.000000, max=0.000000, min=inf
[2026-04-22 16:37:32][Rank 0][INFO] Step 0 | GPU Memory: allocated=0.46GB, reserved=1.05GB, peak=0.93GB
[2026-04-22 16:37:33][Rank 0][INFO] Epoch 54 complete | train_loss=0.000254, val_loss=0.000307
[2026-04-22 16:37:33][Rank 0][INFO] Epoch 55/140
[2026-04-22 16:37:33][Rank 0][DEBUG] Step 0 | Batch: shape=torch.Size([1536]), mean=0.000437, std=1.003516, min=-1.720640, max=1.730184
[2026-04-22 16:37:33][Rank 0][DEBUG] Step 0 | Gradients: total_norm=0.000000, max=0.000000, min=inf
[2026-04-22 16:37:33][Rank 0][INFO] Step 0 | GPU Memory: allocated=0.46GB, reserved=1.05GB, peak=0.93GB
[2026-04-22 16:37:34][Rank 0][INFO] Epoch 55 complete | train_loss=0.000201, val_loss=0.000215
[2026-04-22 16:37:34][Rank 0][INFO] Epoch 56/140
[2026-04-22 16:37:34][Rank 0][DEBUG] Step 0 | Batch: shape=torch.Size([1536]), mean=-0.015610, std=0.992521, min=-1.731665, max=1.728346
[2026-04-22 16:37:34][Rank 0][DEBUG] Step 0 | Gradients: total_norm=0.000000, max=0.000000, min=inf
[2026-04-22 16:37:34][Rank 0][INFO] Step 0 | GPU Memory: allocated=0.46GB, reserved=1.05GB, peak=0.93GB
[2026-04-22 16:37:35][Rank 0][INFO] Epoch 56 complete | train_loss=0.000049, val_loss=0.000069
[2026-04-22 16:37:35][Rank 0][INFO] Epoch 57/140
[2026-04-22 16:37:35][Rank 0][DEBUG] Step 0 | Batch: shape=torch.Size([1536]), mean=-0.000945, std=0.964539, min=-1.729117, max=1.729709
[2026-04-22 16:37:35][Rank 0][DEBUG] Step 0 | Gradients: total_norm=0.000000, max=0.000000, min=inf
[2026-04-22 16:37:35][Rank 0][INFO] Step 0 | GPU Memory: allocated=0.46GB, reserved=1.05GB, peak=0.93GB
[2026-04-22 16:37:36][Rank 0][INFO] Epoch 57 complete | train_loss=0.000015, val_loss=0.000015
[2026-04-22 16:37:36][Rank 0][INFO] Epoch 58/140
[2026-04-22 16:37:36][Rank 0][DEBUG] Step 0 | Batch: shape=torch.Size([1536]), mean=0.029680, std=0.993114, min=-1.729946, max=1.731665
[2026-04-22 16:37:36][Rank 0][DEBUG] Step 0 | Gradients: total_norm=0.000000, max=0.000000, min=inf
[2026-04-22 16:37:36][Rank 0][INFO] Step 0 | GPU Memory: allocated=0.46GB, reserved=1.05GB, peak=0.93GB
[2026-04-22 16:37:37][Rank 0][INFO] Epoch 58 complete | train_loss=0.000008, val_loss=0.000008
[2026-04-22 16:37:37][Rank 0][INFO] Epoch 59/140
[2026-04-22 16:37:37][Rank 0][DEBUG] Step 0 | Batch: shape=torch.Size([1536]), mean=-0.008224, std=1.007492, min=-1.731310, max=1.725857
[2026-04-22 16:37:37][Rank 0][DEBUG] Step 0 | Gradients: total_norm=0.000000, max=0.000000, min=inf
[2026-04-22 16:37:37][Rank 0][INFO] Step 0 | GPU Memory: allocated=0.46GB, reserved=1.05GB, peak=0.93GB
[2026-04-22 16:37:38][Rank 0][INFO] Epoch 59 complete | train_loss=0.000002, val_loss=0.000002
[2026-04-22 16:37:38][Rank 0][INFO] Epoch 60/140
[2026-04-22 16:37:38][Rank 0][DEBUG] Step 0 | Batch: shape=torch.Size([1536]), mean=-0.040056, std=0.993548, min=-1.727161, max=1.729413
[2026-04-22 16:37:38][Rank 0][DEBUG] Step 0 | Gradients: total_norm=0.000000, max=0.000000, min=inf
[2026-04-22 16:37:38][Rank 0][INFO] Step 0 | GPU Memory: allocated=0.46GB, reserved=1.05GB, peak=0.93GB
[2026-04-22 16:37:39][Rank 0][INFO] Epoch 60 complete | train_loss=0.000002, val_loss=0.000002
[2026-04-22 16:37:39][Rank 0][INFO] Epoch 61/140
[2026-04-22 16:37:39][Rank 0][DEBUG] Step 0 | Batch: shape=torch.Size([1536]), mean=-0.065523, std=0.981515, min=-1.728761, max=1.728287
[2026-04-22 16:37:39][Rank 0][DEBUG] Step 0 | Gradients: total_norm=0.000000, max=0.000000, min=inf
[2026-04-22 16:37:39][Rank 0][INFO] Step 0 | GPU Memory: allocated=0.46GB, reserved=1.05GB, peak=0.93GB
[2026-04-22 16:37:40][Rank 0][INFO] Epoch 61 complete | train_loss=0.000002, val_loss=0.000002
[2026-04-22 16:37:41][Rank 0][INFO] Epoch 62/140
[2026-04-22 16:37:41][Rank 0][DEBUG] Step 0 | Batch: shape=torch.Size([1536]), mean=-0.010483, std=1.000337, min=-1.730124, max=1.728702
[2026-04-22 16:37:41][Rank 0][DEBUG] Step 0 | Gradients: total_norm=0.000000, max=0.000000, min=inf
[2026-04-22 16:37:41][Rank 0][INFO] Step 0 | GPU Memory: allocated=0.46GB, reserved=1.05GB, peak=0.93GB
[2026-04-22 16:37:42][Rank 0][INFO] Epoch 62 complete | train_loss=0.000001, val_loss=0.000001
[2026-04-22 16:37:42][Rank 0][INFO] Epoch 63/140
[2026-04-22 16:37:42][Rank 0][DEBUG] Step 0 | Batch: shape=torch.Size([1536]), mean=-0.014376, std=0.999449, min=-1.727338, max=1.731725
[2026-04-22 16:37:42][Rank 0][DEBUG] Step 0 | Gradients: total_norm=0.000000, max=0.000000, min=inf
[2026-04-22 16:37:42][Rank 0][INFO] Step 0 | GPU Memory: allocated=0.46GB, reserved=1.05GB, peak=0.93GB
[2026-04-22 16:37:43][Rank 0][INFO] Epoch 63 complete | train_loss=0.000001, val_loss=0.000001
[2026-04-22 16:37:43][Rank 0][INFO] Epoch 64/140
[2026-04-22 16:37:43][Rank 0][DEBUG] Step 0 | Batch: shape=torch.Size([1536]), mean=0.005716, std=0.995710, min=-1.730776, max=1.730124
[2026-04-22 16:37:43][Rank 0][DEBUG] Step 0 | Gradients: total_norm=0.000000, max=0.000000, min=inf
[2026-04-22 16:37:43][Rank 0][INFO] Step 0 | GPU Memory: allocated=0.46GB, reserved=1.05GB, peak=0.93GB
[2026-04-22 16:37:44][Rank 0][INFO] Epoch 64 complete | train_loss=0.000002, val_loss=0.000002
[2026-04-22 16:37:44][Rank 0][INFO] Epoch 65/140
[2026-04-22 16:37:44][Rank 0][DEBUG] Step 0 | Batch: shape=torch.Size([1536]), mean=0.024447, std=0.995714, min=-1.732021, max=1.731191
[2026-04-22 16:37:44][Rank 0][DEBUG] Step 0 | Gradients: total_norm=0.000000, max=0.000000, min=inf
[2026-04-22 16:37:44][Rank 0][INFO] Step 0 | GPU Memory: allocated=0.46GB, reserved=1.05GB, peak=0.93GB
[2026-04-22 16:37:45][Rank 0][INFO] Epoch 65 complete | train_loss=0.000003, val_loss=0.000004
[2026-04-22 16:37:45][Rank 0][INFO] Epoch 66/140
[2026-04-22 16:37:45][Rank 0][DEBUG] Step 0 | Batch: shape=torch.Size([1536]), mean=-0.039684, std=1.004003, min=-1.731073, max=1.729709
[2026-04-22 16:37:46][Rank 0][DEBUG] Step 0 | Gradients: total_norm=0.000000, max=0.000000, min=inf
[2026-04-22 16:37:46][Rank 0][INFO] Step 0 | GPU Memory: allocated=0.46GB, reserved=1.05GB, peak=0.93GB
[2026-04-22 16:37:46][Rank 0][INFO] Epoch 66 complete | train_loss=0.000002, val_loss=0.000002
[2026-04-22 16:37:46][Rank 0][INFO] Epoch 67/140
[2026-04-22 16:37:47][Rank 0][DEBUG] Step 0 | Batch: shape=torch.Size([1536]), mean=-0.076948, std=0.996734, min=-1.728583, max=1.728524
[2026-04-22 16:37:47][Rank 0][DEBUG] Step 0 | Gradients: total_norm=0.000000, max=0.000000, min=inf
[2026-04-22 16:37:47][Rank 0][INFO] Step 0 | GPU Memory: allocated=0.46GB, reserved=1.05GB, peak=0.93GB
[2026-04-22 16:37:48][Rank 0][INFO] Epoch 67 complete | train_loss=0.000005, val_loss=0.000004
[2026-04-22 16:37:48][Rank 0][INFO] Epoch 68/140
[2026-04-22 16:37:48][Rank 0][DEBUG] Step 0 | Batch: shape=torch.Size([1536]), mean=-0.021687, std=1.010261, min=-1.731428, max=1.726686
[2026-04-22 16:37:48][Rank 0][DEBUG] Step 0 | Gradients: total_norm=0.000000, max=0.000000, min=inf
[2026-04-22 16:37:48][Rank 0][INFO] Step 0 | GPU Memory: allocated=0.46GB, reserved=1.05GB, peak=0.93GB
[2026-04-22 16:37:49][Rank 0][INFO] Epoch 68 complete | train_loss=0.000003, val_loss=0.000002
[2026-04-22 16:37:49][Rank 0][INFO] Epoch 69/140
[2026-04-22 16:37:49][Rank 0][DEBUG] Step 0 | Batch: shape=torch.Size([1536]), mean=0.005879, std=0.985423, min=-1.731665, max=1.729413
[2026-04-22 16:37:49][Rank 0][DEBUG] Step 0 | Gradients: total_norm=0.000000, max=0.000000, min=inf
[2026-04-22 16:37:49][Rank 0][INFO] Step 0 | GPU Memory: allocated=0.46GB, reserved=1.05GB, peak=0.93GB
[2026-04-22 16:37:50][Rank 0][INFO] Epoch 69 complete | train_loss=0.000001, val_loss=0.000001
[2026-04-22 16:37:50][Rank 0][INFO] Epoch 70/140
[2026-04-22 16:37:50][Rank 0][DEBUG] Step 0 | Batch: shape=torch.Size([1536]), mean=-0.011030, std=0.989329, min=-1.730776, max=1.730599
[2026-04-22 16:37:50][Rank 0][DEBUG] Step 0 | Gradients: total_norm=0.000000, max=0.000000, min=inf
[2026-04-22 16:37:50][Rank 0][INFO] Step 0 | GPU Memory: allocated=0.46GB, reserved=1.05GB, peak=0.93GB
[2026-04-22 16:37:51][Rank 0][INFO] Epoch 70 complete | train_loss=0.000001, val_loss=0.000001
[2026-04-22 16:37:51][Rank 0][INFO] Epoch 71/140
[2026-04-22 16:37:51][Rank 0][DEBUG] Step 0 | Batch: shape=torch.Size([1536]), mean=-0.019105, std=1.012218, min=-1.731843, max=1.731725
[2026-04-22 16:37:51][Rank 0][DEBUG] Step 0 | Gradients: total_norm=0.000000, max=0.000000, min=inf
[2026-04-22 16:37:51][Rank 0][INFO] Step 0 | GPU Memory: allocated=0.46GB, reserved=1.05GB, peak=0.93GB
[2026-04-22 16:37:52][Rank 0][INFO] Epoch 71 complete | train_loss=0.000001, val_loss=0.000001
[2026-04-22 16:37:53][Rank 0][INFO] Epoch 72/140
[2026-04-22 16:37:53][Rank 0][DEBUG] Step 0 | Batch: shape=torch.Size([1536]), mean=0.012872, std=1.007146, min=-1.729413, max=1.731369
[2026-04-22 16:37:53][Rank 0][DEBUG] Step 0 | Gradients: total_norm=0.000000, max=0.000000, min=inf
[2026-04-22 16:37:53][Rank 0][INFO] Step 0 | GPU Memory: allocated=0.46GB, reserved=1.05GB, peak=0.93GB
[2026-04-22 16:37:54][Rank 0][INFO] Epoch 72 complete | train_loss=0.000001, val_loss=0.000001
[2026-04-22 16:37:54][Rank 0][INFO] Epoch 73/140
[2026-04-22 16:37:54][Rank 0][DEBUG] Step 0 | Batch: shape=torch.Size([1536]), mean=0.011237, std=0.998920, min=-1.730895, max=1.730954
[2026-04-22 16:37:54][Rank 0][DEBUG] Step 0 | Gradients: total_norm=0.000000, max=0.000000, min=inf
[2026-04-22 16:37:54][Rank 0][INFO] Step 0 | GPU Memory: allocated=0.46GB, reserved=1.05GB, peak=0.93GB
[2026-04-22 16:37:55][Rank 0][INFO] Epoch 73 complete | train_loss=0.000001, val_loss=0.000001
[2026-04-22 16:37:55][Rank 0][INFO] Epoch 74/140
[2026-04-22 16:37:55][Rank 0][DEBUG] Step 0 | Batch: shape=torch.Size([1536]), mean=0.008859, std=1.001058, min=-1.731606, max=1.730006
[2026-04-22 16:37:55][Rank 0][DEBUG] Step 0 | Gradients: total_norm=0.000000, max=0.000000, min=inf
[2026-04-22 16:37:55][Rank 0][INFO] Step 0 | GPU Memory: allocated=0.46GB, reserved=1.05GB, peak=0.93GB
[2026-04-22 16:37:56][Rank 0][INFO] Epoch 74 complete | train_loss=0.000001, val_loss=0.000001
[2026-04-22 16:37:56][Rank 0][INFO] Epoch 75/140
[2026-04-22 16:37:56][Rank 0][DEBUG] Step 0 | Batch: shape=torch.Size([1536]), mean=0.045324, std=0.990685, min=-1.731665, max=1.732021
[2026-04-22 16:37:56][Rank 0][DEBUG] Step 0 | Gradients: total_norm=0.000000, max=0.000000, min=inf
[2026-04-22 16:37:56][Rank 0][INFO] Step 0 | GPU Memory: allocated=0.46GB, reserved=1.05GB, peak=0.93GB
[2026-04-22 16:37:57][Rank 0][INFO] Epoch 75 complete | train_loss=0.000001, val_loss=0.000001
[2026-04-22 16:37:57][Rank 0][INFO] Epoch 76/140
[2026-04-22 16:37:57][Rank 0][DEBUG] Step 0 | Batch: shape=torch.Size([1536]), mean=-0.024446, std=0.994584, min=-1.725619, max=1.731073
[2026-04-22 16:37:57][Rank 0][DEBUG] Step 0 | Gradients: total_norm=0.000000, max=0.000000, min=inf
[2026-04-22 16:37:57][Rank 0][INFO] Step 0 | GPU Memory: allocated=0.46GB, reserved=1.05GB, peak=0.93GB
[2026-04-22 16:37:58][Rank 0][INFO] Epoch 76 complete | train_loss=0.000001, val_loss=0.000001
[2026-04-22 16:37:58][Rank 0][INFO] Epoch 77/140
[2026-04-22 16:37:58][Rank 0][DEBUG] Step 0 | Batch: shape=torch.Size([1536]), mean=-0.009432, std=1.000812, min=-1.729769, max=1.730599
[2026-04-22 16:37:58][Rank 0][DEBUG] Step 0 | Gradients: total_norm=0.000000, max=0.000000, min=inf
[2026-04-22 16:37:58][Rank 0][INFO] Step 0 | GPU Memory: allocated=0.46GB, reserved=1.05GB, peak=0.93GB
[2026-04-22 16:37:59][Rank 0][INFO] Epoch 77 complete | train_loss=0.000001, val_loss=0.000001
[2026-04-22 16:37:59][Rank 0][INFO] Epoch 78/140
[2026-04-22 16:37:59][Rank 0][DEBUG] Step 0 | Batch: shape=torch.Size([1536]), mean=0.006403, std=1.006160, min=-1.731843, max=1.730717
[2026-04-22 16:37:59][Rank 0][DEBUG] Step 0 | Gradients: total_norm=0.000000, max=0.000000, min=inf
[2026-04-22 16:37:59][Rank 0][INFO] Step 0 | GPU Memory: allocated=0.46GB, reserved=1.05GB, peak=0.93GB
[2026-04-22 16:38:01][Rank 0][INFO] Epoch 78 complete | train_loss=0.000001, val_loss=0.000001
[2026-04-22 16:38:01][Rank 0][INFO] Epoch 79/140
[2026-04-22 16:38:01][Rank 0][DEBUG] Step 0 | Batch: shape=torch.Size([1536]), mean=0.019693, std=0.981830, min=-1.726034, max=1.731725
[2026-04-22 16:38:01][Rank 0][DEBUG] Step 0 | Gradients: total_norm=0.000000, max=0.000000, min=inf
[2026-04-22 16:38:01][Rank 0][INFO] Step 0 | GPU Memory: allocated=0.46GB, reserved=1.05GB, peak=0.93GB
[2026-04-22 16:38:02][Rank 0][INFO] Epoch 79 complete | train_loss=0.000001, val_loss=0.000001
[2026-04-22 16:38:02][Rank 0][INFO] Epoch 80/140
[2026-04-22 16:38:02][Rank 0][DEBUG] Step 0 | Batch: shape=torch.Size([1536]), mean=0.002534, std=1.013981, min=-1.731665, max=1.726331
[2026-04-22 16:38:02][Rank 0][DEBUG] Step 0 | Gradients: total_norm=0.000000, max=0.000000, min=inf
[2026-04-22 16:38:02][Rank 0][INFO] Step 0 | GPU Memory: allocated=0.46GB, reserved=1.05GB, peak=0.93GB
[2026-04-22 16:38:03][Rank 0][INFO] Epoch 80 complete | train_loss=0.000001, val_loss=0.000001
[2026-04-22 16:38:03][Rank 0][INFO] Epoch 81/140
[2026-04-22 16:38:03][Rank 0][DEBUG] Step 0 | Batch: shape=torch.Size([1536]), mean=0.006006, std=1.014677, min=-1.731962, max=1.729295
[2026-04-22 16:38:03][Rank 0][DEBUG] Step 0 | Gradients: total_norm=0.000000, max=0.000000, min=inf
[2026-04-22 16:38:03][Rank 0][INFO] Step 0 | GPU Memory: allocated=0.46GB, reserved=1.05GB, peak=0.93GB
[2026-04-22 16:38:04][Rank 0][INFO] Epoch 81 complete | train_loss=0.000001, val_loss=0.000001
[2026-04-22 16:38:04][Rank 0][INFO] Epoch 82/140
[2026-04-22 16:38:04][Rank 0][DEBUG] Step 0 | Batch: shape=torch.Size([1536]), mean=0.006168, std=1.007727, min=-1.731665, max=1.731547
[2026-04-22 16:38:04][Rank 0][DEBUG] Step 0 | Gradients: total_norm=0.000000, max=0.000000, min=inf
[2026-04-22 16:38:04][Rank 0][INFO] Step 0 | GPU Memory: allocated=0.46GB, reserved=1.05GB, peak=0.93GB
[2026-04-22 16:38:05][Rank 0][INFO] Epoch 82 complete | train_loss=0.000000, val_loss=0.000000
[2026-04-22 16:38:05][Rank 0][INFO] Epoch 83/140
[2026-04-22 16:38:05][Rank 0][DEBUG] Step 0 | Batch: shape=torch.Size([1536]), mean=-0.001646, std=1.021414, min=-1.730954, max=1.731665
[2026-04-22 16:38:05][Rank 0][DEBUG] Step 0 | Gradients: total_norm=0.000000, max=0.000000, min=inf
[2026-04-22 16:38:05][Rank 0][INFO] Step 0 | GPU Memory: allocated=0.46GB, reserved=1.05GB, peak=0.93GB
[2026-04-22 16:38:07][Rank 0][INFO] Epoch 83 complete | train_loss=0.000000, val_loss=0.000000
[2026-04-22 16:38:07][Rank 0][INFO] Epoch 84/140
[2026-04-22 16:38:07][Rank 0][DEBUG] Step 0 | Batch: shape=torch.Size([1536]), mean=0.000063, std=1.019390, min=-1.731843, max=1.731606
[2026-04-22 16:38:07][Rank 0][DEBUG] Step 0 | Gradients: total_norm=0.000000, max=0.000000, min=inf
[2026-04-22 16:38:07][Rank 0][INFO] Step 0 | GPU Memory: allocated=0.46GB, reserved=1.05GB, peak=0.93GB
[2026-04-22 16:38:08][Rank 0][INFO] Epoch 84 complete | train_loss=0.000000, val_loss=0.000000
[2026-04-22 16:38:08][Rank 0][INFO] Epoch 85/140
[2026-04-22 16:38:08][Rank 0][DEBUG] Step 0 | Batch: shape=torch.Size([1536]), mean=0.011726, std=0.988667, min=-1.728405, max=1.729472
[2026-04-22 16:38:08][Rank 0][DEBUG] Step 0 | Gradients: total_norm=0.000000, max=0.000000, min=inf
[2026-04-22 16:38:08][Rank 0][INFO] Step 0 | GPU Memory: allocated=0.46GB, reserved=1.05GB, peak=0.93GB
[2026-04-22 16:38:09][Rank 0][INFO] Epoch 85 complete | train_loss=0.000000, val_loss=0.000000
[2026-04-22 16:38:09][Rank 0][INFO] Epoch 86/140
[2026-04-22 16:38:09][Rank 0][DEBUG] Step 0 | Batch: shape=torch.Size([1536]), mean=-0.024331, std=0.993537, min=-1.727872, max=1.727576
[2026-04-22 16:38:09][Rank 0][DEBUG] Step 0 | Gradients: total_norm=0.000000, max=0.000000, min=inf
[2026-04-22 16:38:09][Rank 0][INFO] Step 0 | GPU Memory: allocated=0.46GB, reserved=1.05GB, peak=0.93GB
[2026-04-22 16:38:10][Rank 0][INFO] Epoch 86 complete | train_loss=0.000000, val_loss=0.000000
[2026-04-22 16:38:10][Rank 0][INFO] Epoch 87/140
[2026-04-22 16:38:10][Rank 0][DEBUG] Step 0 | Batch: shape=torch.Size([1536]), mean=0.005082, std=0.996677, min=-1.731251, max=1.731191
[2026-04-22 16:38:10][Rank 0][DEBUG] Step 0 | Gradients: total_norm=0.000000, max=0.000000, min=inf
[2026-04-22 16:38:10][Rank 0][INFO] Step 0 | GPU Memory: allocated=0.46GB, reserved=1.05GB, peak=0.93GB
[2026-04-22 16:38:11][Rank 0][INFO] Epoch 87 complete | train_loss=0.000000, val_loss=0.000000
[2026-04-22 16:38:11][Rank 0][INFO] Epoch 88/140
[2026-04-22 16:38:11][Rank 0][DEBUG] Step 0 | Batch: shape=torch.Size([1536]), mean=0.015497, std=0.993493, min=-1.731488, max=1.732021
[2026-04-22 16:38:11][Rank 0][DEBUG] Step 0 | Gradients: total_norm=0.000000, max=0.000000, min=inf
[2026-04-22 16:38:11][Rank 0][INFO] Step 0 | GPU Memory: allocated=0.46GB, reserved=1.05GB, peak=0.93GB
[2026-04-22 16:38:12][Rank 0][INFO] Epoch 88 complete | train_loss=0.000000, val_loss=0.000000
[2026-04-22 16:38:12][Rank 0][INFO] Epoch 89/140
[2026-04-22 16:38:12][Rank 0][DEBUG] Step 0 | Batch: shape=torch.Size([1536]), mean=0.017447, std=1.016458, min=-1.731251, max=1.729887
[2026-04-22 16:38:12][Rank 0][DEBUG] Step 0 | Gradients: total_norm=0.000000, max=0.000000, min=inf
[2026-04-22 16:38:12][Rank 0][INFO] Step 0 | GPU Memory: allocated=0.46GB, reserved=1.05GB, peak=0.93GB
[2026-04-22 16:38:13][Rank 0][INFO] Epoch 89 complete | train_loss=0.000000, val_loss=0.000000
[2026-04-22 16:38:13][Rank 0][INFO] Epoch 90/140
[2026-04-22 16:38:13][Rank 0][DEBUG] Step 0 | Batch: shape=torch.Size([1536]), mean=0.010471, std=0.989815, min=-1.730954, max=1.729413
[2026-04-22 16:38:13][Rank 0][DEBUG] Step 0 | Gradients: total_norm=0.000000, max=0.000000, min=inf
[2026-04-22 16:38:13][Rank 0][INFO] Step 0 | GPU Memory: allocated=0.46GB, reserved=1.05GB, peak=0.93GB
[2026-04-22 16:38:14][Rank 0][INFO] Epoch 90 complete | train_loss=0.000000, val_loss=0.000000
[2026-04-22 16:38:15][Rank 0][INFO] Epoch 91/140
[2026-04-22 16:38:15][Rank 0][DEBUG] Step 0 | Batch: shape=torch.Size([1536]), mean=-0.027974, std=1.001810, min=-1.728702, max=1.730599
[2026-04-22 16:38:15][Rank 0][DEBUG] Step 0 | Gradients: total_norm=0.000000, max=0.000000, min=inf
[2026-04-22 16:38:15][Rank 0][INFO] Step 0 | GPU Memory: allocated=0.46GB, reserved=1.05GB, peak=0.93GB
[2026-04-22 16:38:16][Rank 0][INFO] Epoch 91 complete | train_loss=0.000000, val_loss=0.000000
[2026-04-22 16:38:16][Rank 0][INFO] Epoch 92/140
[2026-04-22 16:38:16][Rank 0][DEBUG] Step 0 | Batch: shape=torch.Size([1536]), mean=0.011637, std=1.015273, min=-1.731843, max=1.728583
[2026-04-22 16:38:16][Rank 0][DEBUG] Step 0 | Gradients: total_norm=0.000000, max=0.000000, min=inf
[2026-04-22 16:38:16][Rank 0][INFO] Step 0 | GPU Memory: allocated=0.46GB, reserved=1.05GB, peak=0.93GB
[2026-04-22 16:38:17][Rank 0][INFO] Epoch 92 complete | train_loss=0.000000, val_loss=0.000000
[2026-04-22 16:38:17][Rank 0][INFO] Epoch 93/140
[2026-04-22 16:38:17][Rank 0][DEBUG] Step 0 | Batch: shape=torch.Size([1536]), mean=-0.003566, std=0.990510, min=-1.727813, max=1.730480
[2026-04-22 16:38:17][Rank 0][DEBUG] Step 0 | Gradients: total_norm=0.000000, max=0.000000, min=inf
[2026-04-22 16:38:17][Rank 0][INFO] Step 0 | GPU Memory: allocated=0.46GB, reserved=1.05GB, peak=0.93GB
[2026-04-22 16:38:18][Rank 0][INFO] Epoch 93 complete | train_loss=0.000000, val_loss=0.000000
[2026-04-22 16:38:18][Rank 0][INFO] Epoch 94/140
[2026-04-22 16:38:18][Rank 0][DEBUG] Step 0 | Batch: shape=torch.Size([1536]), mean=-0.019999, std=1.015502, min=-1.732021, max=1.730776
[2026-04-22 16:38:18][Rank 0][DEBUG] Step 0 | Gradients: total_norm=0.000000, max=0.000000, min=inf
[2026-04-22 16:38:18][Rank 0][INFO] Step 0 | GPU Memory: allocated=0.46GB, reserved=1.05GB, peak=0.93GB
[2026-04-22 16:38:19][Rank 0][INFO] Epoch 94 complete | train_loss=0.000000, val_loss=0.000000
[2026-04-22 16:38:19][Rank 0][INFO] Epoch 95/140
[2026-04-22 16:38:20][Rank 0][DEBUG] Step 0 | Batch: shape=torch.Size([1536]), mean=0.005248, std=1.005108, min=-1.731665, max=1.730776
[2026-04-22 16:38:20][Rank 0][DEBUG] Step 0 | Gradients: total_norm=0.000000, max=0.000000, min=inf
[2026-04-22 16:38:20][Rank 0][INFO] Step 0 | GPU Memory: allocated=0.46GB, reserved=1.05GB, peak=0.93GB
[2026-04-22 16:38:20][Rank 0][INFO] Epoch 95 complete | train_loss=0.000000, val_loss=0.000000
[2026-04-22 16:38:21][Rank 0][INFO] Epoch 96/140
[2026-04-22 16:38:21][Rank 0][DEBUG] Step 0 | Batch: shape=torch.Size([1536]), mean=-0.001645, std=1.015040, min=-1.730539, max=1.730006
[2026-04-22 16:38:21][Rank 0][DEBUG] Step 0 | Gradients: total_norm=0.000000, max=0.000000, min=inf
[2026-04-22 16:38:21][Rank 0][INFO] Step 0 | GPU Memory: allocated=0.46GB, reserved=1.05GB, peak=0.93GB
[2026-04-22 16:38:22][Rank 0][INFO] Epoch 96 complete | train_loss=0.000000, val_loss=0.000000
[2026-04-22 16:38:22][Rank 0][INFO] Epoch 97/140
[2026-04-22 16:38:22][Rank 0][DEBUG] Step 0 | Batch: shape=torch.Size([1536]), mean=0.006127, std=1.009189, min=-1.730599, max=1.730065
[2026-04-22 16:38:22][Rank 0][DEBUG] Step 0 | Gradients: total_norm=0.000000, max=0.000000, min=inf
[2026-04-22 16:38:22][Rank 0][INFO] Step 0 | GPU Memory: allocated=0.46GB, reserved=1.05GB, peak=0.93GB
[2026-04-22 16:38:23][Rank 0][INFO] Epoch 97 complete | train_loss=0.000000, val_loss=0.000000
[2026-04-22 16:38:23][Rank 0][INFO] Epoch 98/140
[2026-04-22 16:38:23][Rank 0][DEBUG] Step 0 | Batch: shape=torch.Size([1536]), mean=-0.016686, std=0.993851, min=-1.730361, max=1.730184
[2026-04-22 16:38:23][Rank 0][DEBUG] Step 0 | Gradients: total_norm=0.000000, max=0.000000, min=inf
[2026-04-22 16:38:23][Rank 0][INFO] Step 0 | GPU Memory: allocated=0.46GB, reserved=1.05GB, peak=0.93GB
[2026-04-22 16:38:24][Rank 0][INFO] Epoch 98 complete | train_loss=0.000000, val_loss=0.000000
[2026-04-22 16:38:24][Rank 0][INFO] Epoch 99/140
[2026-04-22 16:38:24][Rank 0][DEBUG] Step 0 | Batch: shape=torch.Size([1536]), mean=0.042924, std=0.991216, min=-1.731251, max=1.729176
[2026-04-22 16:38:24][Rank 0][DEBUG] Step 0 | Gradients: total_norm=0.000000, max=0.000000, min=inf
[2026-04-22 16:38:24][Rank 0][INFO] Step 0 | GPU Memory: allocated=0.46GB, reserved=1.05GB, peak=0.93GB
[2026-04-22 16:38:25][Rank 0][INFO] Epoch 99 complete | train_loss=0.000000, val_loss=0.000000
[2026-04-22 16:38:25][Rank 0][INFO] Epoch 100/140
[2026-04-22 16:38:25][Rank 0][DEBUG] Step 0 | Batch: shape=torch.Size([1536]), mean=-0.003551, std=0.994199, min=-1.729176, max=1.725916
[2026-04-22 16:38:25][Rank 0][DEBUG] Step 0 | Gradients: total_norm=0.000000, max=0.000000, min=inf
[2026-04-22 16:38:25][Rank 0][INFO] Step 0 | GPU Memory: allocated=0.46GB, reserved=1.05GB, peak=0.93GB
[2026-04-22 16:38:26][Rank 0][INFO] Epoch 100 complete | train_loss=0.000000, val_loss=0.000000
[2026-04-22 16:38:26][Rank 0][INFO] Epoch 101/140
[2026-04-22 16:38:26][Rank 0][DEBUG] Step 0 | Batch: shape=torch.Size([1536]), mean=-0.021388, std=1.003954, min=-1.730124, max=1.730658
[2026-04-22 16:38:26][Rank 0][DEBUG] Step 0 | Gradients: total_norm=0.000000, max=0.000000, min=inf
[2026-04-22 16:38:26][Rank 0][INFO] Step 0 | GPU Memory: allocated=0.46GB, reserved=1.05GB, peak=0.93GB
[2026-04-22 16:38:27][Rank 0][INFO] Epoch 101 complete | train_loss=0.000000, val_loss=0.000000
[2026-04-22 16:38:28][Rank 0][INFO] Epoch 102/140
[2026-04-22 16:38:28][Rank 0][DEBUG] Step 0 | Batch: shape=torch.Size([1536]), mean=-0.007133, std=0.998410, min=-1.730421, max=1.726449
[2026-04-22 16:38:28][Rank 0][DEBUG] Step 0 | Gradients: total_norm=0.000000, max=0.000000, min=inf
[2026-04-22 16:38:28][Rank 0][INFO] Step 0 | GPU Memory: allocated=0.46GB, reserved=1.05GB, peak=0.93GB
[2026-04-22 16:38:29][Rank 0][INFO] Epoch 102 complete | train_loss=0.000000, val_loss=0.000000
[2026-04-22 16:38:29][Rank 0][INFO] Epoch 103/140
[2026-04-22 16:38:29][Rank 0][DEBUG] Step 0 | Batch: shape=torch.Size([1536]), mean=-0.022136, std=0.992295, min=-1.729769, max=1.729828
[2026-04-22 16:38:29][Rank 0][DEBUG] Step 0 | Gradients: total_norm=0.000000, max=0.000000, min=inf
[2026-04-22 16:38:29][Rank 0][INFO] Step 0 | GPU Memory: allocated=0.46GB, reserved=1.05GB, peak=0.93GB
[2026-04-22 16:38:30][Rank 0][INFO] Epoch 103 complete | train_loss=0.000000, val_loss=0.000000
[2026-04-22 16:38:30][Rank 0][INFO] Epoch 104/140
[2026-04-22 16:38:30][Rank 0][DEBUG] Step 0 | Batch: shape=torch.Size([1536]), mean=0.004667, std=0.984540, min=-1.730302, max=1.730480
[2026-04-22 16:38:30][Rank 0][DEBUG] Step 0 | Gradients: total_norm=0.000000, max=0.000000, min=inf
[2026-04-22 16:38:30][Rank 0][INFO] Step 0 | GPU Memory: allocated=0.46GB, reserved=1.05GB, peak=0.93GB
[2026-04-22 16:38:31][Rank 0][INFO] Epoch 104 complete | train_loss=0.000000, val_loss=0.000000
[2026-04-22 16:38:31][Rank 0][INFO] Epoch 105/140
[2026-04-22 16:38:31][Rank 0][DEBUG] Step 0 | Batch: shape=torch.Size([1536]), mean=-0.002402, std=1.008796, min=-1.731784, max=1.731843
[2026-04-22 16:38:31][Rank 0][DEBUG] Step 0 | Gradients: total_norm=0.000000, max=0.000000, min=inf
[2026-04-22 16:38:31][Rank 0][INFO] Step 0 | GPU Memory: allocated=0.46GB, reserved=1.05GB, peak=0.93GB
[2026-04-22 16:38:32][Rank 0][INFO] Epoch 105 complete | train_loss=0.000000, val_loss=0.000000
[2026-04-22 16:38:32][Rank 0][INFO] Epoch 106/140
[2026-04-22 16:38:32][Rank 0][DEBUG] Step 0 | Batch: shape=torch.Size([1536]), mean=0.009365, std=1.012769, min=-1.730124, max=1.727161
[2026-04-22 16:38:32][Rank 0][DEBUG] Step 0 | Gradients: total_norm=0.000000, max=0.000000, min=inf
[2026-04-22 16:38:32][Rank 0][INFO] Step 0 | GPU Memory: allocated=0.46GB, reserved=1.05GB, peak=0.93GB
[2026-04-22 16:38:33][Rank 0][INFO] Epoch 106 complete | train_loss=0.000000, val_loss=0.000000
[2026-04-22 16:38:33][Rank 0][INFO] Epoch 107/140
[2026-04-22 16:38:33][Rank 0][DEBUG] Step 0 | Batch: shape=torch.Size([1536]), mean=0.031879, std=0.980718, min=-1.729709, max=1.730184
[2026-04-22 16:38:33][Rank 0][DEBUG] Step 0 | Gradients: total_norm=0.000000, max=0.000000, min=inf
[2026-04-22 16:38:33][Rank 0][INFO] Step 0 | GPU Memory: allocated=0.46GB, reserved=1.05GB, peak=0.93GB
[2026-04-22 16:38:35][Rank 0][INFO] Epoch 107 complete | train_loss=0.000000, val_loss=0.000000
[2026-04-22 16:38:35][Rank 0][INFO] Epoch 108/140
[2026-04-22 16:38:35][Rank 0][DEBUG] Step 0 | Batch: shape=torch.Size([1536]), mean=-0.030759, std=0.991908, min=-1.728998, max=1.731725
[2026-04-22 16:38:35][Rank 0][DEBUG] Step 0 | Gradients: total_norm=0.000000, max=0.000000, min=inf
[2026-04-22 16:38:35][Rank 0][INFO] Step 0 | GPU Memory: allocated=0.46GB, reserved=1.05GB, peak=0.93GB
[2026-04-22 16:38:36][Rank 0][INFO] Epoch 108 complete | train_loss=0.000000, val_loss=0.000000
[2026-04-22 16:38:36][Rank 0][INFO] Epoch 109/140
[2026-04-22 16:38:36][Rank 0][DEBUG] Step 0 | Batch: shape=torch.Size([1536]), mean=0.040207, std=1.023309, min=-1.731665, max=1.727398
[2026-04-22 16:38:36][Rank 0][DEBUG] Step 0 | Gradients: total_norm=0.000000, max=0.000000, min=inf
[2026-04-22 16:38:36][Rank 0][INFO] Step 0 | GPU Memory: allocated=0.46GB, reserved=1.05GB, peak=0.93GB
[2026-04-22 16:38:37][Rank 0][INFO] Epoch 109 complete | train_loss=0.000000, val_loss=0.000000
[2026-04-22 16:38:37][Rank 0][INFO] Epoch 110/140
[2026-04-22 16:38:37][Rank 0][DEBUG] Step 0 | Batch: shape=torch.Size([1536]), mean=0.037579, std=0.996919, min=-1.724197, max=1.730895
[2026-04-22 16:38:37][Rank 0][DEBUG] Step 0 | Gradients: total_norm=0.000000, max=0.000000, min=inf
[2026-04-22 16:38:37][Rank 0][INFO] Step 0 | GPU Memory: allocated=0.46GB, reserved=1.05GB, peak=0.93GB
[2026-04-22 16:38:38][Rank 0][INFO] Epoch 110 complete | train_loss=0.000000, val_loss=0.000000
[2026-04-22 16:38:38][Rank 0][INFO] Epoch 111/140
[2026-04-22 16:38:38][Rank 0][DEBUG] Step 0 | Batch: shape=torch.Size([1536]), mean=0.028347, std=0.996004, min=-1.730480, max=1.731073
[2026-04-22 16:38:38][Rank 0][DEBUG] Step 0 | Gradients: total_norm=0.000000, max=0.000000, min=inf
[2026-04-22 16:38:38][Rank 0][INFO] Step 0 | GPU Memory: allocated=0.46GB, reserved=1.05GB, peak=0.93GB
[2026-04-22 16:38:39][Rank 0][INFO] Epoch 111 complete | train_loss=0.000000, val_loss=0.000000
[2026-04-22 16:38:40][Rank 0][INFO] Epoch 112/140
[2026-04-22 16:38:40][Rank 0][DEBUG] Step 0 | Batch: shape=torch.Size([1536]), mean=-0.041851, std=0.987425, min=-1.725916, max=1.731310
[2026-04-22 16:38:40][Rank 0][DEBUG] Step 0 | Gradients: total_norm=0.000000, max=0.000000, min=inf
[2026-04-22 16:38:40][Rank 0][INFO] Step 0 | GPU Memory: allocated=0.46GB, reserved=1.05GB, peak=0.93GB
[2026-04-22 16:38:41][Rank 0][INFO] Epoch 112 complete | train_loss=0.000000, val_loss=0.000000
[2026-04-22 16:38:41][Rank 0][INFO] Epoch 113/140
[2026-04-22 16:38:41][Rank 0][DEBUG] Step 0 | Batch: shape=torch.Size([1536]), mean=0.020494, std=0.997892, min=-1.730302, max=1.729295
[2026-04-22 16:38:41][Rank 0][DEBUG] Step 0 | Gradients: total_norm=0.000000, max=0.000000, min=inf
[2026-04-22 16:38:41][Rank 0][INFO] Step 0 | GPU Memory: allocated=0.46GB, reserved=1.05GB, peak=0.93GB
[2026-04-22 16:38:42][Rank 0][INFO] Epoch 113 complete | train_loss=0.000000, val_loss=0.000000
[2026-04-22 16:38:42][Rank 0][INFO] Epoch 114/140
[2026-04-22 16:38:42][Rank 0][DEBUG] Step 0 | Batch: shape=torch.Size([1536]), mean=0.011326, std=0.985302, min=-1.731014, max=1.729235
[2026-04-22 16:38:42][Rank 0][DEBUG] Step 0 | Gradients: total_norm=0.000000, max=0.000000, min=inf
[2026-04-22 16:38:42][Rank 0][INFO] Step 0 | GPU Memory: allocated=0.46GB, reserved=1.05GB, peak=0.93GB
[2026-04-22 16:38:43][Rank 0][INFO] Epoch 114 complete | train_loss=0.000000, val_loss=0.000000
[2026-04-22 16:38:43][Rank 0][INFO] Epoch 115/140
[2026-04-22 16:38:43][Rank 0][DEBUG] Step 0 | Batch: shape=torch.Size([1536]), mean=-0.018684, std=1.021019, min=-1.731310, max=1.729887
[2026-04-22 16:38:43][Rank 0][DEBUG] Step 0 | Gradients: total_norm=0.000000, max=0.000000, min=inf
[2026-04-22 16:38:43][Rank 0][INFO] Step 0 | GPU Memory: allocated=0.46GB, reserved=1.05GB, peak=0.93GB
[2026-04-22 16:38:44][Rank 0][INFO] Epoch 115 complete | train_loss=0.000000, val_loss=0.000000
[2026-04-22 16:38:44][Rank 0][INFO] Epoch 116/140
[2026-04-22 16:38:44][Rank 0][DEBUG] Step 0 | Batch: shape=torch.Size([1536]), mean=-0.011019, std=0.993262, min=-1.731606, max=1.731310
[2026-04-22 16:38:44][Rank 0][DEBUG] Step 0 | Gradients: total_norm=0.000000, max=0.000000, min=inf
[2026-04-22 16:38:44][Rank 0][INFO] Step 0 | GPU Memory: allocated=0.46GB, reserved=1.05GB, peak=0.93GB
[2026-04-22 16:38:45][Rank 0][INFO] Epoch 116 complete | train_loss=0.000000, val_loss=0.000000
[2026-04-22 16:38:45][Rank 0][INFO] Epoch 117/140
[2026-04-22 16:38:45][Rank 0][DEBUG] Step 0 | Batch: shape=torch.Size([1536]), mean=-0.043015, std=1.009068, min=-1.731962, max=1.731369
[2026-04-22 16:38:45][Rank 0][DEBUG] Step 0 | Gradients: total_norm=0.000000, max=0.000000, min=inf
[2026-04-22 16:38:45][Rank 0][INFO] Step 0 | GPU Memory: allocated=0.46GB, reserved=1.05GB, peak=0.93GB
[2026-04-22 16:38:46][Rank 0][INFO] Epoch 117 complete | train_loss=0.000000, val_loss=0.000000
[2026-04-22 16:38:46][Rank 0][INFO] Epoch 118/140
[2026-04-22 16:38:46][Rank 0][DEBUG] Step 0 | Batch: shape=torch.Size([1536]), mean=0.035593, std=1.001228, min=-1.728998, max=1.731488
[2026-04-22 16:38:46][Rank 0][DEBUG] Step 0 | Gradients: total_norm=0.000000, max=0.000000, min=inf
[2026-04-22 16:38:46][Rank 0][INFO] Step 0 | GPU Memory: allocated=0.46GB, reserved=1.05GB, peak=0.93GB
[2026-04-22 16:38:48][Rank 0][INFO] Epoch 118 complete | train_loss=0.000000, val_loss=0.000000
[2026-04-22 16:38:48][Rank 0][INFO] Epoch 119/140
[2026-04-22 16:38:48][Rank 0][DEBUG] Step 0 | Batch: shape=torch.Size([1536]), mean=0.015801, std=1.011832, min=-1.730895, max=1.729235
[2026-04-22 16:38:48][Rank 0][DEBUG] Step 0 | Gradients: total_norm=0.000000, max=0.000000, min=inf
[2026-04-22 16:38:48][Rank 0][INFO] Step 0 | GPU Memory: allocated=0.46GB, reserved=1.05GB, peak=0.93GB
[2026-04-22 16:38:49][Rank 0][INFO] Epoch 119 complete | train_loss=0.000000, val_loss=0.000000
[2026-04-22 16:38:49][Rank 0][INFO] Epoch 120/140
[2026-04-22 16:38:49][Rank 0][DEBUG] Step 0 | Batch: shape=torch.Size([1536]), mean=-0.009009, std=1.005763, min=-1.728346, max=1.729472
[2026-04-22 16:38:49][Rank 0][DEBUG] Step 0 | Gradients: total_norm=0.000000, max=0.000000, min=inf
[2026-04-22 16:38:49][Rank 0][INFO] Step 0 | GPU Memory: allocated=0.46GB, reserved=1.05GB, peak=0.93GB
[2026-04-22 16:38:50][Rank 0][INFO] Epoch 120 complete | train_loss=0.000000, val_loss=0.000000
[2026-04-22 16:38:50][Rank 0][INFO] Epoch 121/140
[2026-04-22 16:38:50][Rank 0][DEBUG] Step 0 | Batch: shape=torch.Size([1536]), mean=-0.033133, std=1.006339, min=-1.726983, max=1.730124
[2026-04-22 16:38:50][Rank 0][DEBUG] Step 0 | Gradients: total_norm=0.000000, max=0.000000, min=inf
[2026-04-22 16:38:50][Rank 0][INFO] Step 0 | GPU Memory: allocated=0.46GB, reserved=1.05GB, peak=0.93GB
[2026-04-22 16:38:51][Rank 0][INFO] Epoch 121 complete | train_loss=0.000000, val_loss=0.000000
[2026-04-22 16:38:51][Rank 0][INFO] Epoch 122/140
[2026-04-22 16:38:51][Rank 0][DEBUG] Step 0 | Batch: shape=torch.Size([1536]), mean=-0.021184, std=0.988957, min=-1.731014, max=1.731843
[2026-04-22 16:38:51][Rank 0][DEBUG] Step 0 | Gradients: total_norm=0.000000, max=0.000000, min=inf
[2026-04-22 16:38:51][Rank 0][INFO] Step 0 | GPU Memory: allocated=0.46GB, reserved=1.05GB, peak=0.93GB
[2026-04-22 16:38:52][Rank 0][INFO] Epoch 122 complete | train_loss=0.000000, val_loss=0.000000
[2026-04-22 16:38:52][Rank 0][INFO] Epoch 123/140
[2026-04-22 16:38:52][Rank 0][DEBUG] Step 0 | Batch: shape=torch.Size([1536]), mean=0.003456, std=1.007152, min=-1.730006, max=1.731962
[2026-04-22 16:38:53][Rank 0][DEBUG] Step 0 | Gradients: total_norm=0.000000, max=0.000000, min=inf
[2026-04-22 16:38:53][Rank 0][INFO] Step 0 | GPU Memory: allocated=0.46GB, reserved=1.05GB, peak=0.93GB
[2026-04-22 16:38:54][Rank 0][INFO] Epoch 123 complete | train_loss=0.000000, val_loss=0.000000
[2026-04-22 16:38:54][Rank 0][INFO] Epoch 124/140
[2026-04-22 16:38:54][Rank 0][DEBUG] Step 0 | Batch: shape=torch.Size([1536]), mean=-0.015378, std=1.014364, min=-1.730954, max=1.731784
[2026-04-22 16:38:54][Rank 0][DEBUG] Step 0 | Gradients: total_norm=0.000000, max=0.000000, min=inf
[2026-04-22 16:38:54][Rank 0][INFO] Step 0 | GPU Memory: allocated=0.46GB, reserved=1.05GB, peak=0.93GB
[2026-04-22 16:38:55][Rank 0][INFO] Epoch 124 complete | train_loss=0.000000, val_loss=0.000000
[2026-04-22 16:38:55][Rank 0][INFO] Epoch 125/140
[2026-04-22 16:38:55][Rank 0][DEBUG] Step 0 | Batch: shape=torch.Size([1536]), mean=-0.043803, std=0.995110, min=-1.732021, max=1.726331
[2026-04-22 16:38:55][Rank 0][DEBUG] Step 0 | Gradients: total_norm=0.000000, max=0.000000, min=inf
[2026-04-22 16:38:55][Rank 0][INFO] Step 0 | GPU Memory: allocated=0.46GB, reserved=1.05GB, peak=0.93GB
[2026-04-22 16:38:56][Rank 0][INFO] Epoch 125 complete | train_loss=0.000000, val_loss=0.000000
[2026-04-22 16:38:56][Rank 0][INFO] Epoch 126/140
[2026-04-22 16:38:56][Rank 0][DEBUG] Step 0 | Batch: shape=torch.Size([1536]), mean=-0.041505, std=0.996215, min=-1.729057, max=1.731488
[2026-04-22 16:38:56][Rank 0][DEBUG] Step 0 | Gradients: total_norm=0.000000, max=0.000000, min=inf
[2026-04-22 16:38:56][Rank 0][INFO] Step 0 | GPU Memory: allocated=0.46GB, reserved=1.05GB, peak=0.93GB
[2026-04-22 16:38:57][Rank 0][INFO] Epoch 126 complete | train_loss=0.000000, val_loss=0.000000
[2026-04-22 16:38:57][Rank 0][INFO] Epoch 127/140
[2026-04-22 16:38:57][Rank 0][DEBUG] Step 0 | Batch: shape=torch.Size([1536]), mean=-0.006249, std=0.983544, min=-1.729532, max=1.730895
[2026-04-22 16:38:57][Rank 0][DEBUG] Step 0 | Gradients: total_norm=0.000000, max=0.000000, min=inf
[2026-04-22 16:38:57][Rank 0][INFO] Step 0 | GPU Memory: allocated=0.46GB, reserved=1.05GB, peak=0.93GB
[2026-04-22 16:38:58][Rank 0][INFO] Epoch 127 complete | train_loss=0.000000, val_loss=0.000000
[2026-04-22 16:38:58][Rank 0][INFO] Epoch 128/140
[2026-04-22 16:38:58][Rank 0][DEBUG] Step 0 | Batch: shape=torch.Size([1536]), mean=0.035416, std=1.023676, min=-1.731191, max=1.732021
[2026-04-22 16:38:58][Rank 0][DEBUG] Step 0 | Gradients: total_norm=0.000000, max=0.000000, min=inf
[2026-04-22 16:38:58][Rank 0][INFO] Step 0 | GPU Memory: allocated=0.46GB, reserved=1.05GB, peak=0.93GB
[2026-04-22 16:38:59][Rank 0][INFO] Epoch 128 complete | train_loss=0.000000, val_loss=0.000000
[2026-04-22 16:38:59][Rank 0][INFO] Epoch 129/140
[2026-04-22 16:38:59][Rank 0][DEBUG] Step 0 | Batch: shape=torch.Size([1536]), mean=-0.018399, std=0.993258, min=-1.730421, max=1.731547
[2026-04-22 16:38:59][Rank 0][DEBUG] Step 0 | Gradients: total_norm=0.000000, max=0.000000, min=inf
[2026-04-22 16:38:59][Rank 0][INFO] Step 0 | GPU Memory: allocated=0.46GB, reserved=1.05GB, peak=0.93GB
[2026-04-22 16:39:00][Rank 0][INFO] Epoch 129 complete | train_loss=0.000000, val_loss=0.000000
[2026-04-22 16:39:00][Rank 0][INFO] Epoch 130/140
[2026-04-22 16:39:00][Rank 0][DEBUG] Step 0 | Batch: shape=torch.Size([1536]), mean=0.010663, std=0.989865, min=-1.730361, max=1.731191
[2026-04-22 16:39:00][Rank 0][DEBUG] Step 0 | Gradients: total_norm=0.000000, max=0.000000, min=inf
[2026-04-22 16:39:00][Rank 0][INFO] Step 0 | GPU Memory: allocated=0.46GB, reserved=1.05GB, peak=0.93GB
[2026-04-22 16:39:02][Rank 0][INFO] Epoch 130 complete | train_loss=0.000000, val_loss=0.000000
[2026-04-22 16:39:02][Rank 0][INFO] Epoch 131/140
[2026-04-22 16:39:02][Rank 0][DEBUG] Step 0 | Batch: shape=torch.Size([1536]), mean=0.001552, std=0.993366, min=-1.730480, max=1.729887
[2026-04-22 16:39:02][Rank 0][DEBUG] Step 0 | Gradients: total_norm=0.000000, max=0.000000, min=inf
[2026-04-22 16:39:02][Rank 0][INFO] Step 0 | GPU Memory: allocated=0.46GB, reserved=1.05GB, peak=0.93GB
[2026-04-22 16:39:03][Rank 0][INFO] Epoch 131 complete | train_loss=0.000000, val_loss=0.000000
[2026-04-22 16:39:03][Rank 0][INFO] Epoch 132/140
[2026-04-22 16:39:03][Rank 0][DEBUG] Step 0 | Batch: shape=torch.Size([1536]), mean=-0.043435, std=1.004930, min=-1.728109, max=1.729472
[2026-04-22 16:39:03][Rank 0][DEBUG] Step 0 | Gradients: total_norm=0.000000, max=0.000000, min=inf
[2026-04-22 16:39:03][Rank 0][INFO] Step 0 | GPU Memory: allocated=0.46GB, reserved=1.05GB, peak=0.93GB
[2026-04-22 16:39:04][Rank 0][INFO] Epoch 132 complete | train_loss=0.000000, val_loss=0.000000
[2026-04-22 16:39:04][Rank 0][INFO] Epoch 133/140
[2026-04-22 16:39:04][Rank 0][DEBUG] Step 0 | Batch: shape=torch.Size([1536]), mean=-0.015577, std=0.982528, min=-1.726331, max=1.726805
[2026-04-22 16:39:04][Rank 0][DEBUG] Step 0 | Gradients: total_norm=0.000000, max=0.000000, min=inf
[2026-04-22 16:39:04][Rank 0][INFO] Step 0 | GPU Memory: allocated=0.46GB, reserved=1.05GB, peak=0.93GB
[2026-04-22 16:39:05][Rank 0][INFO] Epoch 133 complete | train_loss=0.000000, val_loss=0.000000
[2026-04-22 16:39:05][Rank 0][INFO] Epoch 134/140
[2026-04-22 16:39:05][Rank 0][DEBUG] Step 0 | Batch: shape=torch.Size([1536]), mean=-0.026056, std=1.009723, min=-1.731665, max=1.729591
[2026-04-22 16:39:05][Rank 0][DEBUG] Step 0 | Gradients: total_norm=0.000000, max=0.000000, min=inf
[2026-04-22 16:39:05][Rank 0][INFO] Step 0 | GPU Memory: allocated=0.46GB, reserved=1.05GB, peak=0.93GB
[2026-04-22 16:39:07][Rank 0][INFO] Epoch 134 complete | train_loss=0.000000, val_loss=0.000000
[2026-04-22 16:39:07][Rank 0][INFO] Epoch 135/140
[2026-04-22 16:39:07][Rank 0][DEBUG] Step 0 | Batch: shape=torch.Size([1536]), mean=0.010571, std=1.009813, min=-1.726331, max=1.728998
[2026-04-22 16:39:07][Rank 0][DEBUG] Step 0 | Gradients: total_norm=0.000000, max=0.000000, min=inf
[2026-04-22 16:39:07][Rank 0][INFO] Step 0 | GPU Memory: allocated=0.46GB, reserved=1.05GB, peak=0.93GB
[2026-04-22 16:39:08][Rank 0][INFO] Epoch 135 complete | train_loss=0.000000, val_loss=0.000000
[2026-04-22 16:39:08][Rank 0][INFO] Epoch 136/140
[2026-04-22 16:39:08][Rank 0][DEBUG] Step 0 | Batch: shape=torch.Size([1536]), mean=0.007213, std=1.017254, min=-1.726331, max=1.731903
[2026-04-22 16:39:08][Rank 0][DEBUG] Step 0 | Gradients: total_norm=0.000000, max=0.000000, min=inf
[2026-04-22 16:39:08][Rank 0][INFO] Step 0 | GPU Memory: allocated=0.46GB, reserved=1.05GB, peak=0.93GB
[2026-04-22 16:39:09][Rank 0][INFO] Epoch 136 complete | train_loss=0.000000, val_loss=0.000000
[2026-04-22 16:39:09][Rank 0][INFO] Epoch 137/140
[2026-04-22 16:39:09][Rank 0][DEBUG] Step 0 | Batch: shape=torch.Size([1536]), mean=0.001499, std=0.975135, min=-1.730836, max=1.731369
[2026-04-22 16:39:09][Rank 0][DEBUG] Step 0 | Gradients: total_norm=0.000000, max=0.000000, min=inf
[2026-04-22 16:39:09][Rank 0][INFO] Step 0 | GPU Memory: allocated=0.46GB, reserved=1.05GB, peak=0.93GB
[2026-04-22 16:39:10][Rank 0][INFO] Epoch 137 complete | train_loss=0.000000, val_loss=0.000000
[2026-04-22 16:39:10][Rank 0][INFO] Epoch 138/140
[2026-04-22 16:39:10][Rank 0][DEBUG] Step 0 | Batch: shape=torch.Size([1536]), mean=-0.032085, std=0.989233, min=-1.728939, max=1.727635
[2026-04-22 16:39:10][Rank 0][DEBUG] Step 0 | Gradients: total_norm=0.000000, max=0.000000, min=inf
[2026-04-22 16:39:10][Rank 0][INFO] Step 0 | GPU Memory: allocated=0.46GB, reserved=1.05GB, peak=0.93GB
[2026-04-22 16:39:11][Rank 0][INFO] Epoch 138 complete | train_loss=0.000000, val_loss=0.000000
[2026-04-22 16:39:11][Rank 0][INFO] Epoch 139/140
[2026-04-22 16:39:11][Rank 0][DEBUG] Step 0 | Batch: shape=torch.Size([1536]), mean=0.015884, std=0.997644, min=-1.729709, max=1.727338
[2026-04-22 16:39:11][Rank 0][DEBUG] Step 0 | Gradients: total_norm=0.000000, max=0.000000, min=inf
[2026-04-22 16:39:11][Rank 0][INFO] Step 0 | GPU Memory: allocated=0.46GB, reserved=1.05GB, peak=0.93GB
[2026-04-22 16:39:12][Rank 0][INFO] Epoch 139 complete | train_loss=0.000000, val_loss=0.000000
[2026-04-22 16:39:12][Rank 0][INFO] Epoch 140/140
[2026-04-22 16:39:12][Rank 0][DEBUG] Step 0 | Batch: shape=torch.Size([1536]), mean=-0.011154, std=1.007334, min=-1.732021, max=1.729591
[2026-04-22 16:39:12][Rank 0][DEBUG] Step 0 | Gradients: total_norm=0.000000, max=0.000000, min=inf
[2026-04-22 16:39:12][Rank 0][INFO] Step 0 | GPU Memory: allocated=0.46GB, reserved=1.05GB, peak=0.93GB
[2026-04-22 16:39:13][Rank 0][INFO] Epoch 140 complete | train_loss=0.000000, val_loss=0.000000
[2026-04-22 16:39:20][Rank 0][INFO] Training complete!
[2026-04-22 16:39:25][Rank 0][INFO] Starting training...
[2026-04-22 16:39:25][Rank 0][INFO] World size: 1
[2026-04-22 16:39:25][Rank 0][INFO] Batch size per GPU: 1536
[2026-04-22 16:39:25][Rank 0][INFO] Effective batch size: 1536
[2026-04-22 16:39:25][Rank 0][INFO] Epoch 1/240
[2026-04-22 16:39:25][Rank 0][DEBUG] Step 0 | Batch: shape=torch.Size([1536]), mean=0.016105, std=1.012735, min=-1.731191, max=1.731725
[2026-04-22 16:39:25][Rank 0][DEBUG] Step 0 | Gradients: total_norm=0.000000, max=0.000000, min=inf
[2026-04-22 16:39:25][Rank 0][INFO] Step 0 | GPU Memory: allocated=0.23GB, reserved=4.13GB, peak=3.92GB
[2026-04-22 16:39:29][Rank 0][INFO] Epoch 1 complete | train_loss=0.001908, val_loss=0.001789
[2026-04-22 16:39:30][Rank 0][INFO] Epoch 2/240
[2026-04-22 16:39:30][Rank 0][DEBUG] Step 0 | Batch: shape=torch.Size([1536]), mean=-0.000642, std=0.992738, min=-1.729235, max=1.731843
[2026-04-22 16:39:30][Rank 0][DEBUG] Step 0 | Gradients: total_norm=0.000000, max=0.000000, min=inf
[2026-04-22 16:39:30][Rank 0][INFO] Step 0 | GPU Memory: allocated=3.25GB, reserved=7.83GB, peak=7.75GB
[2026-04-22 16:39:34][Rank 0][INFO] Epoch 2 complete | train_loss=0.000182, val_loss=0.000173
[2026-04-22 16:39:34][Rank 0][INFO] Epoch 3/240
[2026-04-22 16:39:34][Rank 0][DEBUG] Step 0 | Batch: shape=torch.Size([1536]), mean=0.009101, std=0.994348, min=-1.731073, max=1.729354
[2026-04-22 16:39:34][Rank 0][DEBUG] Step 0 | Gradients: total_norm=0.000000, max=0.000000, min=inf
[2026-04-22 16:39:34][Rank 0][INFO] Step 0 | GPU Memory: allocated=3.25GB, reserved=7.83GB, peak=7.75GB
[2026-04-22 16:39:39][Rank 0][INFO] Epoch 3 complete | train_loss=0.000050, val_loss=0.000050
[2026-04-22 16:39:39][Rank 0][INFO] Epoch 4/240
[2026-04-22 16:39:39][Rank 0][DEBUG] Step 0 | Batch: shape=torch.Size([1536]), mean=-0.026960, std=0.980350, min=-1.730895, max=1.728998
[2026-04-22 16:39:39][Rank 0][DEBUG] Step 0 | Gradients: total_norm=0.000000, max=0.000000, min=inf
[2026-04-22 16:39:39][Rank 0][INFO] Step 0 | GPU Memory: allocated=3.25GB, reserved=7.83GB, peak=7.75GB
[2026-04-22 16:39:43][Rank 0][INFO] Epoch 4 complete | train_loss=0.000033, val_loss=0.000030
[2026-04-22 16:39:43][Rank 0][INFO] Epoch 5/240
[2026-04-22 16:39:43][Rank 0][DEBUG] Step 0 | Batch: shape=torch.Size([1536]), mean=0.027563, std=1.007463, min=-1.730717, max=1.731073
[2026-04-22 16:39:43][Rank 0][DEBUG] Step 0 | Gradients: total_norm=0.000000, max=0.000000, min=inf
[2026-04-22 16:39:43][Rank 0][INFO] Step 0 | GPU Memory: allocated=3.25GB, reserved=7.87GB, peak=7.75GB
[2026-04-22 16:39:48][Rank 0][INFO] Epoch 5 complete | train_loss=0.000024, val_loss=0.000025
[2026-04-22 16:39:48][Rank 0][INFO] Epoch 6/240
[2026-04-22 16:39:48][Rank 0][DEBUG] Step 0 | Batch: shape=torch.Size([1536]), mean=0.002114, std=0.996682, min=-1.725204, max=1.729650
[2026-04-22 16:39:48][Rank 0][DEBUG] Step 0 | Gradients: total_norm=0.000000, max=0.000000, min=inf
[2026-04-22 16:39:48][Rank 0][INFO] Step 0 | GPU Memory: allocated=3.25GB, reserved=7.87GB, peak=7.75GB
[2026-04-22 16:39:52][Rank 0][INFO] Epoch 6 complete | train_loss=0.000019, val_loss=0.000022
[2026-04-22 16:39:52][Rank 0][INFO] Epoch 7/240
[2026-04-22 16:39:52][Rank 0][DEBUG] Step 0 | Batch: shape=torch.Size([1536]), mean=0.020183, std=0.997819, min=-1.731310, max=1.731903
[2026-04-22 16:39:52][Rank 0][DEBUG] Step 0 | Gradients: total_norm=0.000000, max=0.000000, min=inf
[2026-04-22 16:39:52][Rank 0][INFO] Step 0 | GPU Memory: allocated=3.25GB, reserved=7.87GB, peak=7.75GB
[2026-04-22 16:39:56][Rank 0][INFO] Epoch 7 complete | train_loss=0.000017, val_loss=0.000018
[2026-04-22 16:39:56][Rank 0][INFO] Epoch 8/240
[2026-04-22 16:39:56][Rank 0][DEBUG] Step 0 | Batch: shape=torch.Size([1536]), mean=-0.003947, std=0.992639, min=-1.729946, max=1.730302
[2026-04-22 16:39:57][Rank 0][DEBUG] Step 0 | Gradients: total_norm=0.000000, max=0.000000, min=inf
[2026-04-22 16:39:57][Rank 0][INFO] Step 0 | GPU Memory: allocated=3.25GB, reserved=7.87GB, peak=7.75GB
[2026-04-22 16:40:01][Rank 0][INFO] Epoch 8 complete | train_loss=0.000020, val_loss=0.000020
[2026-04-22 16:40:01][Rank 0][INFO] Epoch 9/240
[2026-04-22 16:40:01][Rank 0][DEBUG] Step 0 | Batch: shape=torch.Size([1536]), mean=-0.013297, std=1.008191, min=-1.729057, max=1.731191
[2026-04-22 16:40:01][Rank 0][DEBUG] Step 0 | Gradients: total_norm=0.000000, max=0.000000, min=inf
[2026-04-22 16:40:01][Rank 0][INFO] Step 0 | GPU Memory: allocated=3.25GB, reserved=7.87GB, peak=7.75GB
[2026-04-22 16:40:05][Rank 0][INFO] Epoch 9 complete | train_loss=0.000027, val_loss=0.000026
[2026-04-22 16:40:05][Rank 0][INFO] Epoch 10/240
[2026-04-22 16:40:05][Rank 0][DEBUG] Step 0 | Batch: shape=torch.Size([1536]), mean=-0.009172, std=0.979599, min=-1.731369, max=1.732021
[2026-04-22 16:40:05][Rank 0][DEBUG] Step 0 | Gradients: total_norm=0.000000, max=0.000000, min=inf
[2026-04-22 16:40:05][Rank 0][INFO] Step 0 | GPU Memory: allocated=3.25GB, reserved=7.87GB, peak=7.75GB
[2026-04-22 16:40:10][Rank 0][INFO] Epoch 10 complete | train_loss=0.000114, val_loss=0.000099
[2026-04-22 16:40:10][Rank 0][INFO] Epoch 11/240
[2026-04-22 16:40:10][Rank 0][DEBUG] Step 0 | Batch: shape=torch.Size([1536]), mean=0.011751, std=0.996696, min=-1.731547, max=1.729887
[2026-04-22 16:40:10][Rank 0][DEBUG] Step 0 | Gradients: total_norm=0.000000, max=0.000000, min=inf
[2026-04-22 16:40:10][Rank 0][INFO] Step 0 | GPU Memory: allocated=3.25GB, reserved=7.89GB, peak=7.75GB
[2026-04-22 16:40:14][Rank 0][INFO] Epoch 11 complete | train_loss=0.000108, val_loss=0.000116
[2026-04-22 16:40:14][Rank 0][INFO] Epoch 12/240
[2026-04-22 16:40:14][Rank 0][DEBUG] Step 0 | Batch: shape=torch.Size([1536]), mean=-0.034931, std=0.997269, min=-1.731014, max=1.729828
[2026-04-22 16:40:15][Rank 0][DEBUG] Step 0 | Gradients: total_norm=0.000000, max=0.000000, min=inf
[2026-04-22 16:40:15][Rank 0][INFO] Step 0 | GPU Memory: allocated=3.25GB, reserved=7.95GB, peak=7.75GB
[2026-04-22 16:40:19][Rank 0][INFO] Epoch 12 complete | train_loss=0.000265, val_loss=0.000299
[2026-04-22 16:40:19][Rank 0][INFO] Epoch 13/240
[2026-04-22 16:40:19][Rank 0][DEBUG] Step 0 | Batch: shape=torch.Size([1536]), mean=0.043061, std=1.009284, min=-1.728524, max=1.732021
[2026-04-22 16:40:19][Rank 0][DEBUG] Step 0 | Gradients: total_norm=0.000000, max=0.000000, min=inf
[2026-04-22 16:40:19][Rank 0][INFO] Step 0 | GPU Memory: allocated=3.25GB, reserved=8.21GB, peak=7.75GB
[2026-04-22 16:40:23][Rank 0][INFO] Epoch 13 complete | train_loss=0.000373, val_loss=0.000347
[2026-04-22 16:40:23][Rank 0][INFO] Epoch 14/240
[2026-04-22 16:40:23][Rank 0][DEBUG] Step 0 | Batch: shape=torch.Size([1536]), mean=-0.001724, std=0.988872, min=-1.730421, max=1.728820
[2026-04-22 16:40:23][Rank 0][DEBUG] Step 0 | Gradients: total_norm=0.000000, max=0.000000, min=inf
[2026-04-22 16:40:23][Rank 0][INFO] Step 0 | GPU Memory: allocated=3.25GB, reserved=8.21GB, peak=7.75GB
[2026-04-22 16:40:28][Rank 0][INFO] Epoch 14 complete | train_loss=0.000287, val_loss=0.000250
[2026-04-22 16:40:28][Rank 0][INFO] Epoch 15/240
[2026-04-22 16:40:28][Rank 0][DEBUG] Step 0 | Batch: shape=torch.Size([1536]), mean=-0.038560, std=0.994239, min=-1.731843, max=1.729946
[2026-04-22 16:40:28][Rank 0][DEBUG] Step 0 | Gradients: total_norm=0.000000, max=0.000000, min=inf
[2026-04-22 16:40:28][Rank 0][INFO] Step 0 | GPU Memory: allocated=3.25GB, reserved=8.28GB, peak=7.75GB
[2026-04-22 16:40:32][Rank 0][INFO] Epoch 15 complete | train_loss=0.000198, val_loss=0.000200
[2026-04-22 16:40:32][Rank 0][INFO] Epoch 16/240
[2026-04-22 16:40:32][Rank 0][DEBUG] Step 0 | Batch: shape=torch.Size([1536]), mean=-0.033648, std=1.008961, min=-1.730124, max=1.727279
[2026-04-22 16:40:32][Rank 0][DEBUG] Step 0 | Gradients: total_norm=0.000000, max=0.000000, min=inf
[2026-04-22 16:40:32][Rank 0][INFO] Step 0 | GPU Memory: allocated=3.25GB, reserved=8.28GB, peak=7.75GB
[2026-04-22 16:40:37][Rank 0][INFO] Epoch 16 complete | train_loss=0.000204, val_loss=0.000190
[2026-04-22 16:40:37][Rank 0][INFO] Epoch 17/240
[2026-04-22 16:40:37][Rank 0][DEBUG] Step 0 | Batch: shape=torch.Size([1536]), mean=0.018557, std=1.009995, min=-1.729176, max=1.727931
[2026-04-22 16:40:37][Rank 0][DEBUG] Step 0 | Gradients: total_norm=0.000000, max=0.000000, min=inf
[2026-04-22 16:40:37][Rank 0][INFO] Step 0 | GPU Memory: allocated=3.25GB, reserved=8.30GB, peak=7.75GB
[2026-04-22 16:40:41][Rank 0][INFO] Epoch 17 complete | train_loss=0.000188, val_loss=0.000207
[2026-04-22 16:40:41][Rank 0][INFO] Epoch 18/240
[2026-04-22 16:40:41][Rank 0][DEBUG] Step 0 | Batch: shape=torch.Size([1536]), mean=-0.013422, std=1.003814, min=-1.731843, max=1.729413
[2026-04-22 16:40:41][Rank 0][DEBUG] Step 0 | Gradients: total_norm=0.000000, max=0.000000, min=inf
[2026-04-22 16:40:41][Rank 0][INFO] Step 0 | GPU Memory: allocated=3.25GB, reserved=8.30GB, peak=7.75GB
[2026-04-22 16:40:45][Rank 0][INFO] Epoch 18 complete | train_loss=0.000206, val_loss=0.000167
[2026-04-22 16:40:45][Rank 0][INFO] Epoch 19/240
[2026-04-22 16:40:45][Rank 0][DEBUG] Step 0 | Batch: shape=torch.Size([1536]), mean=-0.009939, std=0.990167, min=-1.731784, max=1.730776
[2026-04-22 16:40:45][Rank 0][DEBUG] Step 0 | Gradients: total_norm=0.000000, max=0.000000, min=inf
[2026-04-22 16:40:45][Rank 0][INFO] Step 0 | GPU Memory: allocated=3.25GB, reserved=8.34GB, peak=7.75GB
[2026-04-22 16:40:50][Rank 0][INFO] Epoch 19 complete | train_loss=0.000153, val_loss=0.000144
[2026-04-22 16:40:50][Rank 0][INFO] Epoch 20/240
[2026-04-22 16:40:50][Rank 0][DEBUG] Step 0 | Batch: shape=torch.Size([1536]), mean=0.024788, std=1.014544, min=-1.727101, max=1.731665
[2026-04-22 16:40:50][Rank 0][DEBUG] Step 0 | Gradients: total_norm=0.000000, max=0.000000, min=inf
[2026-04-22 16:40:50][Rank 0][INFO] Step 0 | GPU Memory: allocated=3.25GB, reserved=8.34GB, peak=7.75GB
[2026-04-22 16:40:54][Rank 0][INFO] Epoch 20 complete | train_loss=0.000243, val_loss=0.000243
[2026-04-22 16:40:54][Rank 0][INFO] Epoch 21/240
[2026-04-22 16:40:54][Rank 0][DEBUG] Step 0 | Batch: shape=torch.Size([1536]), mean=0.004060, std=1.006261, min=-1.728346, max=1.731488
[2026-04-22 16:40:54][Rank 0][DEBUG] Step 0 | Gradients: total_norm=0.000000, max=0.000000, min=inf
[2026-04-22 16:40:54][Rank 0][INFO] Step 0 | GPU Memory: allocated=3.25GB, reserved=8.38GB, peak=7.75GB
[2026-04-22 16:40:59][Rank 0][INFO] Epoch 21 complete | train_loss=0.000179, val_loss=0.000202
[2026-04-22 16:40:59][Rank 0][INFO] Epoch 22/240
[2026-04-22 16:40:59][Rank 0][DEBUG] Step 0 | Batch: shape=torch.Size([1536]), mean=0.033589, std=1.012210, min=-1.731014, max=1.728465
[2026-04-22 16:40:59][Rank 0][DEBUG] Step 0 | Gradients: total_norm=0.000000, max=0.000000, min=inf
[2026-04-22 16:40:59][Rank 0][INFO] Step 0 | GPU Memory: allocated=3.25GB, reserved=8.42GB, peak=7.75GB
[2026-04-22 16:41:03][Rank 0][INFO] Epoch 22 complete | train_loss=0.000271, val_loss=0.000209
[2026-04-22 16:41:03][Rank 0][INFO] Epoch 23/240
[2026-04-22 16:41:03][Rank 0][DEBUG] Step 0 | Batch: shape=torch.Size([1536]), mean=0.025831, std=1.002656, min=-1.730421, max=1.728998
[2026-04-22 16:41:03][Rank 0][DEBUG] Step 0 | Gradients: total_norm=0.000000, max=0.000000, min=inf
[2026-04-22 16:41:03][Rank 0][INFO] Step 0 | GPU Memory: allocated=3.25GB, reserved=8.42GB, peak=7.75GB
[2026-04-22 16:41:08][Rank 0][INFO] Epoch 23 complete | train_loss=0.000344, val_loss=0.000277
[2026-04-22 16:41:08][Rank 0][INFO] Epoch 24/240
[2026-04-22 16:41:08][Rank 0][DEBUG] Step 0 | Batch: shape=torch.Size([1536]), mean=-0.012523, std=1.010151, min=-1.730124, max=1.710326
[2026-04-22 16:41:08][Rank 0][DEBUG] Step 0 | Gradients: total_norm=0.000000, max=0.000000, min=inf
[2026-04-22 16:41:08][Rank 0][INFO] Step 0 | GPU Memory: allocated=3.25GB, reserved=8.42GB, peak=7.75GB
[2026-04-22 16:41:12][Rank 0][INFO] Epoch 24 complete | train_loss=0.000316, val_loss=0.000398
[2026-04-22 16:41:12][Rank 0][INFO] Epoch 25/240
[2026-04-22 16:41:12][Rank 0][DEBUG] Step 0 | Batch: shape=torch.Size([1536]), mean=0.018628, std=0.996943, min=-1.726331, max=1.730421
[2026-04-22 16:41:12][Rank 0][DEBUG] Step 0 | Gradients: total_norm=0.000000, max=0.000000, min=inf
[2026-04-22 16:41:12][Rank 0][INFO] Step 0 | GPU Memory: allocated=3.25GB, reserved=8.44GB, peak=7.75GB
[2026-04-22 16:41:17][Rank 0][INFO] Epoch 25 complete | train_loss=0.000191, val_loss=0.000207
[2026-04-22 16:41:17][Rank 0][INFO] Epoch 26/240
[2026-04-22 16:41:17][Rank 0][DEBUG] Step 0 | Batch: shape=torch.Size([1536]), mean=0.034676, std=1.001775, min=-1.731369, max=1.722359
[2026-04-22 16:41:17][Rank 0][DEBUG] Step 0 | Gradients: total_norm=0.000000, max=0.000000, min=inf
[2026-04-22 16:41:17][Rank 0][INFO] Step 0 | GPU Memory: allocated=3.25GB, reserved=8.56GB, peak=7.75GB
[2026-04-22 16:41:21][Rank 0][INFO] Epoch 26 complete | train_loss=0.000196, val_loss=0.000178
[2026-04-22 16:41:21][Rank 0][INFO] Epoch 27/240
[2026-04-22 16:41:21][Rank 0][DEBUG] Step 0 | Batch: shape=torch.Size([1536]), mean=0.005531, std=0.996394, min=-1.724612, max=1.731725
[2026-04-22 16:41:21][Rank 0][DEBUG] Step 0 | Gradients: total_norm=0.000000, max=0.000000, min=inf
[2026-04-22 16:41:21][Rank 0][INFO] Step 0 | GPU Memory: allocated=3.25GB, reserved=8.56GB, peak=7.75GB
[2026-04-22 16:41:25][Rank 0][INFO] Epoch 27 complete | train_loss=0.000160, val_loss=0.000196
[2026-04-22 16:41:25][Rank 0][INFO] Epoch 28/240
[2026-04-22 16:41:25][Rank 0][DEBUG] Step 0 | Batch: shape=torch.Size([1536]), mean=-0.006127, std=1.012277, min=-1.731251, max=1.730302
[2026-04-22 16:41:26][Rank 0][DEBUG] Step 0 | Gradients: total_norm=0.000000, max=0.000000, min=inf
[2026-04-22 16:41:26][Rank 0][INFO] Step 0 | GPU Memory: allocated=3.25GB, reserved=8.60GB, peak=7.75GB
[2026-04-22 16:41:30][Rank 0][INFO] Epoch 28 complete | train_loss=0.000159, val_loss=0.000157
[2026-04-22 16:41:30][Rank 0][INFO] Epoch 29/240
[2026-04-22 16:41:30][Rank 0][DEBUG] Step 0 | Batch: shape=torch.Size([1536]), mean=0.008371, std=0.995800, min=-1.730065, max=1.731665
[2026-04-22 16:41:30][Rank 0][DEBUG] Step 0 | Gradients: total_norm=0.000000, max=0.000000, min=inf
[2026-04-22 16:41:30][Rank 0][INFO] Step 0 | GPU Memory: allocated=3.25GB, reserved=8.60GB, peak=7.75GB
[2026-04-22 16:41:34][Rank 0][INFO] Epoch 29 complete | train_loss=0.000112, val_loss=0.000128
[2026-04-22 16:41:34][Rank 0][INFO] Epoch 30/240
[2026-04-22 16:41:34][Rank 0][DEBUG] Step 0 | Batch: shape=torch.Size([1536]), mean=-0.001440, std=0.993121, min=-1.725027, max=1.731014
[2026-04-22 16:41:34][Rank 0][DEBUG] Step 0 | Gradients: total_norm=0.000000, max=0.000000, min=inf
[2026-04-22 16:41:34][Rank 0][INFO] Step 0 | GPU Memory: allocated=3.25GB, reserved=8.60GB, peak=7.75GB
[2026-04-22 16:41:39][Rank 0][INFO] Epoch 30 complete | train_loss=0.000087, val_loss=0.000089
[2026-04-22 16:41:39][Rank 0][INFO] Epoch 31/240
[2026-04-22 16:41:39][Rank 0][DEBUG] Step 0 | Batch: shape=torch.Size([1536]), mean=-0.014105, std=0.956375, min=-1.730895, max=1.731073
[2026-04-22 16:41:39][Rank 0][DEBUG] Step 0 | Gradients: total_norm=0.000000, max=0.000000, min=inf
[2026-04-22 16:41:39][Rank 0][INFO] Step 0 | GPU Memory: allocated=3.25GB, reserved=8.60GB, peak=7.75GB
[2026-04-22 16:41:43][Rank 0][INFO] Epoch 31 complete | train_loss=0.000084, val_loss=0.000082
[2026-04-22 16:41:43][Rank 0][INFO] Epoch 32/240
[2026-04-22 16:41:43][Rank 0][DEBUG] Step 0 | Batch: shape=torch.Size([1536]), mean=-0.034087, std=1.029317, min=-1.729532, max=1.728465
[2026-04-22 16:41:44][Rank 0][DEBUG] Step 0 | Gradients: total_norm=0.000000, max=0.000000, min=inf
[2026-04-22 16:41:44][Rank 0][INFO] Step 0 | GPU Memory: allocated=3.25GB, reserved=8.60GB, peak=7.75GB
[2026-04-22 16:41:48][Rank 0][INFO] Epoch 32 complete | train_loss=0.000123, val_loss=0.000117
[2026-04-22 16:41:48][Rank 0][INFO] Epoch 33/240
[2026-04-22 16:41:48][Rank 0][DEBUG] Step 0 | Batch: shape=torch.Size([1536]), mean=-0.003180, std=1.006562, min=-1.730361, max=1.731547
[2026-04-22 16:41:48][Rank 0][DEBUG] Step 0 | Gradients: total_norm=0.000000, max=0.000000, min=inf
[2026-04-22 16:41:48][Rank 0][INFO] Step 0 | GPU Memory: allocated=3.25GB, reserved=8.60GB, peak=7.75GB
[2026-04-22 16:41:52][Rank 0][INFO] Epoch 33 complete | train_loss=0.000140, val_loss=0.000145
[2026-04-22 16:41:52][Rank 0][INFO] Epoch 34/240
[2026-04-22 16:41:52][Rank 0][DEBUG] Step 0 | Batch: shape=torch.Size([1536]), mean=-0.010599, std=0.993817, min=-1.727398, max=1.731725
[2026-04-22 16:41:52][Rank 0][DEBUG] Step 0 | Gradients: total_norm=0.000000, max=0.000000, min=inf
[2026-04-22 16:41:52][Rank 0][INFO] Step 0 | GPU Memory: allocated=3.25GB, reserved=8.60GB, peak=7.75GB
[2026-04-22 16:41:57][Rank 0][INFO] Epoch 34 complete | train_loss=0.000158, val_loss=0.000130
[2026-04-22 16:41:57][Rank 0][INFO] Epoch 35/240
[2026-04-22 16:41:57][Rank 0][DEBUG] Step 0 | Batch: shape=torch.Size([1536]), mean=-0.022731, std=1.009228, min=-1.728168, max=1.731962
[2026-04-22 16:41:57][Rank 0][DEBUG] Step 0 | Gradients: total_norm=0.000000, max=0.000000, min=inf
[2026-04-22 16:41:57][Rank 0][INFO] Step 0 | GPU Memory: allocated=3.25GB, reserved=8.60GB, peak=7.75GB
[2026-04-22 16:42:01][Rank 0][INFO] Epoch 35 complete | train_loss=0.000236, val_loss=0.000252
[2026-04-22 16:42:01][Rank 0][INFO] Epoch 36/240
[2026-04-22 16:42:01][Rank 0][DEBUG] Step 0 | Batch: shape=torch.Size([1536]), mean=0.036241, std=0.963986, min=-1.728761, max=1.722774
[2026-04-22 16:42:01][Rank 0][DEBUG] Step 0 | Gradients: total_norm=0.000000, max=0.000000, min=inf
[2026-04-22 16:42:01][Rank 0][INFO] Step 0 | GPU Memory: allocated=3.25GB, reserved=8.60GB, peak=7.75GB
[2026-04-22 16:42:05][Rank 0][INFO] Epoch 36 complete | train_loss=0.000232, val_loss=0.000217
[2026-04-22 16:42:05][Rank 0][INFO] Epoch 37/240
[2026-04-22 16:42:05][Rank 0][DEBUG] Step 0 | Batch: shape=torch.Size([1536]), mean=-0.005581, std=0.983925, min=-1.729709, max=1.729650
[2026-04-22 16:42:06][Rank 0][DEBUG] Step 0 | Gradients: total_norm=0.000000, max=0.000000, min=inf
[2026-04-22 16:42:06][Rank 0][INFO] Step 0 | GPU Memory: allocated=3.25GB, reserved=8.60GB, peak=7.75GB
[2026-04-22 16:42:10][Rank 0][INFO] Epoch 37 complete | train_loss=0.000218, val_loss=0.000217
[2026-04-22 16:42:10][Rank 0][INFO] Epoch 38/240
[2026-04-22 16:42:10][Rank 0][DEBUG] Step 0 | Batch: shape=torch.Size([1536]), mean=-0.029885, std=0.982789, min=-1.728939, max=1.729176
[2026-04-22 16:42:10][Rank 0][DEBUG] Step 0 | Gradients: total_norm=0.000000, max=0.000000, min=inf
[2026-04-22 16:42:10][Rank 0][INFO] Step 0 | GPU Memory: allocated=3.25GB, reserved=8.60GB, peak=7.75GB
[2026-04-22 16:42:14][Rank 0][INFO] Epoch 38 complete | train_loss=0.000215, val_loss=0.000214
[2026-04-22 16:42:14][Rank 0][INFO] Epoch 39/240
[2026-04-22 16:42:14][Rank 0][DEBUG] Step 0 | Batch: shape=torch.Size([1536]), mean=-0.026186, std=1.007106, min=-1.731547, max=1.731310
[2026-04-22 16:42:14][Rank 0][DEBUG] Step 0 | Gradients: total_norm=0.000000, max=0.000000, min=inf
[2026-04-22 16:42:14][Rank 0][INFO] Step 0 | GPU Memory: allocated=3.25GB, reserved=8.60GB, peak=7.75GB
[2026-04-22 16:42:19][Rank 0][INFO] Epoch 39 complete | train_loss=0.000248, val_loss=0.000250
[2026-04-22 16:42:19][Rank 0][INFO] Epoch 40/240
[2026-04-22 16:42:19][Rank 0][DEBUG] Step 0 | Batch: shape=torch.Size([1536]), mean=0.004000, std=0.994402, min=-1.727991, max=1.729354
[2026-04-22 16:42:19][Rank 0][DEBUG] Step 0 | Gradients: total_norm=0.000000, max=0.000000, min=inf
[2026-04-22 16:42:19][Rank 0][INFO] Step 0 | GPU Memory: allocated=3.25GB, reserved=8.60GB, peak=7.75GB
[2026-04-22 16:42:23][Rank 0][INFO] Epoch 40 complete | train_loss=0.000239, val_loss=0.000242
[2026-04-22 16:42:23][Rank 0][INFO] Epoch 41/240
[2026-04-22 16:42:23][Rank 0][DEBUG] Step 0 | Batch: shape=torch.Size([1536]), mean=-0.018193, std=0.996425, min=-1.730658, max=1.730243
[2026-04-22 16:42:23][Rank 0][DEBUG] Step 0 | Gradients: total_norm=0.000000, max=0.000000, min=inf
[2026-04-22 16:42:23][Rank 0][INFO] Step 0 | GPU Memory: allocated=3.25GB, reserved=8.63GB, peak=7.75GB
[2026-04-22 16:42:27][Rank 0][INFO] Epoch 41 complete | train_loss=0.000237, val_loss=0.000300
[2026-04-22 16:42:28][Rank 0][INFO] Epoch 42/240
[2026-04-22 16:42:28][Rank 0][DEBUG] Step 0 | Batch: shape=torch.Size([1536]), mean=0.029820, std=1.014925, min=-1.729591, max=1.730658
[2026-04-22 16:42:28][Rank 0][DEBUG] Step 0 | Gradients: total_norm=0.000000, max=0.000000, min=inf
[2026-04-22 16:42:28][Rank 0][INFO] Step 0 | GPU Memory: allocated=3.25GB, reserved=8.63GB, peak=7.75GB
[2026-04-22 16:42:32][Rank 0][INFO] Epoch 42 complete | train_loss=0.000213, val_loss=0.000178
[2026-04-22 16:42:32][Rank 0][INFO] Epoch 43/240
[2026-04-22 16:42:32][Rank 0][DEBUG] Step 0 | Batch: shape=torch.Size([1536]), mean=-0.032707, std=1.008568, min=-1.732021, max=1.729591
[2026-04-22 16:42:32][Rank 0][DEBUG] Step 0 | Gradients: total_norm=0.000000, max=0.000000, min=inf
[2026-04-22 16:42:32][Rank 0][INFO] Step 0 | GPU Memory: allocated=3.25GB, reserved=8.65GB, peak=7.75GB
[2026-04-22 16:42:37][Rank 0][INFO] Epoch 43 complete | train_loss=0.000168, val_loss=0.000158
[2026-04-22 16:42:37][Rank 0][INFO] Epoch 44/240
[2026-04-22 16:42:37][Rank 0][DEBUG] Step 0 | Batch: shape=torch.Size([1536]), mean=0.009134, std=1.002343, min=-1.725323, max=1.731784
[2026-04-22 16:42:37][Rank 0][DEBUG] Step 0 | Gradients: total_norm=0.000000, max=0.000000, min=inf
[2026-04-22 16:42:37][Rank 0][INFO] Step 0 | GPU Memory: allocated=3.25GB, reserved=8.65GB, peak=7.75GB
[2026-04-22 16:42:41][Rank 0][INFO] Epoch 44 complete | train_loss=0.000128, val_loss=0.000134
[2026-04-22 16:42:41][Rank 0][INFO] Epoch 45/240
[2026-04-22 16:42:41][Rank 0][DEBUG] Step 0 | Batch: shape=torch.Size([1536]), mean=-0.036916, std=1.000741, min=-1.729769, max=1.728702
[2026-04-22 16:42:41][Rank 0][DEBUG] Step 0 | Gradients: total_norm=0.000000, max=0.000000, min=inf
[2026-04-22 16:42:41][Rank 0][INFO] Step 0 | GPU Memory: allocated=3.25GB, reserved=8.65GB, peak=7.75GB
[2026-04-22 16:42:45][Rank 0][INFO] Epoch 45 complete | train_loss=0.000113, val_loss=0.000105
[2026-04-22 16:42:53][Rank 0][INFO] Training complete!
[2026-04-22 16:43:18][Rank 0][INFO] Starting training...
[2026-04-22 16:43:18][Rank 0][INFO] World size: 1
[2026-04-22 16:43:18][Rank 0][INFO] Batch size per GPU: 1536
[2026-04-22 16:43:18][Rank 0][INFO] Effective batch size: 1536
[2026-04-22 16:43:18][Rank 0][INFO] Epoch 1/80
[2026-04-22 16:43:18][Rank 0][DEBUG] Step 0 | Batch: shape=torch.Size([1536]), mean=0.016105, std=1.012735, min=-1.731191, max=1.731725
[2026-04-22 16:43:18][Rank 0][DEBUG] Step 0 | Gradients: total_norm=0.000000, max=0.000000, min=inf
[2026-04-22 16:43:18][Rank 0][INFO] Step 0 | GPU Memory: allocated=0.23GB, reserved=0.58GB, peak=7.75GB
[2026-04-22 16:43:19][Rank 0][INFO] Epoch 1 complete | train_loss=0.000194, val_loss=0.000212
[2026-04-22 16:43:20][Rank 0][INFO] Epoch 2/80
[2026-04-22 16:43:20][Rank 0][DEBUG] Step 0 | Batch: shape=torch.Size([1536]), mean=-0.000642, std=0.992738, min=-1.729235, max=1.731843
[2026-04-22 16:43:20][Rank 0][DEBUG] Step 0 | Gradients: total_norm=0.000000, max=0.000000, min=inf
[2026-04-22 16:43:20][Rank 0][INFO] Step 0 | GPU Memory: allocated=0.52GB, reserved=1.05GB, peak=7.75GB
[2026-04-22 16:43:21][Rank 0][INFO] Epoch 2 complete | train_loss=0.000007, val_loss=0.000007
[2026-04-22 16:43:21][Rank 0][INFO] Epoch 3/80
[2026-04-22 16:43:21][Rank 0][DEBUG] Step 0 | Batch: shape=torch.Size([1536]), mean=0.009101, std=0.994348, min=-1.731073, max=1.729354
[2026-04-22 16:43:21][Rank 0][DEBUG] Step 0 | Gradients: total_norm=0.000000, max=0.000000, min=inf
[2026-04-22 16:43:21][Rank 0][INFO] Step 0 | GPU Memory: allocated=0.52GB, reserved=1.05GB, peak=7.75GB
[2026-04-22 16:43:22][Rank 0][INFO] Epoch 3 complete | train_loss=0.000001, val_loss=0.000001
[2026-04-22 16:43:22][Rank 0][INFO] Epoch 4/80
[2026-04-22 16:43:22][Rank 0][DEBUG] Step 0 | Batch: shape=torch.Size([1536]), mean=-0.026960, std=0.980350, min=-1.730895, max=1.728998
[2026-04-22 16:43:22][Rank 0][DEBUG] Step 0 | Gradients: total_norm=0.000000, max=0.000000, min=inf
[2026-04-22 16:43:22][Rank 0][INFO] Step 0 | GPU Memory: allocated=0.52GB, reserved=1.09GB, peak=7.75GB
[2026-04-22 16:43:23][Rank 0][INFO] Epoch 4 complete | train_loss=0.000000, val_loss=0.000000
[2026-04-22 16:43:23][Rank 0][INFO] Epoch 5/80
[2026-04-22 16:43:23][Rank 0][DEBUG] Step 0 | Batch: shape=torch.Size([1536]), mean=0.027563, std=1.007463, min=-1.730717, max=1.731073
[2026-04-22 16:43:23][Rank 0][DEBUG] Step 0 | Gradients: total_norm=0.000000, max=0.000000, min=inf
[2026-04-22 16:43:23][Rank 0][INFO] Step 0 | GPU Memory: allocated=0.52GB, reserved=1.09GB, peak=7.75GB
[2026-04-22 16:43:25][Rank 0][INFO] Epoch 5 complete | train_loss=0.000000, val_loss=0.000000
[2026-04-22 16:43:25][Rank 0][INFO] Epoch 6/80
[2026-04-22 16:43:25][Rank 0][DEBUG] Step 0 | Batch: shape=torch.Size([1536]), mean=0.002114, std=0.996682, min=-1.725204, max=1.729650
[2026-04-22 16:43:25][Rank 0][DEBUG] Step 0 | Gradients: total_norm=0.000000, max=0.000000, min=inf
[2026-04-22 16:43:25][Rank 0][INFO] Step 0 | GPU Memory: allocated=0.52GB, reserved=1.09GB, peak=7.75GB
[2026-04-22 16:43:26][Rank 0][INFO] Epoch 6 complete | train_loss=0.000000, val_loss=0.000000
[2026-04-22 16:43:26][Rank 0][INFO] Epoch 7/80
[2026-04-22 16:43:26][Rank 0][DEBUG] Step 0 | Batch: shape=torch.Size([1536]), mean=0.020183, std=0.997819, min=-1.731310, max=1.731903
[2026-04-22 16:43:26][Rank 0][DEBUG] Step 0 | Gradients: total_norm=0.000000, max=0.000000, min=inf
[2026-04-22 16:43:26][Rank 0][INFO] Step 0 | GPU Memory: allocated=0.62GB, reserved=2.02GB, peak=7.75GB
[2026-04-22 16:43:34][Rank 0][INFO] Epoch 7 complete | train_loss=0.000000, val_loss=0.000000
[2026-04-22 16:43:34][Rank 0][INFO] Epoch 8/80
[2026-04-22 16:43:34][Rank 0][DEBUG] Step 0 | Batch: shape=torch.Size([1536]), mean=-0.003947, std=0.992639, min=-1.729946, max=1.730302
[2026-04-22 16:43:34][Rank 0][DEBUG] Step 0 | Gradients: total_norm=0.000000, max=0.000000, min=inf
[2026-04-22 16:43:34][Rank 0][INFO] Step 0 | GPU Memory: allocated=0.62GB, reserved=2.11GB, peak=7.75GB
[2026-04-22 16:43:42][Rank 0][INFO] Epoch 8 complete | train_loss=0.000000, val_loss=0.000000
[2026-04-22 16:43:42][Rank 0][INFO] Epoch 9/80
[2026-04-22 16:43:42][Rank 0][DEBUG] Step 0 | Batch: shape=torch.Size([1536]), mean=-0.013297, std=1.008191, min=-1.729057, max=1.731191
[2026-04-22 16:43:42][Rank 0][DEBUG] Step 0 | Gradients: total_norm=0.000000, max=0.000000, min=inf
[2026-04-22 16:43:42][Rank 0][INFO] Step 0 | GPU Memory: allocated=0.62GB, reserved=2.11GB, peak=7.75GB
[2026-04-22 16:43:49][Rank 0][INFO] Epoch 9 complete | train_loss=0.000000, val_loss=0.000000
[2026-04-22 16:43:49][Rank 0][INFO] Epoch 10/80
[2026-04-22 16:43:49][Rank 0][DEBUG] Step 0 | Batch: shape=torch.Size([1536]), mean=-0.009172, std=0.979599, min=-1.731369, max=1.732021
[2026-04-22 16:43:50][Rank 0][DEBUG] Step 0 | Gradients: total_norm=0.000000, max=0.000000, min=inf
[2026-04-22 16:43:50][Rank 0][INFO] Step 0 | GPU Memory: allocated=0.62GB, reserved=2.11GB, peak=7.75GB
[2026-04-22 16:43:57][Rank 0][INFO] Epoch 10 complete | train_loss=0.000000, val_loss=0.000000
[2026-04-22 16:43:57][Rank 0][INFO] Epoch 11/80
[2026-04-22 16:43:57][Rank 0][DEBUG] Step 0 | Batch: shape=torch.Size([1536]), mean=0.011751, std=0.996696, min=-1.731547, max=1.729887
[2026-04-22 16:43:57][Rank 0][DEBUG] Step 0 | Gradients: total_norm=0.000000, max=0.000000, min=inf
[2026-04-22 16:43:57][Rank 0][INFO] Step 0 | GPU Memory: allocated=0.62GB, reserved=2.11GB, peak=7.75GB
[2026-04-22 16:44:05][Rank 0][INFO] Epoch 11 complete | train_loss=0.000000, val_loss=0.000000
[2026-04-22 16:44:05][Rank 0][INFO] Epoch 12/80
[2026-04-22 16:44:05][Rank 0][DEBUG] Step 0 | Batch: shape=torch.Size([1536]), mean=-0.034931, std=0.997269, min=-1.731014, max=1.729828
[2026-04-22 16:44:06][Rank 0][DEBUG] Step 0 | Gradients: total_norm=0.000000, max=0.000000, min=inf
[2026-04-22 16:44:06][Rank 0][INFO] Step 0 | GPU Memory: allocated=0.62GB, reserved=2.11GB, peak=7.75GB
[2026-04-22 16:44:13][Rank 0][INFO] Epoch 12 complete | train_loss=0.000000, val_loss=0.000000
[2026-04-22 16:44:13][Rank 0][INFO] Epoch 13/80
[2026-04-22 16:44:13][Rank 0][DEBUG] Step 0 | Batch: shape=torch.Size([1536]), mean=0.043061, std=1.009284, min=-1.728524, max=1.732021
[2026-04-22 16:44:13][Rank 0][DEBUG] Step 0 | Gradients: total_norm=0.000000, max=0.000000, min=inf
[2026-04-22 16:44:13][Rank 0][INFO] Step 0 | GPU Memory: allocated=0.62GB, reserved=2.11GB, peak=7.75GB
[2026-04-22 16:44:21][Rank 0][INFO] Epoch 13 complete | train_loss=0.000000, val_loss=0.000000
[2026-04-22 16:44:21][Rank 0][INFO] Epoch 14/80
[2026-04-22 16:44:21][Rank 0][DEBUG] Step 0 | Batch: shape=torch.Size([1536]), mean=-0.001724, std=0.988872, min=-1.730421, max=1.728820
[2026-04-22 16:44:21][Rank 0][DEBUG] Step 0 | Gradients: total_norm=0.000000, max=0.000000, min=inf
[2026-04-22 16:44:21][Rank 0][INFO] Step 0 | GPU Memory: allocated=0.62GB, reserved=2.11GB, peak=7.75GB
[2026-04-22 16:44:29][Rank 0][INFO] Epoch 14 complete | train_loss=0.000000, val_loss=0.000000
[2026-04-22 16:44:29][Rank 0][INFO] Epoch 15/80
[2026-04-22 16:44:29][Rank 0][DEBUG] Step 0 | Batch: shape=torch.Size([1536]), mean=-0.038560, std=0.994239, min=-1.731843, max=1.729946
[2026-04-22 16:44:29][Rank 0][DEBUG] Step 0 | Gradients: total_norm=0.000000, max=0.000000, min=inf
[2026-04-22 16:44:29][Rank 0][INFO] Step 0 | GPU Memory: allocated=0.62GB, reserved=2.11GB, peak=7.75GB
[2026-04-22 16:44:36][Rank 0][INFO] Epoch 15 complete | train_loss=0.000000, val_loss=0.000000
[2026-04-22 16:44:36][Rank 0][INFO] Epoch 16/80
[2026-04-22 16:44:36][Rank 0][DEBUG] Step 0 | Batch: shape=torch.Size([1536]), mean=-0.033648, std=1.008961, min=-1.730124, max=1.727279
[2026-04-22 16:44:37][Rank 0][DEBUG] Step 0 | Gradients: total_norm=0.000000, max=0.000000, min=inf
[2026-04-22 16:44:37][Rank 0][INFO] Step 0 | GPU Memory: allocated=0.62GB, reserved=2.11GB, peak=7.75GB
[2026-04-22 16:44:44][Rank 0][INFO] Epoch 16 complete | train_loss=0.000000, val_loss=0.000000
[2026-04-22 16:44:44][Rank 0][INFO] Epoch 17/80
[2026-04-22 16:44:44][Rank 0][DEBUG] Step 0 | Batch: shape=torch.Size([1536]), mean=0.018557, std=1.009995, min=-1.729176, max=1.727931
[2026-04-22 16:44:44][Rank 0][DEBUG] Step 0 | Gradients: total_norm=0.000000, max=0.000000, min=inf
[2026-04-22 16:44:44][Rank 0][INFO] Step 0 | GPU Memory: allocated=0.62GB, reserved=2.11GB, peak=7.75GB
[2026-04-22 16:44:52][Rank 0][INFO] Epoch 17 complete | train_loss=0.000000, val_loss=0.000000
[2026-04-22 16:44:52][Rank 0][INFO] Epoch 18/80
[2026-04-22 16:44:52][Rank 0][DEBUG] Step 0 | Batch: shape=torch.Size([1536]), mean=-0.013422, std=1.003814, min=-1.731843, max=1.729413
[2026-04-22 16:44:52][Rank 0][DEBUG] Step 0 | Gradients: total_norm=0.000000, max=0.000000, min=inf
[2026-04-22 16:44:52][Rank 0][INFO] Step 0 | GPU Memory: allocated=0.62GB, reserved=2.11GB, peak=7.75GB
[2026-04-22 16:45:00][Rank 0][INFO] Epoch 18 complete | train_loss=0.000000, val_loss=0.000000
[2026-04-22 16:45:00][Rank 0][INFO] Epoch 19/80
[2026-04-22 16:45:00][Rank 0][DEBUG] Step 0 | Batch: shape=torch.Size([1536]), mean=-0.009939, std=0.990167, min=-1.731784, max=1.730776
[2026-04-22 16:45:00][Rank 0][DEBUG] Step 0 | Gradients: total_norm=0.000000, max=0.000000, min=inf
[2026-04-22 16:45:00][Rank 0][INFO] Step 0 | GPU Memory: allocated=0.62GB, reserved=2.11GB, peak=7.75GB
[2026-04-22 16:45:07][Rank 0][INFO] Epoch 19 complete | train_loss=0.000002, val_loss=0.000002
[2026-04-22 16:45:07][Rank 0][INFO] Epoch 20/80
[2026-04-22 16:45:07][Rank 0][DEBUG] Step 0 | Batch: shape=torch.Size([1536]), mean=0.024788, std=1.014544, min=-1.727101, max=1.731665
[2026-04-22 16:45:08][Rank 0][DEBUG] Step 0 | Gradients: total_norm=0.000000, max=0.000000, min=inf
[2026-04-22 16:45:08][Rank 0][INFO] Step 0 | GPU Memory: allocated=0.62GB, reserved=2.11GB, peak=7.75GB
[2026-04-22 16:45:15][Rank 0][INFO] Epoch 20 complete | train_loss=0.000004, val_loss=0.000005
[2026-04-22 16:45:15][Rank 0][INFO] Epoch 21/80
[2026-04-22 16:45:15][Rank 0][DEBUG] Step 0 | Batch: shape=torch.Size([1536]), mean=0.004060, std=1.006261, min=-1.728346, max=1.731488
[2026-04-22 16:45:15][Rank 0][DEBUG] Step 0 | Gradients: total_norm=0.000000, max=0.000000, min=inf
[2026-04-22 16:45:15][Rank 0][INFO] Step 0 | GPU Memory: allocated=0.62GB, reserved=2.11GB, peak=7.75GB
[2026-04-22 16:45:23][Rank 0][INFO] Epoch 21 complete | train_loss=0.000004, val_loss=0.000004
[2026-04-22 16:45:23][Rank 0][INFO] Epoch 22/80
[2026-04-22 16:45:23][Rank 0][DEBUG] Step 0 | Batch: shape=torch.Size([1536]), mean=0.033589, std=1.012210, min=-1.731014, max=1.728465
[2026-04-22 16:45:23][Rank 0][DEBUG] Step 0 | Gradients: total_norm=0.000000, max=0.000000, min=inf
[2026-04-22 16:45:23][Rank 0][INFO] Step 0 | GPU Memory: allocated=0.62GB, reserved=2.11GB, peak=7.75GB
[2026-04-22 16:45:31][Rank 0][INFO] Epoch 22 complete | train_loss=0.000005, val_loss=0.000005
[2026-04-22 16:45:31][Rank 0][INFO] Epoch 23/80
[2026-04-22 16:45:31][Rank 0][DEBUG] Step 0 | Batch: shape=torch.Size([1536]), mean=0.025831, std=1.002656, min=-1.730421, max=1.728998
[2026-04-22 16:45:31][Rank 0][DEBUG] Step 0 | Gradients: total_norm=0.000000, max=0.000000, min=inf
[2026-04-22 16:45:31][Rank 0][INFO] Step 0 | GPU Memory: allocated=0.62GB, reserved=2.11GB, peak=7.75GB
[2026-04-22 16:45:39][Rank 0][INFO] Epoch 23 complete | train_loss=0.000014, val_loss=0.000017
[2026-04-22 16:45:39][Rank 0][INFO] Epoch 24/80
[2026-04-22 16:45:39][Rank 0][DEBUG] Step 0 | Batch: shape=torch.Size([1536]), mean=-0.012523, std=1.010151, min=-1.730124, max=1.710326
[2026-04-22 16:45:39][Rank 0][DEBUG] Step 0 | Gradients: total_norm=0.000000, max=0.000000, min=inf
[2026-04-22 16:45:39][Rank 0][INFO] Step 0 | GPU Memory: allocated=0.62GB, reserved=2.11GB, peak=7.75GB
[2026-04-22 16:45:47][Rank 0][INFO] Epoch 24 complete | train_loss=0.000002, val_loss=0.000002
[2026-04-22 16:45:47][Rank 0][INFO] Epoch 25/80
[2026-04-22 16:45:47][Rank 0][DEBUG] Step 0 | Batch: shape=torch.Size([1536]), mean=0.018628, std=0.996943, min=-1.726331, max=1.730421
[2026-04-22 16:45:47][Rank 0][DEBUG] Step 0 | Gradients: total_norm=0.000000, max=0.000000, min=inf
[2026-04-22 16:45:47][Rank 0][INFO] Step 0 | GPU Memory: allocated=0.62GB, reserved=2.11GB, peak=7.75GB
[2026-04-22 16:45:54][Rank 0][INFO] Epoch 25 complete | train_loss=0.000001, val_loss=0.000001
[2026-04-22 16:45:54][Rank 0][INFO] Epoch 26/80
[2026-04-22 16:45:54][Rank 0][DEBUG] Step 0 | Batch: shape=torch.Size([1536]), mean=0.034676, std=1.001775, min=-1.731369, max=1.722359
[2026-04-22 16:45:55][Rank 0][DEBUG] Step 0 | Gradients: total_norm=0.000000, max=0.000000, min=inf
[2026-04-22 16:45:55][Rank 0][INFO] Step 0 | GPU Memory: allocated=0.62GB, reserved=2.11GB, peak=7.75GB
[2026-04-22 16:46:02][Rank 0][INFO] Epoch 26 complete | train_loss=0.000000, val_loss=0.000000
[2026-04-22 16:46:02][Rank 0][INFO] Epoch 27/80
[2026-04-22 16:46:02][Rank 0][DEBUG] Step 0 | Batch: shape=torch.Size([1536]), mean=0.005531, std=0.996394, min=-1.724612, max=1.731725
[2026-04-22 16:46:02][Rank 0][DEBUG] Step 0 | Gradients: total_norm=0.000000, max=0.000000, min=inf
[2026-04-22 16:46:02][Rank 0][INFO] Step 0 | GPU Memory: allocated=0.62GB, reserved=2.11GB, peak=7.75GB
[2026-04-22 16:46:10][Rank 0][INFO] Epoch 27 complete | train_loss=0.000000, val_loss=0.000000
[2026-04-22 16:46:25][Rank 0][INFO] Training complete!
[2026-04-28 15:34:41][Rank 0][INFO] Starting training...
[2026-04-28 15:34:41][Rank 0][INFO] World size: 1
[2026-04-28 15:34:41][Rank 0][INFO] Batch size per GPU: 384
[2026-04-28 15:34:41][Rank 0][INFO] Effective batch size: 384
[2026-04-28 15:34:41][Rank 0][INFO] Epoch 1/600
[2026-04-28 15:34:41][Rank 0][DEBUG] Step 0 | Batch: shape=torch.Size([384]), mean=-0.116472, std=0.999891, min=-1.729413, max=1.729413
[2026-04-28 15:34:41][Rank 0][DEBUG] Step 0 | Gradients: total_norm=0.000000, max=0.000000, min=inf
[2026-04-28 15:35:22][Rank 0][DEBUG] Step 100 | Batch: shape=torch.Size([384]), mean=-0.032566, std=1.021131, min=-1.727753, max=1.729176
[2026-04-28 15:35:22][Rank 0][DEBUG] Step 100 | Gradients: total_norm=0.000000, max=0.000000, min=inf
[2026-04-28 15:35:37][Rank 0][INFO] Epoch 1 complete | train_loss=0.021931, val_loss=0.021764
[2026-04-28 15:35:38][Rank 0][INFO] Epoch 2/600
[2026-04-28 15:35:38][Rank 0][DEBUG] Step 0 | Batch: shape=torch.Size([384]), mean=0.000923, std=0.979926, min=-1.730006, max=1.729176
[2026-04-28 15:35:38][Rank 0][DEBUG] Step 0 | Gradients: total_norm=0.000000, max=0.000000, min=inf
[2026-04-28 15:36:17][Rank 0][DEBUG] Step 100 | Batch: shape=torch.Size([384]), mean=0.047184, std=0.999933, min=-1.727694, max=1.695567
[2026-04-28 15:36:17][Rank 0][DEBUG] Step 100 | Gradients: total_norm=0.000000, max=0.000000, min=inf
[2026-04-28 15:36:37][Rank 0][INFO] Epoch 2 complete | train_loss=0.001013, val_loss=0.000836
[2026-04-28 15:36:37][Rank 0][INFO] Epoch 3/600
[2026-04-28 15:36:37][Rank 0][DEBUG] Step 0 | Batch: shape=torch.Size([384]), mean=0.108337, std=0.999050, min=-1.724375, max=1.729295
[2026-04-28 15:36:37][Rank 0][DEBUG] Step 0 | Gradients: total_norm=0.000000, max=0.000000, min=inf
[2026-04-28 15:37:17][Rank 0][DEBUG] Step 100 | Batch: shape=torch.Size([384]), mean=-0.030802, std=1.041738, min=-1.723130, max=1.726923
[2026-04-28 15:37:17][Rank 0][DEBUG] Step 100 | Gradients: total_norm=0.000000, max=0.000000, min=inf
[2026-04-28 15:37:31][Rank 0][INFO] Epoch 3 complete | train_loss=0.000617, val_loss=0.000623
[2026-04-28 15:37:31][Rank 0][INFO] Epoch 4/600
[2026-04-28 15:37:31][Rank 0][DEBUG] Step 0 | Batch: shape=torch.Size([384]), mean=-0.003651, std=1.039018, min=-1.726805, max=1.724197
[2026-04-28 15:37:31][Rank 0][DEBUG] Step 0 | Gradients: total_norm=0.000000, max=0.000000, min=inf
[2026-04-28 15:38:06][Rank 0][DEBUG] Step 100 | Batch: shape=torch.Size([384]), mean=-0.011644, std=0.994869, min=-1.726627, max=1.731369
[2026-04-28 15:38:06][Rank 0][DEBUG] Step 100 | Gradients: total_norm=0.000000, max=0.000000, min=inf
[2026-04-28 15:38:21][Rank 0][INFO] Epoch 4 complete | train_loss=0.000489, val_loss=0.000440
[2026-04-28 15:38:21][Rank 0][INFO] Epoch 5/600
[2026-04-28 15:38:21][Rank 0][DEBUG] Step 0 | Batch: shape=torch.Size([384]), mean=0.038028, std=0.996101, min=-1.708607, max=1.729235
[2026-04-28 15:38:21][Rank 0][DEBUG] Step 0 | Gradients: total_norm=0.000000, max=0.000000, min=inf
[2026-04-28 15:38:59][Rank 0][DEBUG] Step 100 | Batch: shape=torch.Size([384]), mean=0.029386, std=0.995772, min=-1.730776, max=1.711512
[2026-04-28 15:38:59][Rank 0][DEBUG] Step 100 | Gradients: total_norm=0.000000, max=0.000000, min=inf
[2026-04-28 15:39:12][Rank 0][INFO] Epoch 5 complete | train_loss=0.000368, val_loss=0.000421
[2026-04-28 15:39:12][Rank 0][INFO] Epoch 6/600
[2026-04-28 15:39:12][Rank 0][DEBUG] Step 0 | Batch: shape=torch.Size([384]), mean=-0.047298, std=0.967974, min=-1.730302, max=1.717439
[2026-04-28 15:39:12][Rank 0][DEBUG] Step 0 | Gradients: total_norm=0.000000, max=0.000000, min=inf
[2026-04-28 15:39:47][Rank 0][DEBUG] Step 100 | Batch: shape=torch.Size([384]), mean=-0.071402, std=0.973348, min=-1.730776, max=1.717617
[2026-04-28 15:39:48][Rank 0][DEBUG] Step 100 | Gradients: total_norm=0.000000, max=0.000000, min=inf
[2026-04-28 15:41:17][Rank 0][INFO] Starting training...
[2026-04-28 15:41:17][Rank 0][INFO] World size: 1
[2026-04-28 15:41:17][Rank 0][INFO] Batch size per GPU: 384
[2026-04-28 15:41:17][Rank 0][INFO] Effective batch size: 384
[2026-04-28 15:41:17][Rank 0][INFO] Epoch 1/600
[2026-04-28 15:41:17][Rank 0][DEBUG] Step 0 | Batch: shape=torch.Size([384]), mean=-0.116472, std=0.999891, min=-1.729413, max=1.729413
[2026-04-28 15:41:18][Rank 0][DEBUG] Step 0 | Gradients: total_norm=0.000000, max=0.000000, min=inf
[2026-04-28 15:42:01][Rank 0][DEBUG] Step 100 | Batch: shape=torch.Size([384]), mean=-0.032566, std=1.021131, min=-1.727753, max=1.729176
[2026-04-28 15:42:01][Rank 0][DEBUG] Step 100 | Gradients: total_norm=0.000000, max=0.000000, min=inf
[2026-04-28 15:42:17][Rank 0][INFO] Epoch 1 complete | train_loss=0.021931, val_loss=0.021764
[2026-04-28 15:42:18][Rank 0][INFO] Epoch 2/600
[2026-04-28 15:42:18][Rank 0][DEBUG] Step 0 | Batch: shape=torch.Size([384]), mean=0.000923, std=0.979926, min=-1.730006, max=1.729176
[2026-04-28 15:42:18][Rank 0][DEBUG] Step 0 | Gradients: total_norm=0.000000, max=0.000000, min=inf
[2026-04-28 15:43:00][Rank 0][DEBUG] Step 100 | Batch: shape=torch.Size([384]), mean=0.047184, std=0.999933, min=-1.727694, max=1.695567
[2026-04-28 15:43:01][Rank 0][DEBUG] Step 100 | Gradients: total_norm=0.000000, max=0.000000, min=inf
[2026-04-28 15:43:16][Rank 0][INFO] Epoch 2 complete | train_loss=0.001013, val_loss=0.000836
[2026-04-28 15:43:16][Rank 0][INFO] Epoch 3/600
[2026-04-28 15:43:16][Rank 0][DEBUG] Step 0 | Batch: shape=torch.Size([384]), mean=0.108337, std=0.999050, min=-1.724375, max=1.729295
[2026-04-28 15:43:16][Rank 0][DEBUG] Step 0 | Gradients: total_norm=0.000000, max=0.000000, min=inf
[2026-04-28 15:43:57][Rank 0][DEBUG] Step 100 | Batch: shape=torch.Size([384]), mean=-0.030802, std=1.041738, min=-1.723130, max=1.726923
[2026-04-28 15:43:57][Rank 0][DEBUG] Step 100 | Gradients: total_norm=0.000000, max=0.000000, min=inf
[2026-04-28 15:44:14][Rank 0][INFO] Epoch 3 complete | train_loss=0.000617, val_loss=0.000623
[2026-04-28 15:44:14][Rank 0][INFO] Epoch 4/600
[2026-04-28 15:44:14][Rank 0][DEBUG] Step 0 | Batch: shape=torch.Size([384]), mean=-0.003651, std=1.039018, min=-1.726805, max=1.724197
[2026-04-28 15:44:14][Rank 0][DEBUG] Step 0 | Gradients: total_norm=0.000000, max=0.000000, min=inf
[2026-04-28 15:47:32][Rank 0][INFO] Starting training...
[2026-04-28 15:47:32][Rank 0][INFO] World size: 1
[2026-04-28 15:47:32][Rank 0][INFO] Batch size per GPU: 384
[2026-04-28 15:47:32][Rank 0][INFO] Effective batch size: 384
[2026-04-28 15:47:32][Rank 0][INFO] Epoch 1/600
[2026-04-28 15:47:32][Rank 0][DEBUG] Step 0 | Batch: shape=torch.Size([384]), mean=-0.116472, std=0.999891, min=-1.729413, max=1.729413
[2026-04-28 15:47:32][Rank 0][DEBUG] Step 0 | Gradients: total_norm=0.000000, max=0.000000, min=inf
[2026-04-28 15:48:14][Rank 0][DEBUG] Step 100 | Batch: shape=torch.Size([384]), mean=-0.032566, std=1.021131, min=-1.727753, max=1.729176
[2026-04-28 15:48:15][Rank 0][DEBUG] Step 100 | Gradients: total_norm=0.000000, max=0.000000, min=inf
[2026-04-28 15:48:32][Rank 0][INFO] Epoch 1 complete | train_loss=0.021931, val_loss=0.021764
[2026-04-28 15:48:32][Rank 0][INFO] Epoch 2/600
[2026-04-28 15:48:32][Rank 0][DEBUG] Step 0 | Batch: shape=torch.Size([384]), mean=0.000923, std=0.979926, min=-1.730006, max=1.729176
[2026-04-28 15:48:32][Rank 0][DEBUG] Step 0 | Gradients: total_norm=0.000000, max=0.000000, min=inf
[2026-04-28 15:49:11][Rank 0][DEBUG] Step 100 | Batch: shape=torch.Size([384]), mean=0.047184, std=0.999933, min=-1.727694, max=1.695567
[2026-04-28 15:49:11][Rank 0][DEBUG] Step 100 | Gradients: total_norm=0.000000, max=0.000000, min=inf
[2026-04-28 15:49:26][Rank 0][INFO] Epoch 2 complete | train_loss=0.001013, val_loss=0.000836
[2026-04-28 15:49:26][Rank 0][INFO] Epoch 3/600
[2026-04-28 15:49:26][Rank 0][DEBUG] Step 0 | Batch: shape=torch.Size([384]), mean=0.108337, std=0.999050, min=-1.724375, max=1.729295
[2026-04-28 15:49:26][Rank 0][DEBUG] Step 0 | Gradients: total_norm=0.000000, max=0.000000, min=inf
[2026-04-28 15:50:01][Rank 0][DEBUG] Step 100 | Batch: shape=torch.Size([384]), mean=-0.030802, std=1.041738, min=-1.723130, max=1.726923
[2026-04-28 15:50:01][Rank 0][DEBUG] Step 100 | Gradients: total_norm=0.000000, max=0.000000, min=inf
[2026-04-28 15:50:15][Rank 0][INFO] Epoch 3 complete | train_loss=0.000617, val_loss=0.000623
[2026-04-28 15:50:15][Rank 0][INFO] Epoch 4/600
[2026-04-28 15:50:15][Rank 0][DEBUG] Step 0 | Batch: shape=torch.Size([384]), mean=-0.003651, std=1.039018, min=-1.726805, max=1.724197
[2026-04-28 15:50:15][Rank 0][DEBUG] Step 0 | Gradients: total_norm=0.000000, max=0.000000, min=inf
[2026-04-28 15:50:54][Rank 0][DEBUG] Step 100 | Batch: shape=torch.Size([384]), mean=-0.011644, std=0.994869, min=-1.726627, max=1.731369
[2026-04-28 15:50:54][Rank 0][DEBUG] Step 100 | Gradients: total_norm=0.000000, max=0.000000, min=inf
[2026-04-28 15:51:08][Rank 0][INFO] Epoch 4 complete | train_loss=0.000489, val_loss=0.000440
[2026-04-28 15:51:08][Rank 0][INFO] Epoch 5/600
[2026-04-28 15:51:08][Rank 0][DEBUG] Step 0 | Batch: shape=torch.Size([384]), mean=0.038028, std=0.996101, min=-1.708607, max=1.729235
[2026-04-28 15:51:08][Rank 0][DEBUG] Step 0 | Gradients: total_norm=0.000000, max=0.000000, min=inf
[2026-04-28 15:58:00][Rank 0][INFO] Starting training...
[2026-04-28 15:58:00][Rank 0][INFO] World size: 1
[2026-04-28 15:58:00][Rank 0][INFO] Batch size per GPU: 384
[2026-04-28 15:58:00][Rank 0][INFO] Effective batch size: 384
[2026-04-28 15:58:00][Rank 0][INFO] Epoch 1/600
[2026-04-28 15:58:00][Rank 0][DEBUG] Step 0 | Batch: shape=torch.Size([384]), mean=-0.116472, std=0.999891, min=-1.729413, max=1.729413
[2026-04-28 15:58:00][Rank 0][DEBUG] Step 0 | Gradients: total_norm=0.000000, max=0.000000, min=inf
[2026-04-28 15:58:42][Rank 0][DEBUG] Step 100 | Batch: shape=torch.Size([384]), mean=-0.032566, std=1.021131, min=-1.727753, max=1.729176
[2026-04-28 15:58:43][Rank 0][DEBUG] Step 100 | Gradients: total_norm=0.000000, max=0.000000, min=inf
[2026-04-28 15:58:58][Rank 0][INFO] Epoch 1 complete | train_loss=0.021931, val_loss=0.021764
[2026-04-28 15:58:59][Rank 0][INFO] Epoch 2/600
[2026-04-28 15:58:59][Rank 0][DEBUG] Step 0 | Batch: shape=torch.Size([384]), mean=0.000923, std=0.979926, min=-1.730006, max=1.729176
[2026-04-28 15:58:59][Rank 0][DEBUG] Step 0 | Gradients: total_norm=0.000000, max=0.000000, min=inf
[2026-04-28 15:59:41][Rank 0][DEBUG] Step 100 | Batch: shape=torch.Size([384]), mean=0.047184, std=0.999933, min=-1.727694, max=1.695567
[2026-04-28 15:59:41][Rank 0][DEBUG] Step 100 | Gradients: total_norm=0.000000, max=0.000000, min=inf
[2026-04-28 17:22:43][Rank 0][INFO] Starting training...
[2026-04-28 17:22:43][Rank 0][INFO] World size: 1
[2026-04-28 17:22:43][Rank 0][INFO] Batch size per GPU: 384
[2026-04-28 17:22:43][Rank 0][INFO] Effective batch size: 384
[2026-04-28 17:22:43][Rank 0][INFO] Epoch 1/600
[2026-04-28 17:22:43][Rank 0][DEBUG] Step 0 | Batch: shape=torch.Size([384]), mean=-0.073666, std=1.022125, min=-1.724545, max=1.714153
[2026-04-28 17:22:51][Rank 0][DEBUG] Step 0 | Gradients: total_norm=0.000000, max=0.000000, min=inf
[2026-04-28 17:24:10][Rank 0][INFO] Starting training...
[2026-04-28 17:24:10][Rank 0][INFO] World size: 1
[2026-04-28 17:24:10][Rank 0][INFO] Batch size per GPU: 384
[2026-04-28 17:24:10][Rank 0][INFO] Effective batch size: 384
[2026-04-28 17:24:10][Rank 0][INFO] Epoch 1/600
[2026-04-28 17:24:10][Rank 0][DEBUG] Step 0 | Batch: shape=torch.Size([384]), mean=-0.073666, std=1.022125, min=-1.724545, max=1.714153
[2026-04-28 17:24:11][Rank 0][DEBUG] Step 0 | Gradients: total_norm=0.000000, max=0.000000, min=inf
[2026-04-28 17:24:11][Rank 0][INFO] Step 0 | GPU Memory: allocated=0.03GB, reserved=0.29GB, peak=0.27GB
[2026-04-28 17:24:14][Rank 0][INFO] Epoch 1 complete | train_loss=10.332967, val_loss=10.175347
[2026-04-28 17:24:15][Rank 0][INFO] Epoch 2/600
[2026-04-28 17:24:15][Rank 0][DEBUG] Step 0 | Batch: shape=torch.Size([384]), mean=0.031622, std=1.008927, min=-1.717617, max=1.719927
[2026-04-28 17:24:15][Rank 0][DEBUG] Step 0 | Gradients: total_norm=0.000000, max=0.000000, min=inf
[2026-04-28 17:24:15][Rank 0][INFO] Step 0 | GPU Memory: allocated=0.21GB, reserved=0.48GB, peak=0.46GB
[2026-04-28 17:24:17][Rank 0][INFO] Epoch 2 complete | train_loss=10.286581, val_loss=10.174703
[2026-04-28 17:24:17][Rank 0][INFO] Epoch 3/600
[2026-04-28 17:24:17][Rank 0][DEBUG] Step 0 | Batch: shape=torch.Size([384]), mean=0.010931, std=1.012204, min=-1.731474, max=1.730319
[2026-04-28 17:24:17][Rank 0][DEBUG] Step 0 | Gradients: total_norm=0.000000, max=0.000000, min=inf
[2026-04-28 17:24:17][Rank 0][INFO] Step 0 | GPU Memory: allocated=0.21GB, reserved=0.48GB, peak=0.46GB
[2026-04-28 17:24:20][Rank 0][INFO] Epoch 3 complete | train_loss=10.412105, val_loss=10.175211
[2026-04-28 17:24:20][Rank 0][INFO] Epoch 4/600
[2026-04-28 17:24:20][Rank 0][DEBUG] Step 0 | Batch: shape=torch.Size([384]), mean=0.033928, std=1.017549, min=-1.731474, max=1.719927
[2026-04-28 17:24:20][Rank 0][DEBUG] Step 0 | Gradients: total_norm=0.000000, max=0.000000, min=inf
[2026-04-28 17:24:20][Rank 0][INFO] Step 0 | GPU Memory: allocated=0.21GB, reserved=0.50GB, peak=0.46GB
[2026-04-28 17:24:22][Rank 0][INFO] Epoch 4 complete | train_loss=10.424179, val_loss=10.175571
[2026-04-28 17:24:22][Rank 0][INFO] Epoch 5/600
[2026-04-28 17:24:22][Rank 0][DEBUG] Step 0 | Batch: shape=torch.Size([384]), mean=0.094177, std=1.000510, min=-1.726855, max=1.723391
[2026-04-28 17:24:22][Rank 0][DEBUG] Step 0 | Gradients: total_norm=0.000000, max=0.000000, min=inf
[2026-04-28 17:24:22][Rank 0][INFO] Step 0 | GPU Memory: allocated=0.21GB, reserved=0.50GB, peak=0.46GB
[2026-04-28 17:24:24][Rank 0][INFO] Epoch 5 complete | train_loss=10.380507, val_loss=10.173878
[2026-04-28 17:24:24][Rank 0][INFO] Epoch 6/600
[2026-04-28 17:24:24][Rank 0][DEBUG] Step 0 | Batch: shape=torch.Size([384]), mean=0.008065, std=1.002632, min=-1.717617, max=1.731474
[2026-04-28 17:24:24][Rank 0][DEBUG] Step 0 | Gradients: total_norm=0.000000, max=0.000000, min=inf
[2026-04-28 17:24:24][Rank 0][INFO] Step 0 | GPU Memory: allocated=0.21GB, reserved=0.51GB, peak=0.46GB
[2026-04-28 17:24:26][Rank 0][INFO] Epoch 6 complete | train_loss=10.312780, val_loss=10.173498
[2026-04-28 17:24:26][Rank 0][INFO] Epoch 7/600
[2026-04-28 17:24:26][Rank 0][DEBUG] Step 0 | Batch: shape=torch.Size([384]), mean=0.026760, std=0.967967, min=-1.714153, max=1.724545
[2026-04-28 17:24:26][Rank 0][DEBUG] Step 0 | Gradients: total_norm=0.000000, max=0.000000, min=inf
[2026-04-28 17:24:26][Rank 0][INFO] Step 0 | GPU Memory: allocated=0.21GB, reserved=0.51GB, peak=0.46GB
[2026-04-28 17:24:28][Rank 0][INFO] Epoch 7 complete | train_loss=10.264258, val_loss=10.167299
[2026-04-28 17:24:28][Rank 0][INFO] Epoch 8/600
[2026-04-28 17:24:28][Rank 0][DEBUG] Step 0 | Batch: shape=torch.Size([384]), mean=-0.091718, std=0.957604, min=-1.719927, max=1.721081
[2026-04-28 17:24:28][Rank 0][DEBUG] Step 0 | Gradients: total_norm=0.000000, max=0.000000, min=inf
[2026-04-28 17:24:28][Rank 0][INFO] Step 0 | GPU Memory: allocated=0.21GB, reserved=0.51GB, peak=0.46GB
[2026-04-28 17:24:30][Rank 0][INFO] Epoch 8 complete | train_loss=10.359930, val_loss=10.172071
[2026-04-28 17:24:30][Rank 0][INFO] Epoch 9/600
[2026-04-28 17:24:30][Rank 0][DEBUG] Step 0 | Batch: shape=torch.Size([384]), mean=-0.022613, std=0.983618, min=-1.729164, max=1.730319
[2026-04-28 17:24:30][Rank 0][DEBUG] Step 0 | Gradients: total_norm=0.000000, max=0.000000, min=inf
[2026-04-28 17:24:30][Rank 0][INFO] Step 0 | GPU Memory: allocated=0.21GB, reserved=0.51GB, peak=0.46GB
[2026-04-28 17:24:32][Rank 0][INFO] Epoch 9 complete | train_loss=10.305754, val_loss=10.158957
[2026-04-28 17:24:32][Rank 0][INFO] Epoch 10/600
[2026-04-28 17:24:32][Rank 0][DEBUG] Step 0 | Batch: shape=torch.Size([384]), mean=-0.062838, std=1.027923, min=-1.715308, max=1.731474
[2026-04-28 17:24:32][Rank 0][DEBUG] Step 0 | Gradients: total_norm=0.000000, max=0.000000, min=inf
[2026-04-28 17:24:32][Rank 0][INFO] Step 0 | GPU Memory: allocated=0.21GB, reserved=0.51GB, peak=0.46GB
[2026-04-28 17:24:35][Rank 0][INFO] Epoch 10 complete | train_loss=10.267276, val_loss=10.151788
[2026-04-28 17:24:35][Rank 0][INFO] Epoch 11/600
[2026-04-28 17:24:35][Rank 0][DEBUG] Step 0 | Batch: shape=torch.Size([384]), mean=0.024297, std=1.003866, min=-1.728009, max=1.725700
[2026-04-28 17:24:35][Rank 0][DEBUG] Step 0 | Gradients: total_norm=0.000000, max=0.000000, min=inf
[2026-04-28 17:24:35][Rank 0][INFO] Step 0 | GPU Memory: allocated=0.21GB, reserved=0.51GB, peak=0.46GB
[2026-04-28 17:24:37][Rank 0][INFO] Epoch 11 complete | train_loss=10.224211, val_loss=10.129582
[2026-04-28 17:24:37][Rank 0][INFO] Epoch 12/600
[2026-04-28 17:24:37][Rank 0][DEBUG] Step 0 | Batch: shape=torch.Size([384]), mean=-0.016328, std=0.976656, min=-1.718772, max=1.716462
[2026-04-28 17:24:37][Rank 0][DEBUG] Step 0 | Gradients: total_norm=0.000000, max=0.000000, min=inf
[2026-04-28 17:24:37][Rank 0][INFO] Step 0 | GPU Memory: allocated=0.21GB, reserved=0.51GB, peak=0.46GB
[2026-04-28 17:24:40][Rank 0][INFO] Epoch 12 complete | train_loss=10.297942, val_loss=10.120365
[2026-04-28 17:24:40][Rank 0][INFO] Epoch 13/600
[2026-04-28 17:24:40][Rank 0][DEBUG] Step 0 | Batch: shape=torch.Size([384]), mean=0.007424, std=0.957979, min=-1.718772, max=1.723391
[2026-04-28 17:24:40][Rank 0][DEBUG] Step 0 | Gradients: total_norm=0.000000, max=0.000000, min=inf
[2026-04-28 17:24:40][Rank 0][INFO] Step 0 | GPU Memory: allocated=0.21GB, reserved=0.51GB, peak=0.46GB
[2026-04-28 17:24:42][Rank 0][INFO] Epoch 13 complete | train_loss=10.277338, val_loss=10.106016
[2026-04-28 17:24:42][Rank 0][INFO] Epoch 14/600
[2026-04-28 17:24:42][Rank 0][DEBUG] Step 0 | Batch: shape=torch.Size([384]), mean=0.020036, std=0.987076, min=-1.728009, max=1.721081
[2026-04-28 17:24:42][Rank 0][DEBUG] Step 0 | Gradients: total_norm=0.000000, max=0.000000, min=inf
[2026-04-28 17:24:42][Rank 0][INFO] Step 0 | GPU Memory: allocated=0.21GB, reserved=0.51GB, peak=0.46GB
[2026-04-28 17:24:44][Rank 0][INFO] Epoch 14 complete | train_loss=10.269044, val_loss=10.092645
[2026-04-28 17:24:44][Rank 0][INFO] Epoch 15/600
[2026-04-28 17:24:44][Rank 0][DEBUG] Step 0 | Batch: shape=torch.Size([384]), mean=-0.017868, std=1.001367, min=-1.728009, max=1.710689
[2026-04-28 17:24:44][Rank 0][DEBUG] Step 0 | Gradients: total_norm=0.000000, max=0.000000, min=inf
[2026-04-28 17:24:44][Rank 0][INFO] Step 0 | GPU Memory: allocated=0.21GB, reserved=0.51GB, peak=0.46GB
[2026-04-28 17:24:47][Rank 0][INFO] Epoch 15 complete | train_loss=10.219254, val_loss=10.085119
[2026-04-28 17:24:47][Rank 0][INFO] Epoch 16/600
[2026-04-28 17:24:47][Rank 0][DEBUG] Step 0 | Batch: shape=torch.Size([384]), mean=-0.056433, std=0.954721, min=-1.724545, max=1.716462
[2026-04-28 17:24:47][Rank 0][DEBUG] Step 0 | Gradients: total_norm=0.000000, max=0.000000, min=inf
[2026-04-28 17:24:47][Rank 0][INFO] Step 0 | GPU Memory: allocated=0.21GB, reserved=0.51GB, peak=0.46GB
[2026-04-28 17:24:50][Rank 0][INFO] Epoch 16 complete | train_loss=10.196295, val_loss=10.074503
[2026-04-28 17:24:50][Rank 0][INFO] Epoch 17/600
[2026-04-28 17:24:50][Rank 0][DEBUG] Step 0 | Batch: shape=torch.Size([384]), mean=0.009289, std=1.000146, min=-1.726855, max=1.704915
[2026-04-28 17:24:50][Rank 0][DEBUG] Step 0 | Gradients: total_norm=0.000000, max=0.000000, min=inf
[2026-04-28 17:24:50][Rank 0][INFO] Step 0 | GPU Memory: allocated=0.21GB, reserved=0.51GB, peak=0.46GB
[2026-04-28 17:24:52][Rank 0][INFO] Epoch 17 complete | train_loss=10.159628, val_loss=10.068401
[2026-04-28 17:24:52][Rank 0][INFO] Epoch 18/600
[2026-04-28 17:24:52][Rank 0][DEBUG] Step 0 | Batch: shape=torch.Size([384]), mean=-0.080997, std=0.997306, min=-1.701451, max=1.717617
[2026-04-28 17:24:52][Rank 0][DEBUG] Step 0 | Gradients: total_norm=0.000000, max=0.000000, min=inf
[2026-04-28 17:24:52][Rank 0][INFO] Step 0 | GPU Memory: allocated=0.21GB, reserved=0.51GB, peak=0.46GB
[2026-04-28 17:24:55][Rank 0][INFO] Epoch 18 complete | train_loss=10.207882, val_loss=10.065777
[2026-04-28 17:24:55][Rank 0][INFO] Epoch 19/600
[2026-04-28 17:24:55][Rank 0][DEBUG] Step 0 | Batch: shape=torch.Size([384]), mean=0.027078, std=0.982027, min=-1.728009, max=1.731474
[2026-04-28 17:24:55][Rank 0][DEBUG] Step 0 | Gradients: total_norm=0.000000, max=0.000000, min=inf
[2026-04-28 17:24:55][Rank 0][INFO] Step 0 | GPU Memory: allocated=0.21GB, reserved=0.51GB, peak=0.46GB
[2026-04-28 17:24:57][Rank 0][INFO] Epoch 19 complete | train_loss=10.228889, val_loss=10.059246
[2026-04-28 17:24:57][Rank 0][INFO] Epoch 20/600
[2026-04-28 17:24:57][Rank 0][DEBUG] Step 0 | Batch: shape=torch.Size([384]), mean=-0.034954, std=0.994067, min=-1.726855, max=1.730319
[2026-04-28 17:24:57][Rank 0][DEBUG] Step 0 | Gradients: total_norm=0.000000, max=0.000000, min=inf
[2026-04-28 17:24:57][Rank 0][INFO] Step 0 | GPU Memory: allocated=0.21GB, reserved=0.51GB, peak=0.46GB
[2026-04-28 17:24:59][Rank 0][INFO] Epoch 20 complete | train_loss=10.220153, val_loss=10.055419
[2026-04-28 17:24:59][Rank 0][INFO] Epoch 21/600
[2026-04-28 17:24:59][Rank 0][DEBUG] Step 0 | Batch: shape=torch.Size([384]), mean=-0.003714, std=1.006877, min=-1.728009, max=1.725700
[2026-04-28 17:24:59][Rank 0][DEBUG] Step 0 | Gradients: total_norm=0.000000, max=0.000000, min=inf
[2026-04-28 17:24:59][Rank 0][INFO] Step 0 | GPU Memory: allocated=0.21GB, reserved=1.50GB, peak=1.38GB
[2026-04-28 17:25:01][Rank 0][INFO] Epoch 21 complete | train_loss=10.202742, val_loss=10.046515
[2026-04-28 17:25:01][Rank 0][INFO] Epoch 22/600
[2026-04-28 17:25:01][Rank 0][DEBUG] Step 0 | Batch: shape=torch.Size([384]), mean=0.068425, std=1.020179, min=-1.728009, max=1.729164
[2026-04-28 17:25:02][Rank 0][DEBUG] Step 0 | Gradients: total_norm=0.000000, max=0.000000, min=inf
[2026-04-28 17:25:02][Rank 0][INFO] Step 0 | GPU Memory: allocated=0.21GB, reserved=1.50GB, peak=1.38GB
[2026-04-28 17:25:04][Rank 0][INFO] Epoch 22 complete | train_loss=10.152240, val_loss=10.046038
[2026-04-28 17:25:04][Rank 0][INFO] Epoch 23/600
[2026-04-28 17:25:04][Rank 0][DEBUG] Step 0 | Batch: shape=torch.Size([384]), mean=-0.011697, std=0.978049, min=-1.726855, max=1.728009
[2026-04-28 17:25:04][Rank 0][DEBUG] Step 0 | Gradients: total_norm=0.000000, max=0.000000, min=inf
[2026-04-28 17:25:04][Rank 0][INFO] Step 0 | GPU Memory: allocated=0.21GB, reserved=1.50GB, peak=1.38GB
[2026-04-28 17:25:07][Rank 0][INFO] Epoch 23 complete | train_loss=10.141834, val_loss=10.047693
[2026-04-28 17:25:07][Rank 0][INFO] Epoch 24/600
[2026-04-28 17:25:08][Rank 0][DEBUG] Step 0 | Batch: shape=torch.Size([384]), mean=-0.029243, std=0.988207, min=-1.729164, max=1.721081
[2026-04-28 17:25:08][Rank 0][DEBUG] Step 0 | Gradients: total_norm=0.000000, max=0.000000, min=inf
[2026-04-28 17:25:08][Rank 0][INFO] Step 0 | GPU Memory: allocated=0.21GB, reserved=1.50GB, peak=1.38GB
[2026-04-28 17:25:10][Rank 0][INFO] Epoch 24 complete | train_loss=10.143944, val_loss=10.044910
[2026-04-28 17:25:10][Rank 0][INFO] Epoch 25/600
[2026-04-28 17:25:10][Rank 0][DEBUG] Step 0 | Batch: shape=torch.Size([384]), mean=-0.012034, std=0.996364, min=-1.731474, max=1.702606
[2026-04-28 17:25:10][Rank 0][DEBUG] Step 0 | Gradients: total_norm=0.000000, max=0.000000, min=inf
[2026-04-28 17:25:10][Rank 0][INFO] Step 0 | GPU Memory: allocated=0.21GB, reserved=1.50GB, peak=1.39GB
[2026-04-28 17:25:13][Rank 0][INFO] Epoch 25 complete | train_loss=10.236001, val_loss=10.042645
[2026-04-28 17:25:13][Rank 0][INFO] Epoch 26/600
[2026-04-28 17:25:13][Rank 0][DEBUG] Step 0 | Batch: shape=torch.Size([384]), mean=0.024760, std=1.010075, min=-1.723391, max=1.722236
[2026-04-28 17:25:13][Rank 0][DEBUG] Step 0 | Gradients: total_norm=0.000000, max=0.000000, min=inf
[2026-04-28 17:25:13][Rank 0][INFO] Step 0 | GPU Memory: allocated=0.21GB, reserved=1.50GB, peak=1.39GB
[2026-04-28 17:25:16][Rank 0][INFO] Epoch 26 complete | train_loss=10.186316, val_loss=10.041626
[2026-04-28 17:25:16][Rank 0][INFO] Epoch 27/600
[2026-04-28 17:25:16][Rank 0][DEBUG] Step 0 | Batch: shape=torch.Size([384]), mean=0.065153, std=0.988336, min=-1.725700, max=1.730319
[2026-04-28 17:25:16][Rank 0][DEBUG] Step 0 | Gradients: total_norm=0.000000, max=0.000000, min=inf
[2026-04-28 17:25:16][Rank 0][INFO] Step 0 | GPU Memory: allocated=0.21GB, reserved=1.50GB, peak=1.39GB
[2026-04-28 17:25:19][Rank 0][INFO] Epoch 27 complete | train_loss=10.190388, val_loss=10.040423
[2026-04-28 17:25:19][Rank 0][INFO] Epoch 28/600
[2026-04-28 17:25:19][Rank 0][DEBUG] Step 0 | Batch: shape=torch.Size([384]), mean=-0.005106, std=0.994599, min=-1.721081, max=1.718772
[2026-04-28 17:25:19][Rank 0][DEBUG] Step 0 | Gradients: total_norm=0.000000, max=0.000000, min=inf
[2026-04-28 17:25:19][Rank 0][INFO] Step 0 | GPU Memory: allocated=0.21GB, reserved=1.50GB, peak=1.39GB
[2026-04-28 17:25:21][Rank 0][INFO] Epoch 28 complete | train_loss=10.192398, val_loss=10.034295
[2026-04-28 17:25:21][Rank 0][INFO] Epoch 29/600
[2026-04-28 17:25:21][Rank 0][DEBUG] Step 0 | Batch: shape=torch.Size([384]), mean=-0.084233, std=0.988993, min=-1.714153, max=1.731474
[2026-04-28 17:25:22][Rank 0][DEBUG] Step 0 | Gradients: total_norm=0.000000, max=0.000000, min=inf
[2026-04-28 17:25:22][Rank 0][INFO] Step 0 | GPU Memory: allocated=0.21GB, reserved=1.50GB, peak=1.39GB
[2026-04-28 17:25:24][Rank 0][INFO] Epoch 29 complete | train_loss=10.226777, val_loss=10.030005
[2026-04-28 17:25:24][Rank 0][INFO] Epoch 30/600
[2026-04-28 17:25:24][Rank 0][DEBUG] Step 0 | Batch: shape=torch.Size([384]), mean=-0.003308, std=0.977219, min=-1.731474, max=1.728009
[2026-04-28 17:25:24][Rank 0][DEBUG] Step 0 | Gradients: total_norm=0.000000, max=0.000000, min=inf
[2026-04-28 17:25:24][Rank 0][INFO] Step 0 | GPU Memory: allocated=0.21GB, reserved=1.50GB, peak=1.39GB
[2026-04-28 17:25:27][Rank 0][INFO] Epoch 30 complete | train_loss=10.156920, val_loss=10.027938
[2026-04-28 17:25:27][Rank 0][INFO] Epoch 31/600
[2026-04-28 17:25:27][Rank 0][DEBUG] Step 0 | Batch: shape=torch.Size([384]), mean=0.024390, std=1.020412, min=-1.728009, max=1.730319
[2026-04-28 17:25:27][Rank 0][DEBUG] Step 0 | Gradients: total_norm=0.000000, max=0.000000, min=inf
[2026-04-28 17:25:27][Rank 0][INFO] Step 0 | GPU Memory: allocated=0.21GB, reserved=1.50GB, peak=1.39GB
[2026-04-28 17:25:29][Rank 0][INFO] Epoch 31 complete | train_loss=10.177846, val_loss=10.026259
[2026-04-28 17:25:29][Rank 0][INFO] Epoch 32/600
[2026-04-28 17:25:29][Rank 0][DEBUG] Step 0 | Batch: shape=torch.Size([384]), mean=0.008756, std=1.008901, min=-1.716462, max=1.730319
[2026-04-28 17:25:29][Rank 0][DEBUG] Step 0 | Gradients: total_norm=0.000000, max=0.000000, min=inf
[2026-04-28 17:25:29][Rank 0][INFO] Step 0 | GPU Memory: allocated=0.21GB, reserved=1.50GB, peak=1.39GB
[2026-04-28 17:25:32][Rank 0][INFO] Epoch 32 complete | train_loss=10.205219, val_loss=10.022477
[2026-04-28 17:25:32][Rank 0][INFO] Epoch 33/600
[2026-04-28 17:25:32][Rank 0][DEBUG] Step 0 | Batch: shape=torch.Size([384]), mean=-0.003004, std=0.971366, min=-1.721081, max=1.723391
[2026-04-28 17:25:32][Rank 0][DEBUG] Step 0 | Gradients: total_norm=0.000000, max=0.000000, min=inf
[2026-04-28 17:25:32][Rank 0][INFO] Step 0 | GPU Memory: allocated=0.21GB, reserved=1.50GB, peak=1.39GB
[2026-04-28 17:25:34][Rank 0][INFO] Epoch 33 complete | train_loss=10.271898, val_loss=10.024448
[2026-04-28 17:25:34][Rank 0][INFO] Epoch 34/600
[2026-04-28 17:25:34][Rank 0][DEBUG] Step 0 | Batch: shape=torch.Size([384]), mean=0.025984, std=1.007424, min=-1.723391, max=1.730319
[2026-04-28 17:25:34][Rank 0][DEBUG] Step 0 | Gradients: total_norm=0.000000, max=0.000000, min=inf
[2026-04-28 17:25:34][Rank 0][INFO] Step 0 | GPU Memory: allocated=0.21GB, reserved=1.50GB, peak=1.39GB
[2026-04-28 17:25:37][Rank 0][INFO] Epoch 34 complete | train_loss=10.272460, val_loss=10.024393
[2026-04-28 17:25:37][Rank 0][INFO] Epoch 35/600
[2026-04-28 17:25:37][Rank 0][DEBUG] Step 0 | Batch: shape=torch.Size([384]), mean=0.020415, std=1.022251, min=-1.723391, max=1.731474
[2026-04-28 17:25:37][Rank 0][DEBUG] Step 0 | Gradients: total_norm=0.000000, max=0.000000, min=inf
[2026-04-28 17:25:37][Rank 0][INFO] Step 0 | GPU Memory: allocated=0.21GB, reserved=1.50GB, peak=1.39GB
[2026-04-28 17:25:39][Rank 0][INFO] Epoch 35 complete | train_loss=10.212054, val_loss=10.024862
[2026-04-28 17:25:39][Rank 0][INFO] Epoch 36/600
[2026-04-28 17:25:39][Rank 0][DEBUG] Step 0 | Batch: shape=torch.Size([384]), mean=-0.003822, std=1.006785, min=-1.729164, max=1.728009
[2026-04-28 17:25:39][Rank 0][DEBUG] Step 0 | Gradients: total_norm=0.000000, max=0.000000, min=inf
[2026-04-28 17:25:39][Rank 0][INFO] Step 0 | GPU Memory: allocated=0.21GB, reserved=1.50GB, peak=1.39GB
[2026-04-28 17:25:42][Rank 0][INFO] Epoch 36 complete | train_loss=10.157916, val_loss=10.024712
[2026-04-28 17:25:42][Rank 0][INFO] Epoch 37/600
[2026-04-28 17:25:42][Rank 0][DEBUG] Step 0 | Batch: shape=torch.Size([384]), mean=0.003981, std=1.001190, min=-1.726855, max=1.728009
[2026-04-28 17:25:42][Rank 0][DEBUG] Step 0 | Gradients: total_norm=0.000000, max=0.000000, min=inf
[2026-04-28 17:25:42][Rank 0][INFO] Step 0 | GPU Memory: allocated=0.21GB, reserved=1.50GB, peak=1.39GB
[2026-04-28 17:25:44][Rank 0][INFO] Epoch 37 complete | train_loss=10.186711, val_loss=10.022881
[2026-04-28 17:25:44][Rank 0][INFO] Epoch 38/600
[2026-04-28 17:25:44][Rank 0][DEBUG] Step 0 | Batch: shape=torch.Size([384]), mean=-0.042270, std=1.042028, min=-1.726855, max=1.724545
[2026-04-28 17:25:44][Rank 0][DEBUG] Step 0 | Gradients: total_norm=0.000000, max=0.000000, min=inf
[2026-04-28 17:25:44][Rank 0][INFO] Step 0 | GPU Memory: allocated=0.21GB, reserved=1.50GB, peak=1.39GB
[2026-04-28 17:25:47][Rank 0][INFO] Epoch 38 complete | train_loss=10.158883, val_loss=10.020720
[2026-04-28 17:25:47][Rank 0][INFO] Epoch 39/600
[2026-04-28 17:25:47][Rank 0][DEBUG] Step 0 | Batch: shape=torch.Size([384]), mean=-0.009295, std=0.992226, min=-1.726855, max=1.718772
[2026-04-28 17:25:47][Rank 0][DEBUG] Step 0 | Gradients: total_norm=0.000000, max=0.000000, min=inf
[2026-04-28 17:25:47][Rank 0][INFO] Step 0 | GPU Memory: allocated=0.21GB, reserved=1.50GB, peak=1.39GB
[2026-04-28 17:25:49][Rank 0][INFO] Epoch 39 complete | train_loss=10.183846, val_loss=10.020050
[2026-04-28 17:25:49][Rank 0][INFO] Epoch 40/600
[2026-04-28 17:25:49][Rank 0][DEBUG] Step 0 | Batch: shape=torch.Size([384]), mean=0.011340, std=1.042424, min=-1.725700, max=1.715308
[2026-04-28 17:25:49][Rank 0][DEBUG] Step 0 | Gradients: total_norm=0.000000, max=0.000000, min=inf
[2026-04-28 17:25:49][Rank 0][INFO] Step 0 | GPU Memory: allocated=0.21GB, reserved=1.50GB, peak=1.39GB
[2026-04-28 17:25:51][Rank 0][INFO] Epoch 40 complete | train_loss=10.162788, val_loss=10.021526
[2026-04-28 17:25:51][Rank 0][INFO] Epoch 41/600
[2026-04-28 17:25:51][Rank 0][DEBUG] Step 0 | Batch: shape=torch.Size([384]), mean=0.035898, std=0.933373, min=-1.716462, max=1.717617
[2026-04-28 17:25:51][Rank 0][DEBUG] Step 0 | Gradients: total_norm=0.000000, max=0.000000, min=inf
[2026-04-28 17:25:51][Rank 0][INFO] Step 0 | GPU Memory: allocated=0.21GB, reserved=1.50GB, peak=1.39GB
[2026-04-28 17:25:54][Rank 0][INFO] Epoch 41 complete | train_loss=10.116722, val_loss=10.021270
[2026-04-28 17:25:54][Rank 0][INFO] Epoch 42/600
[2026-04-28 17:25:54][Rank 0][DEBUG] Step 0 | Batch: shape=torch.Size([384]), mean=-0.014034, std=0.976793, min=-1.731474, max=1.723391
[2026-04-28 17:25:54][Rank 0][DEBUG] Step 0 | Gradients: total_norm=0.000000, max=0.000000, min=inf
[2026-04-28 17:25:54][Rank 0][INFO] Step 0 | GPU Memory: allocated=0.21GB, reserved=1.50GB, peak=1.39GB
[2026-04-28 17:25:56][Rank 0][INFO] Epoch 42 complete | train_loss=10.204637, val_loss=10.021966
[2026-04-28 17:25:56][Rank 0][INFO] Epoch 43/600
[2026-04-28 17:25:56][Rank 0][DEBUG] Step 0 | Batch: shape=torch.Size([384]), mean=0.041467, std=1.005612, min=-1.729164, max=1.728009
[2026-04-28 17:25:56][Rank 0][DEBUG] Step 0 | Gradients: total_norm=0.000000, max=0.000000, min=inf
[2026-04-28 17:25:56][Rank 0][INFO] Step 0 | GPU Memory: allocated=0.21GB, reserved=1.50GB, peak=1.39GB
[2026-04-28 17:25:59][Rank 0][INFO] Epoch 43 complete | train_loss=10.260751, val_loss=10.020279
[2026-04-28 17:25:59][Rank 0][INFO] Epoch 44/600
[2026-04-28 17:25:59][Rank 0][DEBUG] Step 0 | Batch: shape=torch.Size([384]), mean=-0.033877, std=1.001451, min=-1.728009, max=1.728009
[2026-04-28 17:25:59][Rank 0][DEBUG] Step 0 | Gradients: total_norm=0.000000, max=0.000000, min=inf
[2026-04-28 17:25:59][Rank 0][INFO] Step 0 | GPU Memory: allocated=0.21GB, reserved=1.50GB, peak=1.39GB
[2026-04-28 17:26:01][Rank 0][INFO] Epoch 44 complete | train_loss=10.125193, val_loss=10.018015
[2026-04-28 17:26:01][Rank 0][INFO] Epoch 45/600
[2026-04-28 17:26:01][Rank 0][DEBUG] Step 0 | Batch: shape=torch.Size([384]), mean=-0.013420, std=1.019818, min=-1.728009, max=1.730319
[2026-04-28 17:26:01][Rank 0][DEBUG] Step 0 | Gradients: total_norm=0.000000, max=0.000000, min=inf
[2026-04-28 17:26:01][Rank 0][INFO] Step 0 | GPU Memory: allocated=0.21GB, reserved=1.50GB, peak=1.39GB
[2026-04-28 17:26:04][Rank 0][INFO] Epoch 45 complete | train_loss=10.225739, val_loss=10.019432
[2026-04-28 17:26:04][Rank 0][INFO] Epoch 46/600
[2026-04-28 17:26:04][Rank 0][DEBUG] Step 0 | Batch: shape=torch.Size([384]), mean=0.006414, std=0.994685, min=-1.706070, max=1.724545
[2026-04-28 17:26:04][Rank 0][DEBUG] Step 0 | Gradients: total_norm=0.000000, max=0.000000, min=inf
[2026-04-28 17:26:04][Rank 0][INFO] Step 0 | GPU Memory: allocated=0.21GB, reserved=1.50GB, peak=1.39GB
[2026-04-28 17:26:07][Rank 0][INFO] Epoch 46 complete | train_loss=10.173186, val_loss=10.020215
[2026-04-28 17:26:07][Rank 0][INFO] Epoch 47/600
[2026-04-28 17:26:07][Rank 0][DEBUG] Step 0 | Batch: shape=torch.Size([384]), mean=-0.015892, std=0.979973, min=-1.731474, max=1.731474
[2026-04-28 17:26:07][Rank 0][DEBUG] Step 0 | Gradients: total_norm=0.000000, max=0.000000, min=inf
[2026-04-28 17:26:07][Rank 0][INFO] Step 0 | GPU Memory: allocated=0.21GB, reserved=1.50GB, peak=1.39GB
[2026-04-28 17:26:09][Rank 0][INFO] Epoch 47 complete | train_loss=10.204744, val_loss=10.020666
[2026-04-28 17:26:09][Rank 0][INFO] Epoch 48/600
[2026-04-28 17:26:09][Rank 0][DEBUG] Step 0 | Batch: shape=torch.Size([384]), mean=0.036199, std=1.033737, min=-1.728009, max=1.730319
[2026-04-28 17:26:09][Rank 0][DEBUG] Step 0 | Gradients: total_norm=0.000000, max=0.000000, min=inf
[2026-04-28 17:26:09][Rank 0][INFO] Step 0 | GPU Memory: allocated=0.21GB, reserved=1.50GB, peak=1.39GB
[2026-04-28 17:26:12][Rank 0][INFO] Epoch 48 complete | train_loss=10.149340, val_loss=10.019404
[2026-04-28 17:26:12][Rank 0][INFO] Epoch 49/600
[2026-04-28 17:26:12][Rank 0][DEBUG] Step 0 | Batch: shape=torch.Size([384]), mean=-0.029517, std=0.970508, min=-1.731474, max=1.731474
[2026-04-28 17:26:12][Rank 0][DEBUG] Step 0 | Gradients: total_norm=0.000000, max=0.000000, min=inf
[2026-04-28 17:26:12][Rank 0][INFO] Step 0 | GPU Memory: allocated=0.21GB, reserved=1.50GB, peak=1.39GB
[2026-04-28 17:26:14][Rank 0][INFO] Epoch 49 complete | train_loss=10.247456, val_loss=10.017691
[2026-04-28 17:26:14][Rank 0][INFO] Epoch 50/600
[2026-04-28 17:26:14][Rank 0][DEBUG] Step 0 | Batch: shape=torch.Size([384]), mean=0.004017, std=1.011094, min=-1.718772, max=1.710689
[2026-04-28 17:26:14][Rank 0][DEBUG] Step 0 | Gradients: total_norm=0.000000, max=0.000000, min=inf
[2026-04-28 17:26:14][Rank 0][INFO] Step 0 | GPU Memory: allocated=0.21GB, reserved=1.50GB, peak=1.39GB
[2026-04-28 17:26:17][Rank 0][INFO] Epoch 50 complete | train_loss=10.175317, val_loss=10.017866
[2026-04-28 17:26:17][Rank 0][INFO] Epoch 51/600
[2026-04-28 17:26:17][Rank 0][DEBUG] Step 0 | Batch: shape=torch.Size([384]), mean=-0.092587, std=1.012719, min=-1.731474, max=1.723391
[2026-04-28 17:26:17][Rank 0][DEBUG] Step 0 | Gradients: total_norm=0.000000, max=0.000000, min=inf
[2026-04-28 17:26:17][Rank 0][INFO] Step 0 | GPU Memory: allocated=0.21GB, reserved=1.50GB, peak=1.39GB
[2026-04-28 17:26:19][Rank 0][INFO] Epoch 51 complete | train_loss=10.166702, val_loss=10.017113
[2026-04-28 17:26:19][Rank 0][INFO] Epoch 52/600
[2026-04-28 17:26:19][Rank 0][DEBUG] Step 0 | Batch: shape=torch.Size([384]), mean=-0.013429, std=1.007407, min=-1.728009, max=1.730319
[2026-04-28 17:26:20][Rank 0][DEBUG] Step 0 | Gradients: total_norm=0.000000, max=0.000000, min=inf
[2026-04-28 17:26:20][Rank 0][INFO] Step 0 | GPU Memory: allocated=0.21GB, reserved=1.50GB, peak=1.39GB
[2026-04-28 17:26:22][Rank 0][INFO] Epoch 52 complete | train_loss=10.227754, val_loss=10.016306
[2026-04-28 17:26:22][Rank 0][INFO] Epoch 53/600
[2026-04-28 17:26:22][Rank 0][DEBUG] Step 0 | Batch: shape=torch.Size([384]), mean=0.005229, std=1.013416, min=-1.726855, max=1.712998
[2026-04-28 17:26:22][Rank 0][DEBUG] Step 0 | Gradients: total_norm=0.000000, max=0.000000, min=inf
[2026-04-28 17:26:22][Rank 0][INFO] Step 0 | GPU Memory: allocated=0.21GB, reserved=1.50GB, peak=1.39GB
[2026-04-28 17:26:25][Rank 0][INFO] Epoch 53 complete | train_loss=10.230588, val_loss=10.017852
[2026-04-28 17:26:25][Rank 0][INFO] Epoch 54/600
[2026-04-28 17:26:25][Rank 0][DEBUG] Step 0 | Batch: shape=torch.Size([384]), mean=0.022586, std=1.014372, min=-1.719927, max=1.725700
[2026-04-28 17:26:25][Rank 0][DEBUG] Step 0 | Gradients: total_norm=0.000000, max=0.000000, min=inf
[2026-04-28 17:26:25][Rank 0][INFO] Step 0 | GPU Memory: allocated=0.21GB, reserved=1.50GB, peak=1.39GB
[2026-04-28 17:26:28][Rank 0][INFO] Epoch 54 complete | train_loss=10.232357, val_loss=10.018301
[2026-04-28 17:26:28][Rank 0][INFO] Epoch 55/600
[2026-04-28 17:26:28][Rank 0][DEBUG] Step 0 | Batch: shape=torch.Size([384]), mean=0.075446, std=0.998515, min=-1.724545, max=1.730319
[2026-04-28 17:26:28][Rank 0][DEBUG] Step 0 | Gradients: total_norm=0.000000, max=0.000000, min=inf
[2026-04-28 17:26:28][Rank 0][INFO] Step 0 | GPU Memory: allocated=0.21GB, reserved=1.50GB, peak=1.39GB
[2026-04-28 17:26:31][Rank 0][INFO] Epoch 55 complete | train_loss=10.200733, val_loss=10.018189
[2026-04-28 17:26:31][Rank 0][INFO] Epoch 56/600
[2026-04-28 17:26:31][Rank 0][DEBUG] Step 0 | Batch: shape=torch.Size([384]), mean=-0.082420, std=0.968628, min=-1.729164, max=1.706070
[2026-04-28 17:26:31][Rank 0][DEBUG] Step 0 | Gradients: total_norm=0.000000, max=0.000000, min=inf
[2026-04-28 17:26:31][Rank 0][INFO] Step 0 | GPU Memory: allocated=0.21GB, reserved=1.50GB, peak=1.39GB
[2026-04-28 17:26:33][Rank 0][INFO] Epoch 56 complete | train_loss=10.191324, val_loss=10.019506
[2026-04-28 17:26:33][Rank 0][INFO] Epoch 57/600
[2026-04-28 17:26:33][Rank 0][DEBUG] Step 0 | Batch: shape=torch.Size([384]), mean=0.020986, std=0.973007, min=-1.731474, max=1.728009
[2026-04-28 17:26:33][Rank 0][DEBUG] Step 0 | Gradients: total_norm=0.000000, max=0.000000, min=inf
[2026-04-28 17:26:33][Rank 0][INFO] Step 0 | GPU Memory: allocated=0.21GB, reserved=1.50GB, peak=1.39GB
[2026-04-28 17:26:36][Rank 0][INFO] Epoch 57 complete | train_loss=10.133654, val_loss=10.018574
[2026-04-28 17:26:36][Rank 0][INFO] Epoch 58/600
[2026-04-28 17:26:36][Rank 0][DEBUG] Step 0 | Batch: shape=torch.Size([384]), mean=-0.005094, std=1.009196, min=-1.724545, max=1.729164
[2026-04-28 17:26:36][Rank 0][DEBUG] Step 0 | Gradients: total_norm=0.000000, max=0.000000, min=inf
[2026-04-28 17:26:36][Rank 0][INFO] Step 0 | GPU Memory: allocated=0.21GB, reserved=1.50GB, peak=1.39GB
[2026-04-28 17:26:39][Rank 0][INFO] Epoch 58 complete | train_loss=10.102838, val_loss=10.019273
[2026-04-28 17:26:39][Rank 0][INFO] Epoch 59/600
[2026-04-28 17:26:39][Rank 0][DEBUG] Step 0 | Batch: shape=torch.Size([384]), mean=-0.086744, std=0.973161, min=-1.719927, max=1.731474
[2026-04-28 17:26:39][Rank 0][DEBUG] Step 0 | Gradients: total_norm=0.000000, max=0.000000, min=inf
[2026-04-28 17:26:39][Rank 0][INFO] Step 0 | GPU Memory: allocated=0.21GB, reserved=1.50GB, peak=1.39GB
[2026-04-28 17:26:42][Rank 0][INFO] Epoch 59 complete | train_loss=10.152705, val_loss=10.018044
[2026-04-28 17:26:42][Rank 0][INFO] Epoch 60/600
[2026-04-28 17:26:42][Rank 0][DEBUG] Step 0 | Batch: shape=torch.Size([384]), mean=-0.010762, std=1.026143, min=-1.688750, max=1.723391
[2026-04-28 17:26:42][Rank 0][DEBUG] Step 0 | Gradients: total_norm=0.000000, max=0.000000, min=inf
[2026-04-28 17:26:42][Rank 0][INFO] Step 0 | GPU Memory: allocated=0.21GB, reserved=1.50GB, peak=1.39GB
[2026-04-28 17:26:45][Rank 0][INFO] Epoch 60 complete | train_loss=10.121410, val_loss=10.017395
[2026-04-28 17:26:45][Rank 0][INFO] Epoch 61/600
[2026-04-28 17:26:45][Rank 0][DEBUG] Step 0 | Batch: shape=torch.Size([384]), mean=0.011096, std=0.992938, min=-1.721081, max=1.721081
[2026-04-28 17:26:45][Rank 0][DEBUG] Step 0 | Gradients: total_norm=0.000000, max=0.000000, min=inf
[2026-04-28 17:26:45][Rank 0][INFO] Step 0 | GPU Memory: allocated=0.21GB, reserved=1.50GB, peak=1.39GB
[2026-04-28 17:26:47][Rank 0][INFO] Epoch 61 complete | train_loss=10.123930, val_loss=10.017693
[2026-04-28 17:26:47][Rank 0][INFO] Epoch 62/600
[2026-04-28 17:26:47][Rank 0][DEBUG] Step 0 | Batch: shape=torch.Size([384]), mean=0.020343, std=1.007176, min=-1.714153, max=1.728009
[2026-04-28 17:26:47][Rank 0][DEBUG] Step 0 | Gradients: total_norm=0.000000, max=0.000000, min=inf
[2026-04-28 17:26:47][Rank 0][INFO] Step 0 | GPU Memory: allocated=0.21GB, reserved=1.50GB, peak=1.39GB
[2026-04-28 17:26:50][Rank 0][INFO] Epoch 62 complete | train_loss=10.164824, val_loss=10.017526
[2026-04-28 17:26:50][Rank 0][INFO] Epoch 63/600
[2026-04-28 17:26:50][Rank 0][DEBUG] Step 0 | Batch: shape=torch.Size([384]), mean=-0.019486, std=0.993532, min=-1.725700, max=1.710689
[2026-04-28 17:26:50][Rank 0][DEBUG] Step 0 | Gradients: total_norm=0.000000, max=0.000000, min=inf
[2026-04-28 17:26:50][Rank 0][INFO] Step 0 | GPU Memory: allocated=0.21GB, reserved=1.50GB, peak=1.39GB
[2026-04-28 17:26:52][Rank 0][INFO] Epoch 63 complete | train_loss=10.137998, val_loss=10.018813
[2026-04-28 17:26:52][Rank 0][INFO] Epoch 64/600
[2026-04-28 17:26:52][Rank 0][DEBUG] Step 0 | Batch: shape=torch.Size([384]), mean=-0.040968, std=0.990004, min=-1.702606, max=1.731474
[2026-04-28 17:26:52][Rank 0][DEBUG] Step 0 | Gradients: total_norm=0.000000, max=0.000000, min=inf
[2026-04-28 17:26:52][Rank 0][INFO] Step 0 | GPU Memory: allocated=0.21GB, reserved=1.50GB, peak=1.39GB
[2026-04-28 17:26:55][Rank 0][INFO] Epoch 64 complete | train_loss=10.235304, val_loss=10.020489
[2026-04-28 17:26:55][Rank 0][INFO] Epoch 65/600
[2026-04-28 17:26:55][Rank 0][DEBUG] Step 0 | Batch: shape=torch.Size([384]), mean=0.020346, std=0.968112, min=-1.718772, max=1.725700
[2026-04-28 17:26:55][Rank 0][DEBUG] Step 0 | Gradients: total_norm=0.000000, max=0.000000, min=inf
[2026-04-28 17:26:55][Rank 0][INFO] Step 0 | GPU Memory: allocated=0.21GB, reserved=1.50GB, peak=1.39GB
[2026-04-28 17:26:57][Rank 0][INFO] Epoch 65 complete | train_loss=10.150626, val_loss=10.020975
[2026-04-28 17:26:57][Rank 0][INFO] Epoch 66/600
[2026-04-28 17:26:57][Rank 0][DEBUG] Step 0 | Batch: shape=torch.Size([384]), mean=0.056057, std=1.036640, min=-1.726855, max=1.724545
[2026-04-28 17:26:57][Rank 0][DEBUG] Step 0 | Gradients: total_norm=0.000000, max=0.000000, min=inf
[2026-04-28 17:26:57][Rank 0][INFO] Step 0 | GPU Memory: allocated=0.21GB, reserved=1.50GB, peak=1.39GB
[2026-04-28 17:27:00][Rank 0][INFO] Epoch 66 complete | train_loss=10.204889, val_loss=10.020706
[2026-04-28 17:27:00][Rank 0][INFO] Epoch 67/600
[2026-04-28 17:27:00][Rank 0][DEBUG] Step 0 | Batch: shape=torch.Size([384]), mean=-0.054009, std=0.983150, min=-1.731474, max=1.728009
[2026-04-28 17:27:00][Rank 0][DEBUG] Step 0 | Gradients: total_norm=0.000000, max=0.000000, min=inf
[2026-04-28 17:27:00][Rank 0][INFO] Step 0 | GPU Memory: allocated=0.21GB, reserved=1.50GB, peak=1.39GB
[2026-04-28 17:27:02][Rank 0][INFO] Epoch 67 complete | train_loss=10.169938, val_loss=10.020921
[2026-04-28 17:27:02][Rank 0][INFO] Epoch 68/600
[2026-04-28 17:27:02][Rank 0][DEBUG] Step 0 | Batch: shape=torch.Size([384]), mean=-0.021957, std=1.008980, min=-1.719927, max=1.731474
[2026-04-28 17:27:03][Rank 0][DEBUG] Step 0 | Gradients: total_norm=0.000000, max=0.000000, min=inf
[2026-04-28 17:27:03][Rank 0][INFO] Step 0 | GPU Memory: allocated=0.21GB, reserved=1.50GB, peak=1.39GB
[2026-04-28 17:27:05][Rank 0][INFO] Epoch 68 complete | train_loss=10.147930, val_loss=10.020151
[2026-04-28 17:27:05][Rank 0][INFO] Epoch 69/600
[2026-04-28 17:27:05][Rank 0][DEBUG] Step 0 | Batch: shape=torch.Size([384]), mean=0.001540, std=0.993725, min=-1.721081, max=1.731474
[2026-04-28 17:27:05][Rank 0][DEBUG] Step 0 | Gradients: total_norm=0.000000, max=0.000000, min=inf
[2026-04-28 17:27:05][Rank 0][INFO] Step 0 | GPU Memory: allocated=0.21GB, reserved=1.50GB, peak=1.39GB
[2026-04-28 17:27:08][Rank 0][INFO] Epoch 69 complete | train_loss=10.117524, val_loss=10.020111
[2026-04-28 17:27:08][Rank 0][INFO] Epoch 70/600
[2026-04-28 17:27:08][Rank 0][DEBUG] Step 0 | Batch: shape=torch.Size([384]), mean=0.040087, std=0.989315, min=-1.731474, max=1.723391
[2026-04-28 17:27:08][Rank 0][DEBUG] Step 0 | Gradients: total_norm=0.000000, max=0.000000, min=inf
[2026-04-28 17:27:08][Rank 0][INFO] Step 0 | GPU Memory: allocated=0.21GB, reserved=1.50GB, peak=1.39GB
[2026-04-28 17:27:10][Rank 0][INFO] Epoch 70 complete | train_loss=10.191771, val_loss=10.017748
[2026-04-28 17:27:10][Rank 0][INFO] Epoch 71/600
[2026-04-28 17:27:10][Rank 0][DEBUG] Step 0 | Batch: shape=torch.Size([384]), mean=0.010022, std=1.002954, min=-1.729164, max=1.724545
[2026-04-28 17:27:10][Rank 0][DEBUG] Step 0 | Gradients: total_norm=0.000000, max=0.000000, min=inf
[2026-04-28 17:27:10][Rank 0][INFO] Step 0 | GPU Memory: allocated=0.21GB, reserved=1.50GB, peak=1.39GB
[2026-04-28 17:27:13][Rank 0][INFO] Epoch 71 complete | train_loss=10.169497, val_loss=10.016638
[2026-04-28 17:27:13][Rank 0][INFO] Epoch 72/600
[2026-04-28 17:27:13][Rank 0][DEBUG] Step 0 | Batch: shape=torch.Size([384]), mean=-0.039422, std=1.007629, min=-1.729164, max=1.725700
[2026-04-28 17:27:13][Rank 0][DEBUG] Step 0 | Gradients: total_norm=0.000000, max=0.000000, min=inf
[2026-04-28 17:27:13][Rank 0][INFO] Step 0 | GPU Memory: allocated=0.21GB, reserved=1.50GB, peak=1.39GB
[2026-04-28 17:27:15][Rank 0][INFO] Epoch 72 complete | train_loss=10.195157, val_loss=10.016665
[2026-04-28 17:27:15][Rank 0][INFO] Epoch 73/600
[2026-04-28 17:27:15][Rank 0][DEBUG] Step 0 | Batch: shape=torch.Size([384]), mean=-0.017008, std=0.982481, min=-1.717617, max=1.725700
[2026-04-28 17:27:16][Rank 0][DEBUG] Step 0 | Gradients: total_norm=0.000000, max=0.000000, min=inf
[2026-04-28 17:27:16][Rank 0][INFO] Step 0 | GPU Memory: allocated=0.21GB, reserved=1.50GB, peak=1.39GB
[2026-04-28 17:27:18][Rank 0][INFO] Epoch 73 complete | train_loss=10.245184, val_loss=10.018092
[2026-04-28 17:27:18][Rank 0][INFO] Epoch 74/600
[2026-04-28 17:27:18][Rank 0][DEBUG] Step 0 | Batch: shape=torch.Size([384]), mean=-0.026739, std=0.984121, min=-1.718772, max=1.724545
[2026-04-28 17:27:18][Rank 0][DEBUG] Step 0 | Gradients: total_norm=0.000000, max=0.000000, min=inf
[2026-04-28 17:27:18][Rank 0][INFO] Step 0 | GPU Memory: allocated=0.21GB, reserved=1.50GB, peak=1.39GB
[2026-04-28 17:27:21][Rank 0][INFO] Epoch 74 complete | train_loss=10.159394, val_loss=10.019263
[2026-04-28 17:27:21][Rank 0][INFO] Epoch 75/600
[2026-04-28 17:27:21][Rank 0][DEBUG] Step 0 | Batch: shape=torch.Size([384]), mean=0.077160, std=0.964509, min=-1.719927, max=1.725700
[2026-04-28 17:27:21][Rank 0][DEBUG] Step 0 | Gradients: total_norm=0.000000, max=0.000000, min=inf
[2026-04-28 17:27:21][Rank 0][INFO] Step 0 | GPU Memory: allocated=0.21GB, reserved=1.50GB, peak=1.39GB
[2026-04-28 17:27:23][Rank 0][INFO] Epoch 75 complete | train_loss=10.125765, val_loss=10.019320
[2026-04-28 17:27:23][Rank 0][INFO] Epoch 76/600
[2026-04-28 17:27:23][Rank 0][DEBUG] Step 0 | Batch: shape=torch.Size([384]), mean=0.013183, std=0.969646, min=-1.717617, max=1.731474
[2026-04-28 17:27:24][Rank 0][DEBUG] Step 0 | Gradients: total_norm=0.000000, max=0.000000, min=inf
[2026-04-28 17:27:24][Rank 0][INFO] Step 0 | GPU Memory: allocated=0.21GB, reserved=1.50GB, peak=1.39GB
[2026-04-28 17:27:26][Rank 0][INFO] Epoch 76 complete | train_loss=10.208926, val_loss=10.018625
[2026-04-28 17:27:26][Rank 0][INFO] Epoch 77/600
[2026-04-28 17:27:26][Rank 0][DEBUG] Step 0 | Batch: shape=torch.Size([384]), mean=0.027950, std=0.978214, min=-1.704915, max=1.730319
[2026-04-28 17:27:26][Rank 0][DEBUG] Step 0 | Gradients: total_norm=0.000000, max=0.000000, min=inf
[2026-04-28 17:27:26][Rank 0][INFO] Step 0 | GPU Memory: allocated=0.21GB, reserved=1.50GB, peak=1.39GB
[2026-04-28 17:27:28][Rank 0][INFO] Epoch 77 complete | train_loss=10.238826, val_loss=10.017256
[2026-04-28 17:27:28][Rank 0][INFO] Epoch 78/600
[2026-04-28 17:27:28][Rank 0][DEBUG] Step 0 | Batch: shape=torch.Size([384]), mean=-0.060011, std=0.985473, min=-1.729164, max=1.731474
[2026-04-28 17:27:28][Rank 0][DEBUG] Step 0 | Gradients: total_norm=0.000000, max=0.000000, min=inf
[2026-04-28 17:27:28][Rank 0][INFO] Step 0 | GPU Memory: allocated=0.21GB, reserved=1.50GB, peak=1.39GB
[2026-04-28 17:27:31][Rank 0][INFO] Epoch 78 complete | train_loss=10.185230, val_loss=10.015887
[2026-04-28 17:27:31][Rank 0][INFO] Epoch 79/600
[2026-04-28 17:27:31][Rank 0][DEBUG] Step 0 | Batch: shape=torch.Size([384]), mean=-0.009586, std=1.028519, min=-1.702606, max=1.731474
[2026-04-28 17:27:31][Rank 0][DEBUG] Step 0 | Gradients: total_norm=0.000000, max=0.000000, min=inf
[2026-04-28 17:27:31][Rank 0][INFO] Step 0 | GPU Memory: allocated=0.21GB, reserved=1.50GB, peak=1.39GB
[2026-04-28 17:27:33][Rank 0][INFO] Epoch 79 complete | train_loss=10.165935, val_loss=10.016424
[2026-04-28 17:27:33][Rank 0][INFO] Epoch 80/600
[2026-04-28 17:27:33][Rank 0][DEBUG] Step 0 | Batch: shape=torch.Size([384]), mean=0.009247, std=0.972732, min=-1.719927, max=1.702606
[2026-04-28 17:27:34][Rank 0][DEBUG] Step 0 | Gradients: total_norm=0.000000, max=0.000000, min=inf
[2026-04-28 17:27:34][Rank 0][INFO] Step 0 | GPU Memory: allocated=0.21GB, reserved=1.50GB, peak=1.39GB
[2026-04-28 17:27:36][Rank 0][INFO] Epoch 80 complete | train_loss=10.214414, val_loss=10.015434
[2026-04-28 17:27:36][Rank 0][INFO] Epoch 81/600
[2026-04-28 17:27:36][Rank 0][DEBUG] Step 0 | Batch: shape=torch.Size([384]), mean=-0.022589, std=0.994758, min=-1.731474, max=1.731474
[2026-04-28 17:27:36][Rank 0][DEBUG] Step 0 | Gradients: total_norm=0.000000, max=0.000000, min=inf
[2026-04-28 17:27:36][Rank 0][INFO] Step 0 | GPU Memory: allocated=0.21GB, reserved=1.50GB, peak=1.39GB
[2026-04-28 17:27:38][Rank 0][INFO] Epoch 81 complete | train_loss=10.183215, val_loss=10.015955
[2026-04-28 17:27:38][Rank 0][INFO] Epoch 82/600
[2026-04-28 17:27:39][Rank 0][DEBUG] Step 0 | Batch: shape=torch.Size([384]), mean=0.023608, std=0.932700, min=-1.729164, max=1.731474
[2026-04-28 17:27:39][Rank 0][DEBUG] Step 0 | Gradients: total_norm=0.000000, max=0.000000, min=inf
[2026-04-28 17:27:39][Rank 0][INFO] Step 0 | GPU Memory: allocated=0.21GB, reserved=1.50GB, peak=1.39GB
[2026-04-28 17:27:41][Rank 0][INFO] Epoch 82 complete | train_loss=10.144584, val_loss=10.017217
[2026-04-28 17:27:41][Rank 0][INFO] Epoch 83/600
[2026-04-28 17:27:41][Rank 0][DEBUG] Step 0 | Batch: shape=torch.Size([384]), mean=-0.008729, std=1.053462, min=-1.723391, max=1.708380
[2026-04-28 17:27:41][Rank 0][DEBUG] Step 0 | Gradients: total_norm=0.000000, max=0.000000, min=inf
[2026-04-28 17:27:41][Rank 0][INFO] Step 0 | GPU Memory: allocated=0.21GB, reserved=1.50GB, peak=1.39GB
[2026-04-28 17:27:44][Rank 0][INFO] Epoch 83 complete | train_loss=10.234392, val_loss=10.016564
[2026-04-28 17:27:44][Rank 0][INFO] Epoch 84/600
[2026-04-28 17:27:44][Rank 0][DEBUG] Step 0 | Batch: shape=torch.Size([384]), mean=0.027030, std=1.005310, min=-1.724545, max=1.710689
[2026-04-28 17:27:44][Rank 0][DEBUG] Step 0 | Gradients: total_norm=0.000000, max=0.000000, min=inf
[2026-04-28 17:27:44][Rank 0][INFO] Step 0 | GPU Memory: allocated=0.21GB, reserved=1.50GB, peak=1.39GB
[2026-04-28 17:27:46][Rank 0][INFO] Epoch 84 complete | train_loss=10.107020, val_loss=10.016528
[2026-04-28 17:27:46][Rank 0][INFO] Epoch 85/600
[2026-04-28 17:27:46][Rank 0][DEBUG] Step 0 | Batch: shape=torch.Size([384]), mean=0.029328, std=0.959927, min=-1.731474, max=1.731474
[2026-04-28 17:27:47][Rank 0][DEBUG] Step 0 | Gradients: total_norm=0.000000, max=0.000000, min=inf
[2026-04-28 17:27:47][Rank 0][INFO] Step 0 | GPU Memory: allocated=0.21GB, reserved=1.50GB, peak=1.39GB
[2026-04-28 17:27:49][Rank 0][INFO] Epoch 85 complete | train_loss=10.162038, val_loss=10.015342
[2026-04-28 17:27:49][Rank 0][INFO] Epoch 86/600
[2026-04-28 17:27:49][Rank 0][DEBUG] Step 0 | Batch: shape=torch.Size([384]), mean=0.019410, std=0.964900, min=-1.708380, max=1.723391
[2026-04-28 17:27:49][Rank 0][DEBUG] Step 0 | Gradients: total_norm=0.000000, max=0.000000, min=inf
[2026-04-28 17:27:49][Rank 0][INFO] Step 0 | GPU Memory: allocated=0.21GB, reserved=1.50GB, peak=1.39GB
[2026-04-28 17:27:52][Rank 0][INFO] Epoch 86 complete | train_loss=10.111860, val_loss=10.015104
[2026-04-28 17:27:52][Rank 0][INFO] Epoch 87/600
[2026-04-28 17:27:52][Rank 0][DEBUG] Step 0 | Batch: shape=torch.Size([384]), mean=0.001819, std=0.988490, min=-1.714153, max=1.707225
[2026-04-28 17:27:52][Rank 0][DEBUG] Step 0 | Gradients: total_norm=0.000000, max=0.000000, min=inf
[2026-04-28 17:27:52][Rank 0][INFO] Step 0 | GPU Memory: allocated=0.21GB, reserved=1.50GB, peak=1.39GB
[2026-04-28 17:27:54][Rank 0][INFO] Epoch 87 complete | train_loss=10.124549, val_loss=10.016050
[2026-04-28 17:27:54][Rank 0][INFO] Epoch 88/600
[2026-04-28 17:27:54][Rank 0][DEBUG] Step 0 | Batch: shape=torch.Size([384]), mean=-0.025978, std=1.004381, min=-1.731474, max=1.728009
[2026-04-28 17:27:54][Rank 0][DEBUG] Step 0 | Gradients: total_norm=0.000000, max=0.000000, min=inf
[2026-04-28 17:27:54][Rank 0][INFO] Step 0 | GPU Memory: allocated=0.21GB, reserved=1.50GB, peak=1.39GB
[2026-04-28 17:27:57][Rank 0][INFO] Epoch 88 complete | train_loss=10.192362, val_loss=10.016950
[2026-04-28 17:27:57][Rank 0][INFO] Epoch 89/600
[2026-04-28 17:27:57][Rank 0][DEBUG] Step 0 | Batch: shape=torch.Size([384]), mean=-0.008576, std=0.978972, min=-1.719927, max=1.725700
[2026-04-28 17:27:57][Rank 0][DEBUG] Step 0 | Gradients: total_norm=0.000000, max=0.000000, min=inf
[2026-04-28 17:27:57][Rank 0][INFO] Step 0 | GPU Memory: allocated=0.21GB, reserved=1.50GB, peak=1.39GB
[2026-04-28 17:27:59][Rank 0][INFO] Epoch 89 complete | train_loss=10.105221, val_loss=10.018429
[2026-04-28 17:27:59][Rank 0][INFO] Epoch 90/600
[2026-04-28 17:27:59][Rank 0][DEBUG] Step 0 | Batch: shape=torch.Size([384]), mean=-0.003921, std=1.024405, min=-1.729164, max=1.724545
[2026-04-28 17:28:00][Rank 0][DEBUG] Step 0 | Gradients: total_norm=0.000000, max=0.000000, min=inf
[2026-04-28 17:28:00][Rank 0][INFO] Step 0 | GPU Memory: allocated=0.21GB, reserved=1.50GB, peak=1.39GB
[2026-04-28 17:28:02][Rank 0][INFO] Epoch 90 complete | train_loss=10.125257, val_loss=10.016569
[2026-04-28 17:28:02][Rank 0][INFO] Epoch 91/600
[2026-04-28 17:28:02][Rank 0][DEBUG] Step 0 | Batch: shape=torch.Size([384]), mean=0.006582, std=1.008158, min=-1.721081, max=1.724545
[2026-04-28 17:28:03][Rank 0][DEBUG] Step 0 | Gradients: total_norm=0.000000, max=0.000000, min=inf
[2026-04-28 17:28:03][Rank 0][INFO] Step 0 | GPU Memory: allocated=0.21GB, reserved=1.50GB, peak=1.39GB
[2026-04-28 17:28:05][Rank 0][INFO] Epoch 91 complete | train_loss=10.159743, val_loss=10.014950
[2026-04-28 17:28:05][Rank 0][INFO] Epoch 92/600
[2026-04-28 17:28:05][Rank 0][DEBUG] Step 0 | Batch: shape=torch.Size([384]), mean=-0.025229, std=1.009689, min=-1.728009, max=1.728009
[2026-04-28 17:28:05][Rank 0][DEBUG] Step 0 | Gradients: total_norm=0.000000, max=0.000000, min=inf
[2026-04-28 17:28:05][Rank 0][INFO] Step 0 | GPU Memory: allocated=0.21GB, reserved=1.50GB, peak=1.39GB
[2026-04-28 17:28:08][Rank 0][INFO] Epoch 92 complete | train_loss=10.226535, val_loss=10.013976
[2026-04-28 17:28:08][Rank 0][INFO] Epoch 93/600
[2026-04-28 17:28:08][Rank 0][DEBUG] Step 0 | Batch: shape=torch.Size([384]), mean=-0.031433, std=0.996567, min=-1.723391, max=1.724545
[2026-04-28 17:28:08][Rank 0][DEBUG] Step 0 | Gradients: total_norm=0.000000, max=0.000000, min=inf
[2026-04-28 17:28:08][Rank 0][INFO] Step 0 | GPU Memory: allocated=0.21GB, reserved=1.50GB, peak=1.39GB
[2026-04-28 17:28:10][Rank 0][INFO] Epoch 93 complete | train_loss=10.200130, val_loss=10.014235
[2026-04-28 17:28:10][Rank 0][INFO] Epoch 94/600
[2026-04-28 17:28:10][Rank 0][DEBUG] Step 0 | Batch: shape=torch.Size([384]), mean=-0.010037, std=0.991404, min=-1.729164, max=1.729164
[2026-04-28 17:28:11][Rank 0][DEBUG] Step 0 | Gradients: total_norm=0.000000, max=0.000000, min=inf
[2026-04-28 17:28:11][Rank 0][INFO] Step 0 | GPU Memory: allocated=0.21GB, reserved=1.50GB, peak=1.39GB
[2026-04-28 17:28:13][Rank 0][INFO] Epoch 94 complete | train_loss=10.164269, val_loss=10.016670
[2026-04-28 17:28:13][Rank 0][INFO] Epoch 95/600
[2026-04-28 17:28:13][Rank 0][DEBUG] Step 0 | Batch: shape=torch.Size([384]), mean=-0.135719, std=0.938733, min=-1.714153, max=1.722236
[2026-04-28 17:28:13][Rank 0][DEBUG] Step 0 | Gradients: total_norm=0.000000, max=0.000000, min=inf
[2026-04-28 17:28:13][Rank 0][INFO] Step 0 | GPU Memory: allocated=0.21GB, reserved=1.50GB, peak=1.39GB
[2026-04-28 17:28:16][Rank 0][INFO] Epoch 95 complete | train_loss=10.153434, val_loss=10.018132
[2026-04-28 17:28:16][Rank 0][INFO] Epoch 96/600
[2026-04-28 17:28:16][Rank 0][DEBUG] Step 0 | Batch: shape=torch.Size([384]), mean=0.022441, std=1.020135, min=-1.731474, max=1.724545
[2026-04-28 17:28:16][Rank 0][DEBUG] Step 0 | Gradients: total_norm=0.000000, max=0.000000, min=inf
[2026-04-28 17:28:16][Rank 0][INFO] Step 0 | GPU Memory: allocated=0.21GB, reserved=1.50GB, peak=1.39GB
[2026-04-28 17:28:19][Rank 0][INFO] Epoch 96 complete | train_loss=10.165648, val_loss=10.018312
[2026-04-28 17:28:19][Rank 0][INFO] Epoch 97/600
[2026-04-28 17:28:19][Rank 0][DEBUG] Step 0 | Batch: shape=torch.Size([384]), mean=0.043596, std=0.983026, min=-1.726855, max=1.725700
[2026-04-28 17:28:19][Rank 0][DEBUG] Step 0 | Gradients: total_norm=0.000000, max=0.000000, min=inf
[2026-04-28 17:28:19][Rank 0][INFO] Step 0 | GPU Memory: allocated=0.21GB, reserved=1.50GB, peak=1.39GB
[2026-04-28 17:28:22][Rank 0][INFO] Epoch 97 complete | train_loss=10.208134, val_loss=10.018342
[2026-04-28 17:28:22][Rank 0][INFO] Epoch 98/600
[2026-04-28 17:28:22][Rank 0][DEBUG] Step 0 | Batch: shape=torch.Size([384]), mean=-0.047550, std=1.004472, min=-1.724545, max=1.719927
[2026-04-28 17:28:22][Rank 0][DEBUG] Step 0 | Gradients: total_norm=0.000000, max=0.000000, min=inf
[2026-04-28 17:28:22][Rank 0][INFO] Step 0 | GPU Memory: allocated=0.21GB, reserved=1.50GB, peak=1.39GB
[2026-04-28 17:28:25][Rank 0][INFO] Epoch 98 complete | train_loss=10.255594, val_loss=10.016971
[2026-04-28 17:28:25][Rank 0][INFO] Epoch 99/600
[2026-04-28 17:28:25][Rank 0][DEBUG] Step 0 | Batch: shape=torch.Size([384]), mean=-0.041509, std=0.992043, min=-1.697987, max=1.728009
[2026-04-28 17:28:25][Rank 0][DEBUG] Step 0 | Gradients: total_norm=0.000000, max=0.000000, min=inf
[2026-04-28 17:28:25][Rank 0][INFO] Step 0 | GPU Memory: allocated=0.21GB, reserved=1.50GB, peak=1.39GB
[2026-04-28 17:28:28][Rank 0][INFO] Epoch 99 complete | train_loss=10.163860, val_loss=10.016852
[2026-04-28 17:28:28][Rank 0][INFO] Epoch 100/600
[2026-04-28 17:28:28][Rank 0][DEBUG] Step 0 | Batch: shape=torch.Size([384]), mean=-0.024435, std=0.996972, min=-1.726855, max=1.728009
[2026-04-28 17:28:28][Rank 0][DEBUG] Step 0 | Gradients: total_norm=0.000000, max=0.000000, min=inf
[2026-04-28 17:28:28][Rank 0][INFO] Step 0 | GPU Memory: allocated=0.21GB, reserved=1.50GB, peak=1.39GB
[2026-04-28 17:28:31][Rank 0][INFO] Epoch 100 complete | train_loss=10.148905, val_loss=10.015376
[2026-04-28 17:28:31][Rank 0][INFO] Epoch 101/600
[2026-04-28 17:28:31][Rank 0][DEBUG] Step 0 | Batch: shape=torch.Size([384]), mean=-0.011499, std=0.995429, min=-1.715308, max=1.729164
[2026-04-28 17:28:31][Rank 0][DEBUG] Step 0 | Gradients: total_norm=0.000000, max=0.000000, min=inf
[2026-04-28 17:28:31][Rank 0][INFO] Step 0 | GPU Memory: allocated=0.21GB, reserved=1.50GB, peak=1.39GB
[2026-04-28 17:28:35][Rank 0][INFO] Epoch 101 complete | train_loss=10.101996, val_loss=10.015271
[2026-04-28 17:28:35][Rank 0][INFO] Epoch 102/600
[2026-04-28 17:28:35][Rank 0][DEBUG] Step 0 | Batch: shape=torch.Size([384]), mean=0.043533, std=1.018624, min=-1.719927, max=1.730319
[2026-04-28 17:28:35][Rank 0][DEBUG] Step 0 | Gradients: total_norm=0.000000, max=0.000000, min=inf
[2026-04-28 17:28:35][Rank 0][INFO] Step 0 | GPU Memory: allocated=0.21GB, reserved=1.50GB, peak=1.39GB
[2026-04-28 17:28:38][Rank 0][INFO] Epoch 102 complete | train_loss=10.106426, val_loss=10.016897
[2026-04-28 17:28:38][Rank 0][INFO] Epoch 103/600
[2026-04-28 17:28:38][Rank 0][DEBUG] Step 0 | Batch: shape=torch.Size([384]), mean=0.054445, std=0.981968, min=-1.719927, max=1.729164
[2026-04-28 17:28:38][Rank 0][DEBUG] Step 0 | Gradients: total_norm=0.000000, max=0.000000, min=inf
[2026-04-28 17:28:38][Rank 0][INFO] Step 0 | GPU Memory: allocated=0.21GB, reserved=1.50GB, peak=1.39GB
[2026-04-28 17:28:41][Rank 0][INFO] Epoch 103 complete | train_loss=10.186728, val_loss=10.018960
[2026-04-28 17:28:41][Rank 0][INFO] Epoch 104/600
[2026-04-28 17:28:41][Rank 0][DEBUG] Step 0 | Batch: shape=torch.Size([384]), mean=-0.043599, std=0.974589, min=-1.707225, max=1.729164
[2026-04-28 17:28:41][Rank 0][DEBUG] Step 0 | Gradients: total_norm=0.000000, max=0.000000, min=inf
[2026-04-28 17:28:41][Rank 0][INFO] Step 0 | GPU Memory: allocated=0.21GB, reserved=1.50GB, peak=1.39GB
[2026-04-28 17:28:44][Rank 0][INFO] Epoch 104 complete | train_loss=10.308487, val_loss=10.020314
[2026-04-28 17:28:44][Rank 0][INFO] Epoch 105/600
[2026-04-28 17:28:44][Rank 0][DEBUG] Step 0 | Batch: shape=torch.Size([384]), mean=-0.016067, std=0.980510, min=-1.721081, max=1.719927
[2026-04-28 17:28:44][Rank 0][DEBUG] Step 0 | Gradients: total_norm=0.000000, max=0.000000, min=inf
[2026-04-28 17:28:44][Rank 0][INFO] Step 0 | GPU Memory: allocated=0.21GB, reserved=1.50GB, peak=1.39GB
[2026-04-28 17:28:47][Rank 0][INFO] Epoch 105 complete | train_loss=10.251593, val_loss=10.019053
[2026-04-28 17:28:47][Rank 0][INFO] Epoch 106/600
[2026-04-28 17:28:47][Rank 0][DEBUG] Step 0 | Batch: shape=torch.Size([384]), mean=0.047469, std=0.996852, min=-1.729164, max=1.721081
[2026-04-28 17:28:47][Rank 0][DEBUG] Step 0 | Gradients: total_norm=0.000000, max=0.000000, min=inf
[2026-04-28 17:28:47][Rank 0][INFO] Step 0 | GPU Memory: allocated=0.21GB, reserved=1.50GB, peak=1.39GB
[2026-04-28 17:28:49][Rank 0][INFO] Epoch 106 complete | train_loss=10.189646, val_loss=10.017813
[2026-04-28 17:28:49][Rank 0][INFO] Epoch 107/600
[2026-04-28 17:28:49][Rank 0][DEBUG] Step 0 | Batch: shape=torch.Size([384]), mean=-0.015131, std=0.992225, min=-1.724545, max=1.725700
[2026-04-28 17:28:49][Rank 0][DEBUG] Step 0 | Gradients: total_norm=0.000000, max=0.000000, min=inf
[2026-04-28 17:28:49][Rank 0][INFO] Step 0 | GPU Memory: allocated=0.21GB, reserved=1.50GB, peak=1.39GB
[2026-04-28 17:28:52][Rank 0][INFO] Epoch 107 complete | train_loss=10.134761, val_loss=10.016725
[2026-04-28 17:28:52][Rank 0][INFO] Epoch 108/600
[2026-04-28 17:28:52][Rank 0][DEBUG] Step 0 | Batch: shape=torch.Size([384]), mean=-0.040935, std=1.014431, min=-1.723391, max=1.725700
[2026-04-28 17:28:52][Rank 0][DEBUG] Step 0 | Gradients: total_norm=0.000000, max=0.000000, min=inf
[2026-04-28 17:28:52][Rank 0][INFO] Step 0 | GPU Memory: allocated=0.21GB, reserved=1.50GB, peak=1.39GB
[2026-04-28 17:28:54][Rank 0][INFO] Epoch 108 complete | train_loss=10.195492, val_loss=10.016575
[2026-04-28 17:28:54][Rank 0][INFO] Epoch 109/600
[2026-04-28 17:28:54][Rank 0][DEBUG] Step 0 | Batch: shape=torch.Size([384]), mean=0.006664, std=1.038610, min=-1.721081, max=1.729164
[2026-04-28 17:28:54][Rank 0][DEBUG] Step 0 | Gradients: total_norm=0.000000, max=0.000000, min=inf
[2026-04-28 17:28:54][Rank 0][INFO] Step 0 | GPU Memory: allocated=0.21GB, reserved=1.50GB, peak=1.39GB
[2026-04-28 17:28:57][Rank 0][INFO] Epoch 109 complete | train_loss=10.237273, val_loss=10.017618
[2026-04-28 17:28:57][Rank 0][INFO] Epoch 110/600
[2026-04-28 17:28:57][Rank 0][DEBUG] Step 0 | Batch: shape=torch.Size([384]), mean=0.029075, std=1.022925, min=-1.726855, max=1.722236
[2026-04-28 17:28:57][Rank 0][DEBUG] Step 0 | Gradients: total_norm=0.000000, max=0.000000, min=inf
[2026-04-28 17:28:57][Rank 0][INFO] Step 0 | GPU Memory: allocated=0.21GB, reserved=1.50GB, peak=1.39GB
[2026-04-28 17:28:59][Rank 0][INFO] Epoch 110 complete | train_loss=10.132368, val_loss=10.017468
[2026-04-28 17:28:59][Rank 0][INFO] Epoch 111/600
[2026-04-28 17:28:59][Rank 0][DEBUG] Step 0 | Batch: shape=torch.Size([384]), mean=-0.086804, std=1.026644, min=-1.725700, max=1.730319
[2026-04-28 17:28:59][Rank 0][DEBUG] Step 0 | Gradients: total_norm=0.000000, max=0.000000, min=inf
[2026-04-28 17:28:59][Rank 0][INFO] Step 0 | GPU Memory: allocated=0.21GB, reserved=1.50GB, peak=1.39GB
[2026-04-28 17:29:02][Rank 0][INFO] Epoch 111 complete | train_loss=10.061962, val_loss=10.016995
[2026-04-28 17:29:02][Rank 0][INFO] Epoch 112/600
[2026-04-28 17:29:02][Rank 0][DEBUG] Step 0 | Batch: shape=torch.Size([384]), mean=0.042643, std=0.963095, min=-1.723391, max=1.719927
[2026-04-28 17:29:02][Rank 0][DEBUG] Step 0 | Gradients: total_norm=0.000000, max=0.000000, min=inf
[2026-04-28 17:29:02][Rank 0][INFO] Step 0 | GPU Memory: allocated=0.21GB, reserved=1.50GB, peak=1.39GB
[2026-04-28 17:29:05][Rank 0][INFO] Epoch 112 complete | train_loss=10.177315, val_loss=10.017021
[2026-04-28 17:29:05][Rank 0][INFO] Epoch 113/600
[2026-04-28 17:29:05][Rank 0][DEBUG] Step 0 | Batch: shape=torch.Size([384]), mean=0.006985, std=1.042987, min=-1.731474, max=1.731474
[2026-04-28 17:29:05][Rank 0][DEBUG] Step 0 | Gradients: total_norm=0.000000, max=0.000000, min=inf
[2026-04-28 17:29:05][Rank 0][INFO] Step 0 | GPU Memory: allocated=0.21GB, reserved=1.50GB, peak=1.39GB
[2026-04-28 17:29:07][Rank 0][INFO] Epoch 113 complete | train_loss=10.110888, val_loss=10.017595
[2026-04-28 17:29:07][Rank 0][INFO] Epoch 114/600
[2026-04-28 17:29:07][Rank 0][DEBUG] Step 0 | Batch: shape=torch.Size([384]), mean=-0.000562, std=1.007294, min=-1.731474, max=1.722236
[2026-04-28 17:29:07][Rank 0][DEBUG] Step 0 | Gradients: total_norm=0.000000, max=0.000000, min=inf
[2026-04-28 17:29:07][Rank 0][INFO] Step 0 | GPU Memory: allocated=0.21GB, reserved=1.50GB, peak=1.39GB
[2026-04-28 17:29:10][Rank 0][INFO] Epoch 114 complete | train_loss=10.140662, val_loss=10.016492
[2026-04-28 17:29:10][Rank 0][INFO] Epoch 115/600
[2026-04-28 17:29:10][Rank 0][DEBUG] Step 0 | Batch: shape=torch.Size([384]), mean=-0.067042, std=1.028339, min=-1.729164, max=1.702606
[2026-04-28 17:29:10][Rank 0][DEBUG] Step 0 | Gradients: total_norm=0.000000, max=0.000000, min=inf
[2026-04-28 17:29:10][Rank 0][INFO] Step 0 | GPU Memory: allocated=0.21GB, reserved=1.50GB, peak=1.39GB
[2026-04-28 17:29:12][Rank 0][INFO] Epoch 115 complete | train_loss=10.191999, val_loss=10.015301
[2026-04-28 17:29:12][Rank 0][INFO] Epoch 116/600
[2026-04-28 17:29:12][Rank 0][DEBUG] Step 0 | Batch: shape=torch.Size([384]), mean=0.045827, std=0.993354, min=-1.712998, max=1.714153
[2026-04-28 17:29:12][Rank 0][DEBUG] Step 0 | Gradients: total_norm=0.000000, max=0.000000, min=inf
[2026-04-28 17:29:12][Rank 0][INFO] Step 0 | GPU Memory: allocated=0.21GB, reserved=1.50GB, peak=1.39GB
[2026-04-28 17:29:15][Rank 0][INFO] Epoch 116 complete | train_loss=10.075153, val_loss=10.014838
[2026-04-28 17:29:15][Rank 0][INFO] Epoch 117/600
[2026-04-28 17:29:15][Rank 0][DEBUG] Step 0 | Batch: shape=torch.Size([384]), mean=-0.008949, std=0.998285, min=-1.707225, max=1.714153
[2026-04-28 17:29:15][Rank 0][DEBUG] Step 0 | Gradients: total_norm=0.000000, max=0.000000, min=inf
[2026-04-28 17:29:15][Rank 0][INFO] Step 0 | GPU Memory: allocated=0.21GB, reserved=1.50GB, peak=1.39GB
[2026-04-28 17:29:17][Rank 0][INFO] Epoch 117 complete | train_loss=10.218713, val_loss=10.014831
[2026-04-28 17:29:17][Rank 0][INFO] Epoch 118/600
[2026-04-28 17:29:17][Rank 0][DEBUG] Step 0 | Batch: shape=torch.Size([384]), mean=-0.006739, std=1.000501, min=-1.726855, max=1.728009
[2026-04-28 17:29:18][Rank 0][DEBUG] Step 0 | Gradients: total_norm=0.000000, max=0.000000, min=inf
[2026-04-28 17:29:18][Rank 0][INFO] Step 0 | GPU Memory: allocated=0.21GB, reserved=1.50GB, peak=1.39GB
[2026-04-28 17:29:20][Rank 0][INFO] Epoch 118 complete | train_loss=10.222122, val_loss=10.015136
[2026-04-28 17:29:20][Rank 0][INFO] Epoch 119/600
[2026-04-28 17:29:20][Rank 0][DEBUG] Step 0 | Batch: shape=torch.Size([384]), mean=0.071161, std=1.026269, min=-1.731474, max=1.730319
[2026-04-28 17:29:20][Rank 0][DEBUG] Step 0 | Gradients: total_norm=0.000000, max=0.000000, min=inf
[2026-04-28 17:29:20][Rank 0][INFO] Step 0 | GPU Memory: allocated=0.21GB, reserved=1.50GB, peak=1.39GB
[2026-04-28 17:29:22][Rank 0][INFO] Epoch 119 complete | train_loss=10.234765, val_loss=10.015852
[2026-04-28 17:29:22][Rank 0][INFO] Epoch 120/600
[2026-04-28 17:29:22][Rank 0][DEBUG] Step 0 | Batch: shape=torch.Size([384]), mean=-0.021413, std=0.973364, min=-1.708380, max=1.699142
[2026-04-28 17:29:23][Rank 0][DEBUG] Step 0 | Gradients: total_norm=0.000000, max=0.000000, min=inf
[2026-04-28 17:29:23][Rank 0][INFO] Step 0 | GPU Memory: allocated=0.21GB, reserved=1.50GB, peak=1.39GB
[2026-04-28 17:29:25][Rank 0][INFO] Epoch 120 complete | train_loss=10.198286, val_loss=10.015897
[2026-04-28 17:29:25][Rank 0][INFO] Epoch 121/600
[2026-04-28 17:29:25][Rank 0][DEBUG] Step 0 | Batch: shape=torch.Size([384]), mean=-0.007406, std=0.959533, min=-1.725700, max=1.715308
[2026-04-28 17:29:25][Rank 0][DEBUG] Step 0 | Gradients: total_norm=0.000000, max=0.000000, min=inf
[2026-04-28 17:29:25][Rank 0][INFO] Step 0 | GPU Memory: allocated=0.21GB, reserved=1.50GB, peak=1.39GB
[2026-04-28 17:29:27][Rank 0][INFO] Epoch 121 complete | train_loss=10.177765, val_loss=10.015416
[2026-04-28 17:29:27][Rank 0][INFO] Epoch 122/600
[2026-04-28 17:29:27][Rank 0][DEBUG] Step 0 | Batch: shape=torch.Size([384]), mean=0.044528, std=0.976483, min=-1.708380, max=1.724545
[2026-04-28 17:29:27][Rank 0][DEBUG] Step 0 | Gradients: total_norm=0.000000, max=0.000000, min=inf
[2026-04-28 17:29:27][Rank 0][INFO] Step 0 | GPU Memory: allocated=0.21GB, reserved=1.50GB, peak=1.39GB
[2026-04-28 17:29:30][Rank 0][INFO] Epoch 122 complete | train_loss=10.106534, val_loss=10.015041
[2026-04-28 17:29:36][Rank 0][INFO] Training complete!
[2026-04-28 17:35:59][Rank 0][INFO] Starting training...
[2026-04-28 17:35:59][Rank 0][INFO] World size: 1
[2026-04-28 17:35:59][Rank 0][INFO] Batch size per GPU: 384
[2026-04-28 17:35:59][Rank 0][INFO] Effective batch size: 384
[2026-04-28 17:35:59][Rank 0][INFO] Epoch 1/600
[2026-04-28 17:35:59][Rank 0][DEBUG] Step 0 | Batch: shape=torch.Size([384]), mean=-0.073666, std=1.022125, min=-1.724545, max=1.714153
[2026-04-28 17:35:59][Rank 0][DEBUG] Step 0 | Gradients: total_norm=0.000000, max=0.000000, min=inf
[2026-04-28 17:35:59][Rank 0][INFO] Step 0 | GPU Memory: allocated=0.03GB, reserved=0.29GB, peak=0.27GB
[2026-04-28 17:36:02][Rank 0][INFO] Epoch 1 complete | train_loss=10.332967, val_loss=10.175347
[2026-04-28 17:36:03][Rank 0][INFO] Epoch 2/600
[2026-04-28 17:36:03][Rank 0][DEBUG] Step 0 | Batch: shape=torch.Size([384]), mean=0.031622, std=1.008927, min=-1.717617, max=1.719927
[2026-04-28 17:36:03][Rank 0][DEBUG] Step 0 | Gradients: total_norm=0.000000, max=0.000000, min=inf
[2026-04-28 17:36:03][Rank 0][INFO] Step 0 | GPU Memory: allocated=0.21GB, reserved=0.48GB, peak=0.46GB
[2026-04-28 17:36:06][Rank 0][INFO] Epoch 2 complete | train_loss=10.286581, val_loss=10.174703
[2026-04-28 17:36:06][Rank 0][INFO] Epoch 3/600
[2026-04-28 17:36:06][Rank 0][DEBUG] Step 0 | Batch: shape=torch.Size([384]), mean=0.010931, std=1.012204, min=-1.731474, max=1.730319
[2026-04-28 17:36:06][Rank 0][DEBUG] Step 0 | Gradients: total_norm=0.000000, max=0.000000, min=inf
[2026-04-28 17:36:06][Rank 0][INFO] Step 0 | GPU Memory: allocated=0.21GB, reserved=0.48GB, peak=0.46GB
[2026-04-28 17:36:09][Rank 0][INFO] Epoch 3 complete | train_loss=10.412105, val_loss=10.175211
[2026-04-28 17:36:09][Rank 0][INFO] Epoch 4/600
[2026-04-28 17:36:09][Rank 0][DEBUG] Step 0 | Batch: shape=torch.Size([384]), mean=0.033928, std=1.017549, min=-1.731474, max=1.719927
[2026-04-28 17:36:09][Rank 0][DEBUG] Step 0 | Gradients: total_norm=0.000000, max=0.000000, min=inf
[2026-04-28 17:36:09][Rank 0][INFO] Step 0 | GPU Memory: allocated=0.21GB, reserved=0.50GB, peak=0.46GB
[2026-04-28 17:36:12][Rank 0][INFO] Epoch 4 complete | train_loss=10.424179, val_loss=10.175571
[2026-04-28 17:36:12][Rank 0][INFO] Epoch 5/600
[2026-04-28 17:36:12][Rank 0][DEBUG] Step 0 | Batch: shape=torch.Size([384]), mean=0.094177, std=1.000510, min=-1.726855, max=1.723391
[2026-04-28 17:36:12][Rank 0][DEBUG] Step 0 | Gradients: total_norm=0.000000, max=0.000000, min=inf
[2026-04-28 17:36:12][Rank 0][INFO] Step 0 | GPU Memory: allocated=0.21GB, reserved=0.50GB, peak=0.46GB
[2026-04-28 17:36:16][Rank 0][INFO] Epoch 5 complete | train_loss=10.380507, val_loss=10.173878
[2026-04-28 17:36:16][Rank 0][INFO] Epoch 6/600
[2026-04-28 17:36:16][Rank 0][DEBUG] Step 0 | Batch: shape=torch.Size([384]), mean=0.008065, std=1.002632, min=-1.717617, max=1.731474
[2026-04-28 17:36:16][Rank 0][DEBUG] Step 0 | Gradients: total_norm=0.000000, max=0.000000, min=inf
[2026-04-28 17:36:16][Rank 0][INFO] Step 0 | GPU Memory: allocated=0.21GB, reserved=0.51GB, peak=0.46GB
[2026-04-28 17:36:19][Rank 0][INFO] Epoch 6 complete | train_loss=10.312780, val_loss=10.173498
[2026-04-28 17:36:19][Rank 0][INFO] Epoch 7/600
[2026-04-28 17:36:19][Rank 0][DEBUG] Step 0 | Batch: shape=torch.Size([384]), mean=0.026760, std=0.967967, min=-1.714153, max=1.724545
[2026-04-28 17:36:19][Rank 0][DEBUG] Step 0 | Gradients: total_norm=0.000000, max=0.000000, min=inf
[2026-04-28 17:36:19][Rank 0][INFO] Step 0 | GPU Memory: allocated=0.21GB, reserved=0.51GB, peak=0.46GB
[2026-04-28 17:36:22][Rank 0][INFO] Epoch 7 complete | train_loss=10.264258, val_loss=10.167299
[2026-04-28 17:36:22][Rank 0][INFO] Epoch 8/600
[2026-04-28 17:36:22][Rank 0][DEBUG] Step 0 | Batch: shape=torch.Size([384]), mean=-0.091718, std=0.957604, min=-1.719927, max=1.721081
[2026-04-28 17:36:22][Rank 0][DEBUG] Step 0 | Gradients: total_norm=0.000000, max=0.000000, min=inf
[2026-04-28 17:36:22][Rank 0][INFO] Step 0 | GPU Memory: allocated=0.21GB, reserved=0.51GB, peak=0.46GB
[2026-04-28 17:36:25][Rank 0][INFO] Epoch 8 complete | train_loss=10.359930, val_loss=10.172071
[2026-04-28 17:36:25][Rank 0][INFO] Epoch 9/600
[2026-04-28 17:36:25][Rank 0][DEBUG] Step 0 | Batch: shape=torch.Size([384]), mean=-0.022613, std=0.983618, min=-1.729164, max=1.730319
[2026-04-28 17:36:25][Rank 0][DEBUG] Step 0 | Gradients: total_norm=0.000000, max=0.000000, min=inf
[2026-04-28 17:36:25][Rank 0][INFO] Step 0 | GPU Memory: allocated=0.21GB, reserved=0.51GB, peak=0.46GB
[2026-04-28 17:36:28][Rank 0][INFO] Epoch 9 complete | train_loss=10.305754, val_loss=10.158957
[2026-04-28 17:36:28][Rank 0][INFO] Epoch 10/600
[2026-04-28 17:36:28][Rank 0][DEBUG] Step 0 | Batch: shape=torch.Size([384]), mean=-0.062838, std=1.027923, min=-1.715308, max=1.731474
[2026-04-28 17:36:28][Rank 0][DEBUG] Step 0 | Gradients: total_norm=0.000000, max=0.000000, min=inf
[2026-04-28 17:36:28][Rank 0][INFO] Step 0 | GPU Memory: allocated=0.21GB, reserved=0.51GB, peak=0.46GB
[2026-04-28 17:36:31][Rank 0][INFO] Epoch 10 complete | train_loss=10.267276, val_loss=10.151788
[2026-04-28 17:36:31][Rank 0][INFO] Epoch 11/600
[2026-04-28 17:36:31][Rank 0][DEBUG] Step 0 | Batch: shape=torch.Size([384]), mean=0.024297, std=1.003866, min=-1.728009, max=1.725700
[2026-04-28 17:36:31][Rank 0][DEBUG] Step 0 | Gradients: total_norm=0.000000, max=0.000000, min=inf
[2026-04-28 17:36:31][Rank 0][INFO] Step 0 | GPU Memory: allocated=0.21GB, reserved=0.51GB, peak=0.46GB
[2026-04-28 17:36:34][Rank 0][INFO] Epoch 11 complete | train_loss=10.224211, val_loss=10.129582
[2026-04-28 17:36:34][Rank 0][INFO] Epoch 12/600
[2026-04-28 17:36:34][Rank 0][DEBUG] Step 0 | Batch: shape=torch.Size([384]), mean=-0.016328, std=0.976656, min=-1.718772, max=1.716462
[2026-04-28 17:36:34][Rank 0][DEBUG] Step 0 | Gradients: total_norm=0.000000, max=0.000000, min=inf
[2026-04-28 17:36:34][Rank 0][INFO] Step 0 | GPU Memory: allocated=0.21GB, reserved=0.51GB, peak=0.46GB
[2026-04-28 17:36:37][Rank 0][INFO] Epoch 12 complete | train_loss=10.297942, val_loss=10.120365
[2026-04-28 17:36:37][Rank 0][INFO] Epoch 13/600
[2026-04-28 17:36:37][Rank 0][DEBUG] Step 0 | Batch: shape=torch.Size([384]), mean=0.007424, std=0.957979, min=-1.718772, max=1.723391
[2026-04-28 17:36:37][Rank 0][DEBUG] Step 0 | Gradients: total_norm=0.000000, max=0.000000, min=inf
[2026-04-28 17:36:37][Rank 0][INFO] Step 0 | GPU Memory: allocated=0.21GB, reserved=0.51GB, peak=0.46GB
[2026-04-28 17:36:39][Rank 0][INFO] Epoch 13 complete | train_loss=10.277338, val_loss=10.106016
[2026-04-28 17:36:39][Rank 0][INFO] Epoch 14/600
[2026-04-28 17:36:39][Rank 0][DEBUG] Step 0 | Batch: shape=torch.Size([384]), mean=0.020036, std=0.987076, min=-1.728009, max=1.721081
[2026-04-28 17:36:39][Rank 0][DEBUG] Step 0 | Gradients: total_norm=0.000000, max=0.000000, min=inf
[2026-04-28 17:36:39][Rank 0][INFO] Step 0 | GPU Memory: allocated=0.21GB, reserved=0.51GB, peak=0.46GB
[2026-04-28 17:36:41][Rank 0][INFO] Epoch 14 complete | train_loss=10.269044, val_loss=10.092645
[2026-04-28 17:36:41][Rank 0][INFO] Epoch 15/600
[2026-04-28 17:36:41][Rank 0][DEBUG] Step 0 | Batch: shape=torch.Size([384]), mean=-0.017868, std=1.001367, min=-1.728009, max=1.710689
[2026-04-28 17:36:41][Rank 0][DEBUG] Step 0 | Gradients: total_norm=0.000000, max=0.000000, min=inf
[2026-04-28 17:36:41][Rank 0][INFO] Step 0 | GPU Memory: allocated=0.21GB, reserved=0.51GB, peak=0.46GB
[2026-04-28 17:36:43][Rank 0][INFO] Epoch 15 complete | train_loss=10.219254, val_loss=10.085119
[2026-04-28 17:36:43][Rank 0][INFO] Epoch 16/600
[2026-04-28 17:36:43][Rank 0][DEBUG] Step 0 | Batch: shape=torch.Size([384]), mean=-0.056433, std=0.954721, min=-1.724545, max=1.716462
[2026-04-28 17:36:43][Rank 0][DEBUG] Step 0 | Gradients: total_norm=0.000000, max=0.000000, min=inf
[2026-04-28 17:36:43][Rank 0][INFO] Step 0 | GPU Memory: allocated=0.21GB, reserved=0.51GB, peak=0.46GB
[2026-04-28 17:36:46][Rank 0][INFO] Epoch 16 complete | train_loss=10.196295, val_loss=10.074503
[2026-04-28 17:36:46][Rank 0][INFO] Epoch 17/600
[2026-04-28 17:36:46][Rank 0][DEBUG] Step 0 | Batch: shape=torch.Size([384]), mean=0.009289, std=1.000146, min=-1.726855, max=1.704915
[2026-04-28 17:36:46][Rank 0][DEBUG] Step 0 | Gradients: total_norm=0.000000, max=0.000000, min=inf
[2026-04-28 17:36:46][Rank 0][INFO] Step 0 | GPU Memory: allocated=0.21GB, reserved=0.51GB, peak=0.46GB
[2026-04-28 17:36:48][Rank 0][INFO] Epoch 17 complete | train_loss=10.159628, val_loss=10.068401
[2026-04-28 17:36:48][Rank 0][INFO] Epoch 18/600
[2026-04-28 17:36:48][Rank 0][DEBUG] Step 0 | Batch: shape=torch.Size([384]), mean=-0.080997, std=0.997306, min=-1.701451, max=1.717617
[2026-04-28 17:36:48][Rank 0][DEBUG] Step 0 | Gradients: total_norm=0.000000, max=0.000000, min=inf
[2026-04-28 17:36:48][Rank 0][INFO] Step 0 | GPU Memory: allocated=0.21GB, reserved=0.51GB, peak=0.46GB
[2026-04-28 17:36:50][Rank 0][INFO] Epoch 18 complete | train_loss=10.207882, val_loss=10.065777
[2026-04-28 17:36:50][Rank 0][INFO] Epoch 19/600
[2026-04-28 17:36:50][Rank 0][DEBUG] Step 0 | Batch: shape=torch.Size([384]), mean=0.027078, std=0.982027, min=-1.728009, max=1.731474
[2026-04-28 17:36:51][Rank 0][DEBUG] Step 0 | Gradients: total_norm=0.000000, max=0.000000, min=inf
[2026-04-28 17:36:51][Rank 0][INFO] Step 0 | GPU Memory: allocated=0.21GB, reserved=0.51GB, peak=0.46GB
[2026-04-28 17:36:53][Rank 0][INFO] Epoch 19 complete | train_loss=10.228889, val_loss=10.059246
[2026-04-28 17:36:53][Rank 0][INFO] Epoch 20/600
[2026-04-28 17:36:53][Rank 0][DEBUG] Step 0 | Batch: shape=torch.Size([384]), mean=-0.034954, std=0.994067, min=-1.726855, max=1.730319
[2026-04-28 17:36:53][Rank 0][DEBUG] Step 0 | Gradients: total_norm=0.000000, max=0.000000, min=inf
[2026-04-28 17:36:53][Rank 0][INFO] Step 0 | GPU Memory: allocated=0.21GB, reserved=0.51GB, peak=0.46GB
[2026-04-28 17:36:55][Rank 0][INFO] Epoch 20 complete | train_loss=10.220153, val_loss=10.055419
[2026-04-28 17:36:55][Rank 0][INFO] Epoch 21/600
[2026-04-28 17:36:55][Rank 0][DEBUG] Step 0 | Batch: shape=torch.Size([384]), mean=-0.003714, std=1.006877, min=-1.728009, max=1.725700
[2026-04-28 17:36:55][Rank 0][DEBUG] Step 0 | Gradients: total_norm=0.000000, max=0.000000, min=inf
[2026-04-28 17:36:55][Rank 0][INFO] Step 0 | GPU Memory: allocated=0.21GB, reserved=1.50GB, peak=1.38GB
[2026-04-28 17:36:58][Rank 0][INFO] Epoch 21 complete | train_loss=10.202742, val_loss=10.046515
[2026-04-28 17:36:58][Rank 0][INFO] Epoch 22/600
[2026-04-28 17:36:58][Rank 0][DEBUG] Step 0 | Batch: shape=torch.Size([384]), mean=0.068425, std=1.020179, min=-1.728009, max=1.729164
[2026-04-28 17:36:58][Rank 0][DEBUG] Step 0 | Gradients: total_norm=0.000000, max=0.000000, min=inf
[2026-04-28 17:36:58][Rank 0][INFO] Step 0 | GPU Memory: allocated=0.21GB, reserved=1.50GB, peak=1.38GB
[2026-04-28 17:37:01][Rank 0][INFO] Epoch 22 complete | train_loss=10.152240, val_loss=10.046038
[2026-04-28 17:37:01][Rank 0][INFO] Epoch 23/600
[2026-04-28 17:37:01][Rank 0][DEBUG] Step 0 | Batch: shape=torch.Size([384]), mean=-0.011697, std=0.978049, min=-1.726855, max=1.728009
[2026-04-28 17:37:01][Rank 0][DEBUG] Step 0 | Gradients: total_norm=0.000000, max=0.000000, min=inf
[2026-04-28 17:37:01][Rank 0][INFO] Step 0 | GPU Memory: allocated=0.21GB, reserved=1.50GB, peak=1.38GB
[2026-04-28 17:37:04][Rank 0][INFO] Epoch 23 complete | train_loss=10.141834, val_loss=10.047693
[2026-04-28 17:37:04][Rank 0][INFO] Epoch 24/600
[2026-04-28 17:37:04][Rank 0][DEBUG] Step 0 | Batch: shape=torch.Size([384]), mean=-0.029243, std=0.988207, min=-1.729164, max=1.721081
[2026-04-28 17:37:04][Rank 0][DEBUG] Step 0 | Gradients: total_norm=0.000000, max=0.000000, min=inf
[2026-04-28 17:37:04][Rank 0][INFO] Step 0 | GPU Memory: allocated=0.21GB, reserved=1.50GB, peak=1.38GB
[2026-04-28 17:37:07][Rank 0][INFO] Epoch 24 complete | train_loss=10.143944, val_loss=10.044910
[2026-04-28 17:37:07][Rank 0][INFO] Epoch 25/600
[2026-04-28 17:37:07][Rank 0][DEBUG] Step 0 | Batch: shape=torch.Size([384]), mean=-0.012034, std=0.996364, min=-1.731474, max=1.702606
[2026-04-28 17:37:07][Rank 0][DEBUG] Step 0 | Gradients: total_norm=0.000000, max=0.000000, min=inf
[2026-04-28 17:37:07][Rank 0][INFO] Step 0 | GPU Memory: allocated=0.21GB, reserved=1.50GB, peak=1.39GB
[2026-04-28 17:37:10][Rank 0][INFO] Epoch 25 complete | train_loss=10.236001, val_loss=10.042645
[2026-04-28 17:37:10][Rank 0][INFO] Epoch 26/600
[2026-04-28 17:37:10][Rank 0][DEBUG] Step 0 | Batch: shape=torch.Size([384]), mean=0.024760, std=1.010075, min=-1.723391, max=1.722236
[2026-04-28 17:37:10][Rank 0][DEBUG] Step 0 | Gradients: total_norm=0.000000, max=0.000000, min=inf
[2026-04-28 17:37:10][Rank 0][INFO] Step 0 | GPU Memory: allocated=0.21GB, reserved=1.50GB, peak=1.39GB
[2026-04-28 17:37:13][Rank 0][INFO] Epoch 26 complete | train_loss=10.186316, val_loss=10.041626
[2026-04-28 17:37:13][Rank 0][INFO] Epoch 27/600
[2026-04-28 17:37:13][Rank 0][DEBUG] Step 0 | Batch: shape=torch.Size([384]), mean=0.065153, std=0.988336, min=-1.725700, max=1.730319
[2026-04-28 17:37:13][Rank 0][DEBUG] Step 0 | Gradients: total_norm=0.000000, max=0.000000, min=inf
[2026-04-28 17:37:13][Rank 0][INFO] Step 0 | GPU Memory: allocated=0.21GB, reserved=1.50GB, peak=1.39GB
[2026-04-28 17:37:16][Rank 0][INFO] Epoch 27 complete | train_loss=10.190388, val_loss=10.040423
[2026-04-28 17:37:16][Rank 0][INFO] Epoch 28/600
[2026-04-28 17:37:16][Rank 0][DEBUG] Step 0 | Batch: shape=torch.Size([384]), mean=-0.005106, std=0.994599, min=-1.721081, max=1.718772
[2026-04-28 17:37:16][Rank 0][DEBUG] Step 0 | Gradients: total_norm=0.000000, max=0.000000, min=inf
[2026-04-28 17:37:16][Rank 0][INFO] Step 0 | GPU Memory: allocated=0.21GB, reserved=1.50GB, peak=1.39GB
[2026-04-28 17:37:19][Rank 0][INFO] Epoch 28 complete | train_loss=10.192398, val_loss=10.034295
[2026-04-28 17:37:19][Rank 0][INFO] Epoch 29/600
[2026-04-28 17:37:19][Rank 0][DEBUG] Step 0 | Batch: shape=torch.Size([384]), mean=-0.084233, std=0.988993, min=-1.714153, max=1.731474
[2026-04-28 17:37:19][Rank 0][DEBUG] Step 0 | Gradients: total_norm=0.000000, max=0.000000, min=inf
[2026-04-28 17:37:19][Rank 0][INFO] Step 0 | GPU Memory: allocated=0.21GB, reserved=1.50GB, peak=1.39GB
[2026-04-28 17:37:22][Rank 0][INFO] Epoch 29 complete | train_loss=10.226777, val_loss=10.030005
[2026-04-28 17:37:22][Rank 0][INFO] Epoch 30/600
[2026-04-28 17:37:22][Rank 0][DEBUG] Step 0 | Batch: shape=torch.Size([384]), mean=-0.003308, std=0.977219, min=-1.731474, max=1.728009
[2026-04-28 17:37:22][Rank 0][DEBUG] Step 0 | Gradients: total_norm=0.000000, max=0.000000, min=inf
[2026-04-28 17:37:22][Rank 0][INFO] Step 0 | GPU Memory: allocated=0.21GB, reserved=1.50GB, peak=1.39GB
[2026-04-28 17:37:25][Rank 0][INFO] Epoch 30 complete | train_loss=10.156920, val_loss=10.027938
[2026-04-28 17:37:25][Rank 0][INFO] Epoch 31/600
[2026-04-28 17:37:25][Rank 0][DEBUG] Step 0 | Batch: shape=torch.Size([384]), mean=0.024390, std=1.020412, min=-1.728009, max=1.730319
[2026-04-28 17:37:25][Rank 0][DEBUG] Step 0 | Gradients: total_norm=0.000000, max=0.000000, min=inf
[2026-04-28 17:37:25][Rank 0][INFO] Step 0 | GPU Memory: allocated=0.21GB, reserved=1.50GB, peak=1.39GB
[2026-04-28 17:37:28][Rank 0][INFO] Epoch 31 complete | train_loss=10.177846, val_loss=10.026259
[2026-04-28 17:37:28][Rank 0][INFO] Epoch 32/600
[2026-04-28 17:37:28][Rank 0][DEBUG] Step 0 | Batch: shape=torch.Size([384]), mean=0.008756, std=1.008901, min=-1.716462, max=1.730319
[2026-04-28 17:37:28][Rank 0][DEBUG] Step 0 | Gradients: total_norm=0.000000, max=0.000000, min=inf
[2026-04-28 17:37:28][Rank 0][INFO] Step 0 | GPU Memory: allocated=0.21GB, reserved=1.50GB, peak=1.39GB
[2026-04-28 17:37:31][Rank 0][INFO] Epoch 32 complete | train_loss=10.205219, val_loss=10.022477
[2026-04-28 17:37:31][Rank 0][INFO] Epoch 33/600
[2026-04-28 17:37:31][Rank 0][DEBUG] Step 0 | Batch: shape=torch.Size([384]), mean=-0.003004, std=0.971366, min=-1.721081, max=1.723391
[2026-04-28 17:37:31][Rank 0][DEBUG] Step 0 | Gradients: total_norm=0.000000, max=0.000000, min=inf
[2026-04-28 17:37:31][Rank 0][INFO] Step 0 | GPU Memory: allocated=0.21GB, reserved=1.50GB, peak=1.39GB
[2026-04-28 17:37:34][Rank 0][INFO] Epoch 33 complete | train_loss=10.271898, val_loss=10.024448
[2026-04-28 17:37:34][Rank 0][INFO] Epoch 34/600
[2026-04-28 17:37:34][Rank 0][DEBUG] Step 0 | Batch: shape=torch.Size([384]), mean=0.025984, std=1.007424, min=-1.723391, max=1.730319
[2026-04-28 17:37:34][Rank 0][DEBUG] Step 0 | Gradients: total_norm=0.000000, max=0.000000, min=inf
[2026-04-28 17:37:34][Rank 0][INFO] Step 0 | GPU Memory: allocated=0.21GB, reserved=1.50GB, peak=1.39GB
[2026-04-28 17:37:37][Rank 0][INFO] Epoch 34 complete | train_loss=10.272460, val_loss=10.024393
[2026-04-28 17:37:37][Rank 0][INFO] Epoch 35/600
[2026-04-28 17:37:37][Rank 0][DEBUG] Step 0 | Batch: shape=torch.Size([384]), mean=0.020415, std=1.022251, min=-1.723391, max=1.731474
[2026-04-28 17:37:37][Rank 0][DEBUG] Step 0 | Gradients: total_norm=0.000000, max=0.000000, min=inf
[2026-04-28 17:37:37][Rank 0][INFO] Step 0 | GPU Memory: allocated=0.21GB, reserved=1.50GB, peak=1.39GB
[2026-04-28 17:37:40][Rank 0][INFO] Epoch 35 complete | train_loss=10.212054, val_loss=10.024862
[2026-04-28 17:37:40][Rank 0][INFO] Epoch 36/600
[2026-04-28 17:37:40][Rank 0][DEBUG] Step 0 | Batch: shape=torch.Size([384]), mean=-0.003822, std=1.006785, min=-1.729164, max=1.728009
[2026-04-28 17:37:40][Rank 0][DEBUG] Step 0 | Gradients: total_norm=0.000000, max=0.000000, min=inf
[2026-04-28 17:37:40][Rank 0][INFO] Step 0 | GPU Memory: allocated=0.21GB, reserved=1.50GB, peak=1.39GB
[2026-04-28 17:37:43][Rank 0][INFO] Epoch 36 complete | train_loss=10.157916, val_loss=10.024712
[2026-04-28 17:37:43][Rank 0][INFO] Epoch 37/600
[2026-04-28 17:37:43][Rank 0][DEBUG] Step 0 | Batch: shape=torch.Size([384]), mean=0.003981, std=1.001190, min=-1.726855, max=1.728009
[2026-04-28 17:37:43][Rank 0][DEBUG] Step 0 | Gradients: total_norm=0.000000, max=0.000000, min=inf
[2026-04-28 17:37:43][Rank 0][INFO] Step 0 | GPU Memory: allocated=0.21GB, reserved=1.50GB, peak=1.39GB
[2026-04-28 17:37:46][Rank 0][INFO] Epoch 37 complete | train_loss=10.186711, val_loss=10.022881
[2026-04-28 17:37:46][Rank 0][INFO] Epoch 38/600
[2026-04-28 17:37:46][Rank 0][DEBUG] Step 0 | Batch: shape=torch.Size([384]), mean=-0.042270, std=1.042028, min=-1.726855, max=1.724545
[2026-04-28 17:37:46][Rank 0][DEBUG] Step 0 | Gradients: total_norm=0.000000, max=0.000000, min=inf
[2026-04-28 17:37:46][Rank 0][INFO] Step 0 | GPU Memory: allocated=0.21GB, reserved=1.50GB, peak=1.39GB
[2026-04-28 17:37:49][Rank 0][INFO] Epoch 38 complete | train_loss=10.158883, val_loss=10.020720
[2026-04-28 17:37:49][Rank 0][INFO] Epoch 39/600
[2026-04-28 17:37:49][Rank 0][DEBUG] Step 0 | Batch: shape=torch.Size([384]), mean=-0.009295, std=0.992226, min=-1.726855, max=1.718772
[2026-04-28 17:37:49][Rank 0][DEBUG] Step 0 | Gradients: total_norm=0.000000, max=0.000000, min=inf
[2026-04-28 17:37:49][Rank 0][INFO] Step 0 | GPU Memory: allocated=0.21GB, reserved=1.50GB, peak=1.39GB
[2026-04-28 17:37:51][Rank 0][INFO] Epoch 39 complete | train_loss=10.183846, val_loss=10.020050
[2026-04-28 17:37:51][Rank 0][INFO] Epoch 40/600
[2026-04-28 17:37:51][Rank 0][DEBUG] Step 0 | Batch: shape=torch.Size([384]), mean=0.011340, std=1.042424, min=-1.725700, max=1.715308
[2026-04-28 17:37:52][Rank 0][DEBUG] Step 0 | Gradients: total_norm=0.000000, max=0.000000, min=inf
[2026-04-28 17:37:52][Rank 0][INFO] Step 0 | GPU Memory: allocated=0.21GB, reserved=1.50GB, peak=1.39GB
[2026-04-28 17:37:54][Rank 0][INFO] Epoch 40 complete | train_loss=10.162788, val_loss=10.021526
[2026-04-28 17:37:54][Rank 0][INFO] Epoch 41/600
[2026-04-28 17:37:54][Rank 0][DEBUG] Step 0 | Batch: shape=torch.Size([384]), mean=0.035898, std=0.933373, min=-1.716462, max=1.717617
[2026-04-28 17:37:54][Rank 0][DEBUG] Step 0 | Gradients: total_norm=0.000000, max=0.000000, min=inf
[2026-04-28 17:37:54][Rank 0][INFO] Step 0 | GPU Memory: allocated=0.21GB, reserved=1.50GB, peak=1.39GB
[2026-04-28 17:37:56][Rank 0][INFO] Epoch 41 complete | train_loss=10.116722, val_loss=10.021270
[2026-04-28 17:37:56][Rank 0][INFO] Epoch 42/600
[2026-04-28 17:37:56][Rank 0][DEBUG] Step 0 | Batch: shape=torch.Size([384]), mean=-0.014034, std=0.976793, min=-1.731474, max=1.723391
[2026-04-28 17:37:57][Rank 0][DEBUG] Step 0 | Gradients: total_norm=0.000000, max=0.000000, min=inf
[2026-04-28 17:37:57][Rank 0][INFO] Step 0 | GPU Memory: allocated=0.21GB, reserved=1.50GB, peak=1.39GB
[2026-04-28 17:37:59][Rank 0][INFO] Epoch 42 complete | train_loss=10.204637, val_loss=10.021966
[2026-04-28 17:37:59][Rank 0][INFO] Epoch 43/600
[2026-04-28 17:37:59][Rank 0][DEBUG] Step 0 | Batch: shape=torch.Size([384]), mean=0.041467, std=1.005612, min=-1.729164, max=1.728009
[2026-04-28 17:37:59][Rank 0][DEBUG] Step 0 | Gradients: total_norm=0.000000, max=0.000000, min=inf
[2026-04-28 17:37:59][Rank 0][INFO] Step 0 | GPU Memory: allocated=0.21GB, reserved=1.50GB, peak=1.39GB
[2026-04-28 17:38:02][Rank 0][INFO] Epoch 43 complete | train_loss=10.260751, val_loss=10.020279
[2026-04-28 17:38:02][Rank 0][INFO] Epoch 44/600
[2026-04-28 17:38:02][Rank 0][DEBUG] Step 0 | Batch: shape=torch.Size([384]), mean=-0.033877, std=1.001451, min=-1.728009, max=1.728009
[2026-04-28 17:38:02][Rank 0][DEBUG] Step 0 | Gradients: total_norm=0.000000, max=0.000000, min=inf
[2026-04-28 17:38:02][Rank 0][INFO] Step 0 | GPU Memory: allocated=0.21GB, reserved=1.50GB, peak=1.39GB
[2026-04-28 17:38:05][Rank 0][INFO] Epoch 44 complete | train_loss=10.125193, val_loss=10.018015
[2026-04-28 17:38:05][Rank 0][INFO] Epoch 45/600
[2026-04-28 17:38:05][Rank 0][DEBUG] Step 0 | Batch: shape=torch.Size([384]), mean=-0.013420, std=1.019818, min=-1.728009, max=1.730319
[2026-04-28 17:38:06][Rank 0][DEBUG] Step 0 | Gradients: total_norm=0.000000, max=0.000000, min=inf
[2026-04-28 17:38:06][Rank 0][INFO] Step 0 | GPU Memory: allocated=0.21GB, reserved=1.50GB, peak=1.39GB
[2026-04-28 17:38:08][Rank 0][INFO] Epoch 45 complete | train_loss=10.225739, val_loss=10.019432
[2026-04-28 17:38:08][Rank 0][INFO] Epoch 46/600
[2026-04-28 17:38:08][Rank 0][DEBUG] Step 0 | Batch: shape=torch.Size([384]), mean=0.006414, std=0.994685, min=-1.706070, max=1.724545
[2026-04-28 17:38:08][Rank 0][DEBUG] Step 0 | Gradients: total_norm=0.000000, max=0.000000, min=inf
[2026-04-28 17:38:08][Rank 0][INFO] Step 0 | GPU Memory: allocated=0.21GB, reserved=1.50GB, peak=1.39GB
[2026-04-28 17:38:11][Rank 0][INFO] Epoch 46 complete | train_loss=10.173186, val_loss=10.020215
[2026-04-28 17:38:11][Rank 0][INFO] Epoch 47/600
[2026-04-28 17:38:11][Rank 0][DEBUG] Step 0 | Batch: shape=torch.Size([384]), mean=-0.015892, std=0.979973, min=-1.731474, max=1.731474
[2026-04-28 17:38:11][Rank 0][DEBUG] Step 0 | Gradients: total_norm=0.000000, max=0.000000, min=inf
[2026-04-28 17:38:11][Rank 0][INFO] Step 0 | GPU Memory: allocated=0.21GB, reserved=1.50GB, peak=1.39GB
[2026-04-28 17:38:14][Rank 0][INFO] Epoch 47 complete | train_loss=10.204744, val_loss=10.020666
[2026-04-28 17:38:14][Rank 0][INFO] Epoch 48/600
[2026-04-28 17:38:14][Rank 0][DEBUG] Step 0 | Batch: shape=torch.Size([384]), mean=0.036199, std=1.033737, min=-1.728009, max=1.730319
[2026-04-28 17:38:14][Rank 0][DEBUG] Step 0 | Gradients: total_norm=0.000000, max=0.000000, min=inf
[2026-04-28 17:38:14][Rank 0][INFO] Step 0 | GPU Memory: allocated=0.21GB, reserved=1.50GB, peak=1.39GB
[2026-04-28 17:38:17][Rank 0][INFO] Epoch 48 complete | train_loss=10.149340, val_loss=10.019404
[2026-04-28 17:38:17][Rank 0][INFO] Epoch 49/600
[2026-04-28 17:38:17][Rank 0][DEBUG] Step 0 | Batch: shape=torch.Size([384]), mean=-0.029517, std=0.970508, min=-1.731474, max=1.731474
[2026-04-28 17:38:17][Rank 0][DEBUG] Step 0 | Gradients: total_norm=0.000000, max=0.000000, min=inf
[2026-04-28 17:38:17][Rank 0][INFO] Step 0 | GPU Memory: allocated=0.21GB, reserved=1.50GB, peak=1.39GB
[2026-04-28 17:38:20][Rank 0][INFO] Epoch 49 complete | train_loss=10.247456, val_loss=10.017691
[2026-04-28 17:38:20][Rank 0][INFO] Epoch 50/600
[2026-04-28 17:38:20][Rank 0][DEBUG] Step 0 | Batch: shape=torch.Size([384]), mean=0.004017, std=1.011094, min=-1.718772, max=1.710689
[2026-04-28 17:38:20][Rank 0][DEBUG] Step 0 | Gradients: total_norm=0.000000, max=0.000000, min=inf
[2026-04-28 17:38:20][Rank 0][INFO] Step 0 | GPU Memory: allocated=0.21GB, reserved=1.50GB, peak=1.39GB
[2026-04-28 17:38:23][Rank 0][INFO] Epoch 50 complete | train_loss=10.175317, val_loss=10.017866
[2026-04-28 17:38:23][Rank 0][INFO] Epoch 51/600
[2026-04-28 17:38:23][Rank 0][DEBUG] Step 0 | Batch: shape=torch.Size([384]), mean=-0.092587, std=1.012719, min=-1.731474, max=1.723391
[2026-04-28 17:38:23][Rank 0][DEBUG] Step 0 | Gradients: total_norm=0.000000, max=0.000000, min=inf
[2026-04-28 17:38:23][Rank 0][INFO] Step 0 | GPU Memory: allocated=0.21GB, reserved=1.50GB, peak=1.39GB
[2026-04-28 17:38:26][Rank 0][INFO] Epoch 51 complete | train_loss=10.166702, val_loss=10.017113
[2026-04-28 17:38:26][Rank 0][INFO] Epoch 52/600
[2026-04-28 17:38:26][Rank 0][DEBUG] Step 0 | Batch: shape=torch.Size([384]), mean=-0.013429, std=1.007407, min=-1.728009, max=1.730319
[2026-04-28 17:38:27][Rank 0][DEBUG] Step 0 | Gradients: total_norm=0.000000, max=0.000000, min=inf
[2026-04-28 17:38:27][Rank 0][INFO] Step 0 | GPU Memory: allocated=0.21GB, reserved=1.50GB, peak=1.39GB
[2026-04-28 17:38:29][Rank 0][INFO] Epoch 52 complete | train_loss=10.227754, val_loss=10.016306
[2026-04-28 17:38:29][Rank 0][INFO] Epoch 53/600
[2026-04-28 17:38:29][Rank 0][DEBUG] Step 0 | Batch: shape=torch.Size([384]), mean=0.005229, std=1.013416, min=-1.726855, max=1.712998
[2026-04-28 17:38:29][Rank 0][DEBUG] Step 0 | Gradients: total_norm=0.000000, max=0.000000, min=inf
[2026-04-28 17:38:29][Rank 0][INFO] Step 0 | GPU Memory: allocated=0.21GB, reserved=1.50GB, peak=1.39GB
[2026-04-28 17:38:33][Rank 0][INFO] Epoch 53 complete | train_loss=10.230588, val_loss=10.017852
[2026-04-28 17:38:33][Rank 0][INFO] Epoch 54/600
[2026-04-28 17:38:33][Rank 0][DEBUG] Step 0 | Batch: shape=torch.Size([384]), mean=0.022586, std=1.014372, min=-1.719927, max=1.725700
[2026-04-28 17:38:33][Rank 0][DEBUG] Step 0 | Gradients: total_norm=0.000000, max=0.000000, min=inf
[2026-04-28 17:38:33][Rank 0][INFO] Step 0 | GPU Memory: allocated=0.21GB, reserved=1.50GB, peak=1.39GB
[2026-04-28 17:38:36][Rank 0][INFO] Epoch 54 complete | train_loss=10.232357, val_loss=10.018301
[2026-04-28 17:38:36][Rank 0][INFO] Epoch 55/600
[2026-04-28 17:38:36][Rank 0][DEBUG] Step 0 | Batch: shape=torch.Size([384]), mean=0.075446, std=0.998515, min=-1.724545, max=1.730319
[2026-04-28 17:38:36][Rank 0][DEBUG] Step 0 | Gradients: total_norm=0.000000, max=0.000000, min=inf
[2026-04-28 17:38:36][Rank 0][INFO] Step 0 | GPU Memory: allocated=0.21GB, reserved=1.50GB, peak=1.39GB
[2026-04-28 17:38:40][Rank 0][INFO] Epoch 55 complete | train_loss=10.200733, val_loss=10.018189
[2026-04-28 17:38:40][Rank 0][INFO] Epoch 56/600
[2026-04-28 17:38:40][Rank 0][DEBUG] Step 0 | Batch: shape=torch.Size([384]), mean=-0.082420, std=0.968628, min=-1.729164, max=1.706070
[2026-04-28 17:38:40][Rank 0][DEBUG] Step 0 | Gradients: total_norm=0.000000, max=0.000000, min=inf
[2026-04-28 17:38:40][Rank 0][INFO] Step 0 | GPU Memory: allocated=0.21GB, reserved=1.50GB, peak=1.39GB
[2026-04-28 17:38:43][Rank 0][INFO] Epoch 56 complete | train_loss=10.191324, val_loss=10.019506
[2026-04-28 17:38:43][Rank 0][INFO] Epoch 57/600
[2026-04-28 17:38:43][Rank 0][DEBUG] Step 0 | Batch: shape=torch.Size([384]), mean=0.020986, std=0.973007, min=-1.731474, max=1.728009
[2026-04-28 17:38:43][Rank 0][DEBUG] Step 0 | Gradients: total_norm=0.000000, max=0.000000, min=inf
[2026-04-28 17:38:43][Rank 0][INFO] Step 0 | GPU Memory: allocated=0.21GB, reserved=1.50GB, peak=1.39GB
[2026-04-28 17:38:46][Rank 0][INFO] Epoch 57 complete | train_loss=10.133654, val_loss=10.018574
[2026-04-28 17:38:46][Rank 0][INFO] Epoch 58/600
[2026-04-28 17:38:46][Rank 0][DEBUG] Step 0 | Batch: shape=torch.Size([384]), mean=-0.005094, std=1.009196, min=-1.724545, max=1.729164
[2026-04-28 17:38:46][Rank 0][DEBUG] Step 0 | Gradients: total_norm=0.000000, max=0.000000, min=inf
[2026-04-28 17:38:46][Rank 0][INFO] Step 0 | GPU Memory: allocated=0.21GB, reserved=1.50GB, peak=1.39GB
[2026-04-28 17:38:50][Rank 0][INFO] Epoch 58 complete | train_loss=10.102838, val_loss=10.019273
[2026-04-28 17:38:50][Rank 0][INFO] Epoch 59/600
[2026-04-28 17:38:50][Rank 0][DEBUG] Step 0 | Batch: shape=torch.Size([384]), mean=-0.086744, std=0.973161, min=-1.719927, max=1.731474
[2026-04-28 17:38:50][Rank 0][DEBUG] Step 0 | Gradients: total_norm=0.000000, max=0.000000, min=inf
[2026-04-28 17:38:50][Rank 0][INFO] Step 0 | GPU Memory: allocated=0.21GB, reserved=1.50GB, peak=1.39GB
[2026-04-28 17:38:53][Rank 0][INFO] Epoch 59 complete | train_loss=10.152705, val_loss=10.018044
[2026-04-28 17:38:53][Rank 0][INFO] Epoch 60/600
[2026-04-28 17:38:53][Rank 0][DEBUG] Step 0 | Batch: shape=torch.Size([384]), mean=-0.010762, std=1.026143, min=-1.688750, max=1.723391
[2026-04-28 17:38:53][Rank 0][DEBUG] Step 0 | Gradients: total_norm=0.000000, max=0.000000, min=inf
[2026-04-28 17:38:53][Rank 0][INFO] Step 0 | GPU Memory: allocated=0.21GB, reserved=1.50GB, peak=1.39GB
[2026-04-28 17:38:56][Rank 0][INFO] Epoch 60 complete | train_loss=10.121410, val_loss=10.017395
[2026-04-28 17:38:56][Rank 0][INFO] Epoch 61/600
[2026-04-28 17:38:56][Rank 0][DEBUG] Step 0 | Batch: shape=torch.Size([384]), mean=0.011096, std=0.992938, min=-1.721081, max=1.721081
[2026-04-28 17:38:56][Rank 0][DEBUG] Step 0 | Gradients: total_norm=0.000000, max=0.000000, min=inf
[2026-04-28 17:38:56][Rank 0][INFO] Step 0 | GPU Memory: allocated=0.21GB, reserved=1.50GB, peak=1.39GB
[2026-04-28 17:38:59][Rank 0][INFO] Epoch 61 complete | train_loss=10.123930, val_loss=10.017693
[2026-04-28 17:38:59][Rank 0][INFO] Epoch 62/600
[2026-04-28 17:38:59][Rank 0][DEBUG] Step 0 | Batch: shape=torch.Size([384]), mean=0.020343, std=1.007176, min=-1.714153, max=1.728009
[2026-04-28 17:38:59][Rank 0][DEBUG] Step 0 | Gradients: total_norm=0.000000, max=0.000000, min=inf
[2026-04-28 17:38:59][Rank 0][INFO] Step 0 | GPU Memory: allocated=0.21GB, reserved=1.50GB, peak=1.39GB
[2026-04-28 17:39:02][Rank 0][INFO] Epoch 62 complete | train_loss=10.164824, val_loss=10.017526
[2026-04-28 17:39:02][Rank 0][INFO] Epoch 63/600
[2026-04-28 17:39:02][Rank 0][DEBUG] Step 0 | Batch: shape=torch.Size([384]), mean=-0.019486, std=0.993532, min=-1.725700, max=1.710689
[2026-04-28 17:39:02][Rank 0][DEBUG] Step 0 | Gradients: total_norm=0.000000, max=0.000000, min=inf
[2026-04-28 17:39:02][Rank 0][INFO] Step 0 | GPU Memory: allocated=0.21GB, reserved=1.50GB, peak=1.39GB
[2026-04-28 17:39:05][Rank 0][INFO] Epoch 63 complete | train_loss=10.137998, val_loss=10.018813
[2026-04-28 17:39:05][Rank 0][INFO] Epoch 64/600
[2026-04-28 17:39:05][Rank 0][DEBUG] Step 0 | Batch: shape=torch.Size([384]), mean=-0.040968, std=0.990004, min=-1.702606, max=1.731474
[2026-04-28 17:39:05][Rank 0][DEBUG] Step 0 | Gradients: total_norm=0.000000, max=0.000000, min=inf
[2026-04-28 17:39:05][Rank 0][INFO] Step 0 | GPU Memory: allocated=0.21GB, reserved=1.50GB, peak=1.39GB
[2026-04-28 17:39:08][Rank 0][INFO] Epoch 64 complete | train_loss=10.235304, val_loss=10.020489
[2026-04-28 17:39:08][Rank 0][INFO] Epoch 65/600
[2026-04-28 17:39:08][Rank 0][DEBUG] Step 0 | Batch: shape=torch.Size([384]), mean=0.020346, std=0.968112, min=-1.718772, max=1.725700
[2026-04-28 17:39:08][Rank 0][DEBUG] Step 0 | Gradients: total_norm=0.000000, max=0.000000, min=inf
[2026-04-28 17:39:08][Rank 0][INFO] Step 0 | GPU Memory: allocated=0.21GB, reserved=1.50GB, peak=1.39GB
[2026-04-28 17:39:10][Rank 0][INFO] Epoch 65 complete | train_loss=10.150626, val_loss=10.020975
[2026-04-28 17:39:10][Rank 0][INFO] Epoch 66/600
[2026-04-28 17:39:10][Rank 0][DEBUG] Step 0 | Batch: shape=torch.Size([384]), mean=0.056057, std=1.036640, min=-1.726855, max=1.724545
[2026-04-28 17:39:11][Rank 0][DEBUG] Step 0 | Gradients: total_norm=0.000000, max=0.000000, min=inf
[2026-04-28 17:39:11][Rank 0][INFO] Step 0 | GPU Memory: allocated=0.21GB, reserved=1.50GB, peak=1.39GB
[2026-04-28 17:39:13][Rank 0][INFO] Epoch 66 complete | train_loss=10.204889, val_loss=10.020706
[2026-04-28 17:39:13][Rank 0][INFO] Epoch 67/600
[2026-04-28 17:39:13][Rank 0][DEBUG] Step 0 | Batch: shape=torch.Size([384]), mean=-0.054009, std=0.983150, min=-1.731474, max=1.728009
[2026-04-28 17:39:14][Rank 0][DEBUG] Step 0 | Gradients: total_norm=0.000000, max=0.000000, min=inf
[2026-04-28 17:39:14][Rank 0][INFO] Step 0 | GPU Memory: allocated=0.21GB, reserved=1.50GB, peak=1.39GB
[2026-04-28 17:39:17][Rank 0][INFO] Epoch 67 complete | train_loss=10.169938, val_loss=10.020921
[2026-04-28 17:39:17][Rank 0][INFO] Epoch 68/600
[2026-04-28 17:39:17][Rank 0][DEBUG] Step 0 | Batch: shape=torch.Size([384]), mean=-0.021957, std=1.008980, min=-1.719927, max=1.731474
[2026-04-28 17:39:17][Rank 0][DEBUG] Step 0 | Gradients: total_norm=0.000000, max=0.000000, min=inf
[2026-04-28 17:39:17][Rank 0][INFO] Step 0 | GPU Memory: allocated=0.21GB, reserved=1.50GB, peak=1.39GB
[2026-04-28 17:39:20][Rank 0][INFO] Epoch 68 complete | train_loss=10.147930, val_loss=10.020151
[2026-04-28 17:39:20][Rank 0][INFO] Epoch 69/600
[2026-04-28 17:39:20][Rank 0][DEBUG] Step 0 | Batch: shape=torch.Size([384]), mean=0.001540, std=0.993725, min=-1.721081, max=1.731474
[2026-04-28 17:39:21][Rank 0][DEBUG] Step 0 | Gradients: total_norm=0.000000, max=0.000000, min=inf
[2026-04-28 17:39:21][Rank 0][INFO] Step 0 | GPU Memory: allocated=0.21GB, reserved=1.50GB, peak=1.39GB
[2026-04-28 17:39:24][Rank 0][INFO] Epoch 69 complete | train_loss=10.117524, val_loss=10.020111
[2026-04-28 17:39:24][Rank 0][INFO] Epoch 70/600
[2026-04-28 17:39:24][Rank 0][DEBUG] Step 0 | Batch: shape=torch.Size([384]), mean=0.040087, std=0.989315, min=-1.731474, max=1.723391
[2026-04-28 17:39:24][Rank 0][DEBUG] Step 0 | Gradients: total_norm=0.000000, max=0.000000, min=inf
[2026-04-28 17:39:24][Rank 0][INFO] Step 0 | GPU Memory: allocated=0.21GB, reserved=1.50GB, peak=1.39GB
[2026-04-28 17:39:26][Rank 0][INFO] Epoch 70 complete | train_loss=10.191771, val_loss=10.017748
[2026-04-28 17:39:26][Rank 0][INFO] Epoch 71/600
[2026-04-28 17:39:26][Rank 0][DEBUG] Step 0 | Batch: shape=torch.Size([384]), mean=0.010022, std=1.002954, min=-1.729164, max=1.724545
[2026-04-28 17:39:27][Rank 0][DEBUG] Step 0 | Gradients: total_norm=0.000000, max=0.000000, min=inf
[2026-04-28 17:39:27][Rank 0][INFO] Step 0 | GPU Memory: allocated=0.21GB, reserved=1.50GB, peak=1.39GB
[2026-04-28 17:39:29][Rank 0][INFO] Epoch 71 complete | train_loss=10.169497, val_loss=10.016638
[2026-04-28 17:39:29][Rank 0][INFO] Epoch 72/600
[2026-04-28 17:39:29][Rank 0][DEBUG] Step 0 | Batch: shape=torch.Size([384]), mean=-0.039422, std=1.007629, min=-1.729164, max=1.725700
[2026-04-28 17:39:30][Rank 0][DEBUG] Step 0 | Gradients: total_norm=0.000000, max=0.000000, min=inf
[2026-04-28 17:39:30][Rank 0][INFO] Step 0 | GPU Memory: allocated=0.21GB, reserved=1.50GB, peak=1.39GB
[2026-04-28 17:39:32][Rank 0][INFO] Epoch 72 complete | train_loss=10.195157, val_loss=10.016665
[2026-04-28 17:39:32][Rank 0][INFO] Epoch 73/600
[2026-04-28 17:39:32][Rank 0][DEBUG] Step 0 | Batch: shape=torch.Size([384]), mean=-0.017008, std=0.982481, min=-1.717617, max=1.725700
[2026-04-28 17:39:32][Rank 0][DEBUG] Step 0 | Gradients: total_norm=0.000000, max=0.000000, min=inf
[2026-04-28 17:39:32][Rank 0][INFO] Step 0 | GPU Memory: allocated=0.21GB, reserved=1.50GB, peak=1.39GB
[2026-04-28 17:39:35][Rank 0][INFO] Epoch 73 complete | train_loss=10.245184, val_loss=10.018092
[2026-04-28 17:39:35][Rank 0][INFO] Epoch 74/600
[2026-04-28 17:39:35][Rank 0][DEBUG] Step 0 | Batch: shape=torch.Size([384]), mean=-0.026739, std=0.984121, min=-1.718772, max=1.724545
[2026-04-28 17:39:35][Rank 0][DEBUG] Step 0 | Gradients: total_norm=0.000000, max=0.000000, min=inf
[2026-04-28 17:39:35][Rank 0][INFO] Step 0 | GPU Memory: allocated=0.21GB, reserved=1.50GB, peak=1.39GB
[2026-04-28 17:39:37][Rank 0][INFO] Epoch 74 complete | train_loss=10.159394, val_loss=10.019263
[2026-04-28 17:39:37][Rank 0][INFO] Epoch 75/600
[2026-04-28 17:39:37][Rank 0][DEBUG] Step 0 | Batch: shape=torch.Size([384]), mean=0.077160, std=0.964509, min=-1.719927, max=1.725700
[2026-04-28 17:39:38][Rank 0][DEBUG] Step 0 | Gradients: total_norm=0.000000, max=0.000000, min=inf
[2026-04-28 17:39:38][Rank 0][INFO] Step 0 | GPU Memory: allocated=0.21GB, reserved=1.50GB, peak=1.39GB
[2026-04-28 17:39:40][Rank 0][INFO] Epoch 75 complete | train_loss=10.125765, val_loss=10.019320
[2026-04-28 17:39:40][Rank 0][INFO] Epoch 76/600
[2026-04-28 17:39:40][Rank 0][DEBUG] Step 0 | Batch: shape=torch.Size([384]), mean=0.013183, std=0.969646, min=-1.717617, max=1.731474
[2026-04-28 17:39:40][Rank 0][DEBUG] Step 0 | Gradients: total_norm=0.000000, max=0.000000, min=inf
[2026-04-28 17:39:40][Rank 0][INFO] Step 0 | GPU Memory: allocated=0.21GB, reserved=1.50GB, peak=1.39GB
[2026-04-28 17:39:43][Rank 0][INFO] Epoch 76 complete | train_loss=10.208926, val_loss=10.018625
[2026-04-28 17:39:43][Rank 0][INFO] Epoch 77/600
[2026-04-28 17:39:43][Rank 0][DEBUG] Step 0 | Batch: shape=torch.Size([384]), mean=0.027950, std=0.978214, min=-1.704915, max=1.730319
[2026-04-28 17:39:43][Rank 0][DEBUG] Step 0 | Gradients: total_norm=0.000000, max=0.000000, min=inf
[2026-04-28 17:39:43][Rank 0][INFO] Step 0 | GPU Memory: allocated=0.21GB, reserved=1.50GB, peak=1.39GB
[2026-04-28 17:39:46][Rank 0][INFO] Epoch 77 complete | train_loss=10.238826, val_loss=10.017256
[2026-04-28 17:39:46][Rank 0][INFO] Epoch 78/600
[2026-04-28 17:39:46][Rank 0][DEBUG] Step 0 | Batch: shape=torch.Size([384]), mean=-0.060011, std=0.985473, min=-1.729164, max=1.731474
[2026-04-28 17:39:46][Rank 0][DEBUG] Step 0 | Gradients: total_norm=0.000000, max=0.000000, min=inf
[2026-04-28 17:39:46][Rank 0][INFO] Step 0 | GPU Memory: allocated=0.21GB, reserved=1.50GB, peak=1.39GB
[2026-04-28 17:39:48][Rank 0][INFO] Epoch 78 complete | train_loss=10.185230, val_loss=10.015887
[2026-04-28 17:39:48][Rank 0][INFO] Epoch 79/600
[2026-04-28 17:39:48][Rank 0][DEBUG] Step 0 | Batch: shape=torch.Size([384]), mean=-0.009586, std=1.028519, min=-1.702606, max=1.731474
[2026-04-28 17:39:48][Rank 0][DEBUG] Step 0 | Gradients: total_norm=0.000000, max=0.000000, min=inf
[2026-04-28 17:39:48][Rank 0][INFO] Step 0 | GPU Memory: allocated=0.21GB, reserved=1.50GB, peak=1.39GB
[2026-04-28 17:39:51][Rank 0][INFO] Epoch 79 complete | train_loss=10.165935, val_loss=10.016424
[2026-04-28 17:39:51][Rank 0][INFO] Epoch 80/600
[2026-04-28 17:39:51][Rank 0][DEBUG] Step 0 | Batch: shape=torch.Size([384]), mean=0.009247, std=0.972732, min=-1.719927, max=1.702606
[2026-04-28 17:39:51][Rank 0][DEBUG] Step 0 | Gradients: total_norm=0.000000, max=0.000000, min=inf
[2026-04-28 17:39:51][Rank 0][INFO] Step 0 | GPU Memory: allocated=0.21GB, reserved=1.50GB, peak=1.39GB
[2026-04-28 17:39:54][Rank 0][INFO] Epoch 80 complete | train_loss=10.214414, val_loss=10.015434
[2026-04-28 17:39:54][Rank 0][INFO] Epoch 81/600
[2026-04-28 17:39:54][Rank 0][DEBUG] Step 0 | Batch: shape=torch.Size([384]), mean=-0.022589, std=0.994758, min=-1.731474, max=1.731474
[2026-04-28 17:39:54][Rank 0][DEBUG] Step 0 | Gradients: total_norm=0.000000, max=0.000000, min=inf
[2026-04-28 17:39:54][Rank 0][INFO] Step 0 | GPU Memory: allocated=0.21GB, reserved=1.50GB, peak=1.39GB
[2026-04-28 17:39:56][Rank 0][INFO] Epoch 81 complete | train_loss=10.183215, val_loss=10.015955
[2026-04-28 17:39:56][Rank 0][INFO] Epoch 82/600
[2026-04-28 17:39:57][Rank 0][DEBUG] Step 0 | Batch: shape=torch.Size([384]), mean=0.023608, std=0.932700, min=-1.729164, max=1.731474
[2026-04-28 17:39:57][Rank 0][DEBUG] Step 0 | Gradients: total_norm=0.000000, max=0.000000, min=inf
[2026-04-28 17:39:57][Rank 0][INFO] Step 0 | GPU Memory: allocated=0.21GB, reserved=1.50GB, peak=1.39GB
[2026-04-28 17:39:59][Rank 0][INFO] Epoch 82 complete | train_loss=10.144584, val_loss=10.017217
[2026-04-28 17:39:59][Rank 0][INFO] Epoch 83/600
[2026-04-28 17:39:59][Rank 0][DEBUG] Step 0 | Batch: shape=torch.Size([384]), mean=-0.008729, std=1.053462, min=-1.723391, max=1.708380
[2026-04-28 17:39:59][Rank 0][DEBUG] Step 0 | Gradients: total_norm=0.000000, max=0.000000, min=inf
[2026-04-28 17:39:59][Rank 0][INFO] Step 0 | GPU Memory: allocated=0.21GB, reserved=1.50GB, peak=1.39GB
[2026-04-28 17:40:03][Rank 0][INFO] Epoch 83 complete | train_loss=10.234392, val_loss=10.016564
[2026-04-28 17:40:03][Rank 0][INFO] Epoch 84/600
[2026-04-28 17:40:03][Rank 0][DEBUG] Step 0 | Batch: shape=torch.Size([384]), mean=0.027030, std=1.005310, min=-1.724545, max=1.710689
[2026-04-28 17:40:03][Rank 0][DEBUG] Step 0 | Gradients: total_norm=0.000000, max=0.000000, min=inf
[2026-04-28 17:40:03][Rank 0][INFO] Step 0 | GPU Memory: allocated=0.21GB, reserved=1.50GB, peak=1.39GB
[2026-04-28 17:40:06][Rank 0][INFO] Epoch 84 complete | train_loss=10.107020, val_loss=10.016528
[2026-04-28 17:40:06][Rank 0][INFO] Epoch 85/600
[2026-04-28 17:40:06][Rank 0][DEBUG] Step 0 | Batch: shape=torch.Size([384]), mean=0.029328, std=0.959927, min=-1.731474, max=1.731474
[2026-04-28 17:40:06][Rank 0][DEBUG] Step 0 | Gradients: total_norm=0.000000, max=0.000000, min=inf
[2026-04-28 17:40:06][Rank 0][INFO] Step 0 | GPU Memory: allocated=0.21GB, reserved=1.50GB, peak=1.39GB
[2026-04-28 17:40:09][Rank 0][INFO] Epoch 85 complete | train_loss=10.162038, val_loss=10.015342
[2026-04-28 17:40:09][Rank 0][INFO] Epoch 86/600
[2026-04-28 17:40:09][Rank 0][DEBUG] Step 0 | Batch: shape=torch.Size([384]), mean=0.019410, std=0.964900, min=-1.708380, max=1.723391
[2026-04-28 17:40:09][Rank 0][DEBUG] Step 0 | Gradients: total_norm=0.000000, max=0.000000, min=inf
[2026-04-28 17:40:09][Rank 0][INFO] Step 0 | GPU Memory: allocated=0.21GB, reserved=1.50GB, peak=1.39GB
[2026-04-28 17:40:13][Rank 0][INFO] Epoch 86 complete | train_loss=10.111860, val_loss=10.015104
[2026-04-28 17:40:13][Rank 0][INFO] Epoch 87/600
[2026-04-28 17:40:13][Rank 0][DEBUG] Step 0 | Batch: shape=torch.Size([384]), mean=0.001819, std=0.988490, min=-1.714153, max=1.707225
[2026-04-28 17:40:13][Rank 0][DEBUG] Step 0 | Gradients: total_norm=0.000000, max=0.000000, min=inf
[2026-04-28 17:40:13][Rank 0][INFO] Step 0 | GPU Memory: allocated=0.21GB, reserved=1.50GB, peak=1.39GB
[2026-04-28 17:40:16][Rank 0][INFO] Epoch 87 complete | train_loss=10.124549, val_loss=10.016050
[2026-04-28 17:40:16][Rank 0][INFO] Epoch 88/600
[2026-04-28 17:40:16][Rank 0][DEBUG] Step 0 | Batch: shape=torch.Size([384]), mean=-0.025978, std=1.004381, min=-1.731474, max=1.728009
[2026-04-28 17:40:16][Rank 0][DEBUG] Step 0 | Gradients: total_norm=0.000000, max=0.000000, min=inf
[2026-04-28 17:40:16][Rank 0][INFO] Step 0 | GPU Memory: allocated=0.21GB, reserved=1.50GB, peak=1.39GB
[2026-04-28 17:40:19][Rank 0][INFO] Epoch 88 complete | train_loss=10.192362, val_loss=10.016950
[2026-04-28 17:40:19][Rank 0][INFO] Epoch 89/600
[2026-04-28 17:40:19][Rank 0][DEBUG] Step 0 | Batch: shape=torch.Size([384]), mean=-0.008576, std=0.978972, min=-1.719927, max=1.725700
[2026-04-28 17:40:19][Rank 0][DEBUG] Step 0 | Gradients: total_norm=0.000000, max=0.000000, min=inf
[2026-04-28 17:40:19][Rank 0][INFO] Step 0 | GPU Memory: allocated=0.21GB, reserved=1.50GB, peak=1.39GB
[2026-04-28 17:40:22][Rank 0][INFO] Epoch 89 complete | train_loss=10.105221, val_loss=10.018429
[2026-04-28 17:40:22][Rank 0][INFO] Epoch 90/600
[2026-04-28 17:40:22][Rank 0][DEBUG] Step 0 | Batch: shape=torch.Size([384]), mean=-0.003921, std=1.024405, min=-1.729164, max=1.724545
[2026-04-28 17:40:22][Rank 0][DEBUG] Step 0 | Gradients: total_norm=0.000000, max=0.000000, min=inf
[2026-04-28 17:40:22][Rank 0][INFO] Step 0 | GPU Memory: allocated=0.21GB, reserved=1.50GB, peak=1.39GB
[2026-04-28 17:40:24][Rank 0][INFO] Epoch 90 complete | train_loss=10.125257, val_loss=10.016569
[2026-04-28 17:40:24][Rank 0][INFO] Epoch 91/600
[2026-04-28 17:40:24][Rank 0][DEBUG] Step 0 | Batch: shape=torch.Size([384]), mean=0.006582, std=1.008158, min=-1.721081, max=1.724545
[2026-04-28 17:40:25][Rank 0][DEBUG] Step 0 | Gradients: total_norm=0.000000, max=0.000000, min=inf
[2026-04-28 17:40:25][Rank 0][INFO] Step 0 | GPU Memory: allocated=0.21GB, reserved=1.50GB, peak=1.39GB
[2026-04-28 17:40:27][Rank 0][INFO] Epoch 91 complete | train_loss=10.159743, val_loss=10.014950
[2026-04-28 17:40:27][Rank 0][INFO] Epoch 92/600
[2026-04-28 17:40:27][Rank 0][DEBUG] Step 0 | Batch: shape=torch.Size([384]), mean=-0.025229, std=1.009689, min=-1.728009, max=1.728009
[2026-04-28 17:40:27][Rank 0][DEBUG] Step 0 | Gradients: total_norm=0.000000, max=0.000000, min=inf
[2026-04-28 17:40:27][Rank 0][INFO] Step 0 | GPU Memory: allocated=0.21GB, reserved=1.50GB, peak=1.39GB
[2026-04-28 17:40:30][Rank 0][INFO] Epoch 92 complete | train_loss=10.226535, val_loss=10.013976
[2026-04-28 17:40:30][Rank 0][INFO] Epoch 93/600
[2026-04-28 17:40:30][Rank 0][DEBUG] Step 0 | Batch: shape=torch.Size([384]), mean=-0.031433, std=0.996567, min=-1.723391, max=1.724545
[2026-04-28 17:40:31][Rank 0][DEBUG] Step 0 | Gradients: total_norm=0.000000, max=0.000000, min=inf
[2026-04-28 17:40:31][Rank 0][INFO] Step 0 | GPU Memory: allocated=0.21GB, reserved=1.50GB, peak=1.39GB
[2026-04-28 17:40:33][Rank 0][INFO] Epoch 93 complete | train_loss=10.200130, val_loss=10.014235
[2026-04-28 17:40:33][Rank 0][INFO] Epoch 94/600
[2026-04-28 17:40:33][Rank 0][DEBUG] Step 0 | Batch: shape=torch.Size([384]), mean=-0.010037, std=0.991404, min=-1.729164, max=1.729164
[2026-04-28 17:40:34][Rank 0][DEBUG] Step 0 | Gradients: total_norm=0.000000, max=0.000000, min=inf
[2026-04-28 17:40:34][Rank 0][INFO] Step 0 | GPU Memory: allocated=0.21GB, reserved=1.50GB, peak=1.39GB
[2026-04-28 17:40:37][Rank 0][INFO] Epoch 94 complete | train_loss=10.164269, val_loss=10.016670
[2026-04-28 17:40:37][Rank 0][INFO] Epoch 95/600
[2026-04-28 17:40:37][Rank 0][DEBUG] Step 0 | Batch: shape=torch.Size([384]), mean=-0.135719, std=0.938733, min=-1.714153, max=1.722236
[2026-04-28 17:40:37][Rank 0][DEBUG] Step 0 | Gradients: total_norm=0.000000, max=0.000000, min=inf
[2026-04-28 17:40:37][Rank 0][INFO] Step 0 | GPU Memory: allocated=0.21GB, reserved=1.50GB, peak=1.39GB
[2026-04-28 17:40:39][Rank 0][INFO] Epoch 95 complete | train_loss=10.153434, val_loss=10.018132
[2026-04-28 17:40:39][Rank 0][INFO] Epoch 96/600
[2026-04-28 17:40:39][Rank 0][DEBUG] Step 0 | Batch: shape=torch.Size([384]), mean=0.022441, std=1.020135, min=-1.731474, max=1.724545
[2026-04-28 17:40:40][Rank 0][DEBUG] Step 0 | Gradients: total_norm=0.000000, max=0.000000, min=inf
[2026-04-28 17:40:40][Rank 0][INFO] Step 0 | GPU Memory: allocated=0.21GB, reserved=1.50GB, peak=1.39GB
[2026-04-28 17:40:42][Rank 0][INFO] Epoch 96 complete | train_loss=10.165648, val_loss=10.018312
[2026-04-28 17:40:42][Rank 0][INFO] Epoch 97/600
[2026-04-28 17:40:42][Rank 0][DEBUG] Step 0 | Batch: shape=torch.Size([384]), mean=0.043596, std=0.983026, min=-1.726855, max=1.725700
[2026-04-28 17:40:42][Rank 0][DEBUG] Step 0 | Gradients: total_norm=0.000000, max=0.000000, min=inf
[2026-04-28 17:40:42][Rank 0][INFO] Step 0 | GPU Memory: allocated=0.21GB, reserved=1.50GB, peak=1.39GB
[2026-04-28 17:40:45][Rank 0][INFO] Epoch 97 complete | train_loss=10.208134, val_loss=10.018342
[2026-04-28 17:40:45][Rank 0][INFO] Epoch 98/600
[2026-04-28 17:40:45][Rank 0][DEBUG] Step 0 | Batch: shape=torch.Size([384]), mean=-0.047550, std=1.004472, min=-1.724545, max=1.719927
[2026-04-28 17:40:45][Rank 0][DEBUG] Step 0 | Gradients: total_norm=0.000000, max=0.000000, min=inf
[2026-04-28 17:40:45][Rank 0][INFO] Step 0 | GPU Memory: allocated=0.21GB, reserved=1.50GB, peak=1.39GB
[2026-04-28 17:40:48][Rank 0][INFO] Epoch 98 complete | train_loss=10.255594, val_loss=10.016971
[2026-04-28 17:40:48][Rank 0][INFO] Epoch 99/600
[2026-04-28 17:40:48][Rank 0][DEBUG] Step 0 | Batch: shape=torch.Size([384]), mean=-0.041509, std=0.992043, min=-1.697987, max=1.728009
[2026-04-28 17:40:48][Rank 0][DEBUG] Step 0 | Gradients: total_norm=0.000000, max=0.000000, min=inf
[2026-04-28 17:40:48][Rank 0][INFO] Step 0 | GPU Memory: allocated=0.21GB, reserved=1.50GB, peak=1.39GB
[2026-04-28 17:40:50][Rank 0][INFO] Epoch 99 complete | train_loss=10.163860, val_loss=10.016852
[2026-04-28 17:40:50][Rank 0][INFO] Epoch 100/600
[2026-04-28 17:40:50][Rank 0][DEBUG] Step 0 | Batch: shape=torch.Size([384]), mean=-0.024435, std=0.996972, min=-1.726855, max=1.728009
[2026-04-28 17:40:51][Rank 0][DEBUG] Step 0 | Gradients: total_norm=0.000000, max=0.000000, min=inf
[2026-04-28 17:40:51][Rank 0][INFO] Step 0 | GPU Memory: allocated=0.21GB, reserved=1.50GB, peak=1.39GB
[2026-04-28 17:40:53][Rank 0][INFO] Epoch 100 complete | train_loss=10.148905, val_loss=10.015376
[2026-04-28 17:40:53][Rank 0][INFO] Epoch 101/600
[2026-04-28 17:40:53][Rank 0][DEBUG] Step 0 | Batch: shape=torch.Size([384]), mean=-0.011499, std=0.995429, min=-1.715308, max=1.729164
[2026-04-28 17:40:53][Rank 0][DEBUG] Step 0 | Gradients: total_norm=0.000000, max=0.000000, min=inf
[2026-04-28 17:40:53][Rank 0][INFO] Step 0 | GPU Memory: allocated=0.21GB, reserved=1.50GB, peak=1.39GB
[2026-04-28 17:40:56][Rank 0][INFO] Epoch 101 complete | train_loss=10.101996, val_loss=10.015271
[2026-04-28 17:40:56][Rank 0][INFO] Epoch 102/600
[2026-04-28 17:40:56][Rank 0][DEBUG] Step 0 | Batch: shape=torch.Size([384]), mean=0.043533, std=1.018624, min=-1.719927, max=1.730319
[2026-04-28 17:40:56][Rank 0][DEBUG] Step 0 | Gradients: total_norm=0.000000, max=0.000000, min=inf
[2026-04-28 17:40:56][Rank 0][INFO] Step 0 | GPU Memory: allocated=0.21GB, reserved=1.50GB, peak=1.39GB
[2026-04-28 17:40:59][Rank 0][INFO] Epoch 102 complete | train_loss=10.106426, val_loss=10.016897
[2026-04-28 17:40:59][Rank 0][INFO] Epoch 103/600
[2026-04-28 17:40:59][Rank 0][DEBUG] Step 0 | Batch: shape=torch.Size([384]), mean=0.054445, std=0.981968, min=-1.719927, max=1.729164
[2026-04-28 17:40:59][Rank 0][DEBUG] Step 0 | Gradients: total_norm=0.000000, max=0.000000, min=inf
[2026-04-28 17:40:59][Rank 0][INFO] Step 0 | GPU Memory: allocated=0.21GB, reserved=1.50GB, peak=1.39GB
[2026-04-28 17:41:01][Rank 0][INFO] Epoch 103 complete | train_loss=10.186728, val_loss=10.018960
[2026-04-28 17:41:01][Rank 0][INFO] Epoch 104/600
[2026-04-28 17:41:01][Rank 0][DEBUG] Step 0 | Batch: shape=torch.Size([384]), mean=-0.043599, std=0.974589, min=-1.707225, max=1.729164
[2026-04-28 17:41:02][Rank 0][DEBUG] Step 0 | Gradients: total_norm=0.000000, max=0.000000, min=inf
[2026-04-28 17:41:02][Rank 0][INFO] Step 0 | GPU Memory: allocated=0.21GB, reserved=1.50GB, peak=1.39GB
[2026-04-28 17:41:04][Rank 0][INFO] Epoch 104 complete | train_loss=10.308487, val_loss=10.020314
[2026-04-28 17:41:04][Rank 0][INFO] Epoch 105/600
[2026-04-28 17:41:04][Rank 0][DEBUG] Step 0 | Batch: shape=torch.Size([384]), mean=-0.016067, std=0.980510, min=-1.721081, max=1.719927
[2026-04-28 17:41:05][Rank 0][DEBUG] Step 0 | Gradients: total_norm=0.000000, max=0.000000, min=inf
[2026-04-28 17:41:05][Rank 0][INFO] Step 0 | GPU Memory: allocated=0.21GB, reserved=1.50GB, peak=1.39GB
[2026-04-28 17:41:08][Rank 0][INFO] Epoch 105 complete | train_loss=10.251593, val_loss=10.019053
[2026-04-28 17:41:08][Rank 0][INFO] Epoch 106/600
[2026-04-28 17:41:08][Rank 0][DEBUG] Step 0 | Batch: shape=torch.Size([384]), mean=0.047469, std=0.996852, min=-1.729164, max=1.721081
[2026-04-28 17:41:08][Rank 0][DEBUG] Step 0 | Gradients: total_norm=0.000000, max=0.000000, min=inf
[2026-04-28 17:41:08][Rank 0][INFO] Step 0 | GPU Memory: allocated=0.21GB, reserved=1.50GB, peak=1.39GB
[2026-04-28 17:41:10][Rank 0][INFO] Epoch 106 complete | train_loss=10.189646, val_loss=10.017813
[2026-04-28 17:41:10][Rank 0][INFO] Epoch 107/600
[2026-04-28 17:41:10][Rank 0][DEBUG] Step 0 | Batch: shape=torch.Size([384]), mean=-0.015131, std=0.992225, min=-1.724545, max=1.725700
[2026-04-28 17:41:10][Rank 0][DEBUG] Step 0 | Gradients: total_norm=0.000000, max=0.000000, min=inf
[2026-04-28 17:41:10][Rank 0][INFO] Step 0 | GPU Memory: allocated=0.21GB, reserved=1.50GB, peak=1.39GB
[2026-04-28 17:41:13][Rank 0][INFO] Epoch 107 complete | train_loss=10.134761, val_loss=10.016725
[2026-04-28 17:41:13][Rank 0][INFO] Epoch 108/600
[2026-04-28 17:41:13][Rank 0][DEBUG] Step 0 | Batch: shape=torch.Size([384]), mean=-0.040935, std=1.014431, min=-1.723391, max=1.725700
[2026-04-28 17:41:13][Rank 0][DEBUG] Step 0 | Gradients: total_norm=0.000000, max=0.000000, min=inf
[2026-04-28 17:41:13][Rank 0][INFO] Step 0 | GPU Memory: allocated=0.21GB, reserved=1.50GB, peak=1.39GB
[2026-04-28 17:41:15][Rank 0][INFO] Epoch 108 complete | train_loss=10.195492, val_loss=10.016575
[2026-04-28 17:41:15][Rank 0][INFO] Epoch 109/600
[2026-04-28 17:41:15][Rank 0][DEBUG] Step 0 | Batch: shape=torch.Size([384]), mean=0.006664, std=1.038610, min=-1.721081, max=1.729164
[2026-04-28 17:41:16][Rank 0][DEBUG] Step 0 | Gradients: total_norm=0.000000, max=0.000000, min=inf
[2026-04-28 17:41:16][Rank 0][INFO] Step 0 | GPU Memory: allocated=0.21GB, reserved=1.50GB, peak=1.39GB
[2026-04-28 17:41:18][Rank 0][INFO] Epoch 109 complete | train_loss=10.237273, val_loss=10.017618
[2026-04-28 17:41:18][Rank 0][INFO] Epoch 110/600
[2026-04-28 17:41:18][Rank 0][DEBUG] Step 0 | Batch: shape=torch.Size([384]), mean=0.029075, std=1.022925, min=-1.726855, max=1.722236
[2026-04-28 17:41:18][Rank 0][DEBUG] Step 0 | Gradients: total_norm=0.000000, max=0.000000, min=inf
[2026-04-28 17:41:18][Rank 0][INFO] Step 0 | GPU Memory: allocated=0.21GB, reserved=1.50GB, peak=1.39GB
[2026-04-28 17:41:21][Rank 0][INFO] Epoch 110 complete | train_loss=10.132368, val_loss=10.017468
[2026-04-28 17:41:21][Rank 0][INFO] Epoch 111/600
[2026-04-28 17:41:21][Rank 0][DEBUG] Step 0 | Batch: shape=torch.Size([384]), mean=-0.086804, std=1.026644, min=-1.725700, max=1.730319
[2026-04-28 17:41:21][Rank 0][DEBUG] Step 0 | Gradients: total_norm=0.000000, max=0.000000, min=inf
[2026-04-28 17:41:21][Rank 0][INFO] Step 0 | GPU Memory: allocated=0.21GB, reserved=1.50GB, peak=1.39GB
[2026-04-28 17:41:24][Rank 0][INFO] Epoch 111 complete | train_loss=10.061962, val_loss=10.016995
[2026-04-28 17:41:24][Rank 0][INFO] Epoch 112/600
[2026-04-28 17:41:24][Rank 0][DEBUG] Step 0 | Batch: shape=torch.Size([384]), mean=0.042643, std=0.963095, min=-1.723391, max=1.719927
[2026-04-28 17:41:24][Rank 0][DEBUG] Step 0 | Gradients: total_norm=0.000000, max=0.000000, min=inf
[2026-04-28 17:41:24][Rank 0][INFO] Step 0 | GPU Memory: allocated=0.21GB, reserved=1.50GB, peak=1.39GB
[2026-04-28 17:41:26][Rank 0][INFO] Epoch 112 complete | train_loss=10.177315, val_loss=10.017021
[2026-04-28 17:41:26][Rank 0][INFO] Epoch 113/600
[2026-04-28 17:41:26][Rank 0][DEBUG] Step 0 | Batch: shape=torch.Size([384]), mean=0.006985, std=1.042987, min=-1.731474, max=1.731474
[2026-04-28 17:41:26][Rank 0][DEBUG] Step 0 | Gradients: total_norm=0.000000, max=0.000000, min=inf
[2026-04-28 17:41:26][Rank 0][INFO] Step 0 | GPU Memory: allocated=0.21GB, reserved=1.50GB, peak=1.39GB
[2026-04-28 17:41:29][Rank 0][INFO] Epoch 113 complete | train_loss=10.110888, val_loss=10.017595
[2026-04-28 17:41:29][Rank 0][INFO] Epoch 114/600
[2026-04-28 17:41:29][Rank 0][DEBUG] Step 0 | Batch: shape=torch.Size([384]), mean=-0.000562, std=1.007294, min=-1.731474, max=1.722236
[2026-04-28 17:41:29][Rank 0][DEBUG] Step 0 | Gradients: total_norm=0.000000, max=0.000000, min=inf
[2026-04-28 17:41:29][Rank 0][INFO] Step 0 | GPU Memory: allocated=0.21GB, reserved=1.50GB, peak=1.39GB
[2026-04-28 17:41:32][Rank 0][INFO] Epoch 114 complete | train_loss=10.140662, val_loss=10.016492
[2026-04-28 17:41:32][Rank 0][INFO] Epoch 115/600
[2026-04-28 17:41:32][Rank 0][DEBUG] Step 0 | Batch: shape=torch.Size([384]), mean=-0.067042, std=1.028339, min=-1.729164, max=1.702606
[2026-04-28 17:41:32][Rank 0][DEBUG] Step 0 | Gradients: total_norm=0.000000, max=0.000000, min=inf
[2026-04-28 17:41:32][Rank 0][INFO] Step 0 | GPU Memory: allocated=0.21GB, reserved=1.50GB, peak=1.39GB
[2026-04-28 17:41:35][Rank 0][INFO] Epoch 115 complete | train_loss=10.191999, val_loss=10.015301
[2026-04-28 17:41:35][Rank 0][INFO] Epoch 116/600
[2026-04-28 17:41:35][Rank 0][DEBUG] Step 0 | Batch: shape=torch.Size([384]), mean=0.045827, std=0.993354, min=-1.712998, max=1.714153
[2026-04-28 17:41:35][Rank 0][DEBUG] Step 0 | Gradients: total_norm=0.000000, max=0.000000, min=inf
[2026-04-28 17:41:35][Rank 0][INFO] Step 0 | GPU Memory: allocated=0.21GB, reserved=1.50GB, peak=1.39GB
[2026-04-28 17:41:38][Rank 0][INFO] Epoch 116 complete | train_loss=10.075153, val_loss=10.014838
[2026-04-28 17:41:38][Rank 0][INFO] Epoch 117/600
[2026-04-28 17:41:38][Rank 0][DEBUG] Step 0 | Batch: shape=torch.Size([384]), mean=-0.008949, std=0.998285, min=-1.707225, max=1.714153
[2026-04-28 17:41:39][Rank 0][DEBUG] Step 0 | Gradients: total_norm=0.000000, max=0.000000, min=inf
[2026-04-28 17:41:39][Rank 0][INFO] Step 0 | GPU Memory: allocated=0.21GB, reserved=1.50GB, peak=1.39GB
[2026-04-28 17:41:41][Rank 0][INFO] Epoch 117 complete | train_loss=10.218713, val_loss=10.014831
[2026-04-28 17:41:41][Rank 0][INFO] Epoch 118/600
[2026-04-28 17:41:41][Rank 0][DEBUG] Step 0 | Batch: shape=torch.Size([384]), mean=-0.006739, std=1.000501, min=-1.726855, max=1.728009
[2026-04-28 17:41:41][Rank 0][DEBUG] Step 0 | Gradients: total_norm=0.000000, max=0.000000, min=inf
[2026-04-28 17:41:41][Rank 0][INFO] Step 0 | GPU Memory: allocated=0.21GB, reserved=1.50GB, peak=1.39GB
[2026-04-28 17:41:44][Rank 0][INFO] Epoch 118 complete | train_loss=10.222122, val_loss=10.015136
[2026-04-28 17:41:44][Rank 0][INFO] Epoch 119/600
[2026-04-28 17:41:44][Rank 0][DEBUG] Step 0 | Batch: shape=torch.Size([384]), mean=0.071161, std=1.026269, min=-1.731474, max=1.730319
[2026-04-28 17:41:44][Rank 0][DEBUG] Step 0 | Gradients: total_norm=0.000000, max=0.000000, min=inf
[2026-04-28 17:41:44][Rank 0][INFO] Step 0 | GPU Memory: allocated=0.21GB, reserved=1.50GB, peak=1.39GB
[2026-04-28 17:41:46][Rank 0][INFO] Epoch 119 complete | train_loss=10.234765, val_loss=10.015852
[2026-04-28 17:41:46][Rank 0][INFO] Epoch 120/600
[2026-04-28 17:41:46][Rank 0][DEBUG] Step 0 | Batch: shape=torch.Size([384]), mean=-0.021413, std=0.973364, min=-1.708380, max=1.699142
[2026-04-28 17:41:47][Rank 0][DEBUG] Step 0 | Gradients: total_norm=0.000000, max=0.000000, min=inf
[2026-04-28 17:41:47][Rank 0][INFO] Step 0 | GPU Memory: allocated=0.21GB, reserved=1.50GB, peak=1.39GB
[2026-04-28 17:41:49][Rank 0][INFO] Epoch 120 complete | train_loss=10.198286, val_loss=10.015897
[2026-04-28 17:41:49][Rank 0][INFO] Epoch 121/600
[2026-04-28 17:41:49][Rank 0][DEBUG] Step 0 | Batch: shape=torch.Size([384]), mean=-0.007406, std=0.959533, min=-1.725700, max=1.715308
[2026-04-28 17:41:49][Rank 0][DEBUG] Step 0 | Gradients: total_norm=0.000000, max=0.000000, min=inf
[2026-04-28 17:41:49][Rank 0][INFO] Step 0 | GPU Memory: allocated=0.21GB, reserved=1.50GB, peak=1.39GB
[2026-04-28 17:41:52][Rank 0][INFO] Epoch 121 complete | train_loss=10.177765, val_loss=10.015416
[2026-04-28 17:41:52][Rank 0][INFO] Epoch 122/600
[2026-04-28 17:41:52][Rank 0][DEBUG] Step 0 | Batch: shape=torch.Size([384]), mean=0.044528, std=0.976483, min=-1.708380, max=1.724545
[2026-04-28 17:41:52][Rank 0][DEBUG] Step 0 | Gradients: total_norm=0.000000, max=0.000000, min=inf
[2026-04-28 17:41:52][Rank 0][INFO] Step 0 | GPU Memory: allocated=0.21GB, reserved=1.50GB, peak=1.39GB
[2026-04-28 17:41:54][Rank 0][INFO] Epoch 122 complete | train_loss=10.106534, val_loss=10.015041
[2026-04-28 17:42:00][Rank 0][INFO] Training complete!
[2026-04-28 18:02:48][Rank 0][INFO] Starting training...
[2026-04-28 18:02:48][Rank 0][INFO] World size: 1
[2026-04-28 18:02:48][Rank 0][INFO] Batch size per GPU: 1536
[2026-04-28 18:02:48][Rank 0][INFO] Effective batch size: 1536
[2026-04-28 18:02:48][Rank 0][INFO] Epoch 1/140
[2026-04-28 18:02:48][Rank 0][DEBUG] Step 0 | Batch: shape=torch.Size([1536]), mean=-0.007438, std=1.005436, min=-1.731474, max=1.730319
[2026-04-28 18:02:49][Rank 0][DEBUG] Step 0 | Gradients: total_norm=0.000000, max=0.000000, min=inf
[2026-04-28 18:02:49][Rank 0][INFO] Step 0 | GPU Memory: allocated=0.19GB, reserved=1.60GB, peak=1.38GB
[2026-04-28 18:02:50][Rank 0][INFO] Epoch 1 complete | train_loss=1.007249, val_loss=0.929738
[2026-04-28 18:02:50][Rank 0][INFO] Epoch 2/140
[2026-04-28 18:02:50][Rank 0][DEBUG] Step 0 | Batch: shape=torch.Size([1536]), mean=-0.014849, std=0.996499, min=-1.731474, max=1.729164
[2026-04-28 18:02:50][Rank 0][DEBUG] Step 0 | Gradients: total_norm=0.000000, max=0.000000, min=inf
[2026-04-28 18:02:50][Rank 0][INFO] Step 0 | GPU Memory: allocated=0.41GB, reserved=1.91GB, peak=1.71GB
[2026-04-28 18:02:51][Rank 0][INFO] Epoch 2 complete | train_loss=0.953591, val_loss=0.865397
[2026-04-28 18:02:51][Rank 0][INFO] Epoch 3/140
[2026-04-28 18:02:51][Rank 0][DEBUG] Step 0 | Batch: shape=torch.Size([1536]), mean=0.015205, std=0.996018, min=-1.731474, max=1.731474
[2026-04-28 18:02:51][Rank 0][DEBUG] Step 0 | Gradients: total_norm=0.000000, max=0.000000, min=inf
[2026-04-28 18:02:51][Rank 0][INFO] Step 0 | GPU Memory: allocated=0.41GB, reserved=1.97GB, peak=1.71GB
[2026-04-28 18:02:51][Rank 0][INFO] Epoch 3 complete | train_loss=0.896773, val_loss=0.814055
[2026-04-28 18:02:51][Rank 0][INFO] Epoch 4/140
[2026-04-28 18:02:51][Rank 0][DEBUG] Step 0 | Batch: shape=torch.Size([1536]), mean=-0.007365, std=1.002662, min=-1.731474, max=1.731474
[2026-04-28 18:02:51][Rank 0][DEBUG] Step 0 | Gradients: total_norm=0.000000, max=0.000000, min=inf
[2026-04-28 18:02:51][Rank 0][INFO] Step 0 | GPU Memory: allocated=0.41GB, reserved=1.97GB, peak=1.71GB
[2026-04-28 18:02:51][Rank 0][INFO] Epoch 4 complete | train_loss=0.833949, val_loss=0.828467
[2026-04-28 18:02:51][Rank 0][INFO] Epoch 5/140
[2026-04-28 18:02:51][Rank 0][DEBUG] Step 0 | Batch: shape=torch.Size([1536]), mean=0.011236, std=1.008583, min=-1.729164, max=1.731474
[2026-04-28 18:02:52][Rank 0][DEBUG] Step 0 | Gradients: total_norm=0.000000, max=0.000000, min=inf
[2026-04-28 18:02:52][Rank 0][INFO] Step 0 | GPU Memory: allocated=0.41GB, reserved=1.99GB, peak=1.71GB
[2026-04-28 18:02:52][Rank 0][INFO] Epoch 5 complete | train_loss=0.852657, val_loss=0.807035
[2026-04-28 18:02:52][Rank 0][INFO] Epoch 6/140
[2026-04-28 18:02:52][Rank 0][DEBUG] Step 0 | Batch: shape=torch.Size([1536]), mean=0.001161, std=1.000344, min=-1.731474, max=1.731474
[2026-04-28 18:02:52][Rank 0][DEBUG] Step 0 | Gradients: total_norm=0.000000, max=0.000000, min=inf
[2026-04-28 18:02:52][Rank 0][INFO] Step 0 | GPU Memory: allocated=0.41GB, reserved=1.99GB, peak=1.71GB
[2026-04-28 18:02:52][Rank 0][INFO] Epoch 6 complete | train_loss=0.814829, val_loss=0.793701
[2026-04-28 18:02:52][Rank 0][INFO] Epoch 7/140
[2026-04-28 18:02:52][Rank 0][DEBUG] Step 0 | Batch: shape=torch.Size([1536]), mean=0.044187, std=1.000189, min=-1.731474, max=1.730319
[2026-04-28 18:02:52][Rank 0][DEBUG] Step 0 | Gradients: total_norm=0.000000, max=0.000000, min=inf
[2026-04-28 18:02:52][Rank 0][INFO] Step 0 | GPU Memory: allocated=0.41GB, reserved=1.99GB, peak=1.71GB
[2026-04-28 18:02:53][Rank 0][INFO] Epoch 7 complete | train_loss=0.806392, val_loss=0.796637
[2026-04-28 18:02:53][Rank 0][INFO] Epoch 8/140
[2026-04-28 18:02:53][Rank 0][DEBUG] Step 0 | Batch: shape=torch.Size([1536]), mean=-0.024403, std=1.011031, min=-1.729164, max=1.731474
[2026-04-28 18:02:53][Rank 0][DEBUG] Step 0 | Gradients: total_norm=0.000000, max=0.000000, min=inf
[2026-04-28 18:02:53][Rank 0][INFO] Step 0 | GPU Memory: allocated=0.41GB, reserved=1.99GB, peak=1.71GB
[2026-04-28 18:02:53][Rank 0][INFO] Epoch 8 complete | train_loss=0.806519, val_loss=0.794429
[2026-04-28 18:02:53][Rank 0][INFO] Epoch 9/140
[2026-04-28 18:02:53][Rank 0][DEBUG] Step 0 | Batch: shape=torch.Size([1536]), mean=0.032205, std=1.005506, min=-1.731474, max=1.729164
[2026-04-28 18:02:53][Rank 0][DEBUG] Step 0 | Gradients: total_norm=0.000000, max=0.000000, min=inf
[2026-04-28 18:02:53][Rank 0][INFO] Step 0 | GPU Memory: allocated=0.41GB, reserved=1.99GB, peak=1.71GB
[2026-04-28 18:02:53][Rank 0][INFO] Epoch 9 complete | train_loss=0.794672, val_loss=0.795333
[2026-04-28 18:02:53][Rank 0][INFO] Epoch 10/140
[2026-04-28 18:02:53][Rank 0][DEBUG] Step 0 | Batch: shape=torch.Size([1536]), mean=0.024360, std=0.998374, min=-1.729164, max=1.731474
[2026-04-28 18:02:53][Rank 0][DEBUG] Step 0 | Gradients: total_norm=0.000000, max=0.000000, min=inf
[2026-04-28 18:02:53][Rank 0][INFO] Step 0 | GPU Memory: allocated=0.41GB, reserved=1.99GB, peak=1.71GB
[2026-04-28 18:02:54][Rank 0][INFO] Epoch 10 complete | train_loss=0.778165, val_loss=0.796191
[2026-04-28 18:02:54][Rank 0][INFO] Epoch 11/140
[2026-04-28 18:02:54][Rank 0][DEBUG] Step 0 | Batch: shape=torch.Size([1536]), mean=0.019555, std=0.991811, min=-1.729164, max=1.730319
[2026-04-28 18:02:54][Rank 0][DEBUG] Step 0 | Gradients: total_norm=0.000000, max=0.000000, min=inf
[2026-04-28 18:02:54][Rank 0][INFO] Step 0 | GPU Memory: allocated=0.41GB, reserved=1.99GB, peak=1.71GB
[2026-04-28 18:02:54][Rank 0][INFO] Epoch 11 complete | train_loss=0.775765, val_loss=0.796833
[2026-04-28 18:02:54][Rank 0][INFO] Epoch 12/140
[2026-04-28 18:02:54][Rank 0][DEBUG] Step 0 | Batch: shape=torch.Size([1536]), mean=-0.009056, std=1.002372, min=-1.731474, max=1.729164
[2026-04-28 18:02:54][Rank 0][DEBUG] Step 0 | Gradients: total_norm=0.000000, max=0.000000, min=inf
[2026-04-28 18:02:54][Rank 0][INFO] Step 0 | GPU Memory: allocated=0.41GB, reserved=1.99GB, peak=1.71GB
[2026-04-28 18:02:54][Rank 0][INFO] Epoch 12 complete | train_loss=0.774153, val_loss=0.791724
[2026-04-28 18:02:54][Rank 0][INFO] Epoch 13/140
[2026-04-28 18:02:54][Rank 0][DEBUG] Step 0 | Batch: shape=torch.Size([1536]), mean=0.002670, std=1.011983, min=-1.728009, max=1.730319
[2026-04-28 18:02:55][Rank 0][DEBUG] Step 0 | Gradients: total_norm=0.000000, max=0.000000, min=inf
[2026-04-28 18:02:55][Rank 0][INFO] Step 0 | GPU Memory: allocated=0.41GB, reserved=1.99GB, peak=1.71GB
[2026-04-28 18:02:55][Rank 0][INFO] Epoch 13 complete | train_loss=0.767496, val_loss=0.791819
[2026-04-28 18:02:55][Rank 0][INFO] Epoch 14/140
[2026-04-28 18:02:55][Rank 0][DEBUG] Step 0 | Batch: shape=torch.Size([1536]), mean=0.005838, std=0.995567, min=-1.729164, max=1.731474
[2026-04-28 18:02:55][Rank 0][DEBUG] Step 0 | Gradients: total_norm=0.000000, max=0.000000, min=inf
[2026-04-28 18:02:55][Rank 0][INFO] Step 0 | GPU Memory: allocated=0.41GB, reserved=1.99GB, peak=1.71GB
[2026-04-28 18:02:55][Rank 0][INFO] Epoch 14 complete | train_loss=0.758394, val_loss=0.794541
[2026-04-28 18:02:55][Rank 0][INFO] Epoch 15/140
[2026-04-28 18:02:55][Rank 0][DEBUG] Step 0 | Batch: shape=torch.Size([1536]), mean=0.005964, std=0.995049, min=-1.728009, max=1.730319
[2026-04-28 18:02:55][Rank 0][DEBUG] Step 0 | Gradients: total_norm=0.000000, max=0.000000, min=inf
[2026-04-28 18:02:55][Rank 0][INFO] Step 0 | GPU Memory: allocated=0.41GB, reserved=1.99GB, peak=1.71GB
[2026-04-28 18:02:56][Rank 0][INFO] Epoch 15 complete | train_loss=0.755482, val_loss=0.793270
[2026-04-28 18:02:56][Rank 0][INFO] Epoch 16/140
[2026-04-28 18:02:56][Rank 0][DEBUG] Step 0 | Batch: shape=torch.Size([1536]), mean=0.006836, std=1.001060, min=-1.731474, max=1.731474
[2026-04-28 18:02:56][Rank 0][DEBUG] Step 0 | Gradients: total_norm=0.000000, max=0.000000, min=inf
[2026-04-28 18:02:56][Rank 0][INFO] Step 0 | GPU Memory: allocated=0.41GB, reserved=1.99GB, peak=1.71GB
[2026-04-28 18:02:56][Rank 0][INFO] Epoch 16 complete | train_loss=0.751114, val_loss=0.792687
[2026-04-28 18:02:56][Rank 0][INFO] Epoch 17/140
[2026-04-28 18:02:56][Rank 0][DEBUG] Step 0 | Batch: shape=torch.Size([1536]), mean=-0.006304, std=0.996695, min=-1.731474, max=1.731474
[2026-04-28 18:02:56][Rank 0][DEBUG] Step 0 | Gradients: total_norm=0.000000, max=0.000000, min=inf
[2026-04-28 18:02:56][Rank 0][INFO] Step 0 | GPU Memory: allocated=0.41GB, reserved=1.99GB, peak=1.71GB
[2026-04-28 18:02:56][Rank 0][INFO] Epoch 17 complete | train_loss=0.741258, val_loss=0.792239
[2026-04-28 18:02:56][Rank 0][INFO] Epoch 18/140
[2026-04-28 18:02:56][Rank 0][DEBUG] Step 0 | Batch: shape=torch.Size([1536]), mean=0.024104, std=0.996466, min=-1.728009, max=1.731474
[2026-04-28 18:02:56][Rank 0][DEBUG] Step 0 | Gradients: total_norm=0.000000, max=0.000000, min=inf
[2026-04-28 18:02:56][Rank 0][INFO] Step 0 | GPU Memory: allocated=0.41GB, reserved=1.99GB, peak=1.71GB
[2026-04-28 18:02:57][Rank 0][INFO] Epoch 18 complete | train_loss=0.735525, val_loss=0.792704
[2026-04-28 18:02:57][Rank 0][INFO] Epoch 19/140
[2026-04-28 18:02:57][Rank 0][DEBUG] Step 0 | Batch: shape=torch.Size([1536]), mean=0.017018, std=0.999985, min=-1.728009, max=1.729164
[2026-04-28 18:02:57][Rank 0][DEBUG] Step 0 | Gradients: total_norm=0.000000, max=0.000000, min=inf
[2026-04-28 18:02:57][Rank 0][INFO] Step 0 | GPU Memory: allocated=0.41GB, reserved=1.99GB, peak=1.71GB
[2026-04-28 18:02:57][Rank 0][INFO] Epoch 19 complete | train_loss=0.732826, val_loss=0.793169
[2026-04-28 18:02:57][Rank 0][INFO] Epoch 20/140
[2026-04-28 18:02:57][Rank 0][DEBUG] Step 0 | Batch: shape=torch.Size([1536]), mean=-0.002125, std=1.025165, min=-1.731474, max=1.731474
[2026-04-28 18:02:57][Rank 0][DEBUG] Step 0 | Gradients: total_norm=0.000000, max=0.000000, min=inf
[2026-04-28 18:02:57][Rank 0][INFO] Step 0 | GPU Memory: allocated=0.41GB, reserved=1.99GB, peak=1.71GB
[2026-04-28 18:02:57][Rank 0][INFO] Epoch 20 complete | train_loss=0.719140, val_loss=0.794584
[2026-04-28 18:02:57][Rank 0][INFO] Epoch 21/140
[2026-04-28 18:02:57][Rank 0][DEBUG] Step 0 | Batch: shape=torch.Size([1536]), mean=0.004358, std=1.004350, min=-1.731474, max=1.731474
[2026-04-28 18:02:58][Rank 0][DEBUG] Step 0 | Gradients: total_norm=0.000000, max=0.000000, min=inf
[2026-04-28 18:02:58][Rank 0][INFO] Step 0 | GPU Memory: allocated=0.41GB, reserved=1.99GB, peak=1.71GB
[2026-04-28 18:02:58][Rank 0][INFO] Epoch 21 complete | train_loss=0.721689, val_loss=0.795448
[2026-04-28 18:02:58][Rank 0][INFO] Epoch 22/140
[2026-04-28 18:02:58][Rank 0][DEBUG] Step 0 | Batch: shape=torch.Size([1536]), mean=-0.005986, std=0.998587, min=-1.729164, max=1.731474
[2026-04-28 18:02:58][Rank 0][DEBUG] Step 0 | Gradients: total_norm=0.000000, max=0.000000, min=inf
[2026-04-28 18:02:58][Rank 0][INFO] Step 0 | GPU Memory: allocated=0.41GB, reserved=1.99GB, peak=1.71GB
[2026-04-28 18:02:58][Rank 0][INFO] Epoch 22 complete | train_loss=0.717655, val_loss=0.793360
[2026-04-28 18:02:58][Rank 0][INFO] Epoch 23/140
[2026-04-28 18:02:58][Rank 0][DEBUG] Step 0 | Batch: shape=torch.Size([1536]), mean=-0.036011, std=0.995135, min=-1.731474, max=1.729164
[2026-04-28 18:02:58][Rank 0][DEBUG] Step 0 | Gradients: total_norm=0.000000, max=0.000000, min=inf
[2026-04-28 18:02:58][Rank 0][INFO] Step 0 | GPU Memory: allocated=0.41GB, reserved=1.99GB, peak=1.71GB
[2026-04-28 18:02:58][Rank 0][INFO] Epoch 23 complete | train_loss=0.705470, val_loss=0.788434
[2026-04-28 18:02:58][Rank 0][INFO] Epoch 24/140
[2026-04-28 18:02:58][Rank 0][DEBUG] Step 0 | Batch: shape=torch.Size([1536]), mean=-0.002203, std=0.994677, min=-1.729164, max=1.728009
[2026-04-28 18:02:59][Rank 0][DEBUG] Step 0 | Gradients: total_norm=0.000000, max=0.000000, min=inf
[2026-04-28 18:02:59][Rank 0][INFO] Step 0 | GPU Memory: allocated=0.41GB, reserved=1.99GB, peak=1.71GB
[2026-04-28 18:02:59][Rank 0][INFO] Epoch 24 complete | train_loss=0.706214, val_loss=0.781247
[2026-04-28 18:02:59][Rank 0][INFO] Epoch 25/140
[2026-04-28 18:02:59][Rank 0][DEBUG] Step 0 | Batch: shape=torch.Size([1536]), mean=0.007613, std=1.002386, min=-1.731474, max=1.731474
[2026-04-28 18:02:59][Rank 0][DEBUG] Step 0 | Gradients: total_norm=0.000000, max=0.000000, min=inf
[2026-04-28 18:02:59][Rank 0][INFO] Step 0 | GPU Memory: allocated=0.41GB, reserved=1.99GB, peak=1.71GB
[2026-04-28 18:02:59][Rank 0][INFO] Epoch 25 complete | train_loss=0.705209, val_loss=0.779047
[2026-04-28 18:02:59][Rank 0][INFO] Epoch 26/140
[2026-04-28 18:02:59][Rank 0][DEBUG] Step 0 | Batch: shape=torch.Size([1536]), mean=-0.009154, std=0.988148, min=-1.731474, max=1.731474
[2026-04-28 18:02:59][Rank 0][DEBUG] Step 0 | Gradients: total_norm=0.000000, max=0.000000, min=inf
[2026-04-28 18:02:59][Rank 0][INFO] Step 0 | GPU Memory: allocated=0.41GB, reserved=1.99GB, peak=1.71GB
[2026-04-28 18:03:00][Rank 0][INFO] Epoch 26 complete | train_loss=0.690546, val_loss=0.785065
[2026-04-28 18:03:00][Rank 0][INFO] Epoch 27/140
[2026-04-28 18:03:00][Rank 0][DEBUG] Step 0 | Batch: shape=torch.Size([1536]), mean=0.010879, std=0.999337, min=-1.729164, max=1.731474
[2026-04-28 18:03:00][Rank 0][DEBUG] Step 0 | Gradients: total_norm=0.000000, max=0.000000, min=inf
[2026-04-28 18:03:00][Rank 0][INFO] Step 0 | GPU Memory: allocated=0.41GB, reserved=1.99GB, peak=1.71GB
[2026-04-28 18:03:00][Rank 0][INFO] Epoch 27 complete | train_loss=0.689072, val_loss=0.789187
[2026-04-28 18:03:00][Rank 0][INFO] Epoch 28/140
[2026-04-28 18:03:00][Rank 0][DEBUG] Step 0 | Batch: shape=torch.Size([1536]), mean=0.003345, std=0.997965, min=-1.731474, max=1.731474
[2026-04-28 18:03:00][Rank 0][DEBUG] Step 0 | Gradients: total_norm=0.000000, max=0.000000, min=inf
[2026-04-28 18:03:00][Rank 0][INFO] Step 0 | GPU Memory: allocated=0.41GB, reserved=1.99GB, peak=1.71GB
[2026-04-28 18:03:00][Rank 0][INFO] Epoch 28 complete | train_loss=0.687874, val_loss=0.791386
[2026-04-28 18:03:00][Rank 0][INFO] Epoch 29/140
[2026-04-28 18:03:00][Rank 0][DEBUG] Step 0 | Batch: shape=torch.Size([1536]), mean=-0.023508, std=0.994539, min=-1.728009, max=1.731474
[2026-04-28 18:03:00][Rank 0][DEBUG] Step 0 | Gradients: total_norm=0.000000, max=0.000000, min=inf
[2026-04-28 18:03:00][Rank 0][INFO] Step 0 | GPU Memory: allocated=0.41GB, reserved=1.99GB, peak=1.71GB
[2026-04-28 18:03:01][Rank 0][INFO] Epoch 29 complete | train_loss=0.680971, val_loss=0.789902
[2026-04-28 18:03:01][Rank 0][INFO] Epoch 30/140
[2026-04-28 18:03:01][Rank 0][DEBUG] Step 0 | Batch: shape=torch.Size([1536]), mean=0.031520, std=0.996128, min=-1.731474, max=1.731474
[2026-04-28 18:03:01][Rank 0][DEBUG] Step 0 | Gradients: total_norm=0.000000, max=0.000000, min=inf
[2026-04-28 18:03:01][Rank 0][INFO] Step 0 | GPU Memory: allocated=0.41GB, reserved=1.99GB, peak=1.71GB
[2026-04-28 18:03:01][Rank 0][INFO] Epoch 30 complete | train_loss=0.670718, val_loss=0.787113
[2026-04-28 18:03:01][Rank 0][INFO] Epoch 31/140
[2026-04-28 18:03:01][Rank 0][DEBUG] Step 0 | Batch: shape=torch.Size([1536]), mean=0.014554, std=1.002681, min=-1.729164, max=1.730319
[2026-04-28 18:03:01][Rank 0][DEBUG] Step 0 | Gradients: total_norm=0.000000, max=0.000000, min=inf
[2026-04-28 18:03:01][Rank 0][INFO] Step 0 | GPU Memory: allocated=0.41GB, reserved=1.99GB, peak=1.71GB
[2026-04-28 18:03:01][Rank 0][INFO] Epoch 31 complete | train_loss=0.666842, val_loss=0.790889
[2026-04-28 18:03:01][Rank 0][INFO] Epoch 32/140
[2026-04-28 18:03:01][Rank 0][DEBUG] Step 0 | Batch: shape=torch.Size([1536]), mean=0.030818, std=1.004348, min=-1.729164, max=1.731474
[2026-04-28 18:03:01][Rank 0][DEBUG] Step 0 | Gradients: total_norm=0.000000, max=0.000000, min=inf
[2026-04-28 18:03:01][Rank 0][INFO] Step 0 | GPU Memory: allocated=0.41GB, reserved=1.99GB, peak=1.71GB
[2026-04-28 18:03:02][Rank 0][INFO] Epoch 32 complete | train_loss=0.659407, val_loss=0.796261
[2026-04-28 18:03:02][Rank 0][INFO] Epoch 33/140
[2026-04-28 18:03:02][Rank 0][DEBUG] Step 0 | Batch: shape=torch.Size([1536]), mean=-0.014244, std=0.998486, min=-1.731474, max=1.730319
[2026-04-28 18:03:02][Rank 0][DEBUG] Step 0 | Gradients: total_norm=0.000000, max=0.000000, min=inf
[2026-04-28 18:03:02][Rank 0][INFO] Step 0 | GPU Memory: allocated=0.41GB, reserved=1.99GB, peak=1.71GB
[2026-04-28 18:03:02][Rank 0][INFO] Epoch 33 complete | train_loss=0.656823, val_loss=0.795689
[2026-04-28 18:03:02][Rank 0][INFO] Epoch 34/140
[2026-04-28 18:03:02][Rank 0][DEBUG] Step 0 | Batch: shape=torch.Size([1536]), mean=-0.004168, std=0.996977, min=-1.731474, max=1.731474
[2026-04-28 18:03:02][Rank 0][DEBUG] Step 0 | Gradients: total_norm=0.000000, max=0.000000, min=inf
[2026-04-28 18:03:02][Rank 0][INFO] Step 0 | GPU Memory: allocated=0.41GB, reserved=1.99GB, peak=1.71GB
[2026-04-28 18:03:03][Rank 0][INFO] Epoch 34 complete | train_loss=0.652527, val_loss=0.795101
[2026-04-28 18:03:03][Rank 0][INFO] Epoch 35/140
[2026-04-28 18:03:03][Rank 0][DEBUG] Step 0 | Batch: shape=torch.Size([1536]), mean=0.001130, std=0.992245, min=-1.729164, max=1.730319
[2026-04-28 18:03:03][Rank 0][DEBUG] Step 0 | Gradients: total_norm=0.000000, max=0.000000, min=inf
[2026-04-28 18:03:03][Rank 0][INFO] Step 0 | GPU Memory: allocated=0.41GB, reserved=1.99GB, peak=1.71GB
[2026-04-28 18:03:03][Rank 0][INFO] Epoch 35 complete | train_loss=0.637432, val_loss=0.798951
[2026-04-28 18:03:03][Rank 0][INFO] Epoch 36/140
[2026-04-28 18:03:03][Rank 0][DEBUG] Step 0 | Batch: shape=torch.Size([1536]), mean=-0.012067, std=1.009055, min=-1.728009, max=1.730319
[2026-04-28 18:03:03][Rank 0][DEBUG] Step 0 | Gradients: total_norm=0.000000, max=0.000000, min=inf
[2026-04-28 18:03:03][Rank 0][INFO] Step 0 | GPU Memory: allocated=0.41GB, reserved=1.99GB, peak=1.71GB
[2026-04-28 18:03:03][Rank 0][INFO] Epoch 36 complete | train_loss=0.635845, val_loss=0.807044
[2026-04-28 18:03:03][Rank 0][INFO] Epoch 37/140
[2026-04-28 18:03:03][Rank 0][DEBUG] Step 0 | Batch: shape=torch.Size([1536]), mean=0.007201, std=0.996586, min=-1.731474, max=1.729164
[2026-04-28 18:03:03][Rank 0][DEBUG] Step 0 | Gradients: total_norm=0.000000, max=0.000000, min=inf
[2026-04-28 18:03:03][Rank 0][INFO] Step 0 | GPU Memory: allocated=0.41GB, reserved=1.99GB, peak=1.71GB
[2026-04-28 18:03:04][Rank 0][INFO] Epoch 37 complete | train_loss=0.632086, val_loss=0.809400
[2026-04-28 18:03:04][Rank 0][INFO] Epoch 38/140
[2026-04-28 18:03:04][Rank 0][DEBUG] Step 0 | Batch: shape=torch.Size([1536]), mean=-0.011358, std=1.007094, min=-1.731474, max=1.729164
[2026-04-28 18:03:04][Rank 0][DEBUG] Step 0 | Gradients: total_norm=0.000000, max=0.000000, min=inf
[2026-04-28 18:03:04][Rank 0][INFO] Step 0 | GPU Memory: allocated=0.41GB, reserved=1.99GB, peak=1.71GB
[2026-04-28 18:03:04][Rank 0][INFO] Epoch 38 complete | train_loss=0.632557, val_loss=0.806378
[2026-04-28 18:03:04][Rank 0][INFO] Epoch 39/140
[2026-04-28 18:03:04][Rank 0][DEBUG] Step 0 | Batch: shape=torch.Size([1536]), mean=-0.023089, std=1.001846, min=-1.729164, max=1.728009
[2026-04-28 18:03:04][Rank 0][DEBUG] Step 0 | Gradients: total_norm=0.000000, max=0.000000, min=inf
[2026-04-28 18:03:04][Rank 0][INFO] Step 0 | GPU Memory: allocated=0.41GB, reserved=1.99GB, peak=1.71GB
[2026-04-28 18:03:05][Rank 0][INFO] Epoch 39 complete | train_loss=0.619751, val_loss=0.808702
[2026-04-28 18:03:05][Rank 0][INFO] Epoch 40/140
[2026-04-28 18:03:05][Rank 0][DEBUG] Step 0 | Batch: shape=torch.Size([1536]), mean=-0.012102, std=0.997026, min=-1.729164, max=1.731474
[2026-04-28 18:03:05][Rank 0][DEBUG] Step 0 | Gradients: total_norm=0.000000, max=0.000000, min=inf
[2026-04-28 18:03:05][Rank 0][INFO] Step 0 | GPU Memory: allocated=0.41GB, reserved=1.99GB, peak=1.71GB
[2026-04-28 18:03:05][Rank 0][INFO] Epoch 40 complete | train_loss=0.612161, val_loss=0.814325
[2026-04-28 18:03:05][Rank 0][INFO] Epoch 41/140
[2026-04-28 18:03:05][Rank 0][DEBUG] Step 0 | Batch: shape=torch.Size([1536]), mean=0.021033, std=0.990891, min=-1.731474, max=1.730319
[2026-04-28 18:03:05][Rank 0][DEBUG] Step 0 | Gradients: total_norm=0.000000, max=0.000000, min=inf
[2026-04-28 18:03:05][Rank 0][INFO] Step 0 | GPU Memory: allocated=0.41GB, reserved=1.99GB, peak=1.71GB
[2026-04-28 18:03:05][Rank 0][INFO] Epoch 41 complete | train_loss=0.611341, val_loss=0.814217
[2026-04-28 18:03:05][Rank 0][INFO] Epoch 42/140
[2026-04-28 18:03:05][Rank 0][DEBUG] Step 0 | Batch: shape=torch.Size([1536]), mean=-0.005846, std=0.995790, min=-1.731474, max=1.731474
[2026-04-28 18:03:05][Rank 0][DEBUG] Step 0 | Gradients: total_norm=0.000000, max=0.000000, min=inf
[2026-04-28 18:03:05][Rank 0][INFO] Step 0 | GPU Memory: allocated=0.41GB, reserved=1.99GB, peak=1.71GB
[2026-04-28 18:03:06][Rank 0][INFO] Epoch 42 complete | train_loss=0.606787, val_loss=0.812372
[2026-04-28 18:03:06][Rank 0][INFO] Epoch 43/140
[2026-04-28 18:03:06][Rank 0][DEBUG] Step 0 | Batch: shape=torch.Size([1536]), mean=0.002966, std=1.005295, min=-1.729164, max=1.731474
[2026-04-28 18:03:06][Rank 0][DEBUG] Step 0 | Gradients: total_norm=0.000000, max=0.000000, min=inf
[2026-04-28 18:03:06][Rank 0][INFO] Step 0 | GPU Memory: allocated=0.41GB, reserved=1.99GB, peak=1.71GB
[2026-04-28 18:03:06][Rank 0][INFO] Epoch 43 complete | train_loss=0.603642, val_loss=0.813335
[2026-04-28 18:03:06][Rank 0][INFO] Epoch 44/140
[2026-04-28 18:03:06][Rank 0][DEBUG] Step 0 | Batch: shape=torch.Size([1536]), mean=-0.007313, std=0.994942, min=-1.731474, max=1.731474
[2026-04-28 18:03:06][Rank 0][DEBUG] Step 0 | Gradients: total_norm=0.000000, max=0.000000, min=inf
[2026-04-28 18:03:06][Rank 0][INFO] Step 0 | GPU Memory: allocated=0.41GB, reserved=1.99GB, peak=1.71GB
[2026-04-28 18:03:07][Rank 0][INFO] Epoch 44 complete | train_loss=0.603748, val_loss=0.816247
[2026-04-28 18:03:07][Rank 0][INFO] Epoch 45/140
[2026-04-28 18:03:07][Rank 0][DEBUG] Step 0 | Batch: shape=torch.Size([1536]), mean=0.009074, std=1.001970, min=-1.731474, max=1.731474
[2026-04-28 18:03:07][Rank 0][DEBUG] Step 0 | Gradients: total_norm=0.000000, max=0.000000, min=inf
[2026-04-28 18:03:07][Rank 0][INFO] Step 0 | GPU Memory: allocated=0.41GB, reserved=1.99GB, peak=1.71GB
[2026-04-28 18:03:07][Rank 0][INFO] Epoch 45 complete | train_loss=0.596876, val_loss=0.820206
[2026-04-28 18:03:07][Rank 0][INFO] Epoch 46/140
[2026-04-28 18:03:07][Rank 0][DEBUG] Step 0 | Batch: shape=torch.Size([1536]), mean=0.017544, std=1.003847, min=-1.731474, max=1.730319
[2026-04-28 18:03:07][Rank 0][DEBUG] Step 0 | Gradients: total_norm=0.000000, max=0.000000, min=inf
[2026-04-28 18:03:07][Rank 0][INFO] Step 0 | GPU Memory: allocated=0.41GB, reserved=1.99GB, peak=1.71GB
[2026-04-28 18:03:07][Rank 0][INFO] Epoch 46 complete | train_loss=0.588116, val_loss=0.825952
[2026-04-28 18:03:07][Rank 0][INFO] Epoch 47/140
[2026-04-28 18:03:07][Rank 0][DEBUG] Step 0 | Batch: shape=torch.Size([1536]), mean=0.002597, std=1.004110, min=-1.731474, max=1.729164
[2026-04-28 18:03:07][Rank 0][DEBUG] Step 0 | Gradients: total_norm=0.000000, max=0.000000, min=inf
[2026-04-28 18:03:07][Rank 0][INFO] Step 0 | GPU Memory: allocated=0.41GB, reserved=1.99GB, peak=1.71GB
[2026-04-28 18:03:08][Rank 0][INFO] Epoch 47 complete | train_loss=0.593378, val_loss=0.830809
[2026-04-28 18:03:08][Rank 0][INFO] Epoch 48/140
[2026-04-28 18:03:08][Rank 0][DEBUG] Step 0 | Batch: shape=torch.Size([1536]), mean=-0.006132, std=0.998280, min=-1.731474, max=1.731474
[2026-04-28 18:03:08][Rank 0][DEBUG] Step 0 | Gradients: total_norm=0.000000, max=0.000000, min=inf
[2026-04-28 18:03:08][Rank 0][INFO] Step 0 | GPU Memory: allocated=0.41GB, reserved=1.99GB, peak=1.71GB
[2026-04-28 18:03:08][Rank 0][INFO] Epoch 48 complete | train_loss=0.582764, val_loss=0.837180
[2026-04-28 18:03:08][Rank 0][INFO] Epoch 49/140
[2026-04-28 18:03:08][Rank 0][DEBUG] Step 0 | Batch: shape=torch.Size([1536]), mean=-0.023934, std=1.005030, min=-1.731474, max=1.730319
[2026-04-28 18:03:08][Rank 0][DEBUG] Step 0 | Gradients: total_norm=0.000000, max=0.000000, min=inf
[2026-04-28 18:03:08][Rank 0][INFO] Step 0 | GPU Memory: allocated=0.41GB, reserved=1.99GB, peak=1.71GB
[2026-04-28 18:03:08][Rank 0][INFO] Epoch 49 complete | train_loss=0.583350, val_loss=0.841582
[2026-04-28 18:03:14][Rank 0][INFO] Training complete!
[2026-04-28 18:03:16][Rank 0][INFO] Starting training...
[2026-04-28 18:03:16][Rank 0][INFO] World size: 1
[2026-04-28 18:03:16][Rank 0][INFO] Batch size per GPU: 1536
[2026-04-28 18:03:16][Rank 0][INFO] Effective batch size: 1536
[2026-04-28 18:03:16][Rank 0][INFO] Epoch 1/240
[2026-04-28 18:03:16][Rank 0][DEBUG] Step 0 | Batch: shape=torch.Size([1536]), mean=-0.007438, std=1.005436, min=-1.731474, max=1.730319
[2026-04-28 18:03:17][Rank 0][DEBUG] Step 0 | Gradients: total_norm=0.000000, max=0.000000, min=inf
[2026-04-28 18:03:17][Rank 0][INFO] Step 0 | GPU Memory: allocated=0.25GB, reserved=23.68GB, peak=22.00GB
[2026-04-28 18:03:18][Rank 0][INFO] Epoch 1 complete | train_loss=4187.322754, val_loss=4486.898926
[2026-04-28 18:03:18][Rank 0][INFO] Epoch 2/240
[2026-04-28 18:03:18][Rank 0][DEBUG] Step 0 | Batch: shape=torch.Size([1536]), mean=-0.014849, std=0.996499, min=-1.731474, max=1.729164
[2026-04-28 18:03:20][Rank 0][DEBUG] Step 0 | Gradients: total_norm=0.000000, max=0.000000, min=inf
[2026-04-28 18:03:20][Rank 0][INFO] Step 0 | GPU Memory: allocated=4.13GB, reserved=27.69GB, peak=26.00GB
[2026-04-28 18:03:20][Rank 0][INFO] Epoch 2 complete | train_loss=4228.387207, val_loss=2360.089844
[2026-04-28 18:03:20][Rank 0][INFO] Epoch 3/240
[2026-04-28 18:03:20][Rank 0][DEBUG] Step 0 | Batch: shape=torch.Size([1536]), mean=0.015205, std=0.996018, min=-1.731474, max=1.731474
[2026-04-28 18:03:21][Rank 0][DEBUG] Step 0 | Gradients: total_norm=0.000000, max=0.000000, min=inf
[2026-04-28 18:03:21][Rank 0][INFO] Step 0 | GPU Memory: allocated=4.13GB, reserved=27.79GB, peak=26.00GB
[2026-04-28 18:03:22][Rank 0][INFO] Epoch 3 complete | train_loss=2231.797607, val_loss=1124.561768
[2026-04-28 18:03:22][Rank 0][INFO] Epoch 4/240
[2026-04-28 18:03:22][Rank 0][DEBUG] Step 0 | Batch: shape=torch.Size([1536]), mean=-0.007365, std=1.002662, min=-1.731474, max=1.731474
[2026-04-28 18:03:23][Rank 0][DEBUG] Step 0 | Gradients: total_norm=0.000000, max=0.000000, min=inf
[2026-04-28 18:03:23][Rank 0][INFO] Step 0 | GPU Memory: allocated=4.13GB, reserved=27.79GB, peak=26.00GB
[2026-04-28 18:03:23][Rank 0][INFO] Epoch 4 complete | train_loss=1103.927612, val_loss=916.472656
[2026-04-28 18:03:23][Rank 0][INFO] Epoch 5/240
[2026-04-28 18:03:23][Rank 0][DEBUG] Step 0 | Batch: shape=torch.Size([1536]), mean=0.011236, std=1.008583, min=-1.729164, max=1.731474
[2026-04-28 18:03:25][Rank 0][DEBUG] Step 0 | Gradients: total_norm=0.000000, max=0.000000, min=inf
[2026-04-28 18:03:25][Rank 0][INFO] Step 0 | GPU Memory: allocated=4.13GB, reserved=27.81GB, peak=26.00GB
[2026-04-28 18:03:25][Rank 0][INFO] Epoch 5 complete | train_loss=853.944214, val_loss=701.113403
[2026-04-28 18:03:25][Rank 0][INFO] Epoch 6/240
[2026-04-28 18:03:25][Rank 0][DEBUG] Step 0 | Batch: shape=torch.Size([1536]), mean=0.001161, std=1.000344, min=-1.731474, max=1.731474
[2026-04-28 18:03:26][Rank 0][DEBUG] Step 0 | Gradients: total_norm=0.000000, max=0.000000, min=inf
[2026-04-28 18:03:26][Rank 0][INFO] Step 0 | GPU Memory: allocated=4.13GB, reserved=28.18GB, peak=26.00GB
[2026-04-28 18:03:27][Rank 0][INFO] Epoch 6 complete | train_loss=644.566589, val_loss=464.406860
[2026-04-28 18:03:27][Rank 0][INFO] Epoch 7/240
[2026-04-28 18:03:27][Rank 0][DEBUG] Step 0 | Batch: shape=torch.Size([1536]), mean=0.044187, std=1.000189, min=-1.731474, max=1.730319
[2026-04-28 18:03:28][Rank 0][DEBUG] Step 0 | Gradients: total_norm=0.000000, max=0.000000, min=inf
[2026-04-28 18:03:28][Rank 0][INFO] Step 0 | GPU Memory: allocated=4.13GB, reserved=28.18GB, peak=26.00GB
[2026-04-28 18:03:28][Rank 0][INFO] Epoch 7 complete | train_loss=432.964508, val_loss=331.932495
[2026-04-28 18:03:28][Rank 0][INFO] Epoch 8/240
[2026-04-28 18:03:28][Rank 0][DEBUG] Step 0 | Batch: shape=torch.Size([1536]), mean=-0.024403, std=1.011031, min=-1.729164, max=1.731474
[2026-04-28 18:03:30][Rank 0][DEBUG] Step 0 | Gradients: total_norm=0.000000, max=0.000000, min=inf
[2026-04-28 18:03:30][Rank 0][INFO] Step 0 | GPU Memory: allocated=4.13GB, reserved=28.18GB, peak=26.00GB
[2026-04-28 18:03:30][Rank 0][INFO] Epoch 8 complete | train_loss=305.309174, val_loss=261.078674
[2026-04-28 18:03:30][Rank 0][INFO] Epoch 9/240
[2026-04-28 18:03:30][Rank 0][DEBUG] Step 0 | Batch: shape=torch.Size([1536]), mean=0.032205, std=1.005506, min=-1.731474, max=1.729164
[2026-04-28 18:03:31][Rank 0][DEBUG] Step 0 | Gradients: total_norm=0.000000, max=0.000000, min=inf
[2026-04-28 18:03:31][Rank 0][INFO] Step 0 | GPU Memory: allocated=4.13GB, reserved=28.18GB, peak=26.00GB
[2026-04-28 18:03:32][Rank 0][INFO] Epoch 9 complete | train_loss=240.600830, val_loss=196.630081
[2026-04-28 18:03:32][Rank 0][INFO] Epoch 10/240
[2026-04-28 18:03:32][Rank 0][DEBUG] Step 0 | Batch: shape=torch.Size([1536]), mean=0.024360, std=0.998374, min=-1.729164, max=1.731474
[2026-04-28 18:03:33][Rank 0][DEBUG] Step 0 | Gradients: total_norm=0.000000, max=0.000000, min=inf
[2026-04-28 18:03:33][Rank 0][INFO] Step 0 | GPU Memory: allocated=4.13GB, reserved=28.20GB, peak=26.00GB
[2026-04-28 18:03:33][Rank 0][INFO] Epoch 10 complete | train_loss=175.306061, val_loss=152.574936
[2026-04-28 18:03:33][Rank 0][INFO] Epoch 11/240
[2026-04-28 18:03:33][Rank 0][DEBUG] Step 0 | Batch: shape=torch.Size([1536]), mean=0.019555, std=0.991811, min=-1.729164, max=1.730319
[2026-04-28 18:03:34][Rank 0][DEBUG] Step 0 | Gradients: total_norm=0.000000, max=0.000000, min=inf
[2026-04-28 18:03:34][Rank 0][INFO] Step 0 | GPU Memory: allocated=4.13GB, reserved=28.20GB, peak=26.00GB
[2026-04-28 18:03:35][Rank 0][INFO] Epoch 11 complete | train_loss=131.117157, val_loss=121.875275
[2026-04-28 18:03:35][Rank 0][INFO] Epoch 12/240
[2026-04-28 18:03:35][Rank 0][DEBUG] Step 0 | Batch: shape=torch.Size([1536]), mean=-0.009056, std=1.002372, min=-1.731474, max=1.729164
[2026-04-28 18:03:36][Rank 0][DEBUG] Step 0 | Gradients: total_norm=0.000000, max=0.000000, min=inf
[2026-04-28 18:03:36][Rank 0][INFO] Step 0 | GPU Memory: allocated=4.13GB, reserved=28.20GB, peak=26.00GB
[2026-04-28 18:03:37][Rank 0][INFO] Epoch 12 complete | train_loss=103.478241, val_loss=95.017357
[2026-04-28 18:03:37][Rank 0][INFO] Epoch 13/240
[2026-04-28 18:03:37][Rank 0][DEBUG] Step 0 | Batch: shape=torch.Size([1536]), mean=0.002670, std=1.011983, min=-1.728009, max=1.730319
[2026-04-28 18:03:38][Rank 0][DEBUG] Step 0 | Gradients: total_norm=0.000000, max=0.000000, min=inf
[2026-04-28 18:03:38][Rank 0][INFO] Step 0 | GPU Memory: allocated=4.13GB, reserved=28.22GB, peak=26.00GB
[2026-04-28 18:03:38][Rank 0][INFO] Epoch 13 complete | train_loss=79.261574, val_loss=73.904831
[2026-04-28 18:03:38][Rank 0][INFO] Epoch 14/240
[2026-04-28 18:03:38][Rank 0][DEBUG] Step 0 | Batch: shape=torch.Size([1536]), mean=0.005838, std=0.995567, min=-1.729164, max=1.731474
[2026-04-28 18:03:39][Rank 0][DEBUG] Step 0 | Gradients: total_norm=0.000000, max=0.000000, min=inf
[2026-04-28 18:03:39][Rank 0][INFO] Step 0 | GPU Memory: allocated=4.13GB, reserved=28.22GB, peak=26.00GB
[2026-04-28 18:03:40][Rank 0][INFO] Epoch 14 complete | train_loss=62.281761, val_loss=59.282455
[2026-04-28 18:03:40][Rank 0][INFO] Epoch 15/240
[2026-04-28 18:03:40][Rank 0][DEBUG] Step 0 | Batch: shape=torch.Size([1536]), mean=0.005964, std=0.995049, min=-1.728009, max=1.730319
[2026-04-28 18:03:41][Rank 0][DEBUG] Step 0 | Gradients: total_norm=0.000000, max=0.000000, min=inf
[2026-04-28 18:03:41][Rank 0][INFO] Step 0 | GPU Memory: allocated=4.13GB, reserved=28.22GB, peak=26.00GB
[2026-04-28 18:03:41][Rank 0][INFO] Epoch 15 complete | train_loss=49.373314, val_loss=48.445118
[2026-04-28 18:03:41][Rank 0][INFO] Epoch 16/240
[2026-04-28 18:03:41][Rank 0][DEBUG] Step 0 | Batch: shape=torch.Size([1536]), mean=0.006836, std=1.001060, min=-1.731474, max=1.731474
[2026-04-28 18:03:43][Rank 0][DEBUG] Step 0 | Gradients: total_norm=0.000000, max=0.000000, min=inf
[2026-04-28 18:03:43][Rank 0][INFO] Step 0 | GPU Memory: allocated=4.13GB, reserved=28.22GB, peak=26.00GB
[2026-04-28 18:03:43][Rank 0][INFO] Epoch 16 complete | train_loss=41.064365, val_loss=40.286766
[2026-04-28 18:03:43][Rank 0][INFO] Epoch 17/240
[2026-04-28 18:03:43][Rank 0][DEBUG] Step 0 | Batch: shape=torch.Size([1536]), mean=-0.006304, std=0.996695, min=-1.731474, max=1.731474
[2026-04-28 18:03:44][Rank 0][DEBUG] Step 0 | Gradients: total_norm=0.000000, max=0.000000, min=inf
[2026-04-28 18:03:44][Rank 0][INFO] Step 0 | GPU Memory: allocated=4.13GB, reserved=28.22GB, peak=26.00GB
[2026-04-28 18:03:45][Rank 0][INFO] Epoch 17 complete | train_loss=34.005527, val_loss=34.063519
[2026-04-28 18:03:45][Rank 0][INFO] Epoch 18/240
[2026-04-28 18:03:45][Rank 0][DEBUG] Step 0 | Batch: shape=torch.Size([1536]), mean=0.024104, std=0.996466, min=-1.728009, max=1.731474
[2026-04-28 18:03:46][Rank 0][DEBUG] Step 0 | Gradients: total_norm=0.000000, max=0.000000, min=inf
[2026-04-28 18:03:46][Rank 0][INFO] Step 0 | GPU Memory: allocated=4.13GB, reserved=28.22GB, peak=26.00GB
[2026-04-28 18:03:46][Rank 0][INFO] Epoch 18 complete | train_loss=28.332834, val_loss=29.865643
[2026-04-28 18:03:46][Rank 0][INFO] Epoch 19/240
[2026-04-28 18:03:46][Rank 0][DEBUG] Step 0 | Batch: shape=torch.Size([1536]), mean=0.017018, std=0.999985, min=-1.728009, max=1.729164
[2026-04-28 18:03:48][Rank 0][DEBUG] Step 0 | Gradients: total_norm=0.000000, max=0.000000, min=inf
[2026-04-28 18:03:48][Rank 0][INFO] Step 0 | GPU Memory: allocated=4.13GB, reserved=28.22GB, peak=26.00GB
[2026-04-28 18:03:48][Rank 0][INFO] Epoch 19 complete | train_loss=25.096962, val_loss=26.536404
[2026-04-28 18:03:48][Rank 0][INFO] Epoch 20/240
[2026-04-28 18:03:48][Rank 0][DEBUG] Step 0 | Batch: shape=torch.Size([1536]), mean=-0.002125, std=1.025165, min=-1.731474, max=1.731474
[2026-04-28 18:03:49][Rank 0][DEBUG] Step 0 | Gradients: total_norm=0.000000, max=0.000000, min=inf
[2026-04-28 18:03:49][Rank 0][INFO] Step 0 | GPU Memory: allocated=4.13GB, reserved=28.22GB, peak=26.00GB
[2026-04-28 18:03:50][Rank 0][INFO] Epoch 20 complete | train_loss=22.451571, val_loss=23.603603
[2026-04-28 18:03:50][Rank 0][INFO] Epoch 21/240
[2026-04-28 18:03:50][Rank 0][DEBUG] Step 0 | Batch: shape=torch.Size([1536]), mean=0.004358, std=1.004350, min=-1.731474, max=1.731474
[2026-04-28 18:03:51][Rank 0][DEBUG] Step 0 | Gradients: total_norm=0.000000, max=0.000000, min=inf
[2026-04-28 18:03:51][Rank 0][INFO] Step 0 | GPU Memory: allocated=4.13GB, reserved=28.22GB, peak=26.00GB
[2026-04-28 18:03:51][Rank 0][INFO] Epoch 21 complete | train_loss=20.695087, val_loss=21.207354
[2026-04-28 18:03:51][Rank 0][INFO] Epoch 22/240
[2026-04-28 18:03:51][Rank 0][DEBUG] Step 0 | Batch: shape=torch.Size([1536]), mean=-0.005986, std=0.998587, min=-1.729164, max=1.731474
[2026-04-28 18:03:53][Rank 0][DEBUG] Step 0 | Gradients: total_norm=0.000000, max=0.000000, min=inf
[2026-04-28 18:03:53][Rank 0][INFO] Step 0 | GPU Memory: allocated=4.13GB, reserved=28.24GB, peak=26.00GB
[2026-04-28 18:03:53][Rank 0][INFO] Epoch 22 complete | train_loss=19.140545, val_loss=19.313282
[2026-04-28 18:03:53][Rank 0][INFO] Epoch 23/240
[2026-04-28 18:03:53][Rank 0][DEBUG] Step 0 | Batch: shape=torch.Size([1536]), mean=-0.036011, std=0.995135, min=-1.731474, max=1.729164
[2026-04-28 18:03:54][Rank 0][DEBUG] Step 0 | Gradients: total_norm=0.000000, max=0.000000, min=inf
[2026-04-28 18:03:54][Rank 0][INFO] Step 0 | GPU Memory: allocated=4.13GB, reserved=28.24GB, peak=26.00GB
[2026-04-28 18:03:55][Rank 0][INFO] Epoch 23 complete | train_loss=17.926718, val_loss=18.205997
[2026-04-28 18:03:55][Rank 0][INFO] Epoch 24/240
[2026-04-28 18:03:55][Rank 0][DEBUG] Step 0 | Batch: shape=torch.Size([1536]), mean=-0.002203, std=0.994677, min=-1.729164, max=1.728009
[2026-04-28 18:03:56][Rank 0][DEBUG] Step 0 | Gradients: total_norm=0.000000, max=0.000000, min=inf
[2026-04-28 18:03:56][Rank 0][INFO] Step 0 | GPU Memory: allocated=4.13GB, reserved=28.24GB, peak=26.00GB
[2026-04-28 18:03:56][Rank 0][INFO] Epoch 24 complete | train_loss=17.203758, val_loss=17.427759
[2026-04-28 18:03:56][Rank 0][INFO] Epoch 25/240
[2026-04-28 18:03:56][Rank 0][DEBUG] Step 0 | Batch: shape=torch.Size([1536]), mean=0.007613, std=1.002386, min=-1.731474, max=1.731474
[2026-04-28 18:03:58][Rank 0][DEBUG] Step 0 | Gradients: total_norm=0.000000, max=0.000000, min=inf
[2026-04-28 18:03:58][Rank 0][INFO] Step 0 | GPU Memory: allocated=4.13GB, reserved=28.26GB, peak=26.00GB
[2026-04-28 18:03:58][Rank 0][INFO] Epoch 25 complete | train_loss=16.630775, val_loss=16.729095
[2026-04-28 18:03:58][Rank 0][INFO] Epoch 26/240
[2026-04-28 18:03:58][Rank 0][DEBUG] Step 0 | Batch: shape=torch.Size([1536]), mean=-0.009154, std=0.988148, min=-1.731474, max=1.731474
[2026-04-28 18:03:59][Rank 0][DEBUG] Step 0 | Gradients: total_norm=0.000000, max=0.000000, min=inf
[2026-04-28 18:03:59][Rank 0][INFO] Step 0 | GPU Memory: allocated=4.13GB, reserved=28.26GB, peak=26.00GB
[2026-04-28 18:03:59][Rank 0][INFO] Epoch 26 complete | train_loss=16.092607, val_loss=16.214289
[2026-04-28 18:03:59][Rank 0][INFO] Epoch 27/240
[2026-04-28 18:04:00][Rank 0][DEBUG] Step 0 | Batch: shape=torch.Size([1536]), mean=0.010879, std=0.999337, min=-1.729164, max=1.731474
[2026-04-28 18:04:01][Rank 0][DEBUG] Step 0 | Gradients: total_norm=0.000000, max=0.000000, min=inf
[2026-04-28 18:04:01][Rank 0][INFO] Step 0 | GPU Memory: allocated=4.13GB, reserved=28.26GB, peak=26.00GB
[2026-04-28 18:04:01][Rank 0][INFO] Epoch 27 complete | train_loss=15.747488, val_loss=15.844467
[2026-04-28 18:04:01][Rank 0][INFO] Epoch 28/240
[2026-04-28 18:04:01][Rank 0][DEBUG] Step 0 | Batch: shape=torch.Size([1536]), mean=0.003345, std=0.997965, min=-1.731474, max=1.731474
[2026-04-28 18:04:02][Rank 0][DEBUG] Step 0 | Gradients: total_norm=0.000000, max=0.000000, min=inf
[2026-04-28 18:04:02][Rank 0][INFO] Step 0 | GPU Memory: allocated=4.13GB, reserved=28.26GB, peak=26.00GB
[2026-04-28 18:04:03][Rank 0][INFO] Epoch 28 complete | train_loss=15.450191, val_loss=15.586296
[2026-04-28 18:04:03][Rank 0][INFO] Epoch 29/240
[2026-04-28 18:04:03][Rank 0][DEBUG] Step 0 | Batch: shape=torch.Size([1536]), mean=-0.023508, std=0.994539, min=-1.728009, max=1.731474
[2026-04-28 18:04:04][Rank 0][DEBUG] Step 0 | Gradients: total_norm=0.000000, max=0.000000, min=inf
[2026-04-28 18:04:04][Rank 0][INFO] Step 0 | GPU Memory: allocated=4.13GB, reserved=28.26GB, peak=26.00GB
[2026-04-28 18:04:04][Rank 0][INFO] Epoch 29 complete | train_loss=15.357903, val_loss=15.251776
[2026-04-28 18:04:04][Rank 0][INFO] Epoch 30/240
[2026-04-28 18:04:04][Rank 0][DEBUG] Step 0 | Batch: shape=torch.Size([1536]), mean=0.031520, std=0.996128, min=-1.731474, max=1.731474
[2026-04-28 18:04:06][Rank 0][DEBUG] Step 0 | Gradients: total_norm=0.000000, max=0.000000, min=inf
[2026-04-28 18:04:06][Rank 0][INFO] Step 0 | GPU Memory: allocated=4.13GB, reserved=28.26GB, peak=26.00GB
[2026-04-28 18:04:06][Rank 0][INFO] Epoch 30 complete | train_loss=15.124794, val_loss=15.000770
[2026-04-28 18:04:06][Rank 0][INFO] Epoch 31/240
[2026-04-28 18:04:06][Rank 0][DEBUG] Step 0 | Batch: shape=torch.Size([1536]), mean=0.014554, std=1.002681, min=-1.729164, max=1.730319
[2026-04-28 18:04:07][Rank 0][DEBUG] Step 0 | Gradients: total_norm=0.000000, max=0.000000, min=inf
[2026-04-28 18:04:07][Rank 0][INFO] Step 0 | GPU Memory: allocated=4.13GB, reserved=28.26GB, peak=26.00GB
[2026-04-28 18:04:08][Rank 0][INFO] Epoch 31 complete | train_loss=14.959202, val_loss=14.913124
[2026-04-28 18:04:08][Rank 0][INFO] Epoch 32/240
[2026-04-28 18:04:08][Rank 0][DEBUG] Step 0 | Batch: shape=torch.Size([1536]), mean=0.030818, std=1.004348, min=-1.729164, max=1.731474
[2026-04-28 18:04:09][Rank 0][DEBUG] Step 0 | Gradients: total_norm=0.000000, max=0.000000, min=inf
[2026-04-28 18:04:09][Rank 0][INFO] Step 0 | GPU Memory: allocated=4.13GB, reserved=28.26GB, peak=26.00GB
[2026-04-28 18:04:10][Rank 0][INFO] Epoch 32 complete | train_loss=14.894698, val_loss=14.745582
[2026-04-28 18:04:10][Rank 0][INFO] Epoch 33/240
[2026-04-28 18:04:10][Rank 0][DEBUG] Step 0 | Batch: shape=torch.Size([1536]), mean=-0.014244, std=0.998486, min=-1.731474, max=1.730319
[2026-04-28 18:04:11][Rank 0][DEBUG] Step 0 | Gradients: total_norm=0.000000, max=0.000000, min=inf
[2026-04-28 18:04:11][Rank 0][INFO] Step 0 | GPU Memory: allocated=4.13GB, reserved=28.40GB, peak=26.00GB
[2026-04-28 18:04:11][Rank 0][INFO] Epoch 33 complete | train_loss=14.722960, val_loss=14.728812
[2026-04-28 18:04:11][Rank 0][INFO] Epoch 34/240
[2026-04-28 18:04:11][Rank 0][DEBUG] Step 0 | Batch: shape=torch.Size([1536]), mean=-0.004168, std=0.996977, min=-1.731474, max=1.731474
[2026-04-28 18:04:13][Rank 0][DEBUG] Step 0 | Gradients: total_norm=0.000000, max=0.000000, min=inf
[2026-04-28 18:04:13][Rank 0][INFO] Step 0 | GPU Memory: allocated=4.13GB, reserved=28.40GB, peak=26.00GB
[2026-04-28 18:04:13][Rank 0][INFO] Epoch 34 complete | train_loss=14.784442, val_loss=14.667399
[2026-04-28 18:04:13][Rank 0][INFO] Epoch 35/240
[2026-04-28 18:04:13][Rank 0][DEBUG] Step 0 | Batch: shape=torch.Size([1536]), mean=0.001130, std=0.992245, min=-1.729164, max=1.730319
[2026-04-28 18:04:14][Rank 0][DEBUG] Step 0 | Gradients: total_norm=0.000000, max=0.000000, min=inf
[2026-04-28 18:04:14][Rank 0][INFO] Step 0 | GPU Memory: allocated=4.13GB, reserved=28.46GB, peak=26.00GB
[2026-04-28 18:04:15][Rank 0][INFO] Epoch 35 complete | train_loss=14.646722, val_loss=14.631229
[2026-04-28 18:04:15][Rank 0][INFO] Epoch 36/240
[2026-04-28 18:04:15][Rank 0][DEBUG] Step 0 | Batch: shape=torch.Size([1536]), mean=-0.012067, std=1.009055, min=-1.728009, max=1.730319
[2026-04-28 18:04:16][Rank 0][DEBUG] Step 0 | Gradients: total_norm=0.000000, max=0.000000, min=inf
[2026-04-28 18:04:16][Rank 0][INFO] Step 0 | GPU Memory: allocated=4.13GB, reserved=28.46GB, peak=26.00GB
[2026-04-28 18:04:16][Rank 0][INFO] Epoch 36 complete | train_loss=14.633707, val_loss=14.526757
[2026-04-28 18:04:16][Rank 0][INFO] Epoch 37/240
[2026-04-28 18:04:16][Rank 0][DEBUG] Step 0 | Batch: shape=torch.Size([1536]), mean=0.007201, std=0.996586, min=-1.731474, max=1.729164
[2026-04-28 18:04:18][Rank 0][DEBUG] Step 0 | Gradients: total_norm=0.000000, max=0.000000, min=inf
[2026-04-28 18:04:18][Rank 0][INFO] Step 0 | GPU Memory: allocated=4.13GB, reserved=28.46GB, peak=26.00GB
[2026-04-28 18:04:18][Rank 0][INFO] Epoch 37 complete | train_loss=14.573651, val_loss=14.490945
[2026-04-28 18:04:18][Rank 0][INFO] Epoch 38/240
[2026-04-28 18:04:18][Rank 0][DEBUG] Step 0 | Batch: shape=torch.Size([1536]), mean=-0.011358, std=1.007094, min=-1.731474, max=1.729164
[2026-04-28 18:04:19][Rank 0][DEBUG] Step 0 | Gradients: total_norm=0.000000, max=0.000000, min=inf
[2026-04-28 18:04:19][Rank 0][INFO] Step 0 | GPU Memory: allocated=4.13GB, reserved=28.48GB, peak=26.00GB
[2026-04-28 18:04:20][Rank 0][INFO] Epoch 38 complete | train_loss=14.536666, val_loss=14.447016
[2026-04-28 18:04:20][Rank 0][INFO] Epoch 39/240
[2026-04-28 18:04:20][Rank 0][DEBUG] Step 0 | Batch: shape=torch.Size([1536]), mean=-0.023089, std=1.001846, min=-1.729164, max=1.728009
[2026-04-28 18:04:21][Rank 0][DEBUG] Step 0 | Gradients: total_norm=0.000000, max=0.000000, min=inf
[2026-04-28 18:04:21][Rank 0][INFO] Step 0 | GPU Memory: allocated=4.13GB, reserved=28.48GB, peak=26.00GB
[2026-04-28 18:04:21][Rank 0][INFO] Epoch 39 complete | train_loss=14.471848, val_loss=14.400102
[2026-04-28 18:04:21][Rank 0][INFO] Epoch 40/240
[2026-04-28 18:04:21][Rank 0][DEBUG] Step 0 | Batch: shape=torch.Size([1536]), mean=-0.012102, std=0.997026, min=-1.729164, max=1.731474
[2026-04-28 18:04:23][Rank 0][DEBUG] Step 0 | Gradients: total_norm=0.000000, max=0.000000, min=inf
[2026-04-28 18:04:23][Rank 0][INFO] Step 0 | GPU Memory: allocated=4.13GB, reserved=28.48GB, peak=26.00GB
[2026-04-28 18:04:23][Rank 0][INFO] Epoch 40 complete | train_loss=14.447556, val_loss=14.372681
[2026-04-28 18:04:23][Rank 0][INFO] Epoch 41/240
[2026-04-28 18:04:23][Rank 0][DEBUG] Step 0 | Batch: shape=torch.Size([1536]), mean=0.021033, std=0.990891, min=-1.731474, max=1.730319
[2026-04-28 18:04:24][Rank 0][DEBUG] Step 0 | Gradients: total_norm=0.000000, max=0.000000, min=inf
[2026-04-28 18:04:24][Rank 0][INFO] Step 0 | GPU Memory: allocated=4.13GB, reserved=28.48GB, peak=26.00GB
[2026-04-28 18:04:25][Rank 0][INFO] Epoch 41 complete | train_loss=14.397363, val_loss=14.315825
[2026-04-28 18:04:31][Rank 0][INFO] Training complete!
[2026-04-28 18:04:33][Rank 0][INFO] Starting training...
[2026-04-28 18:04:33][Rank 0][INFO] World size: 1
[2026-04-28 18:04:33][Rank 0][INFO] Batch size per GPU: 1536
[2026-04-28 18:04:33][Rank 0][INFO] Effective batch size: 1536
[2026-04-28 18:04:33][Rank 0][INFO] Epoch 1/80
[2026-04-28 18:04:33][Rank 0][DEBUG] Step 0 | Batch: shape=torch.Size([1536]), mean=-0.007438, std=1.005436, min=-1.731474, max=1.730319
[2026-04-28 18:04:33][Rank 0][DEBUG] Step 0 | Gradients: total_norm=0.000000, max=0.000000, min=inf
[2026-04-28 18:04:33][Rank 0][INFO] Step 0 | GPU Memory: allocated=0.25GB, reserved=1.64GB, peak=26.00GB
[2026-04-28 18:04:34][Rank 0][INFO] Epoch 1 complete | train_loss=0.698869, val_loss=0.777719
[2026-04-28 18:04:34][Rank 0][INFO] Epoch 2/80
[2026-04-28 18:04:34][Rank 0][DEBUG] Step 0 | Batch: shape=torch.Size([1536]), mean=-0.014849, std=0.996499, min=-1.731474, max=1.729164
[2026-04-28 18:04:34][Rank 0][DEBUG] Step 0 | Gradients: total_norm=0.000000, max=0.000000, min=inf
[2026-04-28 18:04:34][Rank 0][INFO] Step 0 | GPU Memory: allocated=0.47GB, reserved=1.97GB, peak=26.00GB
[2026-04-28 18:04:34][Rank 0][INFO] Epoch 2 complete | train_loss=0.690306, val_loss=0.779811
[2026-04-28 18:04:34][Rank 0][INFO] Epoch 3/80
[2026-04-28 18:04:34][Rank 0][DEBUG] Step 0 | Batch: shape=torch.Size([1536]), mean=0.015205, std=0.996018, min=-1.731474, max=1.731474
[2026-04-28 18:04:34][Rank 0][DEBUG] Step 0 | Gradients: total_norm=0.000000, max=0.000000, min=inf
[2026-04-28 18:04:34][Rank 0][INFO] Step 0 | GPU Memory: allocated=0.47GB, reserved=2.03GB, peak=26.00GB
[2026-04-28 18:04:35][Rank 0][INFO] Epoch 3 complete | train_loss=0.694928, val_loss=0.781401
[2026-04-28 18:04:35][Rank 0][INFO] Epoch 4/80
[2026-04-28 18:04:35][Rank 0][DEBUG] Step 0 | Batch: shape=torch.Size([1536]), mean=-0.007365, std=1.002662, min=-1.731474, max=1.731474
[2026-04-28 18:04:35][Rank 0][DEBUG] Step 0 | Gradients: total_norm=0.000000, max=0.000000, min=inf
[2026-04-28 18:04:35][Rank 0][INFO] Step 0 | GPU Memory: allocated=0.47GB, reserved=2.03GB, peak=26.00GB
[2026-04-28 18:04:35][Rank 0][INFO] Epoch 4 complete | train_loss=0.685045, val_loss=0.780758
[2026-04-28 18:04:35][Rank 0][INFO] Epoch 5/80
[2026-04-28 18:04:35][Rank 0][DEBUG] Step 0 | Batch: shape=torch.Size([1536]), mean=0.011236, std=1.008583, min=-1.729164, max=1.731474
[2026-04-28 18:04:35][Rank 0][DEBUG] Step 0 | Gradients: total_norm=0.000000, max=0.000000, min=inf
[2026-04-28 18:04:35][Rank 0][INFO] Step 0 | GPU Memory: allocated=0.47GB, reserved=2.03GB, peak=26.00GB
[2026-04-28 18:04:35][Rank 0][INFO] Epoch 5 complete | train_loss=0.683248, val_loss=0.780583
[2026-04-28 18:04:35][Rank 0][INFO] Epoch 6/80
[2026-04-28 18:04:35][Rank 0][DEBUG] Step 0 | Batch: shape=torch.Size([1536]), mean=0.001161, std=1.000344, min=-1.731474, max=1.731474
[2026-04-28 18:04:35][Rank 0][DEBUG] Step 0 | Gradients: total_norm=0.000000, max=0.000000, min=inf
[2026-04-28 18:04:35][Rank 0][INFO] Step 0 | GPU Memory: allocated=0.47GB, reserved=2.03GB, peak=26.00GB
[2026-04-28 18:04:36][Rank 0][INFO] Epoch 6 complete | train_loss=0.668782, val_loss=0.780613
[2026-04-28 18:04:36][Rank 0][INFO] Epoch 7/80
[2026-04-28 18:04:36][Rank 0][DEBUG] Step 0 | Batch: shape=torch.Size([1536]), mean=0.044187, std=1.000189, min=-1.731474, max=1.730319
[2026-04-28 18:04:37][Rank 0][DEBUG] Step 0 | Gradients: total_norm=0.000000, max=0.000000, min=inf
[2026-04-28 18:04:37][Rank 0][INFO] Step 0 | GPU Memory: allocated=1.05GB, reserved=15.70GB, peak=26.00GB
[2026-04-28 18:04:37][Rank 0][INFO] Epoch 7 complete | train_loss=0.673274, val_loss=0.780912
[2026-04-28 18:04:37][Rank 0][INFO] Epoch 8/80
[2026-04-28 18:04:37][Rank 0][DEBUG] Step 0 | Batch: shape=torch.Size([1536]), mean=-0.024403, std=1.011031, min=-1.729164, max=1.731474
[2026-04-28 18:04:38][Rank 0][DEBUG] Step 0 | Gradients: total_norm=0.000000, max=0.000000, min=inf
[2026-04-28 18:04:38][Rank 0][INFO] Step 0 | GPU Memory: allocated=1.05GB, reserved=15.70GB, peak=26.00GB
[2026-04-28 18:04:38][Rank 0][INFO] Epoch 8 complete | train_loss=0.676652, val_loss=0.782066
[2026-04-28 18:04:38][Rank 0][INFO] Epoch 9/80
[2026-04-28 18:04:38][Rank 0][DEBUG] Step 0 | Batch: shape=torch.Size([1536]), mean=0.032205, std=1.005506, min=-1.731474, max=1.729164
[2026-04-28 18:04:39][Rank 0][DEBUG] Step 0 | Gradients: total_norm=0.000000, max=0.000000, min=inf
[2026-04-28 18:04:39][Rank 0][INFO] Step 0 | GPU Memory: allocated=1.05GB, reserved=15.70GB, peak=26.00GB
[2026-04-28 18:04:40][Rank 0][INFO] Epoch 9 complete | train_loss=0.669243, val_loss=0.783694
[2026-04-28 18:04:40][Rank 0][INFO] Epoch 10/80
[2026-04-28 18:04:40][Rank 0][DEBUG] Step 0 | Batch: shape=torch.Size([1536]), mean=0.024360, std=0.998374, min=-1.729164, max=1.731474
[2026-04-28 18:04:41][Rank 0][DEBUG] Step 0 | Gradients: total_norm=0.000000, max=0.000000, min=inf
[2026-04-28 18:04:41][Rank 0][INFO] Step 0 | GPU Memory: allocated=1.05GB, reserved=15.70GB, peak=26.00GB
[2026-04-28 18:04:41][Rank 0][INFO] Epoch 10 complete | train_loss=0.662091, val_loss=0.784780
[2026-04-28 18:04:41][Rank 0][INFO] Epoch 11/80
[2026-04-28 18:04:41][Rank 0][DEBUG] Step 0 | Batch: shape=torch.Size([1536]), mean=0.019555, std=0.991811, min=-1.729164, max=1.730319
[2026-04-28 18:04:42][Rank 0][DEBUG] Step 0 | Gradients: total_norm=0.000000, max=0.000000, min=inf
[2026-04-28 18:04:42][Rank 0][INFO] Step 0 | GPU Memory: allocated=1.05GB, reserved=15.70GB, peak=26.00GB
[2026-04-28 18:04:42][Rank 0][INFO] Epoch 11 complete | train_loss=0.666133, val_loss=0.785253
[2026-04-28 18:04:42][Rank 0][INFO] Epoch 12/80
[2026-04-28 18:04:42][Rank 0][DEBUG] Step 0 | Batch: shape=torch.Size([1536]), mean=-0.009056, std=1.002372, min=-1.731474, max=1.729164
[2026-04-28 18:04:43][Rank 0][DEBUG] Step 0 | Gradients: total_norm=0.000000, max=0.000000, min=inf
[2026-04-28 18:04:43][Rank 0][INFO] Step 0 | GPU Memory: allocated=1.05GB, reserved=15.71GB, peak=26.00GB
[2026-04-28 18:04:43][Rank 0][INFO] Epoch 12 complete | train_loss=0.669290, val_loss=0.785041
[2026-04-28 18:04:43][Rank 0][INFO] Epoch 13/80
[2026-04-28 18:04:43][Rank 0][DEBUG] Step 0 | Batch: shape=torch.Size([1536]), mean=0.002670, std=1.011983, min=-1.728009, max=1.730319
[2026-04-28 18:04:44][Rank 0][DEBUG] Step 0 | Gradients: total_norm=0.000000, max=0.000000, min=inf
[2026-04-28 18:04:44][Rank 0][INFO] Step 0 | GPU Memory: allocated=1.05GB, reserved=15.71GB, peak=26.00GB
[2026-04-28 18:04:44][Rank 0][INFO] Epoch 13 complete | train_loss=0.665754, val_loss=0.784824
[2026-04-28 18:04:49][Rank 0][INFO] Training complete!
[2026-04-28 19:01:31][Rank 0][INFO] Starting training...
[2026-04-28 19:01:31][Rank 0][INFO] World size: 1
[2026-04-28 19:01:31][Rank 0][INFO] Batch size per GPU: 384
[2026-04-28 19:01:31][Rank 0][INFO] Effective batch size: 384
[2026-04-28 19:01:31][Rank 0][INFO] Epoch 1/600
[2026-04-28 19:01:31][Rank 0][DEBUG] Step 0 | Batch: shape=torch.Size([384]), mean=-0.073666, std=1.022125, min=-1.724545, max=1.714153
[2026-04-28 19:01:32][Rank 0][DEBUG] Step 0 | Gradients: total_norm=0.000000, max=0.000000, min=inf
[2026-04-28 19:01:32][Rank 0][INFO] Step 0 | GPU Memory: allocated=0.03GB, reserved=0.29GB, peak=0.27GB
[2026-04-28 19:01:35][Rank 0][INFO] Epoch 1 complete | train_loss=10.332967, val_loss=10.175347
[2026-04-28 19:01:36][Rank 0][INFO] Epoch 2/600
[2026-04-28 19:01:36][Rank 0][DEBUG] Step 0 | Batch: shape=torch.Size([384]), mean=0.031622, std=1.008927, min=-1.717617, max=1.719927
[2026-04-28 19:01:36][Rank 0][DEBUG] Step 0 | Gradients: total_norm=0.000000, max=0.000000, min=inf
[2026-04-28 19:01:36][Rank 0][INFO] Step 0 | GPU Memory: allocated=0.21GB, reserved=0.48GB, peak=0.46GB
[2026-04-28 19:01:37][Rank 0][INFO] Epoch 2 complete | train_loss=10.286581, val_loss=10.174703
[2026-04-28 19:01:37][Rank 0][INFO] Epoch 3/600
[2026-04-28 19:01:37][Rank 0][DEBUG] Step 0 | Batch: shape=torch.Size([384]), mean=0.010931, std=1.012204, min=-1.731474, max=1.730319
[2026-04-28 19:01:37][Rank 0][DEBUG] Step 0 | Gradients: total_norm=0.000000, max=0.000000, min=inf
[2026-04-28 19:01:37][Rank 0][INFO] Step 0 | GPU Memory: allocated=0.21GB, reserved=0.48GB, peak=0.46GB
[2026-04-28 19:01:39][Rank 0][INFO] Epoch 3 complete | train_loss=10.412105, val_loss=10.175211
[2026-04-28 19:01:39][Rank 0][INFO] Epoch 4/600
[2026-04-28 19:01:39][Rank 0][DEBUG] Step 0 | Batch: shape=torch.Size([384]), mean=0.033928, std=1.017549, min=-1.731474, max=1.719927
[2026-04-28 19:01:39][Rank 0][DEBUG] Step 0 | Gradients: total_norm=0.000000, max=0.000000, min=inf
[2026-04-28 19:01:39][Rank 0][INFO] Step 0 | GPU Memory: allocated=0.21GB, reserved=0.50GB, peak=0.46GB
[2026-04-28 19:01:41][Rank 0][INFO] Epoch 4 complete | train_loss=10.424179, val_loss=10.175571
[2026-04-28 19:01:41][Rank 0][INFO] Epoch 5/600
[2026-04-28 19:01:41][Rank 0][DEBUG] Step 0 | Batch: shape=torch.Size([384]), mean=0.094177, std=1.000510, min=-1.726855, max=1.723391
[2026-04-28 19:01:41][Rank 0][DEBUG] Step 0 | Gradients: total_norm=0.000000, max=0.000000, min=inf
[2026-04-28 19:01:41][Rank 0][INFO] Step 0 | GPU Memory: allocated=0.21GB, reserved=0.50GB, peak=0.46GB
[2026-04-28 19:01:42][Rank 0][INFO] Epoch 5 complete | train_loss=10.380507, val_loss=10.173878
[2026-04-28 19:01:42][Rank 0][INFO] Epoch 6/600
[2026-04-28 19:01:42][Rank 0][DEBUG] Step 0 | Batch: shape=torch.Size([384]), mean=0.008065, std=1.002632, min=-1.717617, max=1.731474
[2026-04-28 19:01:43][Rank 0][DEBUG] Step 0 | Gradients: total_norm=0.000000, max=0.000000, min=inf
[2026-04-28 19:01:43][Rank 0][INFO] Step 0 | GPU Memory: allocated=0.21GB, reserved=0.51GB, peak=0.46GB
[2026-04-28 19:01:44][Rank 0][INFO] Epoch 6 complete | train_loss=10.312780, val_loss=10.173498
[2026-04-28 19:01:44][Rank 0][INFO] Epoch 7/600
[2026-04-28 19:01:44][Rank 0][DEBUG] Step 0 | Batch: shape=torch.Size([384]), mean=0.026760, std=0.967967, min=-1.714153, max=1.724545
[2026-04-28 19:01:45][Rank 0][DEBUG] Step 0 | Gradients: total_norm=0.000000, max=0.000000, min=inf
[2026-04-28 19:01:45][Rank 0][INFO] Step 0 | GPU Memory: allocated=0.21GB, reserved=0.51GB, peak=0.46GB
[2026-04-28 19:01:46][Rank 0][INFO] Starting training...
[2026-04-28 19:01:46][Rank 0][INFO] World size: 1
[2026-04-28 19:01:46][Rank 0][INFO] Batch size per GPU: 1536
[2026-04-28 19:01:46][Rank 0][INFO] Effective batch size: 1536
[2026-04-28 19:01:46][Rank 0][INFO] Epoch 1/140
[2026-04-28 19:01:46][Rank 0][DEBUG] Step 0 | Batch: shape=torch.Size([1536]), mean=-0.007438, std=1.005436, min=-1.731474, max=1.730319
[2026-04-28 19:01:46][Rank 0][INFO] Epoch 7 complete | train_loss=10.264258, val_loss=10.167299
[2026-04-28 19:01:46][Rank 0][INFO] Epoch 8/600
[2026-04-28 19:01:46][Rank 0][DEBUG] Step 0 | Batch: shape=torch.Size([384]), mean=-0.091718, std=0.957604, min=-1.719927, max=1.721081
[2026-04-28 19:01:46][Rank 0][DEBUG] Step 0 | Gradients: total_norm=0.000000, max=0.000000, min=inf
[2026-04-28 19:01:46][Rank 0][INFO] Step 0 | GPU Memory: allocated=0.21GB, reserved=0.51GB, peak=0.46GB
[2026-04-28 19:01:46][Rank 0][DEBUG] Step 0 | Gradients: total_norm=0.000000, max=0.000000, min=inf
[2026-04-28 19:01:46][Rank 0][INFO] Step 0 | GPU Memory: allocated=0.19GB, reserved=1.60GB, peak=1.38GB
[2026-04-28 19:01:48][Rank 0][INFO] Epoch 1 complete | train_loss=1.007249, val_loss=0.929738
[2026-04-28 19:01:48][Rank 0][INFO] Epoch 8 complete | train_loss=10.359930, val_loss=10.172071
[2026-04-28 19:01:48][Rank 0][INFO] Epoch 9/600
[2026-04-28 19:01:48][Rank 0][DEBUG] Step 0 | Batch: shape=torch.Size([384]), mean=-0.022613, std=0.983618, min=-1.729164, max=1.730319
[2026-04-28 19:01:48][Rank 0][DEBUG] Step 0 | Gradients: total_norm=0.000000, max=0.000000, min=inf
[2026-04-28 19:01:48][Rank 0][INFO] Step 0 | GPU Memory: allocated=0.21GB, reserved=0.51GB, peak=0.46GB
[2026-04-28 19:01:48][Rank 0][INFO] Epoch 2/140
[2026-04-28 19:01:48][Rank 0][DEBUG] Step 0 | Batch: shape=torch.Size([1536]), mean=-0.014849, std=0.996499, min=-1.731474, max=1.729164
[2026-04-28 19:01:48][Rank 0][DEBUG] Step 0 | Gradients: total_norm=0.000000, max=0.000000, min=inf
[2026-04-28 19:01:48][Rank 0][INFO] Step 0 | GPU Memory: allocated=0.41GB, reserved=1.91GB, peak=1.71GB
[2026-04-28 19:01:49][Rank 0][INFO] Epoch 2 complete | train_loss=0.953591, val_loss=0.865397
[2026-04-28 19:01:49][Rank 0][INFO] Epoch 3/140
[2026-04-28 19:01:49][Rank 0][DEBUG] Step 0 | Batch: shape=torch.Size([1536]), mean=0.015205, std=0.996018, min=-1.731474, max=1.731474
[2026-04-28 19:01:49][Rank 0][DEBUG] Step 0 | Gradients: total_norm=0.000000, max=0.000000, min=inf
[2026-04-28 19:01:49][Rank 0][INFO] Step 0 | GPU Memory: allocated=0.41GB, reserved=1.97GB, peak=1.71GB
[2026-04-28 19:01:49][Rank 0][INFO] Epoch 3 complete | train_loss=0.896773, val_loss=0.814055
[2026-04-28 19:01:49][Rank 0][INFO] Epoch 4/140
[2026-04-28 19:01:49][Rank 0][DEBUG] Step 0 | Batch: shape=torch.Size([1536]), mean=-0.007365, std=1.002662, min=-1.731474, max=1.731474
[2026-04-28 19:01:49][Rank 0][DEBUG] Step 0 | Gradients: total_norm=0.000000, max=0.000000, min=inf
[2026-04-28 19:01:49][Rank 0][INFO] Step 0 | GPU Memory: allocated=0.41GB, reserved=1.97GB, peak=1.71GB
[2026-04-28 19:01:49][Rank 0][INFO] Epoch 9 complete | train_loss=10.305754, val_loss=10.158957
[2026-04-28 19:01:50][Rank 0][INFO] Epoch 5/140

[2026-04-28 19:01:50][Rank 0][DEBUG] Step 0 | Batch: shape=torch.Size([384]), mean=-0.062838, std=1.027923, min=-1.715308, max=1.731474
[2026-04-28 19:01:50][Rank 0][DEBUG] Step 0 | Batch: shape=torch.Size([1536]), mean=0.011236, std=1.008583, min=-1.729164, max=1.731474
[2026-04-28 19:01:50][Rank 0][DEBUG] Step 0 | Gradients: total_norm=0.000000, max=0.000000, min=inf
[2026-04-28 19:01:50][Rank 0][INFO] Step 0 | GPU Memory: allocated=0.21GB, reserved=0.51GB, peak=0.46GB
[2026-04-28 19:01:50][Rank 0][DEBUG] Step 0 | Gradients: total_norm=0.000000, max=0.000000, min=inf
[2026-04-28 19:01:50][Rank 0][INFO] Step 0 | GPU Memory: allocated=0.41GB, reserved=1.99GB, peak=1.71GB
[2026-04-28 19:01:50][Rank 0][INFO] Epoch 5 complete | train_loss=0.852657, val_loss=0.807035
[2026-04-28 19:01:50][Rank 0][INFO] Epoch 6/140
[2026-04-28 19:01:50][Rank 0][DEBUG] Step 0 | Batch: shape=torch.Size([1536]), mean=0.001161, std=1.000344, min=-1.731474, max=1.731474
[2026-04-28 19:01:50][Rank 0][DEBUG] Step 0 | Gradients: total_norm=0.000000, max=0.000000, min=inf
[2026-04-28 19:01:50][Rank 0][INFO] Step 0 | GPU Memory: allocated=0.41GB, reserved=1.99GB, peak=1.71GB
[2026-04-28 19:01:50][Rank 0][INFO] Epoch 6 complete | train_loss=0.814829, val_loss=0.793701
[2026-04-28 19:01:50][Rank 0][INFO] Epoch 7/140
[2026-04-28 19:01:50][Rank 0][DEBUG] Step 0 | Batch: shape=torch.Size([1536]), mean=0.044187, std=1.000189, min=-1.731474, max=1.730319
[2026-04-28 19:01:50][Rank 0][DEBUG] Step 0 | Gradients: total_norm=0.000000, max=0.000000, min=inf
[2026-04-28 19:01:50][Rank 0][INFO] Step 0 | GPU Memory: allocated=0.41GB, reserved=1.99GB, peak=1.71GB
[2026-04-28 19:01:51][Rank 0][INFO] Epoch 7 complete | train_loss=0.806392, val_loss=0.796637
[2026-04-28 19:01:51][Rank 0][INFO] Epoch 8/140
[2026-04-28 19:01:51][Rank 0][DEBUG] Step 0 | Batch: shape=torch.Size([1536]), mean=-0.024403, std=1.011031, min=-1.729164, max=1.731474
[2026-04-28 19:01:51][Rank 0][DEBUG] Step 0 | Gradients: total_norm=0.000000, max=0.000000, min=inf
[2026-04-28 19:01:51][Rank 0][INFO] Step 0 | GPU Memory: allocated=0.41GB, reserved=1.99GB, peak=1.71GB
[2026-04-28 19:01:51][Rank 0][INFO] Epoch 10 complete | train_loss=10.267276, val_loss=10.151788
[2026-04-28 19:01:51][Rank 0][INFO] Epoch 11/600
[2026-04-28 19:01:51][Rank 0][DEBUG] Step 0 | Batch: shape=torch.Size([384]), mean=0.024297, std=1.003866, min=-1.728009, max=1.725700
[2026-04-28 19:01:51][Rank 0][DEBUG] Step 0 | Gradients: total_norm=0.000000, max=0.000000, min=inf
[2026-04-28 19:01:51][Rank 0][INFO] Step 0 | GPU Memory: allocated=0.21GB, reserved=0.51GB, peak=0.46GB
[2026-04-28 19:01:51][Rank 0][INFO] Epoch 8 complete | train_loss=0.806519, val_loss=0.794429
[2026-04-28 19:01:51][Rank 0][INFO] Epoch 9/140
[2026-04-28 19:01:51][Rank 0][DEBUG] Step 0 | Batch: shape=torch.Size([1536]), mean=0.032205, std=1.005506, min=-1.731474, max=1.729164
[2026-04-28 19:01:51][Rank 0][DEBUG] Step 0 | Gradients: total_norm=0.000000, max=0.000000, min=inf
[2026-04-28 19:01:51][Rank 0][INFO] Step 0 | GPU Memory: allocated=0.41GB, reserved=1.99GB, peak=1.71GB
[2026-04-28 19:01:51][Rank 0][INFO] Epoch 9 complete | train_loss=0.794672, val_loss=0.795333
[2026-04-28 19:01:51][Rank 0][INFO] Epoch 10/140
[2026-04-28 19:01:51][Rank 0][DEBUG] Step 0 | Batch: shape=torch.Size([1536]), mean=0.024360, std=0.998374, min=-1.729164, max=1.731474
[2026-04-28 19:01:52][Rank 0][DEBUG] Step 0 | Gradients: total_norm=0.000000, max=0.000000, min=inf
[2026-04-28 19:01:52][Rank 0][INFO] Step 0 | GPU Memory: allocated=0.41GB, reserved=1.99GB, peak=1.71GB
[2026-04-28 19:01:52][Rank 0][INFO] Epoch 10 complete | train_loss=0.778165, val_loss=0.796191
[2026-04-28 19:01:52][Rank 0][INFO] Epoch 11/140
[2026-04-28 19:01:52][Rank 0][DEBUG] Step 0 | Batch: shape=torch.Size([1536]), mean=0.019555, std=0.991811, min=-1.729164, max=1.730319
[2026-04-28 19:01:52][Rank 0][DEBUG] Step 0 | Gradients: total_norm=0.000000, max=0.000000, min=inf
[2026-04-28 19:01:52][Rank 0][INFO] Step 0 | GPU Memory: allocated=0.41GB, reserved=1.99GB, peak=1.71GB
[2026-04-28 19:01:53][Rank 0][INFO] Epoch 11 complete | train_loss=0.775765, val_loss=0.796833
[2026-04-28 19:01:53][Rank 0][INFO] Epoch 12/140
[2026-04-28 19:01:53][Rank 0][DEBUG] Step 0 | Batch: shape=torch.Size([1536]), mean=-0.009056, std=1.002372, min=-1.731474, max=1.729164
[2026-04-28 19:01:53][Rank 0][INFO] Epoch 11 complete | train_loss=10.224211, val_loss=10.129582
[2026-04-28 19:01:53][Rank 0][INFO] Epoch 12/600
[2026-04-28 19:01:53][Rank 0][DEBUG] Step 0 | Batch: shape=torch.Size([384]), mean=-0.016328, std=0.976656, min=-1.718772, max=1.716462
[2026-04-28 19:01:53][Rank 0][DEBUG] Step 0 | Gradients: total_norm=0.000000, max=0.000000, min=inf
[2026-04-28 19:01:53][Rank 0][INFO] Step 0 | GPU Memory: allocated=0.41GB, reserved=1.99GB, peak=1.71GB
[2026-04-28 19:01:53][Rank 0][DEBUG] Step 0 | Gradients: total_norm=0.000000, max=0.000000, min=inf
[2026-04-28 19:01:53][Rank 0][INFO] Step 0 | GPU Memory: allocated=0.21GB, reserved=0.51GB, peak=0.46GB
[2026-04-28 19:01:53][Rank 0][INFO] Epoch 12 complete | train_loss=0.774153, val_loss=0.791724
[2026-04-28 19:01:53][Rank 0][INFO] Epoch 13/140
[2026-04-28 19:01:53][Rank 0][DEBUG] Step 0 | Batch: shape=torch.Size([1536]), mean=0.002670, std=1.011983, min=-1.728009, max=1.730319
[2026-04-28 19:01:53][Rank 0][DEBUG] Step 0 | Gradients: total_norm=0.000000, max=0.000000, min=inf
[2026-04-28 19:01:53][Rank 0][INFO] Step 0 | GPU Memory: allocated=0.41GB, reserved=1.99GB, peak=1.71GB
[2026-04-28 19:01:53][Rank 0][INFO] Epoch 13 complete | train_loss=0.767496, val_loss=0.791819
[2026-04-28 19:01:54][Rank 0][INFO] Epoch 14/140
[2026-04-28 19:01:54][Rank 0][DEBUG] Step 0 | Batch: shape=torch.Size([1536]), mean=0.005838, std=0.995567, min=-1.729164, max=1.731474
[2026-04-28 19:01:54][Rank 0][DEBUG] Step 0 | Gradients: total_norm=0.000000, max=0.000000, min=inf
[2026-04-28 19:01:54][Rank 0][INFO] Step 0 | GPU Memory: allocated=0.41GB, reserved=1.99GB, peak=1.71GB
[2026-04-28 19:01:54][Rank 0][INFO] Epoch 14 complete | train_loss=0.758394, val_loss=0.794541
[2026-04-28 19:01:54][Rank 0][INFO] Epoch 15/140
[2026-04-28 19:01:54][Rank 0][DEBUG] Step 0 | Batch: shape=torch.Size([1536]), mean=0.005964, std=0.995049, min=-1.728009, max=1.730319
[2026-04-28 19:01:54][Rank 0][DEBUG] Step 0 | Gradients: total_norm=0.000000, max=0.000000, min=inf
[2026-04-28 19:01:54][Rank 0][INFO] Step 0 | GPU Memory: allocated=0.41GB, reserved=1.99GB, peak=1.71GB
[2026-04-28 19:01:54][Rank 0][INFO] Epoch 15 complete | train_loss=0.755482, val_loss=0.793270
[2026-04-28 19:01:54][Rank 0][INFO] Epoch 16/140
[2026-04-28 19:01:54][Rank 0][DEBUG] Step 0 | Batch: shape=torch.Size([1536]), mean=0.006836, std=1.001060, min=-1.731474, max=1.731474
[2026-04-28 19:01:54][Rank 0][INFO] Epoch 12 complete | train_loss=10.297942, val_loss=10.120365
[2026-04-28 19:01:54][Rank 0][INFO] Epoch 13/600
[2026-04-28 19:01:54][Rank 0][DEBUG] Step 0 | Gradients: total_norm=0.000000, max=0.000000, min=inf
[2026-04-28 19:01:54][Rank 0][INFO] Step 0 | GPU Memory: allocated=0.41GB, reserved=1.99GB, peak=1.71GB
9, min=-1.718772, max=1.723391
[2026-04-28 19:01:54][Rank 0][DEBUG] Step 0 | Gradients: total_norm=0.000000, max=0.000000, min=inf
[2026-04-28 19:01:54][Rank 0][INFO] Step 0 | GPU Memory: allocated=0.21GB, reserved=0.51GB, peak=0.46GB
[2026-04-28 19:01:54][Rank 0][INFO] Epoch 16 complete | train_loss=0.751114, val_loss=0.792687
[2026-04-28 19:01:55][Rank 0][INFO] Epoch 17/140
[2026-04-28 19:01:55][Rank 0][DEBUG] Step 0 | Batch: shape=torch.Size([1536]), mean=-0.006304, std=0.996695, min=-1.731474, max=1.731474
[2026-04-28 19:01:55][Rank 0][DEBUG] Step 0 | Gradients: total_norm=0.000000, max=0.000000, min=inf
[2026-04-28 19:01:55][Rank 0][INFO] Step 0 | GPU Memory: allocated=0.41GB, reserved=1.99GB, peak=1.71GB
[2026-04-28 19:01:55][Rank 0][INFO] Epoch 17 complete | train_loss=0.741258, val_loss=0.792239
[2026-04-28 19:01:55][Rank 0][INFO] Epoch 18/140
[2026-04-28 19:01:55][Rank 0][DEBUG] Step 0 | Batch: shape=torch.Size([1536]), mean=0.024104, std=0.996466, min=-1.728009, max=1.731474
[2026-04-28 19:01:55][Rank 0][DEBUG] Step 0 | Gradients: total_norm=0.000000, max=0.000000, min=inf
[2026-04-28 19:01:55][Rank 0][INFO] Step 0 | GPU Memory: allocated=0.41GB, reserved=1.99GB, peak=1.71GB
[2026-04-28 19:01:55][Rank 0][INFO] Epoch 18 complete | train_loss=0.735525, val_loss=0.792704
[2026-04-28 19:01:55][Rank 0][INFO] Epoch 19/140
[2026-04-28 19:01:55][Rank 0][DEBUG] Step 0 | Batch: shape=torch.Size([1536]), mean=0.017018, std=0.999985, min=-1.728009, max=1.729164
[2026-04-28 19:01:56][Rank 0][DEBUG] Step 0 | Gradients: total_norm=0.000000, max=0.000000, min=inf
[2026-04-28 19:01:56][Rank 0][INFO] Step 0 | GPU Memory: allocated=0.41GB, reserved=1.99GB, peak=1.71GB
[2026-04-28 19:01:56][Rank 0][INFO] Epoch 19 complete | train_loss=0.732826, val_loss=0.793169
6
[2026-04-28 19:01:56][Rank 0][INFO] Epoch 14/600
[2026-04-28 19:01:56][Rank 0][DEBUG] Step 0 | Batch: shape=torch.Size([384]), mean=0.020036, std=0.987076, min=-1.728009, max=1.721081
[2026-04-28 19:01:56][Rank 0][DEBUG] Step 0 | Batch: shape=torch.Size([1536]), mean=-0.002125, std=1.025165, min=-1.731474, max=1.731474
[2026-04-28 19:01:56][Rank 0][DEBUG] Step 0 | Gradients: total_norm=0.000000, max=0.000000, min=inf
[2026-04-28 19:01:56][Rank 0][INFO] Step 0 | GPU Memory: allocated=0.21GB, reserved=0.51GB, peak=0.46GB
[2026-04-28 19:01:56][Rank 0][DEBUG] Step 0 | Gradients: total_norm=0.000000, max=0.000000, min=inf
[2026-04-28 19:01:56][Rank 0][INFO] Step 0 | GPU Memory: allocated=0.41GB, reserved=1.99GB, peak=1.71GB
[2026-04-28 19:01:56][Rank 0][INFO] Epoch 20 complete | train_loss=0.719140, val_loss=0.794584
[2026-04-28 19:01:56][Rank 0][INFO] Epoch 21/140
[2026-04-28 19:01:56][Rank 0][DEBUG] Step 0 | Batch: shape=torch.Size([1536]), mean=0.004358, std=1.004350, min=-1.731474, max=1.731474
[2026-04-28 19:01:56][Rank 0][DEBUG] Step 0 | Gradients: total_norm=0.000000, max=0.000000, min=inf
[2026-04-28 19:01:56][Rank 0][INFO] Step 0 | GPU Memory: allocated=0.41GB, reserved=1.99GB, peak=1.71GB
[2026-04-28 19:01:57][Rank 0][INFO] Epoch 21 complete | train_loss=0.721689, val_loss=0.795448
[2026-04-28 19:01:57][Rank 0][INFO] Epoch 22/140
[2026-04-28 19:01:57][Rank 0][DEBUG] Step 0 | Batch: shape=torch.Size([1536]), mean=-0.005986, std=0.998587, min=-1.729164, max=1.731474
[2026-04-28 19:01:57][Rank 0][DEBUG] Step 0 | Gradients: total_norm=0.000000, max=0.000000, min=inf
[2026-04-28 19:01:57][Rank 0][INFO] Step 0 | GPU Memory: allocated=0.41GB, reserved=1.99GB, peak=1.71GB
[2026-04-28 19:01:57][Rank 0][INFO] Epoch 22 complete | train_loss=0.717655, val_loss=0.793360
[2026-04-28 19:01:57][Rank 0][INFO] Epoch 23/140
[2026-04-28 19:01:57][Rank 0][DEBUG] Step 0 | Batch: shape=torch.Size([1536]), mean=-0.036011, std=0.995135, min=-1.731474, max=1.729164
[2026-04-28 19:01:57][Rank 0][DEBUG] Step 0 | Gradients: total_norm=0.000000, max=0.000000, min=inf
[2026-04-28 19:01:57][Rank 0][INFO] Step 0 | GPU Memory: allocated=0.41GB, reserved=1.99GB, peak=1.71GB
[2026-04-28 19:01:58][Rank 0][INFO] Epoch 23 complete | train_loss=0.705470, val_loss=0.788434
[2026-04-28 19:01:58][Rank 0][INFO] Epoch 24/140
[2026-04-28 19:01:58][Rank 0][DEBUG] Step 0 | Batch: shape=torch.Size([1536]), mean=-0.002203, std=0.994677, min=-1.729164, max=1.728009
[2026-04-28 19:01:58][Rank 0][INFO] Epoch 14 complete | train_loss=10.269044, val_loss=10.092645
[2026-04-28 19:01:58][Rank 0][INFO] Epoch 15/600
[2026-04-28 19:01:58][Rank 0][DEBUG] Step 0 | Batch: shape=torch.Size([384]), mean=-0.017868, std=1.001367, min=-1.728009, max=1.710689
[2026-04-28 19:01:58][Rank 0][DEBUG] Step 0 | Gradients: total_norm=0.000000, max=0.000000, min=inf
[2026-04-28 19:01:58][Rank 0][INFO] Step 0 | GPU Memory: allocated=0.41GB, reserved=1.99GB, peak=1.71GB
[2026-04-28 19:01:58][Rank 0][DEBUG] Step 0 | Gradients: total_norm=0.000000, max=0.000000, min=inf
[2026-04-28 19:01:58][Rank 0][INFO] Step 0 | GPU Memory: allocated=0.21GB, reserved=0.51GB, peak=0.46GB
[2026-04-28 19:01:58][Rank 0][INFO] Epoch 24 complete | train_loss=0.706214, val_loss=0.781247
[2026-04-28 19:01:58][Rank 0][INFO] Epoch 25/140
[2026-04-28 19:01:58][Rank 0][DEBUG] Step 0 | Batch: shape=torch.Size([1536]), mean=0.007613, std=1.002386, min=-1.731474, max=1.731474
[2026-04-28 19:01:58][Rank 0][DEBUG] Step 0 | Gradients: total_norm=0.000000, max=0.000000, min=inf
[2026-04-28 19:01:58][Rank 0][INFO] Step 0 | GPU Memory: allocated=0.41GB, reserved=1.99GB, peak=1.71GB
[2026-04-28 19:01:58][Rank 0][INFO] Epoch 25 complete | train_loss=0.705209, val_loss=0.779047
[2026-04-28 19:01:58][Rank 0][INFO] Epoch 26/140
[2026-04-28 19:01:58][Rank 0][DEBUG] Step 0 | Batch: shape=torch.Size([1536]), mean=-0.009154, std=0.988148, min=-1.731474, max=1.731474
[2026-04-28 19:01:58][Rank 0][DEBUG] Step 0 | Gradients: total_norm=0.000000, max=0.000000, min=inf
[2026-04-28 19:01:58][Rank 0][INFO] Step 0 | GPU Memory: allocated=0.41GB, reserved=1.99GB, peak=1.71GB
[2026-04-28 19:01:59][Rank 0][INFO] Epoch 26 complete | train_loss=0.690546, val_loss=0.785065
[2026-04-28 19:01:59][Rank 0][INFO] Epoch 27/140
[2026-04-28 19:01:59][Rank 0][DEBUG] Step 0 | Batch: shape=torch.Size([1536]), mean=0.010879, std=0.999337, min=-1.729164, max=1.731474
[2026-04-28 19:01:59][Rank 0][DEBUG] Step 0 | Gradients: total_norm=0.000000, max=0.000000, min=inf
[2026-04-28 19:01:59][Rank 0][INFO] Step 0 | GPU Memory: allocated=0.41GB, reserved=1.99GB, peak=1.71GB
[2026-04-28 19:01:59][Rank 0][INFO] Epoch 27 complete | train_loss=0.689072, val_loss=0.789187
[2026-04-28 19:01:59][Rank 0][INFO] Epoch 28/140
[2026-04-28 19:01:59][Rank 0][DEBUG] Step 0 | Batch: shape=torch.Size([1536]), mean=0.003345, std=0.997965, min=-1.731474, max=1.731474
[2026-04-28 19:01:59][Rank 0][DEBUG] Step 0 | Gradients: total_norm=0.000000, max=0.000000, min=inf
[2026-04-28 19:01:59][Rank 0][INFO] Step 0 | GPU Memory: allocated=0.41GB, reserved=1.99GB, peak=1.71GB
[2026-04-28 19:01:59][Rank 0][INFO] Epoch 28 complete | train_loss=0.687874, val_loss=0.791386
[2026-04-28 19:01:59][Rank 0][INFO] Epoch 29/140
[2026-04-28 19:01:59][Rank 0][DEBUG] Step 0 | Batch: shape=torch.Size([1536]), mean=-0.023508, std=0.994539, min=-1.728009, max=1.731474
[2026-04-28 19:01:59][Rank 0][DEBUG] Step 0 | Gradients: total_norm=0.000000, max=0.000000, min=inf
[2026-04-28 19:01:59][Rank 0][INFO] Step 0 | GPU Memory: allocated=0.41GB, reserved=1.99GB, peak=1.71GB
[2026-04-28 19:02:00][Rank 0][INFO] Epoch 29 complete | train_loss=0.680971, val_loss=0.789902
[2026-04-28 19:02:00][Rank 0][INFO] Epoch 30/140
[2026-04-28 19:02:00][Rank 0][DEBUG] Step 0 | Batch: shape=torch.Size([1536]), mean=0.031520, std=0.996128, min=-1.731474, max=1.731474
[2026-04-28 19:02:00][Rank 0][INFO] Epoch 15 complete | train_loss=10.219254, val_loss=10.085119
[2026-04-28 19:02:00][Rank 0][INFO] Epoch 16/600
[2026-04-28 19:02:00][Rank 0][DEBUG] Step 0 | Batch: shape=torch.Size([384]), mean=-0.056433, std=0.954721, min=-1.724545, max=1.716462
[2026-04-28 19:02:00][Rank 0][DEBUG] Step 0 | Gradients: total_norm=0.000000, max=0.000000, min=inf
[2026-04-28 19:02:00][Rank 0][INFO] Step 0 | GPU Memory: allocated=0.21GB, reserved=0.51GB, peak=0.46GB
[2026-04-28 19:02:00][Rank 0][INFO] Epoch 30 complete | train_loss=0.670718, val_loss=0.787113
[2026-04-28 19:02:00][Rank 0][INFO] Epoch 31/140
[2026-04-28 19:02:00][Rank 0][DEBUG] Step 0 | Batch: shape=torch.Size([1536]), mean=0.014554, std=1.002681, min=-1.729164, max=1.730319
[2026-04-28 19:02:00][Rank 0][DEBUG] Step 0 | Gradients: total_norm=0.000000, max=0.000000, min=inf
[2026-04-28 19:02:00][Rank 0][INFO] Step 0 | GPU Memory: allocated=0.41GB, reserved=1.99GB, peak=1.71GB
[2026-04-28 19:02:00][Rank 0][INFO] Epoch 31 complete | train_loss=0.666842, val_loss=0.790889
[2026-04-28 19:02:00][Rank 0][INFO] Epoch 32/140
[2026-04-28 19:02:00][Rank 0][DEBUG] Step 0 | Batch: shape=torch.Size([1536]), mean=0.030818, std=1.004348, min=-1.729164, max=1.731474
[2026-04-28 19:02:01][Rank 0][DEBUG] Step 0 | Gradients: total_norm=0.000000, max=0.000000, min=inf
[2026-04-28 19:02:01][Rank 0][INFO] Step 0 | GPU Memory: allocated=0.41GB, reserved=1.99GB, peak=1.71GB
[2026-04-28 19:02:01][Rank 0][INFO] Epoch 32 complete | train_loss=0.659407, val_loss=0.796261
[2026-04-28 19:02:01][Rank 0][INFO] Epoch 33/140
[2026-04-28 19:02:01][Rank 0][DEBUG] Step 0 | Batch: shape=torch.Size([1536]), mean=-0.014244, std=0.998486, min=-1.731474, max=1.730319
[2026-04-28 19:02:01][Rank 0][DEBUG] Step 0 | Gradients: total_norm=0.000000, max=0.000000, min=inf
[2026-04-28 19:02:01][Rank 0][INFO] Step 0 | GPU Memory: allocated=0.41GB, reserved=1.99GB, peak=1.71GB
[2026-04-28 19:02:01][Rank 0][INFO] Epoch 33 complete | train_loss=0.656823, val_loss=0.795689
[2026-04-28 19:02:01][Rank 0][INFO] Epoch 34/140
[2026-04-28 19:02:01][Rank 0][DEBUG] Step 0 | Batch: shape=torch.Size([1536]), mean=-0.004168, std=0.996977, min=-1.731474, max=1.731474
[2026-04-28 19:02:01][Rank 0][DEBUG] Step 0 | Gradients: total_norm=0.000000, max=0.000000, min=inf
[2026-04-28 19:02:01][Rank 0][INFO] Step 0 | GPU Memory: allocated=0.41GB, reserved=1.99GB, peak=1.71GB
[2026-04-28 19:02:02][Rank 0][INFO] Epoch 34 complete | train_loss=0.652527, val_loss=0.795101
[2026-04-28 19:02:02][Rank 0][INFO] Epoch 35/140
[2026-04-28 19:02:02][Rank 0][DEBUG] Step 0 | Batch: shape=torch.Size([1536]), mean=0.001130, std=0.992245, min=-1.729164, max=1.730319
[2026-04-28 19:02:02][Rank 0][DEBUG] Step 0 | Gradients: total_norm=0.000000, max=0.000000, min=inf
[2026-04-28 19:02:02][Rank 0][INFO] Step 0 | GPU Memory: allocated=0.41GB, reserved=1.99GB, peak=1.71GB
[2026-04-28 19:02:02][Rank 0][INFO] Epoch 16 complete | train_loss=10.196295, val_loss=10.074503
[2026-04-28 19:02:02][Rank 0][INFO] Epoch 17/600
[2026-04-28 19:02:02][Rank 0][DEBUG] Step 0 | Batch: shape=torch.Size([384]), mean=0.009289, std=1.000146, min=-1.726855, max=1.704915
[2026-04-28 19:02:02][Rank 0][DEBUG] Step 0 | Gradients: total_norm=0.000000, max=0.000000, min=inf
[2026-04-28 19:02:02][Rank 0][INFO] Step 0 | GPU Memory: allocated=0.21GB, reserved=0.51GB, peak=0.46GB
[2026-04-28 19:02:02][Rank 0][INFO] Epoch 35 complete | train_loss=0.637432, val_loss=0.798951
[2026-04-28 19:02:02][Rank 0][INFO] Epoch 36/140
[2026-04-28 19:02:02][Rank 0][DEBUG] Step 0 | Batch: shape=torch.Size([1536]), mean=-0.012067, std=1.009055, min=-1.728009, max=1.730319
[2026-04-28 19:02:02][Rank 0][DEBUG] Step 0 | Gradients: total_norm=0.000000, max=0.000000, min=inf
[2026-04-28 19:02:02][Rank 0][INFO] Step 0 | GPU Memory: allocated=0.41GB, reserved=1.99GB, peak=1.71GB
[2026-04-28 19:02:03][Rank 0][INFO] Epoch 36 complete | train_loss=0.635845, val_loss=0.807044
[2026-04-28 19:02:03][Rank 0][INFO] Epoch 37/140
[2026-04-28 19:02:03][Rank 0][DEBUG] Step 0 | Batch: shape=torch.Size([1536]), mean=0.007201, std=0.996586, min=-1.731474, max=1.729164
[2026-04-28 19:02:03][Rank 0][DEBUG] Step 0 | Gradients: total_norm=0.000000, max=0.000000, min=inf
[2026-04-28 19:02:03][Rank 0][INFO] Step 0 | GPU Memory: allocated=0.41GB, reserved=1.99GB, peak=1.71GB
[2026-04-28 19:02:03][Rank 0][INFO] Epoch 37 complete | train_loss=0.632086, val_loss=0.809400
[2026-04-28 19:02:03][Rank 0][INFO] Epoch 38/140
[2026-04-28 19:02:03][Rank 0][DEBUG] Step 0 | Batch: shape=torch.Size([1536]), mean=-0.011358, std=1.007094, min=-1.731474, max=1.729164
[2026-04-28 19:02:03][Rank 0][DEBUG] Step 0 | Gradients: total_norm=0.000000, max=0.000000, min=inf
[2026-04-28 19:02:03][Rank 0][INFO] Step 0 | GPU Memory: allocated=0.41GB, reserved=1.99GB, peak=1.71GB
[2026-04-28 19:02:03][Rank 0][INFO] Epoch 38 complete | train_loss=0.632557, val_loss=0.806378
[2026-04-28 19:02:03][Rank 0][INFO] Epoch 39/140
[2026-04-28 19:02:03][Rank 0][DEBUG] Step 0 | Batch: shape=torch.Size([1536]), mean=-0.023089, std=1.001846, min=-1.729164, max=1.728009
[2026-04-28 19:02:03][Rank 0][DEBUG] Step 0 | Gradients: total_norm=0.000000, max=0.000000, min=inf
[2026-04-28 19:02:03][Rank 0][INFO] Step 0 | GPU Memory: allocated=0.41GB, reserved=1.99GB, peak=1.71GB
[2026-04-28 19:02:04][Rank 0][INFO] Epoch 17 complete | train_loss=10.159628, val_loss=10.068401
[2026-04-28 19:02:04][Rank 0][INFO] Epoch 40/140
[2026-04-28 19:02:04][Rank 0][DEBUG] Step 0 | Batch: shape=torch.Size([384]), mean=-0.080997, std=0.997306, min=-1.701451, max=1.717617
[2026-04-28 19:02:04][Rank 0][DEBUG] Step 0 | Batch: shape=torch.Size([1536]), mean=-0.012102, std=0.997026, min=-1.729164, max=1.731474
[2026-04-28 19:02:04][Rank 0][DEBUG] Step 0 | Gradients: total_norm=0.000000, max=0.000000, min=inf
[2026-04-28 19:02:04][Rank 0][INFO] Step 0 | GPU Memory: allocated=0.21GB, reserved=0.51GB, peak=0.46GB
[2026-04-28 19:02:04][Rank 0][DEBUG] Step 0 | Gradients: total_norm=0.000000, max=0.000000, min=inf
[2026-04-28 19:02:04][Rank 0][INFO] Step 0 | GPU Memory: allocated=0.41GB, reserved=1.99GB, peak=1.71GB
[2026-04-28 19:02:04][Rank 0][INFO] Epoch 40 complete | train_loss=0.612161, val_loss=0.814325
[2026-04-28 19:02:04][Rank 0][INFO] Epoch 41/140
[2026-04-28 19:02:04][Rank 0][DEBUG] Step 0 | Batch: shape=torch.Size([1536]), mean=0.021033, std=0.990891, min=-1.731474, max=1.730319
[2026-04-28 19:02:04][Rank 0][DEBUG] Step 0 | Gradients: total_norm=0.000000, max=0.000000, min=inf
[2026-04-28 19:02:04][Rank 0][INFO] Step 0 | GPU Memory: allocated=0.41GB, reserved=1.99GB, peak=1.71GB
[2026-04-28 19:02:05][Rank 0][INFO] Epoch 41 complete | train_loss=0.611341, val_loss=0.814217
[2026-04-28 19:02:05][Rank 0][INFO] Epoch 42/140
[2026-04-28 19:02:05][Rank 0][DEBUG] Step 0 | Batch: shape=torch.Size([1536]), mean=-0.005846, std=0.995790, min=-1.731474, max=1.731474
[2026-04-28 19:02:05][Rank 0][DEBUG] Step 0 | Gradients: total_norm=0.000000, max=0.000000, min=inf
[2026-04-28 19:02:05][Rank 0][INFO] Step 0 | GPU Memory: allocated=0.41GB, reserved=1.99GB, peak=1.71GB
[2026-04-28 19:02:05][Rank 0][INFO] Epoch 42 complete | train_loss=0.606787, val_loss=0.812372
[2026-04-28 19:02:05][Rank 0][INFO] Epoch 43/140
[2026-04-28 19:02:05][Rank 0][DEBUG] Step 0 | Batch: shape=torch.Size([1536]), mean=0.002966, std=1.005295, min=-1.729164, max=1.731474
[2026-04-28 19:02:05][Rank 0][DEBUG] Step 0 | Gradients: total_norm=0.000000, max=0.000000, min=inf
[2026-04-28 19:02:05][Rank 0][INFO] Step 0 | GPU Memory: allocated=0.41GB, reserved=1.99GB, peak=1.71GB
[2026-04-28 19:02:05][Rank 0][INFO] Epoch 43 complete | train_loss=0.603642, val_loss=0.813335
[2026-04-28 19:02:05][Rank 0][INFO] Epoch 44/140
[2026-04-28 19:02:05][Rank 0][DEBUG] Step 0 | Batch: shape=torch.Size([1536]), mean=-0.007313, std=0.994942, min=-1.731474, max=1.731474
[2026-04-28 19:02:05][Rank 0][DEBUG] Step 0 | Gradients: total_norm=0.000000, max=0.000000, min=inf
[2026-04-28 19:02:05][Rank 0][INFO] Step 0 | GPU Memory: allocated=0.41GB, reserved=1.99GB, peak=1.71GB
[2026-04-28 19:02:06][Rank 0][INFO] Epoch 44 complete | train_loss=0.603748, val_loss=0.816247
[2026-04-28 19:02:06][Rank 0][INFO] Epoch 45/140
[2026-04-28 19:02:06][Rank 0][DEBUG] Step 0 | Batch: shape=torch.Size([1536]), mean=0.009074, std=1.001970, min=-1.731474, max=1.731474
[2026-04-28 19:02:06][Rank 0][DEBUG] Step 0 | Gradients: total_norm=0.000000, max=0.000000, min=inf
[2026-04-28 19:02:06][Rank 0][INFO] Step 0 | GPU Memory: allocated=0.41GB, reserved=1.99GB, peak=1.71GB
[2026-04-28 19:02:06][Rank 0][INFO] Epoch 18 complete | train_loss=10.207882, val_loss=10.065777
[2026-04-28 19:02:06][Rank 0][INFO] Epoch 19/600
[2026-04-28 19:02:06][Rank 0][DEBUG] Step 0 | Batch: shape=torch.Size([384]), mean=0.027078, std=0.982027, min=-1.728009, max=1.731474
[2026-04-28 19:02:06][Rank 0][DEBUG] Step 0 | Gradients: total_norm=0.000000, max=0.000000, min=inf
[2026-04-28 19:02:06][Rank 0][INFO] Step 0 | GPU Memory: allocated=0.21GB, reserved=0.51GB, peak=0.46GB
[2026-04-28 19:02:06][Rank 0][INFO] Epoch 45 complete | train_loss=0.596876, val_loss=0.820206
[2026-04-28 19:02:06][Rank 0][INFO] Epoch 46/140
[2026-04-28 19:02:06][Rank 0][DEBUG] Step 0 | Batch: shape=torch.Size([1536]), mean=0.017544, std=1.003847, min=-1.731474, max=1.730319
[2026-04-28 19:02:06][Rank 0][DEBUG] Step 0 | Gradients: total_norm=0.000000, max=0.000000, min=inf
[2026-04-28 19:02:06][Rank 0][INFO] Step 0 | GPU Memory: allocated=0.41GB, reserved=1.99GB, peak=1.71GB
[2026-04-28 19:02:07][Rank 0][INFO] Epoch 46 complete | train_loss=0.588116, val_loss=0.825952
[2026-04-28 19:02:07][Rank 0][INFO] Epoch 47/140
[2026-04-28 19:02:07][Rank 0][DEBUG] Step 0 | Batch: shape=torch.Size([1536]), mean=0.002597, std=1.004110, min=-1.731474, max=1.729164
[2026-04-28 19:02:07][Rank 0][DEBUG] Step 0 | Gradients: total_norm=0.000000, max=0.000000, min=inf
[2026-04-28 19:02:07][Rank 0][INFO] Step 0 | GPU Memory: allocated=0.41GB, reserved=1.99GB, peak=1.71GB
[2026-04-28 19:02:07][Rank 0][INFO] Epoch 47 complete | train_loss=0.593378, val_loss=0.830809
[2026-04-28 19:02:07][Rank 0][INFO] Epoch 48/140
[2026-04-28 19:02:07][Rank 0][DEBUG] Step 0 | Batch: shape=torch.Size([1536]), mean=-0.006132, std=0.998280, min=-1.731474, max=1.731474
[2026-04-28 19:02:07][Rank 0][DEBUG] Step 0 | Gradients: total_norm=0.000000, max=0.000000, min=inf
[2026-04-28 19:02:07][Rank 0][INFO] Step 0 | GPU Memory: allocated=0.41GB, reserved=1.99GB, peak=1.71GB
[2026-04-28 19:02:07][Rank 0][INFO] Epoch 48 complete | train_loss=0.582764, val_loss=0.837180
[2026-04-28 19:02:08][Rank 0][INFO] Epoch 49/140
[2026-04-28 19:02:08][Rank 0][DEBUG] Step 0 | Batch: shape=torch.Size([1536]), mean=-0.023934, std=1.005030, min=-1.731474, max=1.730319
[2026-04-28 19:02:08][Rank 0][DEBUG] Step 0 | Gradients: total_norm=0.000000, max=0.000000, min=inf
[2026-04-28 19:02:08][Rank 0][INFO] Step 0 | GPU Memory: allocated=0.41GB, reserved=1.99GB, peak=1.71GB
[2026-04-28 19:02:08][Rank 0][INFO] Epoch 19 complete | train_loss=10.228889, val_loss=10.059246
[2026-04-28 19:02:08][Rank 0][INFO] Epoch 20/600
[2026-04-28 19:02:08][Rank 0][DEBUG] Step 0 | Batch: shape=torch.Size([384]), mean=-0.034954, std=0.994067, min=-1.726855, max=1.730319
[2026-04-28 19:02:08][Rank 0][DEBUG] Step 0 | Gradients: total_norm=0.000000, max=0.000000, min=inf
[2026-04-28 19:02:08][Rank 0][INFO] Step 0 | GPU Memory: allocated=0.21GB, reserved=0.51GB, peak=0.46GB
[2026-04-28 19:02:08][Rank 0][INFO] Epoch 49 complete | train_loss=0.583350, val_loss=0.841582
[2026-04-28 19:02:10][Rank 0][INFO] Epoch 20 complete | train_loss=10.220153, val_loss=10.055419
[2026-04-28 19:02:10][Rank 0][INFO] Epoch 21/600
[2026-04-28 19:02:10][Rank 0][DEBUG] Step 0 | Batch: shape=torch.Size([384]), mean=-0.003714, std=1.006877, min=-1.728009, max=1.725700
[2026-04-28 19:02:10][Rank 0][DEBUG] Step 0 | Gradients: total_norm=0.000000, max=0.000000, min=inf
[2026-04-28 19:02:10][Rank 0][INFO] Step 0 | GPU Memory: allocated=0.21GB, reserved=1.50GB, peak=1.38GB
[2026-04-28 19:02:12][Rank 0][INFO] Epoch 21 complete | train_loss=10.202742, val_loss=10.046515
[2026-04-28 19:02:12][Rank 0][INFO] Epoch 22/600
[2026-04-28 19:02:12][Rank 0][DEBUG] Step 0 | Batch: shape=torch.Size([384]), mean=0.068425, std=1.020179, min=-1.728009, max=1.729164
[2026-04-28 19:02:13][Rank 0][DEBUG] Step 0 | Gradients: total_norm=0.000000, max=0.000000, min=inf
[2026-04-28 19:02:13][Rank 0][INFO] Step 0 | GPU Memory: allocated=0.21GB, reserved=1.50GB, peak=1.38GB
[2026-04-28 19:02:15][Rank 0][INFO] Epoch 22 complete | train_loss=10.152240, val_loss=10.046038
[2026-04-28 19:02:15][Rank 0][INFO] Epoch 23/600
[2026-04-28 19:02:15][Rank 0][DEBUG] Step 0 | Batch: shape=torch.Size([384]), mean=-0.011697, std=0.978049, min=-1.726855, max=1.728009
[2026-04-28 19:02:15][Rank 0][INFO] Training complete!
[2026-04-28 19:02:15][Rank 0][DEBUG] Step 0 | Gradients: total_norm=0.000000, max=0.000000, min=inf
[2026-04-28 19:02:15][Rank 0][INFO] Step 0 | GPU Memory: allocated=0.21GB, reserved=1.50GB, peak=1.38GB
[2026-04-28 19:02:17][Rank 0][INFO] Starting training...
[2026-04-28 19:02:17][Rank 0][INFO] World size: 1
[2026-04-28 19:02:17][Rank 0][INFO] Batch size per GPU: 1536
[2026-04-28 19:02:17][Rank 0][INFO] Effective batch size: 1536
[2026-04-28 19:02:17][Rank 0][INFO] Epoch 1/240
[2026-04-28 19:02:17][Rank 0][DEBUG] Step 0 | Batch: shape=torch.Size([1536]), mean=-0.007438, std=1.005436, min=-1.731474, max=1.730319
[2026-04-28 19:02:18][Rank 0][INFO] Epoch 23 complete | train_loss=10.141834, val_loss=10.047693
[2026-04-28 19:02:18][Rank 0][INFO] Epoch 24/600
[2026-04-28 19:02:18][Rank 0][DEBUG] Step 0 | Batch: shape=torch.Size([384]), mean=-0.029243, std=0.988207, min=-1.729164, max=1.721081
[2026-04-28 19:02:18][Rank 0][DEBUG] Step 0 | Gradients: total_norm=0.000000, max=0.000000, min=inf
[2026-04-28 19:02:18][Rank 0][INFO] Step 0 | GPU Memory: allocated=0.21GB, reserved=1.50GB, peak=1.38GB
[2026-04-28 19:02:18][Rank 0][DEBUG] Step 0 | Gradients: total_norm=0.000000, max=0.000000, min=inf
[2026-04-28 19:02:19][Rank 0][INFO] Step 0 | GPU Memory: allocated=0.25GB, reserved=23.68GB, peak=22.00GB
[2026-04-28 19:02:19][Rank 0][INFO] Epoch 1 complete | train_loss=4187.322754, val_loss=4486.898926
[2026-04-28 19:02:20][Rank 0][INFO] Epoch 2/240
[2026-04-28 19:02:20][Rank 0][DEBUG] Step 0 | Batch: shape=torch.Size([1536]), mean=-0.014849, std=0.996499, min=-1.731474, max=1.729164
[2026-04-28 19:02:20][Rank 0][INFO] Epoch 24 complete | train_loss=10.143944, val_loss=10.044910
[2026-04-28 19:02:20][Rank 0][INFO] Epoch 25/600
[2026-04-28 19:02:20][Rank 0][DEBUG] Step 0 | Batch: shape=torch.Size([384]), mean=-0.012034, std=0.996364, min=-1.731474, max=1.702606
[2026-04-28 19:02:20][Rank 0][DEBUG] Step 0 | Gradients: total_norm=0.000000, max=0.000000, min=inf
[2026-04-28 19:02:20][Rank 0][INFO] Step 0 | GPU Memory: allocated=0.21GB, reserved=1.50GB, peak=1.39GB
[2026-04-28 19:02:21][Rank 0][DEBUG] Step 0 | Gradients: total_norm=0.000000, max=0.000000, min=inf
[2026-04-28 19:02:21][Rank 0][INFO] Step 0 | GPU Memory: allocated=4.13GB, reserved=27.69GB, peak=26.00GB
[2026-04-28 19:02:21][Rank 0][INFO] Epoch 2 complete | train_loss=4228.387207, val_loss=2360.089844
[2026-04-28 19:02:21][Rank 0][INFO] Epoch 3/240
[2026-04-28 19:02:21][Rank 0][DEBUG] Step 0 | Batch: shape=torch.Size([1536]), mean=0.015205, std=0.996018, min=-1.731474, max=1.731474
[2026-04-28 19:02:23][Rank 0][DEBUG] Step 0 | Gradients: total_norm=0.000000, max=0.000000, min=inf
[2026-04-28 19:02:23][Rank 0][INFO] Step 0 | GPU Memory: allocated=4.13GB, reserved=27.79GB, peak=26.00GB
[2026-04-28 19:02:23][Rank 0][INFO] Epoch 25 complete | train_loss=10.236001, val_loss=10.042645
[2026-04-28 19:02:23][Rank 0][INFO] Epoch 26/600
[2026-04-28 19:02:23][Rank 0][DEBUG] Step 0 | Batch: shape=torch.Size([384]), mean=0.024760, std=1.010075, min=-1.723391, max=1.722236
[2026-04-28 19:02:23][Rank 0][INFO] Epoch 3 complete | train_loss=2231.797607, val_loss=1124.561768
[2026-04-28 19:02:23][Rank 0][INFO] Epoch 4/240
[2026-04-28 19:02:23][Rank 0][DEBUG] Step 0 | Gradients: total_norm=0.000000, max=0.000000, min=inf
[2026-04-28 19:02:23][Rank 0][INFO] Step 0 | GPU Memory: allocated=0.21GB, reserved=1.50GB, peak=1.39GB
[2026-04-28 19:02:23][Rank 0][DEBUG] Step 0 | Batch: shape=torch.Size([1536]), mean=-0.007365, std=1.002662, min=-1.731474, max=1.731474
[2026-04-28 19:02:24][Rank 0][DEBUG] Step 0 | Gradients: total_norm=0.000000, max=0.000000, min=inf
[2026-04-28 19:02:24][Rank 0][INFO] Step 0 | GPU Memory: allocated=4.13GB, reserved=27.79GB, peak=26.00GB
[2026-04-28 19:02:25][Rank 0][INFO] Epoch 4 complete | train_loss=1103.927612, val_loss=916.472656
[2026-04-28 19:02:25][Rank 0][INFO] Epoch 5/240
[2026-04-28 19:02:25][Rank 0][DEBUG] Step 0 | Batch: shape=torch.Size([1536]), mean=0.011236, std=1.008583, min=-1.729164, max=1.731474
[2026-04-28 19:02:25][Rank 0][INFO] Epoch 26 complete | train_loss=10.186316, val_loss=10.041626
[2026-04-28 19:02:25][Rank 0][INFO] Epoch 27/600
[2026-04-28 19:02:25][Rank 0][DEBUG] Step 0 | Batch: shape=torch.Size([384]), mean=0.065153, std=0.988336, min=-1.725700, max=1.730319
[2026-04-28 19:02:25][Rank 0][DEBUG] Step 0 | Gradients: total_norm=0.000000, max=0.000000, min=inf
[2026-04-28 19:02:25][Rank 0][INFO] Step 0 | GPU Memory: allocated=0.21GB, reserved=1.50GB, peak=1.39GB
[2026-04-28 19:02:26][Rank 0][DEBUG] Step 0 | Gradients: total_norm=0.000000, max=0.000000, min=inf
[2026-04-28 19:02:26][Rank 0][INFO] Step 0 | GPU Memory: allocated=4.13GB, reserved=27.81GB, peak=26.00GB
[2026-04-28 19:02:26][Rank 0][INFO] Epoch 5 complete | train_loss=853.944214, val_loss=701.113403
[2026-04-28 19:02:26][Rank 0][INFO] Epoch 6/240
[2026-04-28 19:02:26][Rank 0][DEBUG] Step 0 | Batch: shape=torch.Size([1536]), mean=0.001161, std=1.000344, min=-1.731474, max=1.731474
[2026-04-28 19:02:28][Rank 0][DEBUG] Step 0 | Gradients: total_norm=0.000000, max=0.000000, min=inf
[2026-04-28 19:02:28][Rank 0][INFO] Step 0 | GPU Memory: allocated=4.13GB, reserved=28.18GB, peak=26.00GB
[2026-04-28 19:02:28][Rank 0][INFO] Epoch 27 complete | train_loss=10.190388, val_loss=10.040423
[2026-04-28 19:02:28][Rank 0][INFO] Epoch 28/600
[2026-04-28 19:02:28][Rank 0][DEBUG] Step 0 | Batch: shape=torch.Size([384]), mean=-0.005106, std=0.994599, min=-1.721081, max=1.718772
[2026-04-28 19:02:28][Rank 0][DEBUG] Step 0 | Gradients: total_norm=0.000000, max=0.000000, min=inf
[2026-04-28 19:02:28][Rank 0][INFO] Step 0 | GPU Memory: allocated=0.21GB, reserved=1.50GB, peak=1.39GB
[2026-04-28 19:02:28][Rank 0][INFO] Epoch 6 complete | train_loss=644.566589, val_loss=464.406860
[2026-04-28 19:02:28][Rank 0][INFO] Epoch 7/240
[2026-04-28 19:02:28][Rank 0][DEBUG] Step 0 | Batch: shape=torch.Size([1536]), mean=0.044187, std=1.000189, min=-1.731474, max=1.730319
[2026-04-28 19:02:29][Rank 0][DEBUG] Step 0 | Gradients: total_norm=0.000000, max=0.000000, min=inf
[2026-04-28 19:02:29][Rank 0][INFO] Step 0 | GPU Memory: allocated=4.13GB, reserved=28.18GB, peak=26.00GB
[2026-04-28 19:02:30][Rank 0][INFO] Epoch 7 complete | train_loss=432.964508, val_loss=331.932495
[2026-04-28 19:02:30][Rank 0][INFO] Epoch 8/240
[2026-04-28 19:02:30][Rank 0][DEBUG] Step 0 | Batch: shape=torch.Size([1536]), mean=-0.024403, std=1.011031, min=-1.729164, max=1.731474
[2026-04-28 19:02:30][Rank 0][INFO] Epoch 28 complete | train_loss=10.192398, val_loss=10.034295
[2026-04-28 19:02:30][Rank 0][INFO] Epoch 29/600
[2026-04-28 19:02:30][Rank 0][DEBUG] Step 0 | Batch: shape=torch.Size([384]), mean=-0.084233, std=0.988993, min=-1.714153, max=1.731474
[2026-04-28 19:02:30][Rank 0][DEBUG] Step 0 | Gradients: total_norm=0.000000, max=0.000000, min=inf
[2026-04-28 19:02:30][Rank 0][INFO] Step 0 | GPU Memory: allocated=0.21GB, reserved=1.50GB, peak=1.39GB
[2026-04-28 19:02:31][Rank 0][DEBUG] Step 0 | Gradients: total_norm=0.000000, max=0.000000, min=inf
[2026-04-28 19:02:31][Rank 0][INFO] Step 0 | GPU Memory: allocated=4.13GB, reserved=28.18GB, peak=26.00GB
[2026-04-28 19:02:31][Rank 0][INFO] Epoch 8 complete | train_loss=305.309174, val_loss=261.078674
[2026-04-28 19:02:31][Rank 0][INFO] Epoch 9/240
[2026-04-28 19:02:31][Rank 0][DEBUG] Step 0 | Batch: shape=torch.Size([1536]), mean=0.032205, std=1.005506, min=-1.731474, max=1.729164
[2026-04-28 19:02:32][Rank 0][INFO] Epoch 29 complete | train_loss=10.226777, val_loss=10.030005
[2026-04-28 19:02:32][Rank 0][INFO] Epoch 30/600
[2026-04-28 19:02:32][Rank 0][DEBUG] Step 0 | Batch: shape=torch.Size([384]), mean=-0.003308, std=0.977219, min=-1.731474, max=1.728009
[2026-04-28 19:02:32][Rank 0][DEBUG] Step 0 | Gradients: total_norm=0.000000, max=0.000000, min=inf
[2026-04-28 19:02:32][Rank 0][INFO] Step 0 | GPU Memory: allocated=0.21GB, reserved=1.50GB, peak=1.39GB
[2026-04-28 19:02:33][Rank 0][DEBUG] Step 0 | Gradients: total_norm=0.000000, max=0.000000, min=inf
[2026-04-28 19:02:33][Rank 0][INFO] Step 0 | GPU Memory: allocated=4.13GB, reserved=28.18GB, peak=26.00GB
[2026-04-28 19:02:33][Rank 0][INFO] Epoch 9 complete | train_loss=240.600830, val_loss=196.630081
[2026-04-28 19:02:33][Rank 0][INFO] Epoch 10/240
[2026-04-28 19:02:33][Rank 0][DEBUG] Step 0 | Batch: shape=torch.Size([1536]), mean=0.024360, std=0.998374, min=-1.729164, max=1.731474
[2026-04-28 19:02:34][Rank 0][DEBUG] Step 0 | Gradients: total_norm=0.000000, max=0.000000, min=inf
[2026-04-28 19:02:34][Rank 0][INFO] Step 0 | GPU Memory: allocated=4.13GB, reserved=28.20GB, peak=26.00GB
[2026-04-28 19:02:35][Rank 0][INFO] Epoch 10 complete | train_loss=175.306061, val_loss=152.574936
[2026-04-28 19:02:35][Rank 0][INFO] Epoch 11/240
[2026-04-28 19:02:35][Rank 0][DEBUG] Step 0 | Batch: shape=torch.Size([1536]), mean=0.019555, std=0.991811, min=-1.729164, max=1.730319
[2026-04-28 19:02:35][Rank 0][INFO] Epoch 30 complete | train_loss=10.156920, val_loss=10.027938
[2026-04-28 19:02:35][Rank 0][INFO] Epoch 31/600
[2026-04-28 19:02:35][Rank 0][DEBUG] Step 0 | Batch: shape=torch.Size([384]), mean=0.024390, std=1.020412, min=-1.728009, max=1.730319
[2026-04-28 19:02:35][Rank 0][DEBUG] Step 0 | Gradients: total_norm=0.000000, max=0.000000, min=inf
[2026-04-28 19:02:35][Rank 0][INFO] Step 0 | GPU Memory: allocated=0.21GB, reserved=1.50GB, peak=1.39GB
[2026-04-28 19:02:36][Rank 0][DEBUG] Step 0 | Gradients: total_norm=0.000000, max=0.000000, min=inf
[2026-04-28 19:02:36][Rank 0][INFO] Step 0 | GPU Memory: allocated=4.13GB, reserved=28.20GB, peak=26.00GB
[2026-04-28 19:02:36][Rank 0][INFO] Epoch 11 complete | train_loss=131.117157, val_loss=121.875275
[2026-04-28 19:02:36][Rank 0][INFO] Epoch 12/240
[2026-04-28 19:02:36][Rank 0][DEBUG] Step 0 | Batch: shape=torch.Size([1536]), mean=-0.009056, std=1.002372, min=-1.731474, max=1.729164
[2026-04-28 19:02:37][Rank 0][INFO] Epoch 31 complete | train_loss=10.177846, val_loss=10.026259
[2026-04-28 19:02:37][Rank 0][INFO] Epoch 32/600
[2026-04-28 19:02:37][Rank 0][DEBUG] Step 0 | Batch: shape=torch.Size([384]), mean=0.008756, std=1.008901, min=-1.716462, max=1.730319
[2026-04-28 19:02:37][Rank 0][DEBUG] Step 0 | Gradients: total_norm=0.000000, max=0.000000, min=inf
[2026-04-28 19:02:37][Rank 0][INFO] Step 0 | GPU Memory: allocated=0.21GB, reserved=1.50GB, peak=1.39GB
[2026-04-28 19:02:38][Rank 0][DEBUG] Step 0 | Gradients: total_norm=0.000000, max=0.000000, min=inf
[2026-04-28 19:02:38][Rank 0][INFO] Step 0 | GPU Memory: allocated=4.13GB, reserved=28.20GB, peak=26.00GB
[2026-04-28 19:02:38][Rank 0][INFO] Epoch 12 complete | train_loss=103.478241, val_loss=95.017357
[2026-04-28 19:02:38][Rank 0][INFO] Epoch 13/240
[2026-04-28 19:02:38][Rank 0][DEBUG] Step 0 | Batch: shape=torch.Size([1536]), mean=0.002670, std=1.011983, min=-1.728009, max=1.730319
[2026-04-28 19:02:39][Rank 0][DEBUG] Step 0 | Gradients: total_norm=0.000000, max=0.000000, min=inf
[2026-04-28 19:02:39][Rank 0][INFO] Step 0 | GPU Memory: allocated=4.13GB, reserved=28.22GB, peak=26.00GB
[2026-04-28 19:02:39][Rank 0][INFO] Epoch 13 complete | train_loss=79.261574, val_loss=73.904831
[2026-04-28 19:02:39][Rank 0][INFO] Epoch 14/240
[2026-04-28 19:02:39][Rank 0][DEBUG] Step 0 | Batch: shape=torch.Size([1536]), mean=0.005838, std=0.995567, min=-1.729164, max=1.731474
[2026-04-28 19:02:40][Rank 0][INFO] Epoch 32 complete | train_loss=10.205219, val_loss=10.022477
[2026-04-28 19:02:40][Rank 0][INFO] Epoch 33/600
[2026-04-28 19:02:40][Rank 0][DEBUG] Step 0 | Batch: shape=torch.Size([384]), mean=-0.003004, std=0.971366, min=-1.721081, max=1.723391
[2026-04-28 19:02:40][Rank 0][DEBUG] Step 0 | Gradients: total_norm=0.000000, max=0.000000, min=inf
[2026-04-28 19:02:40][Rank 0][INFO] Step 0 | GPU Memory: allocated=0.21GB, reserved=1.50GB, peak=1.39GB
[2026-04-28 19:02:41][Rank 0][DEBUG] Step 0 | Gradients: total_norm=0.000000, max=0.000000, min=inf
[2026-04-28 19:02:41][Rank 0][INFO] Step 0 | GPU Memory: allocated=4.13GB, reserved=28.22GB, peak=26.00GB
[2026-04-28 19:02:41][Rank 0][INFO] Epoch 14 complete | train_loss=62.281761, val_loss=59.282455
[2026-04-28 19:02:41][Rank 0][INFO] Epoch 15/240
[2026-04-28 19:02:41][Rank 0][DEBUG] Step 0 | Batch: shape=torch.Size([1536]), mean=0.005964, std=0.995049, min=-1.728009, max=1.730319
[2026-04-28 19:02:42][Rank 0][INFO] Epoch 33 complete | train_loss=10.271898, val_loss=10.024448
[2026-04-28 19:02:42][Rank 0][INFO] Epoch 34/600
[2026-04-28 19:02:42][Rank 0][DEBUG] Step 0 | Batch: shape=torch.Size([384]), mean=0.025984, std=1.007424, min=-1.723391, max=1.730319
[2026-04-28 19:02:42][Rank 0][DEBUG] Step 0 | Gradients: total_norm=0.000000, max=0.000000, min=inf
[2026-04-28 19:02:42][Rank 0][INFO] Step 0 | GPU Memory: allocated=0.21GB, reserved=1.50GB, peak=1.39GB
[2026-04-28 19:02:42][Rank 0][DEBUG] Step 0 | Gradients: total_norm=0.000000, max=0.000000, min=inf
[2026-04-28 19:02:42][Rank 0][INFO] Step 0 | GPU Memory: allocated=4.13GB, reserved=28.22GB, peak=26.00GB
[2026-04-28 19:02:43][Rank 0][INFO] Epoch 15 complete | train_loss=49.373314, val_loss=48.445118
[2026-04-28 19:02:43][Rank 0][INFO] Epoch 16/240
[2026-04-28 19:02:43][Rank 0][DEBUG] Step 0 | Batch: shape=torch.Size([1536]), mean=0.006836, std=1.001060, min=-1.731474, max=1.731474
[2026-04-28 19:02:44][Rank 0][DEBUG] Step 0 | Gradients: total_norm=0.000000, max=0.000000, min=inf
[2026-04-28 19:02:44][Rank 0][INFO] Step 0 | GPU Memory: allocated=4.13GB, reserved=28.22GB, peak=26.00GB
[2026-04-28 19:02:44][Rank 0][INFO] Epoch 16 complete | train_loss=41.064365, val_loss=40.286766
[2026-04-28 19:02:44][Rank 0][INFO] Epoch 17/240
[2026-04-28 19:02:44][Rank 0][DEBUG] Step 0 | Batch: shape=torch.Size([1536]), mean=-0.006304, std=0.996695, min=-1.731474, max=1.731474
[2026-04-28 19:02:44][Rank 0][INFO] Epoch 34 complete | train_loss=10.272460, val_loss=10.024393
[2026-04-28 19:02:44][Rank 0][INFO] Epoch 35/600
[2026-04-28 19:02:44][Rank 0][DEBUG] Step 0 | Batch: shape=torch.Size([384]), mean=0.020415, std=1.022251, min=-1.723391, max=1.731474
[2026-04-28 19:02:45][Rank 0][DEBUG] Step 0 | Gradients: total_norm=0.000000, max=0.000000, min=inf
[2026-04-28 19:02:45][Rank 0][INFO] Step 0 | GPU Memory: allocated=0.21GB, reserved=1.50GB, peak=1.39GB
[2026-04-28 19:02:46][Rank 0][DEBUG] Step 0 | Gradients: total_norm=0.000000, max=0.000000, min=inf
[2026-04-28 19:02:46][Rank 0][INFO] Step 0 | GPU Memory: allocated=4.13GB, reserved=28.22GB, peak=26.00GB
[2026-04-28 19:02:46][Rank 0][INFO] Epoch 17 complete | train_loss=34.005527, val_loss=34.063519
[2026-04-28 19:02:46][Rank 0][INFO] Epoch 18/240
[2026-04-28 19:02:46][Rank 0][DEBUG] Step 0 | Batch: shape=torch.Size([1536]), mean=0.024104, std=0.996466, min=-1.728009, max=1.731474
[2026-04-28 19:02:47][Rank 0][DEBUG] Step 0 | Gradients: total_norm=0.000000, max=0.000000, min=inf
[2026-04-28 19:02:47][Rank 0][INFO] Step 0 | GPU Memory: allocated=4.13GB, reserved=28.22GB, peak=26.00GB
[2026-04-28 19:02:47][Rank 0][INFO] Epoch 35 complete | train_loss=10.212054, val_loss=10.024862
[2026-04-28 19:02:47][Rank 0][INFO] Epoch 36/600
[2026-04-28 19:02:47][Rank 0][DEBUG] Step 0 | Batch: shape=torch.Size([384]), mean=-0.003822, std=1.006785, min=-1.729164, max=1.728009
[2026-04-28 19:02:47][Rank 0][DEBUG] Step 0 | Gradients: total_norm=0.000000, max=0.000000, min=inf
[2026-04-28 19:02:47][Rank 0][INFO] Step 0 | GPU Memory: allocated=0.21GB, reserved=1.50GB, peak=1.39GB
[2026-04-28 19:02:48][Rank 0][INFO] Epoch 18 complete | train_loss=28.332834, val_loss=29.865643
[2026-04-28 19:02:48][Rank 0][INFO] Epoch 19/240
[2026-04-28 19:02:48][Rank 0][DEBUG] Step 0 | Batch: shape=torch.Size([1536]), mean=0.017018, std=0.999985, min=-1.728009, max=1.729164
[2026-04-28 19:02:49][Rank 0][DEBUG] Step 0 | Gradients: total_norm=0.000000, max=0.000000, min=inf
[2026-04-28 19:02:49][Rank 0][INFO] Step 0 | GPU Memory: allocated=4.13GB, reserved=28.22GB, peak=26.00GB
[2026-04-28 19:02:49][Rank 0][INFO] Epoch 19 complete | train_loss=25.096962, val_loss=26.536404
[2026-04-28 19:02:49][Rank 0][INFO] Epoch 20/240
[2026-04-28 19:02:49][Rank 0][DEBUG] Step 0 | Batch: shape=torch.Size([1536]), mean=-0.002125, std=1.025165, min=-1.731474, max=1.731474
[2026-04-28 19:02:50][Rank 0][INFO] Epoch 36 complete | train_loss=10.157916, val_loss=10.024712
[2026-04-28 19:02:50][Rank 0][INFO] Epoch 37/600
[2026-04-28 19:02:50][Rank 0][DEBUG] Step 0 | Batch: shape=torch.Size([384]), mean=0.003981, std=1.001190, min=-1.726855, max=1.728009
[2026-04-28 19:02:50][Rank 0][DEBUG] Step 0 | Gradients: total_norm=0.000000, max=0.000000, min=inf
[2026-04-28 19:02:50][Rank 0][INFO] Step 0 | GPU Memory: allocated=0.21GB, reserved=1.50GB, peak=1.39GB
[2026-04-28 19:02:51][Rank 0][DEBUG] Step 0 | Gradients: total_norm=0.000000, max=0.000000, min=inf
[2026-04-28 19:02:51][Rank 0][INFO] Step 0 | GPU Memory: allocated=4.13GB, reserved=28.22GB, peak=26.00GB
[2026-04-28 19:02:51][Rank 0][INFO] Epoch 20 complete | train_loss=22.451571, val_loss=23.603603
[2026-04-28 19:02:51][Rank 0][INFO] Epoch 21/240
[2026-04-28 19:02:51][Rank 0][DEBUG] Step 0 | Batch: shape=torch.Size([1536]), mean=0.004358, std=1.004350, min=-1.731474, max=1.731474
[2026-04-28 19:02:52][Rank 0][DEBUG] Step 0 | Gradients: total_norm=0.000000, max=0.000000, min=inf
[2026-04-28 19:02:52][Rank 0][INFO] Step 0 | GPU Memory: allocated=4.13GB, reserved=28.22GB, peak=26.00GB
[2026-04-28 19:02:52][Rank 0][INFO] Epoch 37 complete | train_loss=10.186711, val_loss=10.022881
[2026-04-28 19:02:52][Rank 0][INFO] Epoch 38/600
[2026-04-28 19:02:52][Rank 0][DEBUG] Step 0 | Batch: shape=torch.Size([384]), mean=-0.042270, std=1.042028, min=-1.726855, max=1.724545
[2026-04-28 19:02:52][Rank 0][DEBUG] Step 0 | Gradients: total_norm=0.000000, max=0.000000, min=inf
[2026-04-28 19:02:52][Rank 0][INFO] Step 0 | GPU Memory: allocated=0.21GB, reserved=1.50GB, peak=1.39GB
[2026-04-28 19:02:52][Rank 0][INFO] Epoch 21 complete | train_loss=20.695087, val_loss=21.207354
[2026-04-28 19:02:52][Rank 0][INFO] Epoch 22/240
[2026-04-28 19:02:52][Rank 0][DEBUG] Step 0 | Batch: shape=torch.Size([1536]), mean=-0.005986, std=0.998587, min=-1.729164, max=1.731474
[2026-04-28 19:02:54][Rank 0][DEBUG] Step 0 | Gradients: total_norm=0.000000, max=0.000000, min=inf
[2026-04-28 19:02:54][Rank 0][INFO] Step 0 | GPU Memory: allocated=4.13GB, reserved=28.24GB, peak=26.00GB
[2026-04-28 19:02:54][Rank 0][INFO] Epoch 22 complete | train_loss=19.140545, val_loss=19.313282
[2026-04-28 19:02:54][Rank 0][INFO] Epoch 23/240
[2026-04-28 19:02:54][Rank 0][DEBUG] Step 0 | Batch: shape=torch.Size([1536]), mean=-0.036011, std=0.995135, min=-1.731474, max=1.729164
[2026-04-28 19:02:55][Rank 0][INFO] Epoch 38 complete | train_loss=10.158883, val_loss=10.020720
[2026-04-28 19:02:55][Rank 0][INFO] Epoch 39/600
[2026-04-28 19:02:55][Rank 0][DEBUG] Step 0 | Batch: shape=torch.Size([384]), mean=-0.009295, std=0.992226, min=-1.726855, max=1.718772
[2026-04-28 19:02:55][Rank 0][DEBUG] Step 0 | Gradients: total_norm=0.000000, max=0.000000, min=inf
[2026-04-28 19:02:55][Rank 0][INFO] Step 0 | GPU Memory: allocated=0.21GB, reserved=1.50GB, peak=1.39GB
[2026-04-28 19:02:55][Rank 0][DEBUG] Step 0 | Gradients: total_norm=0.000000, max=0.000000, min=inf
[2026-04-28 19:02:55][Rank 0][INFO] Step 0 | GPU Memory: allocated=4.13GB, reserved=28.24GB, peak=26.00GB
[2026-04-28 19:02:56][Rank 0][INFO] Epoch 23 complete | train_loss=17.926718, val_loss=18.205997
[2026-04-28 19:02:56][Rank 0][INFO] Epoch 24/240
[2026-04-28 19:02:56][Rank 0][DEBUG] Step 0 | Batch: shape=torch.Size([1536]), mean=-0.002203, std=0.994677, min=-1.729164, max=1.728009
[2026-04-28 19:02:57][Rank 0][DEBUG] Step 0 | Gradients: total_norm=0.000000, max=0.000000, min=inf
[2026-04-28 19:02:57][Rank 0][INFO] Step 0 | GPU Memory: allocated=4.13GB, reserved=28.24GB, peak=26.00GB
[2026-04-28 19:02:57][Rank 0][INFO] Epoch 39 complete | train_loss=10.183846, val_loss=10.020050
[2026-04-28 19:02:57][Rank 0][INFO] Epoch 40/600
[2026-04-28 19:02:57][Rank 0][DEBUG] Step 0 | Batch: shape=torch.Size([384]), mean=0.011340, std=1.042424, min=-1.725700, max=1.715308
[2026-04-28 19:02:57][Rank 0][INFO] Epoch 24 complete | train_loss=17.203758, val_loss=17.427759
[2026-04-28 19:02:57][Rank 0][INFO] Epoch 25/240
[2026-04-28 19:02:57][Rank 0][DEBUG] Step 0 | Batch: shape=torch.Size([1536]), mean=0.007613, std=1.002386, min=-1.731474, max=1.731474
[2026-04-28 19:02:57][Rank 0][DEBUG] Step 0 | Gradients: total_norm=0.000000, max=0.000000, min=inf
[2026-04-28 19:02:57][Rank 0][INFO] Step 0 | GPU Memory: allocated=0.21GB, reserved=1.50GB, peak=1.39GB
[2026-04-28 19:02:59][Rank 0][DEBUG] Step 0 | Gradients: total_norm=0.000000, max=0.000000, min=inf
[2026-04-28 19:02:59][Rank 0][INFO] Step 0 | GPU Memory: allocated=4.13GB, reserved=28.26GB, peak=26.00GB
[2026-04-28 19:02:59][Rank 0][INFO] Epoch 25 complete | train_loss=16.630775, val_loss=16.729095
[2026-04-28 19:02:59][Rank 0][INFO] Epoch 26/240
[2026-04-28 19:02:59][Rank 0][DEBUG] Step 0 | Batch: shape=torch.Size([1536]), mean=-0.009154, std=0.988148, min=-1.731474, max=1.731474
[2026-04-28 19:03:00][Rank 0][INFO] Epoch 40 complete | train_loss=10.162788, val_loss=10.021526
[2026-04-28 19:03:00][Rank 0][INFO] Epoch 41/600
[2026-04-28 19:03:00][Rank 0][DEBUG] Step 0 | Batch: shape=torch.Size([384]), mean=0.035898, std=0.933373, min=-1.716462, max=1.717617
[2026-04-28 19:03:00][Rank 0][DEBUG] Step 0 | Gradients: total_norm=0.000000, max=0.000000, min=inf
[2026-04-28 19:03:00][Rank 0][INFO] Step 0 | GPU Memory: allocated=0.21GB, reserved=1.50GB, peak=1.39GB
[2026-04-28 19:03:00][Rank 0][DEBUG] Step 0 | Gradients: total_norm=0.000000, max=0.000000, min=inf
[2026-04-28 19:03:00][Rank 0][INFO] Step 0 | GPU Memory: allocated=4.13GB, reserved=28.26GB, peak=26.00GB
[2026-04-28 19:03:01][Rank 0][INFO] Epoch 26 complete | train_loss=16.092607, val_loss=16.214289
[2026-04-28 19:03:01][Rank 0][INFO] Epoch 27/240
[2026-04-28 19:03:01][Rank 0][DEBUG] Step 0 | Batch: shape=torch.Size([1536]), mean=0.010879, std=0.999337, min=-1.729164, max=1.731474
[2026-04-28 19:03:02][Rank 0][DEBUG] Step 0 | Gradients: total_norm=0.000000, max=0.000000, min=inf
[2026-04-28 19:03:02][Rank 0][INFO] Step 0 | GPU Memory: allocated=4.13GB, reserved=28.26GB, peak=26.00GB
[2026-04-28 19:03:02][Rank 0][INFO] Epoch 27 complete | train_loss=15.747488, val_loss=15.844467
[2026-04-28 19:03:02][Rank 0][INFO] Epoch 28/240
[2026-04-28 19:03:02][Rank 0][DEBUG] Step 0 | Batch: shape=torch.Size([1536]), mean=0.003345, std=0.997965, min=-1.731474, max=1.731474
[2026-04-28 19:03:03][Rank 0][INFO] Epoch 41 complete | train_loss=10.116722, val_loss=10.021270
[2026-04-28 19:03:03][Rank 0][INFO] Epoch 42/600
[2026-04-28 19:03:03][Rank 0][DEBUG] Step 0 | Batch: shape=torch.Size([384]), mean=-0.014034, std=0.976793, min=-1.731474, max=1.723391
[2026-04-28 19:03:03][Rank 0][DEBUG] Step 0 | Gradients: total_norm=0.000000, max=0.000000, min=inf
[2026-04-28 19:03:03][Rank 0][INFO] Step 0 | GPU Memory: allocated=0.21GB, reserved=1.50GB, peak=1.39GB
[2026-04-28 19:03:04][Rank 0][DEBUG] Step 0 | Gradients: total_norm=0.000000, max=0.000000, min=inf
[2026-04-28 19:03:04][Rank 0][INFO] Step 0 | GPU Memory: allocated=4.13GB, reserved=28.26GB, peak=26.00GB
[2026-04-28 19:03:04][Rank 0][INFO] Epoch 28 complete | train_loss=15.450191, val_loss=15.586296
[2026-04-28 19:03:04][Rank 0][INFO] Epoch 29/240
[2026-04-28 19:03:04][Rank 0][DEBUG] Step 0 | Batch: shape=torch.Size([1536]), mean=-0.023508, std=0.994539, min=-1.728009, max=1.731474
[2026-04-28 19:03:05][Rank 0][INFO] Epoch 42 complete | train_loss=10.204637, val_loss=10.021966
[2026-04-28 19:03:05][Rank 0][INFO] Epoch 43/600
[2026-04-28 19:03:05][Rank 0][DEBUG] Step 0 | Batch: shape=torch.Size([384]), mean=0.041467, std=1.005612, min=-1.729164, max=1.728009
[2026-04-28 19:03:05][Rank 0][DEBUG] Step 0 | Gradients: total_norm=0.000000, max=0.000000, min=inf
[2026-04-28 19:03:05][Rank 0][INFO] Step 0 | GPU Memory: allocated=0.21GB, reserved=1.50GB, peak=1.39GB
[2026-04-28 19:03:05][Rank 0][DEBUG] Step 0 | Gradients: total_norm=0.000000, max=0.000000, min=inf
[2026-04-28 19:03:05][Rank 0][INFO] Step 0 | GPU Memory: allocated=4.13GB, reserved=28.26GB, peak=26.00GB
[2026-04-28 19:03:06][Rank 0][INFO] Epoch 29 complete | train_loss=15.357903, val_loss=15.251776
[2026-04-28 19:03:06][Rank 0][INFO] Epoch 30/240
[2026-04-28 19:03:06][Rank 0][DEBUG] Step 0 | Batch: shape=torch.Size([1536]), mean=0.031520, std=0.996128, min=-1.731474, max=1.731474
[2026-04-28 19:03:07][Rank 0][DEBUG] Step 0 | Gradients: total_norm=0.000000, max=0.000000, min=inf
[2026-04-28 19:03:07][Rank 0][INFO] Step 0 | GPU Memory: allocated=4.13GB, reserved=28.26GB, peak=26.00GB
[2026-04-28 19:03:07][Rank 0][INFO] Epoch 30 complete | train_loss=15.124794, val_loss=15.000770
[2026-04-28 19:03:07][Rank 0][INFO] Epoch 31/240
[2026-04-28 19:03:07][Rank 0][DEBUG] Step 0 | Batch: shape=torch.Size([1536]), mean=0.014554, std=1.002681, min=-1.729164, max=1.730319
[2026-04-28 19:03:08][Rank 0][INFO] Epoch 43 complete | train_loss=10.260751, val_loss=10.020279
[2026-04-28 19:03:08][Rank 0][INFO] Epoch 44/600
[2026-04-28 19:03:08][Rank 0][DEBUG] Step 0 | Batch: shape=torch.Size([384]), mean=-0.033877, std=1.001451, min=-1.728009, max=1.728009
[2026-04-28 19:03:08][Rank 0][DEBUG] Step 0 | Gradients: total_norm=0.000000, max=0.000000, min=inf
[2026-04-28 19:03:08][Rank 0][INFO] Step 0 | GPU Memory: allocated=0.21GB, reserved=1.50GB, peak=1.39GB
[2026-04-28 19:03:09][Rank 0][DEBUG] Step 0 | Gradients: total_norm=0.000000, max=0.000000, min=inf
[2026-04-28 19:03:09][Rank 0][INFO] Step 0 | GPU Memory: allocated=4.13GB, reserved=28.26GB, peak=26.00GB
[2026-04-28 19:03:09][Rank 0][INFO] Epoch 31 complete | train_loss=14.959202, val_loss=14.913124
[2026-04-28 19:03:09][Rank 0][INFO] Epoch 32/240
[2026-04-28 19:03:09][Rank 0][DEBUG] Step 0 | Batch: shape=torch.Size([1536]), mean=0.030818, std=1.004348, min=-1.729164, max=1.731474
[2026-04-28 19:03:10][Rank 0][DEBUG] Step 0 | Gradients: total_norm=0.000000, max=0.000000, min=inf
[2026-04-28 19:03:10][Rank 0][INFO] Step 0 | GPU Memory: allocated=4.13GB, reserved=28.26GB, peak=26.00GB
[2026-04-28 19:03:10][Rank 0][INFO] Epoch 44 complete | train_loss=10.125193, val_loss=10.018015
[2026-04-28 19:03:10][Rank 0][INFO] Epoch 45/600
[2026-04-28 19:03:10][Rank 0][DEBUG] Step 0 | Batch: shape=torch.Size([384]), mean=-0.013420, std=1.019818, min=-1.728009, max=1.730319
[2026-04-28 19:03:11][Rank 0][INFO] Epoch 32 complete | train_loss=14.894698, val_loss=14.745582
nf
[2026-04-28 19:03:11][Rank 0][INFO] Epoch 33/240
Memory: allocated=0.21GB, reserved=1.50GB, peak=1.39GB
[2026-04-28 19:03:11][Rank 0][DEBUG] Step 0 | Batch: shape=torch.Size([1536]), mean=-0.014244, std=0.998486, min=-1.731474, max=1.730319
[2026-04-28 19:03:12][Rank 0][DEBUG] Step 0 | Gradients: total_norm=0.000000, max=0.000000, min=inf
[2026-04-28 19:03:12][Rank 0][INFO] Step 0 | GPU Memory: allocated=4.13GB, reserved=28.40GB, peak=26.00GB
[2026-04-28 19:03:12][Rank 0][INFO] Epoch 33 complete | train_loss=14.722960, val_loss=14.728812
[2026-04-28 19:03:12][Rank 0][INFO] Epoch 34/240
[2026-04-28 19:03:12][Rank 0][DEBUG] Step 0 | Batch: shape=torch.Size([1536]), mean=-0.004168, std=0.996977, min=-1.731474, max=1.731474
[2026-04-28 19:03:13][Rank 0][INFO] Epoch 45 complete | train_loss=10.225739, val_loss=10.019432
[2026-04-28 19:03:13][Rank 0][INFO] Epoch 46/600
[2026-04-28 19:03:13][Rank 0][DEBUG] Step 0 | Batch: shape=torch.Size([384]), mean=0.006414, std=0.994685, min=-1.706070, max=1.724545
[2026-04-28 19:03:13][Rank 0][DEBUG] Step 0 | Gradients: total_norm=0.000000, max=0.000000, min=inf
[2026-04-28 19:03:13][Rank 0][INFO] Step 0 | GPU Memory: allocated=0.21GB, reserved=1.50GB, peak=1.39GB
[2026-04-28 19:03:13][Rank 0][DEBUG] Step 0 | Gradients: total_norm=0.000000, max=0.000000, min=inf
[2026-04-28 19:03:13][Rank 0][INFO] Step 0 | GPU Memory: allocated=4.13GB, reserved=28.40GB, peak=26.00GB
[2026-04-28 19:03:14][Rank 0][INFO] Epoch 34 complete | train_loss=14.784442, val_loss=14.667399
[2026-04-28 19:03:14][Rank 0][INFO] Epoch 35/240
[2026-04-28 19:03:14][Rank 0][DEBUG] Step 0 | Batch: shape=torch.Size([1536]), mean=0.001130, std=0.992245, min=-1.729164, max=1.730319
[2026-04-28 19:03:15][Rank 0][DEBUG] Step 0 | Gradients: total_norm=0.000000, max=0.000000, min=inf
[2026-04-28 19:03:15][Rank 0][INFO] Step 0 | GPU Memory: allocated=4.13GB, reserved=28.46GB, peak=26.00GB
[2026-04-28 19:03:15][Rank 0][INFO] Epoch 46 complete | train_loss=10.173186, val_loss=10.020215
[2026-04-28 19:03:15][Rank 0][INFO] Epoch 47/600
[2026-04-28 19:03:15][Rank 0][DEBUG] Step 0 | Batch: shape=torch.Size([384]), mean=-0.015892, std=0.979973, min=-1.731474, max=1.731474
[2026-04-28 19:03:15][Rank 0][INFO] Epoch 35 complete | train_loss=14.646722, val_loss=14.631229
[2026-04-28 19:03:15][Rank 0][INFO] Epoch 36/240
[2026-04-28 19:03:15][Rank 0][DEBUG] Step 0 | Gradients: total_norm=0.000000, max=0.000000, min=inf
[2026-04-28 19:03:15][Rank 0][INFO] Step 0 | GPU Memory: allocated=0.21GB, reserved=1.50GB, peak=1.39GB
[2026-04-28 19:03:16][Rank 0][DEBUG] Step 0 | Batch: shape=torch.Size([1536]), mean=-0.012067, std=1.009055, min=-1.728009, max=1.730319
[2026-04-28 19:03:17][Rank 0][DEBUG] Step 0 | Gradients: total_norm=0.000000, max=0.000000, min=inf
[2026-04-28 19:03:17][Rank 0][INFO] Step 0 | GPU Memory: allocated=4.13GB, reserved=28.46GB, peak=26.00GB
[2026-04-28 19:03:17][Rank 0][INFO] Epoch 36 complete | train_loss=14.633707, val_loss=14.526757
[2026-04-28 19:03:17][Rank 0][INFO] Epoch 37/240
[2026-04-28 19:03:17][Rank 0][DEBUG] Step 0 | Batch: shape=torch.Size([1536]), mean=0.007201, std=0.996586, min=-1.731474, max=1.729164
[2026-04-28 19:03:18][Rank 0][INFO] Epoch 47 complete | train_loss=10.204744, val_loss=10.020666
[2026-04-28 19:03:18][Rank 0][INFO] Epoch 48/600
[2026-04-28 19:03:18][Rank 0][DEBUG] Step 0 | Batch: shape=torch.Size([384]), mean=0.036199, std=1.033737, min=-1.728009, max=1.730319
[2026-04-28 19:03:18][Rank 0][DEBUG] Step 0 | Gradients: total_norm=0.000000, max=0.000000, min=inf
[2026-04-28 19:03:18][Rank 0][INFO] Step 0 | GPU Memory: allocated=0.21GB, reserved=1.50GB, peak=1.39GB
[2026-04-28 19:03:19][Rank 0][DEBUG] Step 0 | Gradients: total_norm=0.000000, max=0.000000, min=inf
[2026-04-28 19:03:19][Rank 0][INFO] Step 0 | GPU Memory: allocated=4.13GB, reserved=28.46GB, peak=26.00GB
[2026-04-28 19:03:19][Rank 0][INFO] Epoch 37 complete | train_loss=14.573651, val_loss=14.490945
[2026-04-28 19:03:19][Rank 0][INFO] Epoch 38/240
[2026-04-28 19:03:19][Rank 0][DEBUG] Step 0 | Batch: shape=torch.Size([1536]), mean=-0.011358, std=1.007094, min=-1.731474, max=1.729164
[2026-04-28 19:03:20][Rank 0][INFO] Epoch 48 complete | train_loss=10.149340, val_loss=10.019404
[2026-04-28 19:03:20][Rank 0][INFO] Epoch 49/600
[2026-04-28 19:03:20][Rank 0][DEBUG] Step 0 | Batch: shape=torch.Size([384]), mean=-0.029517, std=0.970508, min=-1.731474, max=1.731474
[2026-04-28 19:03:20][Rank 0][DEBUG] Step 0 | Gradients: total_norm=0.000000, max=0.000000, min=inf
[2026-04-28 19:03:20][Rank 0][INFO] Step 0 | GPU Memory: allocated=0.21GB, reserved=1.50GB, peak=1.39GB
[2026-04-28 19:03:20][Rank 0][DEBUG] Step 0 | Gradients: total_norm=0.000000, max=0.000000, min=inf
[2026-04-28 19:03:20][Rank 0][INFO] Step 0 | GPU Memory: allocated=4.13GB, reserved=28.48GB, peak=26.00GB
[2026-04-28 19:03:21][Rank 0][INFO] Epoch 38 complete | train_loss=14.536666, val_loss=14.447016
[2026-04-28 19:03:21][Rank 0][INFO] Epoch 39/240
[2026-04-28 19:03:21][Rank 0][DEBUG] Step 0 | Batch: shape=torch.Size([1536]), mean=-0.023089, std=1.001846, min=-1.729164, max=1.728009
[2026-04-28 19:03:22][Rank 0][DEBUG] Step 0 | Gradients: total_norm=0.000000, max=0.000000, min=inf
[2026-04-28 19:03:22][Rank 0][INFO] Step 0 | GPU Memory: allocated=4.13GB, reserved=28.48GB, peak=26.00GB
[2026-04-28 19:03:22][Rank 0][INFO] Epoch 39 complete | train_loss=14.471848, val_loss=14.400102
[2026-04-28 19:03:22][Rank 0][INFO] Epoch 40/240
[2026-04-28 19:03:22][Rank 0][DEBUG] Step 0 | Batch: shape=torch.Size([1536]), mean=-0.012102, std=0.997026, min=-1.729164, max=1.731474
[2026-04-28 19:03:23][Rank 0][INFO] Epoch 49 complete | train_loss=10.247456, val_loss=10.017691
[2026-04-28 19:03:23][Rank 0][INFO] Epoch 50/600
[2026-04-28 19:03:23][Rank 0][DEBUG] Step 0 | Batch: shape=torch.Size([384]), mean=0.004017, std=1.011094, min=-1.718772, max=1.710689
[2026-04-28 19:03:23][Rank 0][DEBUG] Step 0 | Gradients: total_norm=0.000000, max=0.000000, min=inf
[2026-04-28 19:03:23][Rank 0][INFO] Step 0 | GPU Memory: allocated=0.21GB, reserved=1.50GB, peak=1.39GB
[2026-04-28 19:03:24][Rank 0][DEBUG] Step 0 | Gradients: total_norm=0.000000, max=0.000000, min=inf
[2026-04-28 19:03:24][Rank 0][INFO] Step 0 | GPU Memory: allocated=4.13GB, reserved=28.48GB, peak=26.00GB
[2026-04-28 19:03:24][Rank 0][INFO] Epoch 40 complete | train_loss=14.447556, val_loss=14.372681
[2026-04-28 19:03:24][Rank 0][INFO] Epoch 41/240
[2026-04-28 19:03:24][Rank 0][DEBUG] Step 0 | Batch: shape=torch.Size([1536]), mean=0.021033, std=0.990891, min=-1.731474, max=1.730319
[2026-04-28 19:03:25][Rank 0][INFO] Epoch 50 complete | train_loss=10.175317, val_loss=10.017866
[2026-04-28 19:03:25][Rank 0][INFO] Epoch 51/600
[2026-04-28 19:03:25][Rank 0][DEBUG] Step 0 | Batch: shape=torch.Size([384]), mean=-0.092587, std=1.012719, min=-1.731474, max=1.723391
[2026-04-28 19:03:25][Rank 0][DEBUG] Step 0 | Gradients: total_norm=0.000000, max=0.000000, min=inf
[2026-04-28 19:03:25][Rank 0][INFO] Step 0 | GPU Memory: allocated=4.13GB, reserved=28.48GB, peak=26.00GB
[2026-04-28 19:03:26][Rank 0][DEBUG] Step 0 | Gradients: total_norm=0.000000, max=0.000000, min=inf
[2026-04-28 19:03:26][Rank 0][INFO] Step 0 | GPU Memory: allocated=0.21GB, reserved=1.50GB, peak=1.39GB
[2026-04-28 19:03:26][Rank 0][INFO] Epoch 41 complete | train_loss=14.397363, val_loss=14.315825
[2026-04-28 19:03:28][Rank 0][INFO] Epoch 51 complete | train_loss=10.166702, val_loss=10.017113
[2026-04-28 19:03:28][Rank 0][INFO] Epoch 52/600
[2026-04-28 19:03:28][Rank 0][DEBUG] Step 0 | Batch: shape=torch.Size([384]), mean=-0.013429, std=1.007407, min=-1.728009, max=1.730319
[2026-04-28 19:03:28][Rank 0][DEBUG] Step 0 | Gradients: total_norm=0.000000, max=0.000000, min=inf
[2026-04-28 19:03:28][Rank 0][INFO] Step 0 | GPU Memory: allocated=0.21GB, reserved=1.50GB, peak=1.39GB
[2026-04-28 19:03:31][Rank 0][INFO] Epoch 52 complete | train_loss=10.227754, val_loss=10.016306
[2026-04-28 19:03:31][Rank 0][INFO] Epoch 53/600
[2026-04-28 19:03:31][Rank 0][DEBUG] Step 0 | Batch: shape=torch.Size([384]), mean=0.005229, std=1.013416, min=-1.726855, max=1.712998
[2026-04-28 19:03:31][Rank 0][DEBUG] Step 0 | Gradients: total_norm=0.000000, max=0.000000, min=inf
[2026-04-28 19:03:31][Rank 0][INFO] Step 0 | GPU Memory: allocated=0.21GB, reserved=1.50GB, peak=1.39GB
[2026-04-28 19:03:31][Rank 0][INFO] Training complete!
[2026-04-28 19:03:33][Rank 0][INFO] Starting training...
[2026-04-28 19:03:33][Rank 0][INFO] World size: 1
[2026-04-28 19:03:33][Rank 0][INFO] Batch size per GPU: 1536
[2026-04-28 19:03:33][Rank 0][INFO] Effective batch size: 1536
[2026-04-28 19:03:33][Rank 0][INFO] Epoch 1/80
[2026-04-28 19:03:33][Rank 0][INFO] Epoch 53 complete | train_loss=10.230588, val_loss=10.017852
d=1.005436, min=-1.731474, max=1.730319
[2026-04-28 19:03:33][Rank 0][INFO] Epoch 54/600
[2026-04-28 19:03:33][Rank 0][DEBUG] Step 0 | Batch: shape=torch.Size([384]), mean=0.022586, std=1.014372, min=-1.719927, max=1.725700
[2026-04-28 19:03:33][Rank 0][DEBUG] Step 0 | Gradients: total_norm=0.000000, max=0.000000, min=inf
[2026-04-28 19:03:33][Rank 0][INFO] Step 0 | GPU Memory: allocated=0.25GB, reserved=1.64GB, peak=26.00GB
[2026-04-28 19:03:33][Rank 0][DEBUG] Step 0 | Gradients: total_norm=0.000000, max=0.000000, min=inf
[2026-04-28 19:03:33][Rank 0][INFO] Step 0 | GPU Memory: allocated=0.21GB, reserved=1.50GB, peak=1.39GB
[2026-04-28 19:03:34][Rank 0][INFO] Epoch 1 complete | train_loss=0.698869, val_loss=0.777719
[2026-04-28 19:03:34][Rank 0][INFO] Epoch 2/80
[2026-04-28 19:03:34][Rank 0][DEBUG] Step 0 | Batch: shape=torch.Size([1536]), mean=-0.014849, std=0.996499, min=-1.731474, max=1.729164
[2026-04-28 19:03:34][Rank 0][DEBUG] Step 0 | Gradients: total_norm=0.000000, max=0.000000, min=inf
[2026-04-28 19:03:34][Rank 0][INFO] Step 0 | GPU Memory: allocated=0.47GB, reserved=1.97GB, peak=26.00GB
[2026-04-28 19:03:34][Rank 0][INFO] Epoch 2 complete | train_loss=0.690306, val_loss=0.779811
[2026-04-28 19:03:34][Rank 0][INFO] Epoch 3/80
[2026-04-28 19:03:34][Rank 0][DEBUG] Step 0 | Batch: shape=torch.Size([1536]), mean=0.015205, std=0.996018, min=-1.731474, max=1.731474
[2026-04-28 19:03:34][Rank 0][DEBUG] Step 0 | Gradients: total_norm=0.000000, max=0.000000, min=inf
[2026-04-28 19:03:34][Rank 0][INFO] Step 0 | GPU Memory: allocated=0.47GB, reserved=2.03GB, peak=26.00GB
[2026-04-28 19:03:35][Rank 0][INFO] Epoch 3 complete | train_loss=0.694928, val_loss=0.781401
[2026-04-28 19:03:35][Rank 0][INFO] Epoch 4/80
[2026-04-28 19:03:35][Rank 0][DEBUG] Step 0 | Batch: shape=torch.Size([1536]), mean=-0.007365, std=1.002662, min=-1.731474, max=1.731474
[2026-04-28 19:03:35][Rank 0][DEBUG] Step 0 | Gradients: total_norm=0.000000, max=0.000000, min=inf
[2026-04-28 19:03:35][Rank 0][INFO] Step 0 | GPU Memory: allocated=0.47GB, reserved=2.03GB, peak=26.00GB
[2026-04-28 19:03:35][Rank 0][INFO] Epoch 4 complete | train_loss=0.685045, val_loss=0.780758
[2026-04-28 19:03:35][Rank 0][INFO] Epoch 5/80
[2026-04-28 19:03:35][Rank 0][DEBUG] Step 0 | Batch: shape=torch.Size([1536]), mean=0.011236, std=1.008583, min=-1.729164, max=1.731474
[2026-04-28 19:03:35][Rank 0][DEBUG] Step 0 | Gradients: total_norm=0.000000, max=0.000000, min=inf
[2026-04-28 19:03:35][Rank 0][INFO] Step 0 | GPU Memory: allocated=0.47GB, reserved=2.03GB, peak=26.00GB
[2026-04-28 19:03:35][Rank 0][INFO] Epoch 54 complete | train_loss=10.232357, val_loss=10.018301
[2026-04-28 19:03:35][Rank 0][INFO] Epoch 55/600
[2026-04-28 19:03:35][Rank 0][DEBUG] Step 0 | Batch: shape=torch.Size([384]), mean=0.075446, std=0.998515, min=-1.724545, max=1.730319
[2026-04-28 19:03:35][Rank 0][INFO] Epoch 5 complete | train_loss=0.683248, val_loss=0.780583
[2026-04-28 19:03:35][Rank 0][INFO] Epoch 6/80
[2026-04-28 19:03:35][Rank 0][DEBUG] Step 0 | Batch: shape=torch.Size([1536]), mean=0.001161, std=1.000344, min=-1.731474, max=1.731474
[2026-04-28 19:03:35][Rank 0][DEBUG] Step 0 | Gradients: total_norm=0.000000, max=0.000000, min=inf
[2026-04-28 19:03:35][Rank 0][INFO] Step 0 | GPU Memory: allocated=0.21GB, reserved=1.50GB, peak=1.39GB
[2026-04-28 19:03:35][Rank 0][DEBUG] Step 0 | Gradients: total_norm=0.000000, max=0.000000, min=inf
[2026-04-28 19:03:35][Rank 0][INFO] Step 0 | GPU Memory: allocated=0.47GB, reserved=2.03GB, peak=26.00GB
[2026-04-28 19:03:36][Rank 0][INFO] Epoch 6 complete | train_loss=0.668782, val_loss=0.780613
[2026-04-28 19:03:36][Rank 0][INFO] Epoch 7/80
[2026-04-28 19:03:36][Rank 0][DEBUG] Step 0 | Batch: shape=torch.Size([1536]), mean=0.044187, std=1.000189, min=-1.731474, max=1.730319
[2026-04-28 19:03:37][Rank 0][DEBUG] Step 0 | Gradients: total_norm=0.000000, max=0.000000, min=inf
[2026-04-28 19:03:37][Rank 0][INFO] Step 0 | GPU Memory: allocated=1.05GB, reserved=15.70GB, peak=26.00GB
[2026-04-28 19:03:37][Rank 0][INFO] Epoch 7 complete | train_loss=0.673274, val_loss=0.780912
[2026-04-28 19:03:37][Rank 0][INFO] Epoch 8/80
[2026-04-28 19:03:37][Rank 0][DEBUG] Step 0 | Batch: shape=torch.Size([1536]), mean=-0.024403, std=1.011031, min=-1.729164, max=1.731474
[2026-04-28 19:03:38][Rank 0][INFO] Epoch 55 complete | train_loss=10.200733, val_loss=10.018189
[2026-04-28 19:03:38][Rank 0][INFO] Epoch 56/600
[2026-04-28 19:03:38][Rank 0][DEBUG] Step 0 | Batch: shape=torch.Size([384]), mean=-0.082420, std=0.968628, min=-1.729164, max=1.706070
[2026-04-28 19:03:38][Rank 0][DEBUG] Step 0 | Gradients: total_norm=0.000000, max=0.000000, min=inf
[2026-04-28 19:03:38][Rank 0][INFO] Step 0 | GPU Memory: allocated=0.21GB, reserved=1.50GB, peak=1.39GB
[2026-04-28 19:03:38][Rank 0][DEBUG] Step 0 | Gradients: total_norm=0.000000, max=0.000000, min=inf
[2026-04-28 19:03:38][Rank 0][INFO] Step 0 | GPU Memory: allocated=1.05GB, reserved=15.70GB, peak=26.00GB
[2026-04-28 19:03:38][Rank 0][INFO] Epoch 8 complete | train_loss=0.676652, val_loss=0.782066
[2026-04-28 19:03:38][Rank 0][INFO] Epoch 9/80
[2026-04-28 19:03:38][Rank 0][DEBUG] Step 0 | Batch: shape=torch.Size([1536]), mean=0.032205, std=1.005506, min=-1.731474, max=1.729164
[2026-04-28 19:03:39][Rank 0][DEBUG] Step 0 | Gradients: total_norm=0.000000, max=0.000000, min=inf
[2026-04-28 19:03:39][Rank 0][INFO] Step 0 | GPU Memory: allocated=1.05GB, reserved=15.70GB, peak=26.00GB
[2026-04-28 19:03:40][Rank 0][INFO] Epoch 9 complete | train_loss=0.669243, val_loss=0.783694
[2026-04-28 19:03:40][Rank 0][INFO] Epoch 10/80
[2026-04-28 19:03:40][Rank 0][DEBUG] Step 0 | Batch: shape=torch.Size([1536]), mean=0.024360, std=0.998374, min=-1.729164, max=1.731474
[2026-04-28 19:03:40][Rank 0][INFO] Epoch 56 complete | train_loss=10.191324, val_loss=10.019506
[2026-04-28 19:03:40][Rank 0][INFO] Epoch 57/600
[2026-04-28 19:03:40][Rank 0][DEBUG] Step 0 | Batch: shape=torch.Size([384]), mean=0.020986, std=0.973007, min=-1.731474, max=1.728009
[2026-04-28 19:03:40][Rank 0][DEBUG] Step 0 | Gradients: total_norm=0.000000, max=0.000000, min=inf
[2026-04-28 19:03:40][Rank 0][INFO] Step 0 | GPU Memory: allocated=0.21GB, reserved=1.50GB, peak=1.39GB
[2026-04-28 19:03:41][Rank 0][DEBUG] Step 0 | Gradients: total_norm=0.000000, max=0.000000, min=inf
[2026-04-28 19:03:41][Rank 0][INFO] Step 0 | GPU Memory: allocated=1.05GB, reserved=15.70GB, peak=26.00GB
[2026-04-28 19:03:41][Rank 0][INFO] Epoch 10 complete | train_loss=0.662091, val_loss=0.784780
[2026-04-28 19:03:41][Rank 0][INFO] Epoch 11/80
[2026-04-28 19:03:41][Rank 0][DEBUG] Step 0 | Batch: shape=torch.Size([1536]), mean=0.019555, std=0.991811, min=-1.729164, max=1.730319
[2026-04-28 19:03:42][Rank 0][DEBUG] Step 0 | Gradients: total_norm=0.000000, max=0.000000, min=inf
[2026-04-28 19:03:42][Rank 0][INFO] Step 0 | GPU Memory: allocated=1.05GB, reserved=15.70GB, peak=26.00GB
[2026-04-28 19:03:42][Rank 0][INFO] Epoch 11 complete | train_loss=0.666133, val_loss=0.785253
[2026-04-28 19:03:42][Rank 0][INFO] Epoch 12/80
[2026-04-28 19:03:42][Rank 0][DEBUG] Step 0 | Batch: shape=torch.Size([1536]), mean=-0.009056, std=1.002372, min=-1.731474, max=1.729164
[2026-04-28 19:03:42][Rank 0][INFO] Epoch 57 complete | train_loss=10.133654, val_loss=10.018574
[2026-04-28 19:03:42][Rank 0][INFO] Epoch 58/600
[2026-04-28 19:03:42][Rank 0][DEBUG] Step 0 | Batch: shape=torch.Size([384]), mean=-0.005094, std=1.009196, min=-1.724545, max=1.729164
[2026-04-28 19:03:42][Rank 0][DEBUG] Step 0 | Gradients: total_norm=0.000000, max=0.000000, min=inf
[2026-04-28 19:03:42][Rank 0][INFO] Step 0 | GPU Memory: allocated=0.21GB, reserved=1.50GB, peak=1.39GB
[2026-04-28 19:03:43][Rank 0][DEBUG] Step 0 | Gradients: total_norm=0.000000, max=0.000000, min=inf
[2026-04-28 19:03:43][Rank 0][INFO] Step 0 | GPU Memory: allocated=1.05GB, reserved=15.71GB, peak=26.00GB
[2026-04-28 19:03:43][Rank 0][INFO] Epoch 12 complete | train_loss=0.669290, val_loss=0.785041
[2026-04-28 19:03:43][Rank 0][INFO] Epoch 13/80
[2026-04-28 19:03:43][Rank 0][DEBUG] Step 0 | Batch: shape=torch.Size([1536]), mean=0.002670, std=1.011983, min=-1.728009, max=1.730319
[2026-04-28 19:03:44][Rank 0][DEBUG] Step 0 | Gradients: total_norm=0.000000, max=0.000000, min=inf
[2026-04-28 19:03:44][Rank 0][INFO] Step 0 | GPU Memory: allocated=1.05GB, reserved=15.71GB, peak=26.00GB
[2026-04-28 19:03:45][Rank 0][INFO] Epoch 58 complete | train_loss=10.102838, val_loss=10.019273
[2026-04-28 19:03:45][Rank 0][INFO] Epoch 59/600
[2026-04-28 19:03:45][Rank 0][DEBUG] Step 0 | Batch: shape=torch.Size([384]), mean=-0.086744, std=0.973161, min=-1.719927, max=1.731474
[2026-04-28 19:03:45][Rank 0][INFO] Epoch 13 complete | train_loss=0.665754, val_loss=0.784824
[2026-04-28 19:03:45][Rank 0][DEBUG] Step 0 | Gradients: total_norm=0.000000, max=0.000000, min=inf
[2026-04-28 19:03:45][Rank 0][INFO] Step 0 | GPU Memory: allocated=0.21GB, reserved=1.50GB, peak=1.39GB
[2026-04-28 19:03:47][Rank 0][INFO] Epoch 59 complete | train_loss=10.152705, val_loss=10.018044
[2026-04-28 19:03:47][Rank 0][INFO] Epoch 60/600
[2026-04-28 19:03:47][Rank 0][DEBUG] Step 0 | Batch: shape=torch.Size([384]), mean=-0.010762, std=1.026143, min=-1.688750, max=1.723391
[2026-04-28 19:03:47][Rank 0][DEBUG] Step 0 | Gradients: total_norm=0.000000, max=0.000000, min=inf
[2026-04-28 19:03:47][Rank 0][INFO] Step 0 | GPU Memory: allocated=0.21GB, reserved=1.50GB, peak=1.39GB
[2026-04-28 19:03:49][Rank 0][INFO] Epoch 60 complete | train_loss=10.121410, val_loss=10.017395
[2026-04-28 19:03:49][Rank 0][INFO] Epoch 61/600
[2026-04-28 19:03:49][Rank 0][DEBUG] Step 0 | Batch: shape=torch.Size([384]), mean=0.011096, std=0.992938, min=-1.721081, max=1.721081
[2026-04-28 19:03:49][Rank 0][DEBUG] Step 0 | Gradients: total_norm=0.000000, max=0.000000, min=inf
[2026-04-28 19:03:49][Rank 0][INFO] Step 0 | GPU Memory: allocated=0.21GB, reserved=1.50GB, peak=1.39GB
[2026-04-28 19:03:50][Rank 0][INFO] Training complete!
[2026-04-28 19:03:52][Rank 0][INFO] Epoch 61 complete | train_loss=10.123930, val_loss=10.017693
[2026-04-28 19:03:52][Rank 0][INFO] Epoch 62/600
[2026-04-28 19:03:52][Rank 0][DEBUG] Step 0 | Batch: shape=torch.Size([384]), mean=0.020343, std=1.007176, min=-1.714153, max=1.728009
[2026-04-28 19:03:52][Rank 0][DEBUG] Step 0 | Gradients: total_norm=0.000000, max=0.000000, min=inf
[2026-04-28 19:03:53][Rank 0][INFO] Step 0 | GPU Memory: allocated=0.21GB, reserved=1.50GB, peak=1.39GB
[2026-04-28 19:03:57][Rank 0][INFO] Epoch 62 complete | train_loss=10.164824, val_loss=10.017526
[2026-04-28 19:03:57][Rank 0][INFO] Epoch 63/600
[2026-04-28 19:03:57][Rank 0][DEBUG] Step 0 | Batch: shape=torch.Size([384]), mean=-0.019486, std=0.993532, min=-1.725700, max=1.710689
[2026-04-28 19:03:57][Rank 0][DEBUG] Step 0 | Gradients: total_norm=0.000000, max=0.000000, min=inf
[2026-04-28 19:03:57][Rank 0][INFO] Step 0 | GPU Memory: allocated=0.21GB, reserved=1.50GB, peak=1.39GB
[2026-04-28 19:04:00][Rank 0][INFO] Epoch 63 complete | train_loss=10.137998, val_loss=10.018813
[2026-04-28 19:04:00][Rank 0][INFO] Epoch 64/600
[2026-04-28 19:04:00][Rank 0][DEBUG] Step 0 | Batch: shape=torch.Size([384]), mean=-0.040968, std=0.990004, min=-1.702606, max=1.731474
[2026-04-28 19:04:00][Rank 0][DEBUG] Step 0 | Gradients: total_norm=0.000000, max=0.000000, min=inf
[2026-04-28 19:04:00][Rank 0][INFO] Step 0 | GPU Memory: allocated=0.21GB, reserved=1.50GB, peak=1.39GB
[2026-04-28 19:04:02][Rank 0][INFO] Epoch 64 complete | train_loss=10.235304, val_loss=10.020489
[2026-04-28 19:04:02][Rank 0][INFO] Epoch 65/600
[2026-04-28 19:04:02][Rank 0][DEBUG] Step 0 | Batch: shape=torch.Size([384]), mean=0.020346, std=0.968112, min=-1.718772, max=1.725700
[2026-04-28 19:04:03][Rank 0][DEBUG] Step 0 | Gradients: total_norm=0.000000, max=0.000000, min=inf
[2026-04-28 19:04:03][Rank 0][INFO] Step 0 | GPU Memory: allocated=0.21GB, reserved=1.50GB, peak=1.39GB
[2026-04-28 19:04:05][Rank 0][INFO] Epoch 65 complete | train_loss=10.150626, val_loss=10.020975
[2026-04-28 19:04:05][Rank 0][INFO] Epoch 66/600
[2026-04-28 19:04:05][Rank 0][DEBUG] Step 0 | Batch: shape=torch.Size([384]), mean=0.056057, std=1.036640, min=-1.726855, max=1.724545
[2026-04-28 19:04:05][Rank 0][DEBUG] Step 0 | Gradients: total_norm=0.000000, max=0.000000, min=inf
[2026-04-28 19:04:05][Rank 0][INFO] Step 0 | GPU Memory: allocated=0.21GB, reserved=1.50GB, peak=1.39GB
[2026-04-28 19:04:07][Rank 0][INFO] Epoch 66 complete | train_loss=10.204889, val_loss=10.020706
[2026-04-28 19:04:07][Rank 0][INFO] Epoch 67/600
[2026-04-28 19:04:07][Rank 0][DEBUG] Step 0 | Batch: shape=torch.Size([384]), mean=-0.054009, std=0.983150, min=-1.731474, max=1.728009
[2026-04-28 19:04:07][Rank 0][DEBUG] Step 0 | Gradients: total_norm=0.000000, max=0.000000, min=inf
[2026-04-28 19:04:07][Rank 0][INFO] Step 0 | GPU Memory: allocated=0.21GB, reserved=1.50GB, peak=1.39GB
[2026-04-28 19:04:10][Rank 0][INFO] Epoch 67 complete | train_loss=10.169938, val_loss=10.020921
[2026-04-28 19:04:10][Rank 0][INFO] Epoch 68/600
[2026-04-28 19:04:10][Rank 0][DEBUG] Step 0 | Batch: shape=torch.Size([384]), mean=-0.021957, std=1.008980, min=-1.719927, max=1.731474
[2026-04-28 19:04:10][Rank 0][DEBUG] Step 0 | Gradients: total_norm=0.000000, max=0.000000, min=inf
[2026-04-28 19:04:10][Rank 0][INFO] Step 0 | GPU Memory: allocated=0.21GB, reserved=1.50GB, peak=1.39GB
[2026-04-28 19:04:12][Rank 0][INFO] Epoch 68 complete | train_loss=10.147930, val_loss=10.020151
[2026-04-28 19:04:12][Rank 0][INFO] Epoch 69/600
[2026-04-28 19:04:12][Rank 0][DEBUG] Step 0 | Batch: shape=torch.Size([384]), mean=0.001540, std=0.993725, min=-1.721081, max=1.731474
[2026-04-28 19:04:12][Rank 0][DEBUG] Step 0 | Gradients: total_norm=0.000000, max=0.000000, min=inf
[2026-04-28 19:04:12][Rank 0][INFO] Step 0 | GPU Memory: allocated=0.21GB, reserved=1.50GB, peak=1.39GB
[2026-04-28 19:04:14][Rank 0][INFO] Epoch 69 complete | train_loss=10.117524, val_loss=10.020111
[2026-04-28 19:04:14][Rank 0][INFO] Epoch 70/600
[2026-04-28 19:04:14][Rank 0][DEBUG] Step 0 | Batch: shape=torch.Size([384]), mean=0.040087, std=0.989315, min=-1.731474, max=1.723391
[2026-04-28 19:04:15][Rank 0][DEBUG] Step 0 | Gradients: total_norm=0.000000, max=0.000000, min=inf
[2026-04-28 19:04:15][Rank 0][INFO] Step 0 | GPU Memory: allocated=0.21GB, reserved=1.50GB, peak=1.39GB
[2026-04-28 19:04:17][Rank 0][INFO] Epoch 70 complete | train_loss=10.191771, val_loss=10.017748
[2026-04-28 19:04:17][Rank 0][INFO] Epoch 71/600
[2026-04-28 19:04:17][Rank 0][DEBUG] Step 0 | Batch: shape=torch.Size([384]), mean=0.010022, std=1.002954, min=-1.729164, max=1.724545
[2026-04-28 19:04:17][Rank 0][DEBUG] Step 0 | Gradients: total_norm=0.000000, max=0.000000, min=inf
[2026-04-28 19:04:17][Rank 0][INFO] Step 0 | GPU Memory: allocated=0.21GB, reserved=1.50GB, peak=1.39GB
[2026-04-28 19:04:20][Rank 0][INFO] Epoch 71 complete | train_loss=10.169497, val_loss=10.016638
[2026-04-28 19:04:20][Rank 0][INFO] Epoch 72/600
[2026-04-28 19:04:20][Rank 0][DEBUG] Step 0 | Batch: shape=torch.Size([384]), mean=-0.039422, std=1.007629, min=-1.729164, max=1.725700
[2026-04-28 19:04:20][Rank 0][DEBUG] Step 0 | Gradients: total_norm=0.000000, max=0.000000, min=inf
[2026-04-28 19:04:20][Rank 0][INFO] Step 0 | GPU Memory: allocated=0.21GB, reserved=1.50GB, peak=1.39GB
[2026-04-28 19:04:22][Rank 0][INFO] Epoch 72 complete | train_loss=10.195157, val_loss=10.016665
[2026-04-28 19:04:22][Rank 0][INFO] Epoch 73/600
[2026-04-28 19:04:22][Rank 0][DEBUG] Step 0 | Batch: shape=torch.Size([384]), mean=-0.017008, std=0.982481, min=-1.717617, max=1.725700
[2026-04-28 19:04:22][Rank 0][DEBUG] Step 0 | Gradients: total_norm=0.000000, max=0.000000, min=inf
[2026-04-28 19:04:22][Rank 0][INFO] Step 0 | GPU Memory: allocated=0.21GB, reserved=1.50GB, peak=1.39GB
[2026-04-28 19:04:25][Rank 0][INFO] Epoch 73 complete | train_loss=10.245184, val_loss=10.018092
[2026-04-28 19:04:25][Rank 0][INFO] Epoch 74/600
[2026-04-28 19:04:25][Rank 0][DEBUG] Step 0 | Batch: shape=torch.Size([384]), mean=-0.026739, std=0.984121, min=-1.718772, max=1.724545
[2026-04-28 19:04:25][Rank 0][DEBUG] Step 0 | Gradients: total_norm=0.000000, max=0.000000, min=inf
[2026-04-28 19:04:25][Rank 0][INFO] Step 0 | GPU Memory: allocated=0.21GB, reserved=1.50GB, peak=1.39GB
[2026-04-28 19:04:27][Rank 0][INFO] Epoch 74 complete | train_loss=10.159394, val_loss=10.019263
[2026-04-28 19:04:27][Rank 0][INFO] Epoch 75/600
[2026-04-28 19:04:27][Rank 0][DEBUG] Step 0 | Batch: shape=torch.Size([384]), mean=0.077160, std=0.964509, min=-1.719927, max=1.725700
[2026-04-28 19:04:27][Rank 0][DEBUG] Step 0 | Gradients: total_norm=0.000000, max=0.000000, min=inf
[2026-04-28 19:04:27][Rank 0][INFO] Step 0 | GPU Memory: allocated=0.21GB, reserved=1.50GB, peak=1.39GB
[2026-04-28 19:04:29][Rank 0][INFO] Epoch 75 complete | train_loss=10.125765, val_loss=10.019320
[2026-04-28 19:04:29][Rank 0][INFO] Epoch 76/600
[2026-04-28 19:04:29][Rank 0][DEBUG] Step 0 | Batch: shape=torch.Size([384]), mean=0.013183, std=0.969646, min=-1.717617, max=1.731474
[2026-04-28 19:04:30][Rank 0][DEBUG] Step 0 | Gradients: total_norm=0.000000, max=0.000000, min=inf
[2026-04-28 19:04:30][Rank 0][INFO] Step 0 | GPU Memory: allocated=0.21GB, reserved=1.50GB, peak=1.39GB
[2026-04-28 19:04:32][Rank 0][INFO] Epoch 76 complete | train_loss=10.208926, val_loss=10.018625
[2026-04-28 19:04:32][Rank 0][INFO] Epoch 77/600
[2026-04-28 19:04:32][Rank 0][DEBUG] Step 0 | Batch: shape=torch.Size([384]), mean=0.027950, std=0.978214, min=-1.704915, max=1.730319
[2026-04-28 19:04:32][Rank 0][DEBUG] Step 0 | Gradients: total_norm=0.000000, max=0.000000, min=inf
[2026-04-28 19:04:32][Rank 0][INFO] Step 0 | GPU Memory: allocated=0.21GB, reserved=1.50GB, peak=1.39GB
[2026-04-28 19:04:35][Rank 0][INFO] Epoch 77 complete | train_loss=10.238826, val_loss=10.017256
[2026-04-28 19:04:35][Rank 0][INFO] Epoch 78/600
[2026-04-28 19:04:35][Rank 0][DEBUG] Step 0 | Batch: shape=torch.Size([384]), mean=-0.060011, std=0.985473, min=-1.729164, max=1.731474
[2026-04-28 19:04:35][Rank 0][DEBUG] Step 0 | Gradients: total_norm=0.000000, max=0.000000, min=inf
[2026-04-28 19:04:35][Rank 0][INFO] Step 0 | GPU Memory: allocated=0.21GB, reserved=1.50GB, peak=1.39GB
[2026-04-28 19:04:37][Rank 0][INFO] Epoch 78 complete | train_loss=10.185230, val_loss=10.015887
[2026-04-28 19:04:37][Rank 0][INFO] Epoch 79/600
[2026-04-28 19:04:37][Rank 0][DEBUG] Step 0 | Batch: shape=torch.Size([384]), mean=-0.009586, std=1.028519, min=-1.702606, max=1.731474
[2026-04-28 19:04:37][Rank 0][DEBUG] Step 0 | Gradients: total_norm=0.000000, max=0.000000, min=inf
[2026-04-28 19:04:37][Rank 0][INFO] Step 0 | GPU Memory: allocated=0.21GB, reserved=1.50GB, peak=1.39GB
[2026-04-28 19:04:39][Rank 0][INFO] Epoch 79 complete | train_loss=10.165935, val_loss=10.016424
[2026-04-28 19:04:39][Rank 0][INFO] Epoch 80/600
[2026-04-28 19:04:39][Rank 0][DEBUG] Step 0 | Batch: shape=torch.Size([384]), mean=0.009247, std=0.972732, min=-1.719927, max=1.702606
[2026-04-28 19:04:40][Rank 0][DEBUG] Step 0 | Gradients: total_norm=0.000000, max=0.000000, min=inf
[2026-04-28 19:04:40][Rank 0][INFO] Step 0 | GPU Memory: allocated=0.21GB, reserved=1.50GB, peak=1.39GB
[2026-04-28 19:04:42][Rank 0][INFO] Epoch 80 complete | train_loss=10.214414, val_loss=10.015434
[2026-04-28 19:04:42][Rank 0][INFO] Epoch 81/600
[2026-04-28 19:04:42][Rank 0][DEBUG] Step 0 | Batch: shape=torch.Size([384]), mean=-0.022589, std=0.994758, min=-1.731474, max=1.731474
[2026-04-28 19:04:42][Rank 0][DEBUG] Step 0 | Gradients: total_norm=0.000000, max=0.000000, min=inf
[2026-04-28 19:04:42][Rank 0][INFO] Step 0 | GPU Memory: allocated=0.21GB, reserved=1.50GB, peak=1.39GB
[2026-04-28 19:04:44][Rank 0][INFO] Epoch 81 complete | train_loss=10.183215, val_loss=10.015955
[2026-04-28 19:04:44][Rank 0][INFO] Epoch 82/600
[2026-04-28 19:04:44][Rank 0][DEBUG] Step 0 | Batch: shape=torch.Size([384]), mean=0.023608, std=0.932700, min=-1.729164, max=1.731474
[2026-04-28 19:04:44][Rank 0][DEBUG] Step 0 | Gradients: total_norm=0.000000, max=0.000000, min=inf
[2026-04-28 19:04:44][Rank 0][INFO] Step 0 | GPU Memory: allocated=0.21GB, reserved=1.50GB, peak=1.39GB
[2026-04-28 19:04:47][Rank 0][INFO] Epoch 82 complete | train_loss=10.144584, val_loss=10.017217
[2026-04-28 19:04:47][Rank 0][INFO] Epoch 83/600
[2026-04-28 19:04:47][Rank 0][DEBUG] Step 0 | Batch: shape=torch.Size([384]), mean=-0.008729, std=1.053462, min=-1.723391, max=1.708380
[2026-04-28 19:04:47][Rank 0][DEBUG] Step 0 | Gradients: total_norm=0.000000, max=0.000000, min=inf
[2026-04-28 19:04:47][Rank 0][INFO] Step 0 | GPU Memory: allocated=0.21GB, reserved=1.50GB, peak=1.39GB
[2026-04-28 19:04:49][Rank 0][INFO] Epoch 83 complete | train_loss=10.234392, val_loss=10.016564
[2026-04-28 19:04:49][Rank 0][INFO] Epoch 84/600
[2026-04-28 19:04:49][Rank 0][DEBUG] Step 0 | Batch: shape=torch.Size([384]), mean=0.027030, std=1.005310, min=-1.724545, max=1.710689
[2026-04-28 19:04:49][Rank 0][DEBUG] Step 0 | Gradients: total_norm=0.000000, max=0.000000, min=inf
[2026-04-28 19:04:49][Rank 0][INFO] Step 0 | GPU Memory: allocated=0.21GB, reserved=1.50GB, peak=1.39GB
[2026-04-28 19:04:51][Rank 0][INFO] Epoch 84 complete | train_loss=10.107020, val_loss=10.016528
[2026-04-28 19:04:51][Rank 0][INFO] Epoch 85/600
[2026-04-28 19:04:51][Rank 0][DEBUG] Step 0 | Batch: shape=torch.Size([384]), mean=0.029328, std=0.959927, min=-1.731474, max=1.731474
[2026-04-28 19:04:52][Rank 0][DEBUG] Step 0 | Gradients: total_norm=0.000000, max=0.000000, min=inf
[2026-04-28 19:04:52][Rank 0][INFO] Step 0 | GPU Memory: allocated=0.21GB, reserved=1.50GB, peak=1.39GB
[2026-04-28 19:04:54][Rank 0][INFO] Epoch 85 complete | train_loss=10.162038, val_loss=10.015342
[2026-04-28 19:04:54][Rank 0][INFO] Epoch 86/600
[2026-04-28 19:04:54][Rank 0][DEBUG] Step 0 | Batch: shape=torch.Size([384]), mean=0.019410, std=0.964900, min=-1.708380, max=1.723391
[2026-04-28 19:04:54][Rank 0][DEBUG] Step 0 | Gradients: total_norm=0.000000, max=0.000000, min=inf
[2026-04-28 19:04:54][Rank 0][INFO] Step 0 | GPU Memory: allocated=0.21GB, reserved=1.50GB, peak=1.39GB
[2026-04-28 19:04:56][Rank 0][INFO] Epoch 86 complete | train_loss=10.111860, val_loss=10.015104
[2026-04-28 19:04:56][Rank 0][INFO] Epoch 87/600
[2026-04-28 19:04:56][Rank 0][DEBUG] Step 0 | Batch: shape=torch.Size([384]), mean=0.001819, std=0.988490, min=-1.714153, max=1.707225
[2026-04-28 19:04:56][Rank 0][DEBUG] Step 0 | Gradients: total_norm=0.000000, max=0.000000, min=inf
[2026-04-28 19:04:56][Rank 0][INFO] Step 0 | GPU Memory: allocated=0.21GB, reserved=1.50GB, peak=1.39GB
[2026-04-28 19:04:59][Rank 0][INFO] Epoch 87 complete | train_loss=10.124549, val_loss=10.016050
[2026-04-28 19:04:59][Rank 0][INFO] Epoch 88/600
[2026-04-28 19:04:59][Rank 0][DEBUG] Step 0 | Batch: shape=torch.Size([384]), mean=-0.025978, std=1.004381, min=-1.731474, max=1.728009
[2026-04-28 19:04:59][Rank 0][DEBUG] Step 0 | Gradients: total_norm=0.000000, max=0.000000, min=inf
[2026-04-28 19:04:59][Rank 0][INFO] Step 0 | GPU Memory: allocated=0.21GB, reserved=1.50GB, peak=1.39GB
[2026-04-28 19:05:02][Rank 0][INFO] Epoch 88 complete | train_loss=10.192362, val_loss=10.016950
[2026-04-28 19:05:02][Rank 0][INFO] Epoch 89/600
[2026-04-28 19:05:02][Rank 0][DEBUG] Step 0 | Batch: shape=torch.Size([384]), mean=-0.008576, std=0.978972, min=-1.719927, max=1.725700
[2026-04-28 19:05:02][Rank 0][DEBUG] Step 0 | Gradients: total_norm=0.000000, max=0.000000, min=inf
[2026-04-28 19:05:02][Rank 0][INFO] Step 0 | GPU Memory: allocated=0.21GB, reserved=1.50GB, peak=1.39GB
[2026-04-28 19:05:04][Rank 0][INFO] Epoch 89 complete | train_loss=10.105221, val_loss=10.018429
[2026-04-28 19:05:04][Rank 0][INFO] Epoch 90/600
[2026-04-28 19:05:04][Rank 0][DEBUG] Step 0 | Batch: shape=torch.Size([384]), mean=-0.003921, std=1.024405, min=-1.729164, max=1.724545
[2026-04-28 19:05:04][Rank 0][DEBUG] Step 0 | Gradients: total_norm=0.000000, max=0.000000, min=inf
[2026-04-28 19:05:04][Rank 0][INFO] Step 0 | GPU Memory: allocated=0.21GB, reserved=1.50GB, peak=1.39GB
[2026-04-28 19:05:07][Rank 0][INFO] Epoch 90 complete | train_loss=10.125257, val_loss=10.016569
[2026-04-28 19:05:07][Rank 0][INFO] Epoch 91/600
[2026-04-28 19:05:07][Rank 0][DEBUG] Step 0 | Batch: shape=torch.Size([384]), mean=0.006582, std=1.008158, min=-1.721081, max=1.724545
[2026-04-28 19:05:07][Rank 0][DEBUG] Step 0 | Gradients: total_norm=0.000000, max=0.000000, min=inf
[2026-04-28 19:05:07][Rank 0][INFO] Step 0 | GPU Memory: allocated=0.21GB, reserved=1.50GB, peak=1.39GB
[2026-04-28 19:05:09][Rank 0][INFO] Epoch 91 complete | train_loss=10.159743, val_loss=10.014950
[2026-04-28 19:05:09][Rank 0][INFO] Epoch 92/600
[2026-04-28 19:05:09][Rank 0][DEBUG] Step 0 | Batch: shape=torch.Size([384]), mean=-0.025229, std=1.009689, min=-1.728009, max=1.728009
[2026-04-28 19:05:09][Rank 0][DEBUG] Step 0 | Gradients: total_norm=0.000000, max=0.000000, min=inf
[2026-04-28 19:05:09][Rank 0][INFO] Step 0 | GPU Memory: allocated=0.21GB, reserved=1.50GB, peak=1.39GB
[2026-04-28 19:05:12][Rank 0][INFO] Epoch 92 complete | train_loss=10.226535, val_loss=10.013976
[2026-04-28 19:05:12][Rank 0][INFO] Epoch 93/600
[2026-04-28 19:05:12][Rank 0][DEBUG] Step 0 | Batch: shape=torch.Size([384]), mean=-0.031433, std=0.996567, min=-1.723391, max=1.724545
[2026-04-28 19:05:12][Rank 0][DEBUG] Step 0 | Gradients: total_norm=0.000000, max=0.000000, min=inf
[2026-04-28 19:05:12][Rank 0][INFO] Step 0 | GPU Memory: allocated=0.21GB, reserved=1.50GB, peak=1.39GB
[2026-04-28 19:05:15][Rank 0][INFO] Epoch 93 complete | train_loss=10.200130, val_loss=10.014235
[2026-04-28 19:05:15][Rank 0][INFO] Epoch 94/600
[2026-04-28 19:05:15][Rank 0][DEBUG] Step 0 | Batch: shape=torch.Size([384]), mean=-0.010037, std=0.991404, min=-1.729164, max=1.729164
[2026-04-28 19:05:15][Rank 0][DEBUG] Step 0 | Gradients: total_norm=0.000000, max=0.000000, min=inf
[2026-04-28 19:05:15][Rank 0][INFO] Step 0 | GPU Memory: allocated=0.21GB, reserved=1.50GB, peak=1.39GB
[2026-04-28 19:05:17][Rank 0][INFO] Epoch 94 complete | train_loss=10.164269, val_loss=10.016670
[2026-04-28 19:05:17][Rank 0][INFO] Epoch 95/600
[2026-04-28 19:05:17][Rank 0][DEBUG] Step 0 | Batch: shape=torch.Size([384]), mean=-0.135719, std=0.938733, min=-1.714153, max=1.722236
[2026-04-28 19:05:17][Rank 0][DEBUG] Step 0 | Gradients: total_norm=0.000000, max=0.000000, min=inf
[2026-04-28 19:05:17][Rank 0][INFO] Step 0 | GPU Memory: allocated=0.21GB, reserved=1.50GB, peak=1.39GB
[2026-04-28 19:05:20][Rank 0][INFO] Epoch 95 complete | train_loss=10.153434, val_loss=10.018132
[2026-04-28 19:05:20][Rank 0][INFO] Epoch 96/600
[2026-04-28 19:05:20][Rank 0][DEBUG] Step 0 | Batch: shape=torch.Size([384]), mean=0.022441, std=1.020135, min=-1.731474, max=1.724545
[2026-04-28 19:05:20][Rank 0][DEBUG] Step 0 | Gradients: total_norm=0.000000, max=0.000000, min=inf
[2026-04-28 19:05:20][Rank 0][INFO] Step 0 | GPU Memory: allocated=0.21GB, reserved=1.50GB, peak=1.39GB
[2026-04-28 19:05:22][Rank 0][INFO] Epoch 96 complete | train_loss=10.165648, val_loss=10.018312
[2026-04-28 19:05:22][Rank 0][INFO] Epoch 97/600
[2026-04-28 19:05:22][Rank 0][DEBUG] Step 0 | Batch: shape=torch.Size([384]), mean=0.043596, std=0.983026, min=-1.726855, max=1.725700
[2026-04-28 19:05:22][Rank 0][DEBUG] Step 0 | Gradients: total_norm=0.000000, max=0.000000, min=inf
[2026-04-28 19:05:22][Rank 0][INFO] Step 0 | GPU Memory: allocated=0.21GB, reserved=1.50GB, peak=1.39GB
[2026-04-28 19:05:25][Rank 0][INFO] Epoch 97 complete | train_loss=10.208134, val_loss=10.018342
[2026-04-28 19:05:25][Rank 0][INFO] Epoch 98/600
[2026-04-28 19:05:25][Rank 0][DEBUG] Step 0 | Batch: shape=torch.Size([384]), mean=-0.047550, std=1.004472, min=-1.724545, max=1.719927
[2026-04-28 19:05:25][Rank 0][DEBUG] Step 0 | Gradients: total_norm=0.000000, max=0.000000, min=inf
[2026-04-28 19:05:25][Rank 0][INFO] Step 0 | GPU Memory: allocated=0.21GB, reserved=1.50GB, peak=1.39GB
[2026-04-28 19:05:27][Rank 0][INFO] Epoch 98 complete | train_loss=10.255594, val_loss=10.016971
[2026-04-28 19:05:27][Rank 0][INFO] Epoch 99/600
[2026-04-28 19:05:27][Rank 0][DEBUG] Step 0 | Batch: shape=torch.Size([384]), mean=-0.041509, std=0.992043, min=-1.697987, max=1.728009
[2026-04-28 19:05:27][Rank 0][DEBUG] Step 0 | Gradients: total_norm=0.000000, max=0.000000, min=inf
[2026-04-28 19:05:27][Rank 0][INFO] Step 0 | GPU Memory: allocated=0.21GB, reserved=1.50GB, peak=1.39GB
[2026-04-28 19:05:29][Rank 0][INFO] Epoch 99 complete | train_loss=10.163860, val_loss=10.016852
[2026-04-28 19:05:29][Rank 0][INFO] Epoch 100/600
[2026-04-28 19:05:29][Rank 0][DEBUG] Step 0 | Batch: shape=torch.Size([384]), mean=-0.024435, std=0.996972, min=-1.726855, max=1.728009
[2026-04-28 19:05:30][Rank 0][DEBUG] Step 0 | Gradients: total_norm=0.000000, max=0.000000, min=inf
[2026-04-28 19:05:30][Rank 0][INFO] Step 0 | GPU Memory: allocated=0.21GB, reserved=1.50GB, peak=1.39GB
[2026-04-28 19:05:32][Rank 0][INFO] Epoch 100 complete | train_loss=10.148905, val_loss=10.015376
[2026-04-28 19:05:32][Rank 0][INFO] Epoch 101/600
[2026-04-28 19:05:32][Rank 0][DEBUG] Step 0 | Batch: shape=torch.Size([384]), mean=-0.011499, std=0.995429, min=-1.715308, max=1.729164
[2026-04-28 19:05:32][Rank 0][DEBUG] Step 0 | Gradients: total_norm=0.000000, max=0.000000, min=inf
[2026-04-28 19:05:32][Rank 0][INFO] Step 0 | GPU Memory: allocated=0.21GB, reserved=1.50GB, peak=1.39GB
[2026-04-28 19:05:35][Rank 0][INFO] Epoch 101 complete | train_loss=10.101996, val_loss=10.015271
[2026-04-28 19:05:35][Rank 0][INFO] Epoch 102/600
[2026-04-28 19:05:35][Rank 0][DEBUG] Step 0 | Batch: shape=torch.Size([384]), mean=0.043533, std=1.018624, min=-1.719927, max=1.730319
[2026-04-28 19:05:35][Rank 0][DEBUG] Step 0 | Gradients: total_norm=0.000000, max=0.000000, min=inf
[2026-04-28 19:05:35][Rank 0][INFO] Step 0 | GPU Memory: allocated=0.21GB, reserved=1.50GB, peak=1.39GB
[2026-04-28 19:05:37][Rank 0][INFO] Epoch 102 complete | train_loss=10.106426, val_loss=10.016897
[2026-04-28 19:05:37][Rank 0][INFO] Epoch 103/600
[2026-04-28 19:05:37][Rank 0][DEBUG] Step 0 | Batch: shape=torch.Size([384]), mean=0.054445, std=0.981968, min=-1.719927, max=1.729164
[2026-04-28 19:05:37][Rank 0][DEBUG] Step 0 | Gradients: total_norm=0.000000, max=0.000000, min=inf
[2026-04-28 19:05:37][Rank 0][INFO] Step 0 | GPU Memory: allocated=0.21GB, reserved=1.50GB, peak=1.39GB
[2026-04-28 19:05:39][Rank 0][INFO] Epoch 103 complete | train_loss=10.186728, val_loss=10.018960
[2026-04-28 19:05:39][Rank 0][INFO] Epoch 104/600
[2026-04-28 19:05:39][Rank 0][DEBUG] Step 0 | Batch: shape=torch.Size([384]), mean=-0.043599, std=0.974589, min=-1.707225, max=1.729164
[2026-04-28 19:05:40][Rank 0][DEBUG] Step 0 | Gradients: total_norm=0.000000, max=0.000000, min=inf
[2026-04-28 19:05:40][Rank 0][INFO] Step 0 | GPU Memory: allocated=0.21GB, reserved=1.50GB, peak=1.39GB
[2026-04-28 19:05:42][Rank 0][INFO] Epoch 104 complete | train_loss=10.308487, val_loss=10.020314
[2026-04-28 19:05:42][Rank 0][INFO] Epoch 105/600
[2026-04-28 19:05:42][Rank 0][DEBUG] Step 0 | Batch: shape=torch.Size([384]), mean=-0.016067, std=0.980510, min=-1.721081, max=1.719927
[2026-04-28 19:05:42][Rank 0][DEBUG] Step 0 | Gradients: total_norm=0.000000, max=0.000000, min=inf
[2026-04-28 19:05:42][Rank 0][INFO] Step 0 | GPU Memory: allocated=0.21GB, reserved=1.50GB, peak=1.39GB
[2026-04-28 19:05:44][Rank 0][INFO] Epoch 105 complete | train_loss=10.251593, val_loss=10.019053
[2026-04-28 19:05:44][Rank 0][INFO] Epoch 106/600
[2026-04-28 19:05:44][Rank 0][DEBUG] Step 0 | Batch: shape=torch.Size([384]), mean=0.047469, std=0.996852, min=-1.729164, max=1.721081
[2026-04-28 19:05:44][Rank 0][DEBUG] Step 0 | Gradients: total_norm=0.000000, max=0.000000, min=inf
[2026-04-28 19:05:44][Rank 0][INFO] Step 0 | GPU Memory: allocated=0.21GB, reserved=1.50GB, peak=1.39GB
[2026-04-28 19:05:47][Rank 0][INFO] Epoch 106 complete | train_loss=10.189646, val_loss=10.017813
[2026-04-28 19:05:47][Rank 0][INFO] Epoch 107/600
[2026-04-28 19:05:47][Rank 0][DEBUG] Step 0 | Batch: shape=torch.Size([384]), mean=-0.015131, std=0.992225, min=-1.724545, max=1.725700
[2026-04-28 19:05:47][Rank 0][DEBUG] Step 0 | Gradients: total_norm=0.000000, max=0.000000, min=inf
[2026-04-28 19:05:47][Rank 0][INFO] Step 0 | GPU Memory: allocated=0.21GB, reserved=1.50GB, peak=1.39GB
[2026-04-28 19:05:50][Rank 0][INFO] Epoch 107 complete | train_loss=10.134761, val_loss=10.016725
[2026-04-28 19:05:50][Rank 0][INFO] Epoch 108/600
[2026-04-28 19:05:50][Rank 0][DEBUG] Step 0 | Batch: shape=torch.Size([384]), mean=-0.040935, std=1.014431, min=-1.723391, max=1.725700
[2026-04-28 19:05:50][Rank 0][DEBUG] Step 0 | Gradients: total_norm=0.000000, max=0.000000, min=inf
[2026-04-28 19:05:50][Rank 0][INFO] Step 0 | GPU Memory: allocated=0.21GB, reserved=1.50GB, peak=1.39GB
[2026-04-28 19:05:52][Rank 0][INFO] Epoch 108 complete | train_loss=10.195492, val_loss=10.016575
[2026-04-28 19:05:52][Rank 0][INFO] Epoch 109/600
[2026-04-28 19:05:52][Rank 0][DEBUG] Step 0 | Batch: shape=torch.Size([384]), mean=0.006664, std=1.038610, min=-1.721081, max=1.729164
[2026-04-28 19:05:52][Rank 0][DEBUG] Step 0 | Gradients: total_norm=0.000000, max=0.000000, min=inf
[2026-04-28 19:05:52][Rank 0][INFO] Step 0 | GPU Memory: allocated=0.21GB, reserved=1.50GB, peak=1.39GB
[2026-04-28 19:05:54][Rank 0][INFO] Epoch 109 complete | train_loss=10.237273, val_loss=10.017618
[2026-04-28 19:05:54][Rank 0][INFO] Epoch 110/600
[2026-04-28 19:05:54][Rank 0][DEBUG] Step 0 | Batch: shape=torch.Size([384]), mean=0.029075, std=1.022925, min=-1.726855, max=1.722236
[2026-04-28 19:05:54][Rank 0][DEBUG] Step 0 | Gradients: total_norm=0.000000, max=0.000000, min=inf
[2026-04-28 19:05:54][Rank 0][INFO] Step 0 | GPU Memory: allocated=0.21GB, reserved=1.50GB, peak=1.39GB
[2026-04-28 19:05:57][Rank 0][INFO] Epoch 110 complete | train_loss=10.132368, val_loss=10.017468
[2026-04-28 19:05:57][Rank 0][INFO] Epoch 111/600
[2026-04-28 19:05:57][Rank 0][DEBUG] Step 0 | Batch: shape=torch.Size([384]), mean=-0.086804, std=1.026644, min=-1.725700, max=1.730319
[2026-04-28 19:05:57][Rank 0][DEBUG] Step 0 | Gradients: total_norm=0.000000, max=0.000000, min=inf
[2026-04-28 19:05:57][Rank 0][INFO] Step 0 | GPU Memory: allocated=0.21GB, reserved=1.50GB, peak=1.39GB
[2026-04-28 19:05:59][Rank 0][INFO] Epoch 111 complete | train_loss=10.061962, val_loss=10.016995
[2026-04-28 19:05:59][Rank 0][INFO] Epoch 112/600
[2026-04-28 19:05:59][Rank 0][DEBUG] Step 0 | Batch: shape=torch.Size([384]), mean=0.042643, std=0.963095, min=-1.723391, max=1.719927
[2026-04-28 19:06:00][Rank 0][DEBUG] Step 0 | Gradients: total_norm=0.000000, max=0.000000, min=inf
[2026-04-28 19:06:00][Rank 0][INFO] Step 0 | GPU Memory: allocated=0.21GB, reserved=1.50GB, peak=1.39GB
[2026-04-28 19:06:02][Rank 0][INFO] Epoch 112 complete | train_loss=10.177315, val_loss=10.017021
[2026-04-28 19:06:02][Rank 0][INFO] Epoch 113/600
[2026-04-28 19:06:02][Rank 0][DEBUG] Step 0 | Batch: shape=torch.Size([384]), mean=0.006985, std=1.042987, min=-1.731474, max=1.731474
[2026-04-28 19:06:02][Rank 0][DEBUG] Step 0 | Gradients: total_norm=0.000000, max=0.000000, min=inf
[2026-04-28 19:06:02][Rank 0][INFO] Step 0 | GPU Memory: allocated=0.21GB, reserved=1.50GB, peak=1.39GB
[2026-04-28 19:06:05][Rank 0][INFO] Epoch 113 complete | train_loss=10.110888, val_loss=10.017595
[2026-04-28 19:06:05][Rank 0][INFO] Epoch 114/600
[2026-04-28 19:06:05][Rank 0][DEBUG] Step 0 | Batch: shape=torch.Size([384]), mean=-0.000562, std=1.007294, min=-1.731474, max=1.722236
[2026-04-28 19:06:05][Rank 0][DEBUG] Step 0 | Gradients: total_norm=0.000000, max=0.000000, min=inf
[2026-04-28 19:06:05][Rank 0][INFO] Step 0 | GPU Memory: allocated=0.21GB, reserved=1.50GB, peak=1.39GB
[2026-04-28 19:06:08][Rank 0][INFO] Epoch 114 complete | train_loss=10.140662, val_loss=10.016492
[2026-04-28 19:06:08][Rank 0][INFO] Epoch 115/600
[2026-04-28 19:06:08][Rank 0][DEBUG] Step 0 | Batch: shape=torch.Size([384]), mean=-0.067042, std=1.028339, min=-1.729164, max=1.702606
[2026-04-28 19:06:08][Rank 0][DEBUG] Step 0 | Gradients: total_norm=0.000000, max=0.000000, min=inf
[2026-04-28 19:06:08][Rank 0][INFO] Step 0 | GPU Memory: allocated=0.21GB, reserved=1.50GB, peak=1.39GB
[2026-04-28 19:06:10][Rank 0][INFO] Epoch 115 complete | train_loss=10.191999, val_loss=10.015301
[2026-04-28 19:06:10][Rank 0][INFO] Epoch 116/600
[2026-04-28 19:06:10][Rank 0][DEBUG] Step 0 | Batch: shape=torch.Size([384]), mean=0.045827, std=0.993354, min=-1.712998, max=1.714153
[2026-04-28 19:06:10][Rank 0][DEBUG] Step 0 | Gradients: total_norm=0.000000, max=0.000000, min=inf
[2026-04-28 19:06:10][Rank 0][INFO] Step 0 | GPU Memory: allocated=0.21GB, reserved=1.50GB, peak=1.39GB
[2026-04-28 19:06:13][Rank 0][INFO] Epoch 116 complete | train_loss=10.075153, val_loss=10.014838
[2026-04-28 19:06:13][Rank 0][INFO] Epoch 117/600
[2026-04-28 19:06:13][Rank 0][DEBUG] Step 0 | Batch: shape=torch.Size([384]), mean=-0.008949, std=0.998285, min=-1.707225, max=1.714153
[2026-04-28 19:06:13][Rank 0][DEBUG] Step 0 | Gradients: total_norm=0.000000, max=0.000000, min=inf
[2026-04-28 19:06:13][Rank 0][INFO] Step 0 | GPU Memory: allocated=0.21GB, reserved=1.50GB, peak=1.39GB
[2026-04-28 19:06:15][Rank 0][INFO] Epoch 117 complete | train_loss=10.218713, val_loss=10.014831
[2026-04-28 19:06:15][Rank 0][INFO] Epoch 118/600
[2026-04-28 19:06:15][Rank 0][DEBUG] Step 0 | Batch: shape=torch.Size([384]), mean=-0.006739, std=1.000501, min=-1.726855, max=1.728009
[2026-04-28 19:06:16][Rank 0][DEBUG] Step 0 | Gradients: total_norm=0.000000, max=0.000000, min=inf
[2026-04-28 19:06:16][Rank 0][INFO] Step 0 | GPU Memory: allocated=0.21GB, reserved=1.50GB, peak=1.39GB
[2026-04-28 19:06:18][Rank 0][INFO] Epoch 118 complete | train_loss=10.222122, val_loss=10.015136
[2026-04-28 19:06:18][Rank 0][INFO] Epoch 119/600
[2026-04-28 19:06:18][Rank 0][DEBUG] Step 0 | Batch: shape=torch.Size([384]), mean=0.071161, std=1.026269, min=-1.731474, max=1.730319
[2026-04-28 19:06:18][Rank 0][DEBUG] Step 0 | Gradients: total_norm=0.000000, max=0.000000, min=inf
[2026-04-28 19:06:18][Rank 0][INFO] Step 0 | GPU Memory: allocated=0.21GB, reserved=1.50GB, peak=1.39GB
[2026-04-28 19:06:21][Rank 0][INFO] Epoch 119 complete | train_loss=10.234765, val_loss=10.015852
[2026-04-28 19:06:21][Rank 0][INFO] Epoch 120/600
[2026-04-28 19:06:21][Rank 0][DEBUG] Step 0 | Batch: shape=torch.Size([384]), mean=-0.021413, std=0.973364, min=-1.708380, max=1.699142
[2026-04-28 19:06:21][Rank 0][DEBUG] Step 0 | Gradients: total_norm=0.000000, max=0.000000, min=inf
[2026-04-28 19:06:21][Rank 0][INFO] Step 0 | GPU Memory: allocated=0.21GB, reserved=1.50GB, peak=1.39GB
[2026-04-28 19:06:23][Rank 0][INFO] Epoch 120 complete | train_loss=10.198286, val_loss=10.015897
[2026-04-28 19:06:23][Rank 0][INFO] Epoch 121/600
[2026-04-28 19:06:23][Rank 0][DEBUG] Step 0 | Batch: shape=torch.Size([384]), mean=-0.007406, std=0.959533, min=-1.725700, max=1.715308
[2026-04-28 19:06:23][Rank 0][DEBUG] Step 0 | Gradients: total_norm=0.000000, max=0.000000, min=inf
[2026-04-28 19:06:23][Rank 0][INFO] Step 0 | GPU Memory: allocated=0.21GB, reserved=1.50GB, peak=1.39GB
[2026-04-28 19:06:26][Rank 0][INFO] Epoch 121 complete | train_loss=10.177765, val_loss=10.015416
[2026-04-28 19:06:26][Rank 0][INFO] Epoch 122/600
[2026-04-28 19:06:26][Rank 0][DEBUG] Step 0 | Batch: shape=torch.Size([384]), mean=0.044528, std=0.976483, min=-1.708380, max=1.724545
[2026-04-28 19:06:26][Rank 0][DEBUG] Step 0 | Gradients: total_norm=0.000000, max=0.000000, min=inf
[2026-04-28 19:06:26][Rank 0][INFO] Step 0 | GPU Memory: allocated=0.21GB, reserved=1.50GB, peak=1.39GB
[2026-04-28 19:06:28][Rank 0][INFO] Epoch 122 complete | train_loss=10.106534, val_loss=10.015041
